,url,brand,phone,author,date,comment,complexity_score,reasons
0,https://mobilnisvet.com/mobilni-komentari/swk/Xiaomi/13-Lite/2,Xiaomi,Xiaomi 13 Lite,Ivan,2023-05-01 15:13:00,"poštovanje, molim vas da mi odgovorite ako se kod još nekog ovo javlja, telefon kupljen u A1 pre mesec dana, od početka se dešava sledeće, kada menjam stranice recimo u Guglu, pre nego da prikaže stranicu on pusti 1 sekundu nepotpunu sliku u kockicama. Nije da mi smeta ali je glupo da telefon to čini nijedan pre toga nije. Da li se to kod nekog dešava i dali to ima veze sa update. Pozdrav od Ivana",7,"Dužina (>=15 reči), Suprotni veznici, Negacija"
1,https://mobilnisvet.com/mobilni-komentari/7179/Apple/iPhone-11-64GB/5,Apple,Apple iPhone 11,Akibaki,2023-06-26 00:20:00,Zanima me je l se isplati menjati ga za Honor 70 najbitnija mi je baterija i kamere,2,Dužina (>=15 reči)
2,https://mobilnisvet.com/mobilni-komentari/7176/Apple/iPhone-11-Pro-64GB/5,Apple,Apple iPhone 11 Pro,Cvrle,2020-10-10 16:46:00,"Ćao ljudi, presao sam sa androida na ios. Koristio sam S10 a danas kupio 11 pro.",3,"Dužina (>=15 reči), Motiv kupovine"
3,https://mobilnisvet.com/mobilni-komentari/blm/Honor/Magic5-Lite/5,Honor,Honor Magic5 Lite,Sone,2024-01-05 09:06:00,Koji telefon kupiti Magic 5 lite ili Samsung A34?,0,
4,https://mobilnisvet.com/mobilni-komentari/76d/Xiaomi/13T-Pro/4,Xiaomi,Xiaomi 13T Pro,david,2023-12-18 21:45:00,danas stiglo azuriranje sa ispravkom gps.,0,
5,https://mobilnisvet.com/mobilni/8cw/Samsung/Galaxy-S23-256GB-Dual-SIM,Samsung,Samsung Galaxy S23,wladimir,2026-07-15 12:34:00,Prezadovoljan korisnik S23 već druga godina.,0,
6,https://mobilnisvet.com/mobilni/lsg/Honor/X8c-8GB-256GB-2x-SIM,Honor,Honor X8c,Radovan,2025-12-04 15:13:00,Dali moze punjač od Huawei p40 pro da se koristi 40w,2,Specifikacija
7,https://mobilnisvet.com/mobilni-komentari/8239/Samsung/Galaxy-S21-Ultra-5G/12,Samsung,Samsung Galaxy S21 Ultra 5G,Zoran,2021-02-20 20:30:00,S21 ultra ili note 20 ultra,0,
8,https://mobilnisvet.com/mobilni-komentari/l7m/Samsung/Galaxy-S23-Ultra/15,Samsung,Samsung Galaxy S23 Ultra,Danas,2024-04-19 15:42:00,Da li postoji verzija 12/256 S23 Ultra za evropsko trziste? Cuo sam da je pravljena samo za arapsko i azijsko ..,2,Dužina (>=15 reči)
9,https://mobilnisvet.com/mobilni-komentari/7651/Apple/iPhone-SE-(2020)/12,Apple,Apple iPhone SE (2020),SRĐAN,2020-08-02 11:16:00,"E ovako ljudi, hteo sam da kupim iphone 7 32 gb koji bi me kostao 50-ak hiljada, jednostavno sam video da mi telefon odgovara kompaktan je naspram ovih danasnjih, znam da nema ekran od ivice do ivice ali ja sam staromodan i tako mi se i svidja, da predjem na stvar... Video sam ovaj iphone se 64 gb koji kosta 65000 i on mi je takodje simpatican, ali zanima me da li se isplati razlika od 15000,i neko ko se razume po mogucnosti ako ima ovaj telefon da mi objasni sta to dobijam za 15000 vise i da li bi trebalo da uzmem ovaj ili iphone 7 32 gb",9,"Dužina (>=15 reči), Suprotni veznici, Negacija, Specifikacija"
10,https://mobilnisvet.com/mobilni-komentari/9619/Xiaomi/Redmi-Note-11S-4G/3,Xiaomi,Xiaomi Redmi Note 11S 4G,Sanja,2022-12-08 22:27:00,Kupila sam ovaj telefon 11 s 8/128GB ibila oduševljena dok mi danas nije zatrebao NFC 😂Je li moguće da nema ili sam ja sretni dobitnik,10,"Dužina (>=15 reči), Suprotni veznici, Negacija, Specifikacija, Motiv kupovine"
11,https://mobilnisvet.com/mobilni-komentari/7651/Apple/iPhone-SE-(2020)/7,Apple,Apple iPhone SE (2020),Goran,2020-12-30 21:05:00,Izuzetan tel.pre svega jako kompaktan i brz od mana nesto slabija kamera nocu i u uslovima slabijeg osvetljenja sve ostalo top.preporuka.,2,Dužina (>=15 reči)
12,https://mobilnisvet.com/mobilni-komentari/7176/Apple/iPhone-11-Pro-64GB/5,Apple,Apple iPhone 11 Pro,Amin,2020-10-23 13:51:00,"Imam problem sa tonom zvona, telefon sam iskljucuje zvono. Kako to da resim?",0,
13,https://mobilnisvet.com/mobilni-komentari/9788/Samsung/Galaxy-A13/3,Samsung,Samsung Galaxy A13,Stvarni,2022-11-15 10:39:00,Kupio sam pre tri meseca Samsung A13 4gb/128 podržava dve sim i memori karticu. Mislim da je telefon odličan. Mnogi kažu šteka ali evo igram igru World of tanks blitz i nema problema nj sa pregrevanjem ni sa kočenjem.,10,"Dužina (>=15 reči), Suprotni veznici, Negacija, Specifikacija, Motiv kupovine"
14,https://mobilnisvet.com/mobilni-komentari/x9p/Samsung/Galaxy-S23+/2,Samsung,Samsung Galaxy S23+,Poslednji Mohikanac,2024-03-11 16:50:00,Ne vidim svrhu postojanja ovog uredjaja kada za jos dodatnih 70 evra mozes da kupis Ultru. A zna se dobro da je Ultra broj 1. Ovaj je samo veca verzija obicne S23.,4,"Dužina (>=15 reči), Negacija"
15,https://mobilnisvet.com/mobilni/9812/Apple/iPhone-SE-2022-256GB,Apple,Apple iPhone SE 2022,Mara,2026-06-04 11:13:00,Ovo su ludacke cene za ovaj telefon,0,
16,https://mobilnisvet.com/mobilni/8490/Xiaomi/Mi-11-Lite-8GB-128GB,Xiaomi,Xiaomi Mi 11 Lite,Prdja,2022-09-24 10:27:00,Stigao je MIUI 13.0.9.0,0,
17,https://mobilnisvet.com/mobilni/59f/Huawei/Pura-80-Pro-12GB-512GB-2x-SIM,Huawei,Huawei Pura 80 Pro,Aleksandar,2026-05-06 14:55:00,"Od svih telefona huaweijevih koje sam imao,a koristim ih od p30 serije,svaki model,kvalitet izrade je ovde najlosiji! Staklo kamere je imalo par peckica i probao sam da ocistim vlaznom maramicom misleci da je prljavo i bukvalno je matiralo celo staklo ,razvuklo celu mrlju na sredinu,i sada moram da ga menjam. Kao da je od plastike napravljeno,veliko razocarenje.",2,Dužina (>=15 reči)
18,https://mobilnisvet.com/mobilni-komentari/8007/Samsung/Galaxy-S20-FE/5,Samsung,Samsung Galaxy S20 FE,Aca,2021-10-03 19:04:00,"Ja koristim snapdragon i baterija je super,nema sanse da je potrosim do kraja dana",2,Negacija
19,https://mobilnisvet.com/mobilni-komentari/7179/Apple/iPhone-11-64GB/23,Apple,Apple iPhone 11,Filip993,2020-10-28 14:41:00,"Planiram da uzmem ovih dana iphone 11 128gb,Pa me cisto zanima misljenje od nekog ko ima telefon vise od godiinu dana,jer imam trenutno iphone 6 126gb 5 godina i tek sad je poceo da usporava(predobra serija ajfona),ali verovatno zbog update-ova.Nadam se da i 11 moze barem 2 godine izdrzati da ne zapucava..Hvala unapred",10,"Dužina (>=15 reči), Suprotni veznici, Negacija, Specifikacija, Motiv kupovine"
20,https://mobilnisvet.com/mobilni/t05/Xiaomi/Redmi-13C-4G-8GB-256GB,Xiaomi,Xiaomi Redmi 13C 4G,Lazar,2024-03-25 11:22:00,Do kada ce imati podrsku za azuriranje,0,
21,https://mobilnisvet.com/mobilni-komentari/9260/Apple/iPhone-13/5,Apple,Apple iPhone 13,Petar,2024-06-11 07:31:00,Iphone 13 ili Samsung s21fe?,0,
22,https://mobilnisvet.com/mobilni-komentari/9654/Samsung/Galaxy-S22-Ultra-5G/5,Samsung,Samsung Galaxy S22 Ultra 5G,Beli,2023-10-20 11:36:00,One ui 6 dobio neko?,0,
23,https://mobilnisvet.com/mobilni-komentari/8239/Samsung/Galaxy-S21-Ultra-5G/7,Samsung,Samsung Galaxy S21 Ultra 5G,Coa,2022-01-08 04:27:00,"Pozdrav, kada stavim telefon da se puni, znači na 15% bude baterija, od nedavno je počelo da mi piše 1 č 1 min. do pune baterije, a pre toga mi je samo pisalo 1 č.Da li trebam da se zabrinem za taj jedan minut ili je to normalno, i da li još neko ima slično iskustvo?",2,Dužina (>=15 reči)
24,https://mobilnisvet.com/mobilni-komentari/9573/Samsung/Galaxy-S21-FE-5G/9,Samsung,Samsung Galaxy S21 FE 5G,Marko,2023-06-09 07:38:00,"Ne znam da li sam jedini ali ne kapiram ovo oko lose baterije, pre ovog sam imao redmi note 9 pro njemu je bas dugo trajala baterija ali je telefon bio krs u svim ostalim segmentima kada se uporedi sa ovim. Meni ceo dan radi ili wifi ili data, bluetooth ceo dan povezan za galaxy watch 4, 120hz uvek, relativno normalna upotreba, pozivi, pretrage po internetu, spotify, whatsapp... Do 17 18h mi izdrzi sa oko 20% sto je meni sasvim ok, dodjem kuci stavim na punjac i to je. Nekada kada nisam u mogucnosti samo upalim onaj power saver koji limitira cpu usage i ekran na 60hz i onda mu jos dosta produzi bateriju.",9,"Dužina (>=15 reči), Suprotni veznici, Negacija, Specifikacija"
25,https://mobilnisvet.com/mobilni-komentari/l7m/Samsung/Galaxy-S23-Ultra/41,Samsung,Samsung Galaxy S23 Ultra,M,2023-02-08 20:38:00,"Da li može neko da mi napiše koji telefon je bolje kupiti S23 ultra ili iPhone 14 pro/pro max? Ako se uzme u obzir funkcije, kamera, memorija, ažuriranje, baterija...",2,Dužina (>=15 reči)
26,https://mobilnisvet.com/mobilni-komentari/gz0/Honor/Magic5-Pro/9,Honor,Honor Magic5 Pro,Semir Alić,2023-11-15 02:50:00,"Kupio sam telefon nakon što me Xiami 12 Pro sa svojom očajnom baterijom i ringlom u ruci pošteno nervirao (ostalo mu je bilo sve ok). Ovo je klasa od telefona, kamere su ubice, red fenomenalan. Jedina mana je sto u odnosu na 12 Pro nema punjac od 120w, već skromniji 66w. Baterija dobra ali 5150 ampera će biti vrlo brzo zamijeno na tržištu boljim baterijama.",10,"Dužina (>=15 reči), Suprotni veznici, Negacija, Specifikacija, Motiv kupovine"
27,https://mobilnisvet.com/mobilni-komentari/gwmgy/Xiaomi/12T-Pro/3,Xiaomi,Xiaomi 12T Pro,Mateja,2023-05-13 21:24:00,"Resio sam da zamenim moj Huawei mate9... Dvoumim se izmedju ovog 12T pro i realme gt2... Znam da je lepa razlika u ceni izmedju ova dva modela, zanima me da li je i u kvalitetu razlika na strani Xiaomi 12t u odnosu na Realme Gt2?",2,Dužina (>=15 reči)
28,https://mobilnisvet.com/mobilni/mhj/Xiaomi/14-12GB-512GB-2x-SIM,Xiaomi,Xiaomi 14,Uros,2025-08-20 13:06:00,"Telefon je top, za 540e varijanta 12/512GB, brz dobra baterija kamere odlicne, zagreje se malo dok se koristi kamera ali nista strasno, igrice nisam probao ali verujem da bi radila svaka bez problema, svaka preporuka za telefon!",9,"Dužina (>=15 reči), Suprotni veznici, Negacija, Specifikacija"
29,https://mobilnisvet.com/mobilni/219g8/Huawei/nova-10,Huawei,Huawei nova 10,V,2025-01-26 11:24:00,"Imam Nova 10 vec vise od godinu dana. Kupio sam ga polovnog. Pre njega sam imao promasaj sa Xiaomi 11 lite 5g NE koji sam uzeo zbog Google servisa(gms) posle P40 lite. Godinu dana sam telefon koristio bez gBox-a i slicnih virualizacija jer je skoro sve radilo sasvim dobro i bez gms. Za neke aplikacije jednostavno mora, ali u mom slucaju su to bile 4-5 aplikacije. Preselio sam se u Nemacku gde se 90% stvari radi preko telefona i gde je potrebno mnogo vise aplikacija i zato sam se odlucio i na svoj telefon ubacio HarmonyOS. Nakon toga instalirao klasicne Google servise i sve radi mnogo bolje nego sto je radilo bez istih ili preko gBox-a. Bolje drzi bateriju, bolje radi i konacno moguce je imati Google Play. Da sam u Srbiji, verovatno mi ne bi trebao gplay, ali posto je telefon, kao i svi ostali Huawei telefoni, odlicnog kvaliteta odlucio sam se za ovo i sigurno cu ga jos koristiti. Moja topla preporuka je HarmonyOS",8,"Dužina (>=15 reči), Suprotni veznici, Negacija, Motiv kupovine"
30,https://mobilnisvet.com/mobilni-komentari/qy8/Xiaomi/15-12GB-256GB-2x-SIM/4,Xiaomi,Xiaomi 15,Milan,2025-07-27 11:55:00,"Narode koja vam je poslednja OS verzija....od kako sam uzeo telefon, samo jedan update sam imao. Bezbednosne zakrpe 04.07...",3,"Dužina (>=15 reči), Motiv kupovine"
31,https://mobilnisvet.com/mobilni-komentari/khb/Samsung/Galaxy-S23/16,Samsung,Samsung Galaxy S23,Djuki,2023-12-29 15:04:00,Da li su ledja telefona staklena?,0,
32,https://mobilnisvet.com/mobilni-komentari/8389/Xiaomi/Redmi-Note-10-Pro/6,Xiaomi,Xiaomi Redmi Note 10 Pro,Kamera zeza,2023-04-29 12:40:00,Pozdrav ekipa opet ja ..pri instalaciji preko miui downloadera jel brise sve sa telefona ili ne...kamere mi ne rade i dalje..jedna po jedna je crkavala sad ni selfi ne radi...sumnja na procesor a nebi hard reset radio sve mi na njemu..znaci samo me zanima posto nije oficijalni update dal brise sve na telefonu..hvala puno ekipa,4,"Dužina (>=15 reči), Negacija"
33,https://mobilnisvet.com/mobilni-komentari/9638/Samsung/Galaxy-S22-5G/2,Samsung,Samsung Galaxy S22 5G,Siki,2024-07-18 10:40:00,"Telefon se isključi posle nekoliko dana rada, zagrejan je ne mogu da ga uključim, ekran crn sa natpisom samsung galaxy...šta bi moglo biti..",4,"Dužina (>=15 reči), Negacija"
34,https://mobilnisvet.com/mobilni-komentari/9567/Xiaomi/12/4,Xiaomi,Xiaomi 12,Aleksandar,2023-01-11 09:49:00,"Molim sve, koji znaju, kada se i u kojim slučajevima, prebacuje na 50mp u praksi, na Mi 12.",4,"Dužina (>=15 reči), Specifikacija"
35,https://mobilnisvet.com/mobilni/pcp/Samsung/Galaxy-A17-5G-8GB-256GB-2x-SIM,Samsung,Samsung Galaxy A17 5G,sova,2025-12-09 16:50:00,"Ovaj telefon ili Realme c 71, u istoj mem. konfiguraciji, i zasto. Hvala.",0,
36,https://mobilnisvet.com/mobilni-komentari/8389/Xiaomi/Redmi-Note-10-Pro/7,Xiaomi,Xiaomi Redmi Note 10 Pro,Tradtra,2023-03-21 11:43:00,"Ja sam sinoc dobio taj jedva docekani miui 14,sve sto mogu reci je da je u najblazu ruku duboko razocarenje. Osim 5gb virtualnog rama ja nista vise ne vidim da sam dobio,inace je bilo 2gb. Virtualni ram je cisto s*anje i nista vise,samo marketing... Bateriju jos vise trosi,oni kazu da ce se trositi manje 16% a u mene se trosi vise 16%. Sada jos agresivnije gasi aplikacije u pozadini pa kada prelazite iz jedne u drugu prvo zacrni ekran sekundu pa onda udje u app. Od tih famoznih novih ikona mi smo dobili samo marijanovo m*do! To da su aplikacije trecih strana ubrzane nema veze s vezom,isto ih otvara i sto sam vec rekao jos agresivnije ih gasi u pozadini. I u mene je ovo miui global ne eu,tako da smo dobili isto sto i eu rom a to je jedno veliko nista! Ovo su prvi utisci posle dan koristenja,ali mislim da ce biti samo gori,bolji sigurno nece biti. Najgore sto ne mozes ugasiti obavijesti za ovu nadogradnju na miui pa sam je samo zbog toga instalirao jer je nisam mogao gledati... Bitno je da je kineski rom donio sve ove promjenje koje nama pisu da cemo dobiti. Sigurno moj zadnji xiaomi,nema boga da me vise pa da ponovo uzmem ovaj poluprizvod!!!",10,"Dužina (>=15 reči), Suprotni veznici, Negacija, Specifikacija, Motiv kupovine"
37,https://mobilnisvet.com/mobilni-komentari/8491/Xiaomi/Mi-11-Lite-5G/5,Xiaomi,Xiaomi Mi 11 Lite 5G,Maxa,2021-10-17 09:44:00,"Problemi koje ovde navode ja trenutno nemam.Telefon uzet kod operatera u avgustu.Jedino što baterija može da bude bolja,ali zato je valjda lagan.",5,"Dužina (>=15 reči), Suprotni veznici"
38,https://mobilnisvet.com/mobilni/8g3/Xiaomi/17-Pro-Max-16GB-1TB-2x-SIM,Xiaomi,Xiaomi 17 Pro Max,Igor,2026-05-05 15:28:00,"Uzeo klincu ovaj telefon u Americi globalno otključan, pride dobio gratis punjač 25w uz njega original samsungov, telefon je odličan,tanak i baš lagan čak i sa maskom, uzeo light green boju koja je pogodna za soba pola, koristio ga malo tamo, mali ga koristi ovde,nema nikakvih problema, bateriju ne može da istroši za jedan dan, obično se puni svaki drugi dan. Kamere nisam mnogo koristio ali su dobre iz onoga što sam video, ekran je odličan. Kada sam prvi put uključio telefon i povezao se na internet, dobio sam dva patch softverska update-a jedan za drugim. Jedino što se meni ne sviđa i što malo čudno je što nema opciju za podešavanje boja vivid ili natural, mislim da je po default-u vivid, ali možda će i to rešiti nekim sledećim update-om. Pri jačoj upotrebi se zagreva ali nije vreo, već topao, 256/8 je varijanta i ubacio mu karticu od 64GB. Da, uglavnom ga puni sa mojim 45w Samsung original punjačem koji imam i dosta se brzo napuni, nisam tačno merio ali od 0 do 100, čini mi se za sat vremena ili 55 do 57 minuta. Moja preporuka.",10,"Dužina (>=15 reči), Suprotni veznici, Negacija, Specifikacija, Motiv kupovine"
39,https://mobilnisvet.com/mobilni-komentari/8224/Xiaomi/Mi-11/2,Xiaomi,Xiaomi Mi 11,Kiki,2021-11-27 14:38:00,"Zasto ovaj telefon pravi uzasan video zapis? Kao da ima kameru od 1mpx a ne od 108. I slike po noci su takođe uzas, dok preko dana su extra. Jel ima neka fora ili je to tako.",7,"Dužina (>=15 reči), Suprotni veznici, Negacija"
40,https://mobilnisvet.com/mobilni-komentari/9654/Samsung/Galaxy-S22-Ultra-5G/7,Samsung,Samsung Galaxy S22 Ultra 5G,Aleks,2023-01-06 17:41:00,"Malo citam komentare ovde,i ovih sto se zale na S22.Ljudi ako vec dajete 1000e za telefon trazite vakum pakovanje tako ce te jedino biti sigurni da uzimate nov uredjaj.Sve ostalo je manje vise korisceno i ima neku manu zato i ide dalje.....",2,Dužina (>=15 reči)
41,https://mobilnisvet.com/mobilni/8010/Samsung/Galaxy-S20-FE-8GB-Dual-SIM,Samsung,Samsung Galaxy S20 FE,Filip 1987,2023-10-22 18:20:00,Telefon je sasvim ok ali jedina mana je baterija od 100% do 65 % je izgubio sam od sebe nisam ga cackao u opste sve iskljuceno wifi mobilni podaci i ostalo 120hz koristim ali nekako bat mi curi ko luda imao sam a71 koji je 2 dana lagano sibao i jednom ga napunim u 2 dana a ovaj punim 2 puta u danu ne preporucujem ovaj tel samo zbog jebane baterije ni 7/8 sati nemoze da izgura,10,"Dužina (>=15 reči), Suprotni veznici, Negacija, Specifikacija, Motiv kupovine"
42,https://mobilnisvet.com/mobilni-komentari/l7m/Samsung/Galaxy-S23-Ultra/4,Samsung,Samsung Galaxy S23 Ultra,Nf,2025-06-12 08:56:00,Pozz svima zanima me ima li neke konkretne razlike za prosecnog korisnika izmedju ultre od 8gb i 12gb rama da li se oseti bilo kakva razlika u radu telefona,4,"Dužina (>=15 reči), Specifikacija"
43,https://mobilnisvet.com/mobilni-komentari/khb/Samsung/Galaxy-S23/17,Samsung,Samsung Galaxy S23,Deni,2023-11-15 12:51:00,"Koristim S23 vec 2 nedelje, presao sam sa S22 Ultra, koji je bio ogroman.. Moji utisci, jako, jako sam zadovoljan. Pre svega, velicina tel, 6.1 inca ekran, ladno mi stane u dzep, i sa maskicom, prelep tel, nije glomazan a opet dovoljno velik ekran i za igrice i za filmove, serije, vesti.. Drugo, kamera, ja sam prezadovoljan.. Skoro na putovanju u Veneciju, zaista je pravio vrh fotke, zivopisne iako je bio oblacan dan. Sestra ima iphone 14, uporedjivali smo, za nijansu kamera na S23 bolja, sa cim se i ona slozila iako ceo zivot koristi Iphone. Treca stvar, baterija, sjajna, traje mi ceo dan uz bas aktivno koriscenje i uvece oko 23h kada ga stavim na punjenje ima i dalje oko 20 posto. Izgled i ivice, i predeo oko kamera pozadi za mene tako sofisticirano i lepo odradjeno, tel izgleda bas elegantno i mocno. Jedan kompaktan i sjajan tel. Necete pogresiti, preporuka!",11,"Dužina (>=15 reči), Suprotni veznici, Negacija, Specifikacija, Sleng"
44,https://mobilnisvet.com/mobilni-komentari/l7m/Samsung/Galaxy-S23-Ultra/21,Samsung,Samsung Galaxy S23 Ultra,Maki,2023-12-29 17:37:00,"Kupio sam telefo pre nekoliko dana iako su ovde komentari bili kao da dobijete za taj novac Sagem ili Simens. Telefon je zaista premijum u svakom smislu za sada, boje na fotografija nerealne, brz, izgleda veoma otmeno i moderno. U poslovnom smislu veoma zadovoljavajuće karakteristike, dosta memorije, baterija za sada trajanja, orig punjač je puni za sat vremena ful. Olovka je moze biti vrlo korisna stvar za ljude koji imaju potrebe da dopisuju nešto na fotkama ili u dokumentima, Acad radi lepo. Inace Apple-u svaka čast, IPhone 4 sam imao pre 10godina i tadje to je zasita bila otkrovenje i ogromna razlika u odnosu na ostale ali od tada je svaki sledeći sličan i ne vidim bitnu razliku između npr 10,11,12,13,14 ili 15. U suštini je sve stvar ukusa i potreba. Po mom skromnom mišljenju mladje generacije preferiraju iphone iz više razloga, dok ce malo ozbiljniji ljudi poslovnih  i porodicnih potreba za taj novac odabrati Samsung zfold ili ovako nesto. Ja lično nakon nekoliko god korišćenja  Huawei nova 5 pa 9 sam prezadovoljan i veliki napredak u klasi iako je i nova9 bio jako dobro placen svojevremeno, nešto manje nego sada ovaj. Čak i igrice ko voli, npr PES radi savršeno, brzo, jako dobra grafika i boje, verujem i ostale igrice slično. Koliko vidim od mana mogu da potvrdim da su fotke nešto lošije na smanjenom svetlu ali sta da se radi, nije ni to bas tako loše. Meni je bitno kako slika danju dok sam na poslu ili sa porodicom. Kamera oduševljava bojama kao i zumom vrhunski. Od mene sve preporuke za telefon koji vredi do 1000e.",10,"Dužina (>=15 reči), Suprotni veznici, Negacija, Sleng, Motiv kupovine"
45,https://mobilnisvet.com/mobilni-komentari/8360/Samsung/Galaxy-A32/4,Samsung,Samsung Galaxy A32,Ana,2021-07-13 22:06:00,A52 ili a 32? Da li vredi dati pare za a52. Da li je kamera baš drastično bolja na a52? Hvala,2,Dužina (>=15 reči)
46,https://mobilnisvet.com/mobilni-komentari/qy8/Xiaomi/15-12GB-256GB-2x-SIM/2,Xiaomi,Xiaomi 15,Ivana,2025-12-03 02:11:00,Jel ima ovaj telefon e sim?,0,
47,https://mobilnisvet.com/mobilni-komentari/8389/Xiaomi/Redmi-Note-10-Pro/21,Xiaomi,Xiaomi Redmi Note 10 Pro,Marko,2022-01-17 20:24:00,"Ljudi imam veliki problem sa telefonom kupio sam ga u Septembru preko online prodavnice, telefon je Xiaomi Redmi Note 10 Pro 8/128gb aplikacije poput wacapa,instagrama,kamere na telefonu mi jednostavno baguju problem je i kod kašnjenja poruka tj.Obaveštenje (nortifikacije) ne znam jednostavno šta da radim telefon je naravno još pod garancijom ali ja nisam naišao na internetu na sličan problem poput mog ako neko ima ovakvo neprijatno iskustvo neka napiše ako je nekako uspeo da to popravi hvala unapred pozdrav🙂",10,"Dužina (>=15 reči), Suprotni veznici, Negacija, Specifikacija, Motiv kupovine"
48,https://mobilnisvet.com/mobilni-komentari/9817/Honor/X8/5,Honor,Honor X8,Fox Mulder,2022-08-15 22:33:00,"Uzeo sam telefon pre 10 dana, prvi utisak je bio oduševljenje, dizajn je fantastičan, ekran je delovao zadovoljavajući, a i kamere su obećavale... Posle par dana, prvo baterija traje max dan i po ako se ne koristi telefon uopšte, znači jedva jedan dan ali jedva ako se koristi solidno, punjenje baterije je takodje sporo, ne verujem da mi  na starijem p40 lite puni za 20min 80%,ovde za 30-40min. Zatim su počeli sitni bagovi tipa navigacija zakuca i ne moze da se isključi, konzola kada se spušta zna da takodje malo zakoči, brojeve iz imenika zna da proguta prvi pa da poziv onda nije ni moguć. Što se tiče kamere, baš ništa posebno iako sam imao utisak da će me oduševiti, ali iskreno stvarno čim malo pomeriš ruku slika se muti. Autofokus zna da uspori i onda sporo raguje na pokrete i stvarno ispada loš kvalitet slike. Ekran na dnevnim svetlu je užas, kontrast mi je tada na max i opet se ne vidi, a vidim da se i ovde dosta ljudi žalilo na to. Mnogo mi je krivo što ću vratiti telefon u radnju, jer mi je na prvo oko baš delovao kao nešto što će me oduševiti sa performansama a u srednjem rangu što se tiče cene. Šta da vam kažem, ako hoćete da imate telofon samo da bi lepo izgledao uzmite ga, ako vam ipak sve ovo znači zaobidjite ga u širokom luku...",8,"Dužina (>=15 reči), Suprotni veznici, Negacija, Motiv kupovine"
49,https://mobilnisvet.com/mobilni/zpj/Honor/Magic7-Pro-16GB-512GB-2x-SIM,Honor,Honor Magic7 Pro,Mladja,2026-02-06 01:06:00,Ovi je i razlog no.1 zasto se uskoro vracam na dobri stari iPhone.,0,
50,https://mobilnisvet.com/mobilni-komentari/9293/Xiaomi/11T-Pro/5,Xiaomi,Xiaomi 11T Pro,Igor,2021-12-02 08:50:00,"Da li bi neko od vlasnika mogao da kaze provereno da li je lajsna telefona alu ili plastika? Na svim slikama i video recenzijama nigde nisam video linije antene koje se obicno nalaze na alu ramu,ako je alu. Na plastici ih nema.",4,"Dužina (>=15 reči), Negacija"
51,https://mobilnisvet.com/mobilni-komentari/9260/Apple/iPhone-13/4,Apple,Apple iPhone 13,L90,2024-08-27 11:12:00,Jedno pitanje,0,
52,https://mobilnisvet.com/mobilni/y11/Apple/iPhone-17-8GB-512GB-2x-eSIM,Apple,Apple iPhone 17,AcaRamone,2026-05-22 17:35:00,"Baterija na ovom telefonu je solidna. Meni traje dan ipo ali ja ga koristim za osnovne stvari. Ako se neki ne skida sa tik toka i Insta, igra igrice baterija neće da mu izdrži pola dana",7,"Dužina (>=15 reči), Suprotni veznici, Negacija"
53,https://mobilnisvet.com/mobilni-komentari/53bb5/Xiaomi/12T/3,Xiaomi,Xiaomi 12T,Nenad,2022-11-01 13:30:00,"Za sve one koji se dvoume za ovaj telefon evo par reci. Ekran je odlican, prikaz slike, ostrina, osverljenost, fantasticno. Performanse odlicne a telefon hladan i ne trotluje prilikom igranja igrica i ne prazni bateriju kao Snapdragon 888 ili Snapdragon 8 gen 1. Baterija 2 dana normalnog koriscenja, 1 dan akonste ceo dan na njemu, punjnje od 120w je milina, ne bih vise nikad kupio telefon sa sporijim punjenjem, kamera moze da prodje. Sto se tice izrade telefona nemam ni tu nekakve zamerke ali bi bilo lepo da ima aluminijumsko telo, dobra je i ova plastika, ne kvrcka i cvrst je u ruci (prethodni Huawei Nova 5t je imao alu ram i oseti se razlika) ali svejedno ide u masku pa i ajde...",10,"Dužina (>=15 reči), Suprotni veznici, Negacija, Specifikacija, Motiv kupovine"
54,https://mobilnisvet.com/mobilni-komentari/n97/Xiaomi/Redmi-Note-12-Pro-4G/2,Xiaomi,Xiaomi Redmi Note 12 Pro 4G,Sindarela,2023-11-12 03:52:00,"Telefon sam uzela pre par dana i jako sam zadovoljna... S tim da sam uzela samo jači 8gb/256. Što se osvetljenja tiče, lupate gluposti. Isključite automatsko osvetljenje i neće vam se pomerati. A i logično je da radi na senzor, toplo, hladno. Čitam komentare i ne verujem koliko ste svi ""pametni."" Nisam stručnjak, ali za ove pare telefon je odličan. A vi profesionalci uzmite telefon od 1000-2000e i mirna  Bačka.",9,"Dužina (>=15 reči), Suprotni veznici, Negacija, Specifikacija"
55,https://mobilnisvet.com/mobilni-komentari/blm/Honor/Magic5-Lite/6,Honor,Honor Magic5 Lite,Miconi,2023-12-20 23:29:00,Koja je opcija za zaštitu stakla na magic 5 lite?,0,
56,https://mobilnisvet.com/mobilni-komentari/8007/Samsung/Galaxy-S20-FE/8,Samsung,Samsung Galaxy S20 FE,Katarina,2021-03-23 12:55:00,Molim ako neko moze da mi pomogne.,0,
57,https://mobilnisvet.com/mobilni-komentari/2wjlc/Xiaomi/13/2,Xiaomi,Xiaomi 13,Сале,2024-02-26 10:38:00,"Ćao drugari uzeo sam Šaomi 13, telefon je stvarno top u svakom smislu te reči, ali ja idalje nisam dobio HajperOs, ne znam u čemu je problem iskreno, da li ću ga uopšte dobiti, trenutno sam na MIUI 14.0.6, nadam se da će neko da mi pomogne, hvala unapred 😄",10,"Dužina (>=15 reči), Suprotni veznici, Negacija, Sleng, Motiv kupovine"
58,https://mobilnisvet.com/mobilni-komentari/8239/Samsung/Galaxy-S21-Ultra-5G/12,Samsung,Samsung Galaxy S21 Ultra 5G,M,2021-03-22 13:40:00,"Treba mi pomoć, tj vase mišljenje, u nedoumici sam. Iphone 12 pro max ili Samsung Galaxy s21 ultra? Koji je bolji, i koji drži na ceni ako se sutradan odlučim da ga prodam? Unapred hvala..",2,Dužina (>=15 reči)
59,https://mobilnisvet.com/mobilni-komentari/6nv/Xiaomi/Redmi-Note-13-Pro+/2,Xiaomi,Xiaomi Redmi Note 13 Pro+,Mitar Mitrović,2025-04-03 13:50:00,"Dvoumim se između Redmi note 13 pro plus, Honor Magic7 Lite i Poco X7 pro?",2,Dužina (>=15 reči)
60,https://mobilnisvet.com/mobilni-komentari/l7m/Samsung/Galaxy-S23-Ultra/39,Samsung,Samsung Galaxy S23 Ultra,Dace,2023-03-08 21:11:00,"Porucio sam online kod operatera verziju 12/256 28.02,a stigao mi danas telefon sa 8gb rama.Vratim se u poslovnici,nista nisam otvarao,kod njih tamo interno pise 12/256,ali na sajtu to ne stoji i sad me ubedjuju da nikad na sajtu nije bilo verzije sa 12/256 vec samo sa 512,a pritom 12/512 uopste nemaju na stanju niti znaju kada ce dobiti.Razmisljam se da vratim telefon,posto je online imam 14 dana da vratim telefon.Kako ne sacuvah neki skrinsot,a imao sam,ne volim da me neko zeza za moje pare,bar da je neko pozvao i pitao nemamo,hocete li sa 8gb rama.",9,"Dužina (>=15 reči), Suprotni veznici, Negacija, Specifikacija"
61,https://mobilnisvet.com/mobilni-komentari/khb/Samsung/Galaxy-S23/19,Samsung,Samsung Galaxy S23,boki,2023-10-28 08:53:00,"da li se vama greje telefon kada ga spojite na brzi punjac? Kada iskljucim brzo punjenje nema grejanja ali se onda puni 2h, ako ukljucim cak i na punjacu od 15w telefon bude vruc, na 25w bi se verovatno zapalio O.O, kako je kod vas?",9,"Dužina (>=15 reči), Suprotni veznici, Negacija, Specifikacija"
62,https://mobilnisvet.com/mobilni/r9p/Honor/400-8GB-512GB-1x-SIM-1x-eSIM,Honor,Honor 400,Aleksandra,2026-05-23 22:30:00,"Zdravo. Imam telefon skoro godinu dana. I zaista sam zadovoljna bila. Udario me auto, on je bio u dzepu. I kad sam videla samo malo ekran i upalila ga on radi. Kad sam htela da pozovem moje videla sam da baguje ali radi. Restart kao resio. Kako vreme prolazi on sve vise samo zabaguje. Ali evo od tad kad kucam on kuca sta on hoce, pa vise puta kucam jedno te isto. Zabaguje ceo pa ga restartujem. Takodje se desava da ne zvoni zvuk kad me zovu ili stigne poruka. Bila sam da pitam za garanciju ali nema garancije jer jelte je udes u pitanju. Razmisljam da odem u servis ali ne znam sta je i koju cenu da ocekujem. Brat me savetuje da promenim tel, ali meni se ovaj bas svidja. Konacno neki manji tel koji je brz i dobar - bas sam bila zadovoljna. Sad desilo se sta se desilo. Moje pitanje za ljude koji se razumeju. Sta ovo moze biti sto sam objasnila? Da li je prilikom udarca moguce (bas malo je ekran ogreban jer nisam staklo stavila) da nesto se tu poremetilo? Honorove popravke jesu li skupe? Vracam se na posao koristicu ga mnogo vise a ako ne budem mogla da znam sta da radim. Hvala unapred",7,"Dužina (>=15 reči), Suprotni veznici, Negacija"
63,https://mobilnisvet.com/mobilni-komentari/2wjlc/Xiaomi/13/3,Xiaomi,Xiaomi 13,Goran,2023-09-22 08:08:00,"Za sve koji se dvoume, telefon je stvarno ekstra, uzeo sam ga starog 2m i tel je odlican, dobra kamera, brz, kompaktan dizajn, dobra baterija. Zena ima s23 i bas su u rangu, stvar je samo sta se kome vise svidja.",3,"Dužina (>=15 reči), Motiv kupovine"
64,https://mobilnisvet.com/mobilni-komentari/9955/Honor/70/2,Honor,Honor 70,Bane,2025-01-20 06:03:00,"Odlican telefon, brzo punjenje, baterija drzi lepo,kamera je dobra, fluidan.,pre ovoga imao samsung a52s, jedina mana je samo jedan zvucnik",2,Dužina (>=15 reči)
65,https://mobilnisvet.com/mobilni/xg7/Samsung/Galaxy-A55-6GB-128GB-1x-SIM,Samsung,Samsung Galaxy A55,Kostic,2026-05-31 20:18:00,"Kamera je mnogo losa, treba mi za posao ponekad da uslikam nesto iz blizine, ova prevara od makro kamere bez autofokusa je neupotrebljiva, a glavna je lose bazdarena za blizinu. Nigde detalja, sve mutno, jedino da izadjem napolje pa na suncu da uslikam nesto. U zatvorenom ova kamera je realna ocena 3/10. Prednja kamera 32mp i kao fora 4K, a manje detalja nego 5 godina star Pixel 6 sa 8mpx i full hd. Bacio sam pare na ovo zbog ""realnih"" recenzija i marketing botova koji pisu neistine po netu. Signal je isto jako los za moje pojmove, mnogo stariji telefoni su mi radili bolje na tom polju.",7,"Dužina (>=15 reči), Negacija, Specifikacija, Motiv kupovine"
66,https://mobilnisvet.com/mobilni-komentari/9788/Samsung/Galaxy-A13/2,Samsung,Samsung Galaxy A13,Banat,2023-03-24 23:14:00,"Pozdrav svima.... Da li Samsung A13 ima opciju da se baterija napuni da 85procenata? Ja 2dva dana trazim tu opciju i ne mogu da je pronadjem. Zato bih zamolio da mi neko detaljno,korak po korak, to tacno objasni i opise gde se to nalazi.... Inace,za ulozen novac,za mene je cista 10ka.... Unapred zahvalan.",4,"Dužina (>=15 reči), Negacija"
67,https://mobilnisvet.com/mobilni-komentari/8448/Samsung/Galaxy-A72/6,Samsung,Samsung Galaxy A72,1,2021-06-26 21:36:00,"I jos jedno pitanje, dali u toku snimanja moze da se prebaci sa zadnje kamere na selfie kameru i obrnuto?",2,Dužina (>=15 reči)
68,https://mobilnisvet.com/mobilni/8439/Samsung/Galaxy-A52-8GB-256GB,Samsung,Samsung Galaxy A52,Magi,2023-10-23 00:27:00,Da li imate neke preporuke za telefon do 400evra ali neki koji sigurno sto posto nece da baguje nakon 3meseca koriscenja tjst koji nikad nece uopste da baguje,5,"Dužina (>=15 reči), Suprotni veznici"
69,https://mobilnisvet.com/mobilni/rgg/Xiaomi/Redmi-Note-13-Pro-5G-12GB-512GB-2x-SIM,Xiaomi,Xiaomi Redmi Note 13 Pro 5G,IgiD,2025-08-26 13:26:00,"Primetio sam da se mnogi žale a i meni se ne sviđa to što je urađeno sa prikazom imenika i dialer-om na androidu na ovom telefonu...Upravo se mob update-ovao na verziju 2.0.201.0. VNEREUXM, 1,5 GB...Nemam vremena sad da gledam, ali mislim da ima promena...Ako je neko već instalirao, molim za utiske. Hvala",9,"Dužina (>=15 reči), Suprotni veznici, Negacija, Specifikacija"
70,https://mobilnisvet.com/mobilni/zpj/Honor/Magic7-Pro-16GB-512GB-2x-SIM,Honor,Honor Magic7 Pro,zlatko,2026-05-25 12:42:00,"Da li ovo , ili s24ultra, 25 ultra polovno???",0,
71,https://mobilnisvet.com/mobilni-komentari/9564/Xiaomi/12X/2,Xiaomi,Xiaomi 12X,Mikmik,2023-07-31 18:42:00,Honor 70 ili xiaomi 12x?,0,
72,https://mobilnisvet.com/mobilni/m2j/Huawei/nova-9-SE-8GB,Huawei,Huawei nova 9 SE,My,2023-01-11 14:14:00,Kako instalirati igricu craftman na ovom telefonu?,0,
73,https://mobilnisvet.com/mobilni-komentari/y94s0/Apple/iPhone-14-Pro/6,Apple,Apple iPhone 14 Pro,Mara,2023-01-20 09:57:00,Trenutno najlepsi i najkompletniji telefon...bez premca,2,Negacija
74,https://mobilnisvet.com/mobilni-komentari/7179/Apple/iPhone-11-64GB/4,Apple,Apple iPhone 11,Vuk,2023-09-08 20:03:00,"Pozdrav svima, ako neko može da mi pomogne imam problem sa iphone 11. Naime kupio sam ovaj telefon ćerki i desava se da se slika na ekranu mnogo uveća, i kada ga restartujem sve bude u redu. Da li se to nekom desavalo? Telefon joj je bio u ruci, a drugi put u rancu...",3,"Dužina (>=15 reči), Motiv kupovine"
75,https://mobilnisvet.com/mobilni/6718/Huawei/Honor-10-Lite-128GB,Huawei,Huawei Honor 10 Lite,SmajLi,2025-05-31 13:33:00,"Imam ga oko 5god, 3/64, ne bih ga menjao nikada da ne pokazuje znake starenja.",4,"Dužina (>=15 reči), Negacija"
76,https://mobilnisvet.com/mobilni-komentari/9654/Samsung/Galaxy-S22-Ultra-5G/12,Samsung,Samsung Galaxy S22 Ultra 5G,Maric,2022-03-12 14:30:00,Stize li nekome preko mts-a,0,
77,https://mobilnisvet.com/mobilni/p7m/Samsung/Galaxy-A04e-Dual-SIM,Samsung,Samsung Galaxy A04e,Lazio,2022-12-18 21:42:00,Ko hoce da ima viber i nista vise moze da uzme sebi ovaj tel...,0,
78,https://mobilnisvet.com/mobilni-komentari/9622/Xiaomi/Redmi-Note-11-Pro-5G/3,Xiaomi,Xiaomi Redmi Note 11 Pro 5G,Đorđe,2022-02-05 22:37:00,"Redmi Note 11 Pro 5G je čist promašaj, toliko sam se nadao da će kineska verzija biti i globalna.. Ali morali su da naprave posebnu verziju koja ne donosi ništa novo, baš sam se radovao dobrim performansama, JBL zvučnicima i da ne nabrajam sve. Zato ću ovu kupovinu zaobići i čekam Realme 9 Pro Plus, koji ima Dimensity 920, mnogo bolji i čistiji softver, Sony kameru od 50Mp sa optičkom stabilizacijom, naravno nije savršen ekran je 90Hz amoled ali ja smatram da je to zlatna sredina i ima adaptivni refrešrejt, što je mnogo bolje od recimo 120Hz jer crpi bateriju. Dugogodišnji sam korisnik Xiaomija i Redmi telefona, ali ove godine prelazim na Realme, ne znam koliko su glasine tačne ali verzija od 8/128 će koštati manje od 300€, što je i dalje bolje od Redmi Note 11 Pro 5G.",9,"Dužina (>=15 reči), Suprotni veznici, Negacija, Specifikacija"
79,https://mobilnisvet.com/mobilni-komentari/5rz/Xiaomi/Redmi-Note-13-Pro-5G/6,Xiaomi,Xiaomi Redmi Note 13 Pro 5G,Goran,2024-01-29 18:53:00,Ovaj ili F5?,0,
80,https://mobilnisvet.com/mobilni-komentari/blm/Honor/Magic5-Lite/17,Honor,Honor Magic5 Lite,djole,2023-03-16 11:56:00,Svi vi koji pišete da ne valja ovaj telefon vi kupite neki od 1000€ i imaće odličan procesor i kamere ali ovaj telefon košta 300€ i spada u srednju klasu. Ja ne znam šta vi očekujete da vam oni naprave sve najbolje specifikacije za 300€. I ovde što širite dezinformacije kako ovaj telefon ima eMMC5.1. Evo vam link gde piše da telefon ima UFS2.2,7,"Dužina (>=15 reči), Suprotni veznici, Negacija"
81,https://mobilnisvet.com/mobilni-komentari/9847/Samsung/Galaxy-A73-5G/2,Samsung,Samsung Galaxy A73 5G,Vladimir Mićković,2022-10-27 11:08:00,"Poštovanje, imam jednu dilemu, pa bih bio zahvalan ako neko odgovori. Mislio sam da uzmem ovaj model ali je za azijsko tržište? Pa me zanima da li je vredan razmišljanja? I da li to znači, budući da je za azijsko tržište da nije snapdragon u pitanju? Hvala",7,"Dužina (>=15 reči), Suprotni veznici, Negacija"
82,https://mobilnisvet.com/mobilni-komentari/8055/Apple/iPhone-12/6,Apple,Apple iPhone 12,Peđa,2022-05-12 08:43:00,"Pozdrav svima! Koliko vidim, ovde se piše isključivo o kameri i bateriji kao glavnim parametrima za kupovinu telefona, što je ok, jer takva je potreba većine ljudi danas. Planiram da kupim iPhone 12, jer nikad do sada nisam imao iPhone, a najviše me zanima operativni sistem, update-ovi, sinhronizacija sa Microsoft i Google servisima. Da li tu postoje određeni problemi i da li mi neko može reći nešto više o tome? Pozdrav!",2,Dužina (>=15 reči)
83,https://mobilnisvet.com/mobilni-komentari/8448/Samsung/Galaxy-A72/7,Samsung,Samsung Galaxy A72,S,2021-06-06 08:09:00,"A sta je razlika izmedju ovog i A52? Nije valjda zbog telefoto kamere ovolika razlika u ceni a tu telefoto ja bar ne koristim, osim kad isprobavam kamere. I baterija za 500 jaca ali manji je za 0.2 ekran na A52 pa dodje isto sto se potrosnje baterije tice, autonomija ista. Znaci po specifikaciji potpuno isti kao A52. I procesor i senzor i 90hz oba i bukvalno nista bitno ne vidim na strani A72 da je bolji od A52. Osim cene. Ili nesto propustam? Jel ima neko da ih je uporedjivao ali uzivo, ne na papiru? Ili neko ko ga ima, zasto je uzeo ovaj a ne A52? I jel secka pri skrolovanju na 90hz kako kaze @Tina ispod.",12,"Dužina (>=15 reči), Suprotni veznici, Negacija, Specifikacija, Sleng, Motiv kupovine"
84,https://mobilnisvet.com/mobilni-komentari/8491/Xiaomi/Mi-11-Lite-5G/6,Xiaomi,Xiaomi Mi 11 Lite 5G,Gagi,2021-09-06 14:27:00,"Koja verzija roma se najbolje pokazala kad je u pitanju Global, imam 12.5.5.0 a čuo sam da 12.0.2.0 daje bolji battery screen on time?",2,Dužina (>=15 reči)
85,https://mobilnisvet.com/mobilni-komentari/8239/Samsung/Galaxy-S21-Ultra-5G/7,Samsung,Samsung Galaxy S21 Ultra 5G,Sasa,2022-01-28 19:25:00,"Da li se nekom desava problem od kada sam dobio azuriranje sa januarskom zakrpom da pada refresh rate povremeno,iako mi je telefon podesen da bude stalno na 120hz iz cista mira prebaci na 60hz.Ne desava se stalno,povremeno.",9,"Dužina (>=15 reči), Suprotni veznici, Negacija, Specifikacija"
86,https://mobilnisvet.com/mobilni-komentari/7598/Huawei/P40-Pro/2,Huawei,Huawei P40 Pro,Nikola,2023-02-02 20:23:00,"Instalirao GMS i GS uz pomoc instrukcija x**d**a. Telefon sam spustio na emui 10 i tek se tu vidi napredak ovog telefona u odnosu na period kada sam ga kupio. Instalacija nije bas jednostavna ali se moze snaci prosecan korisnik. Mana je samo jedan G nalog. Nakon instalacije update na emui 12. Tek tada ovaj telefon ima pun sjaj. Jedina stvar koju nisam namestio jeste Gpay, ne prolazi validaciju dodavanja kartice, inace ostalo u Gpay radi. Razmisljao sam se o prelasku na Mi12ultra ali sada mi na pamet ne pada.",8,"Dužina (>=15 reči), Suprotni veznici, Negacija, Motiv kupovine"
87,https://mobilnisvet.com/mobilni-komentari/7598/Huawei/P40-Pro/3,Huawei,Huawei P40 Pro,Stefan,2022-08-15 16:47:00,Cao drustvo moze mala pomoc dvoumim se izmedju huawei p40 pro i samsunga s21...trenutno imam Samsung A52s i nisam previse zadovoljan pa bi svaka pomoc dobro dosla,2,Dužina (>=15 reči)
88,https://mobilnisvet.com/mobilni-komentari/l7m/Samsung/Galaxy-S23-Ultra/9,Samsung,Samsung Galaxy S23 Ultra,Nino,2024-11-13 12:17:00,Pozdrav svima. Može li mi neko reći zašto mi nema portrait mod kada pokrenem kameru?,4,"Dužina (>=15 reči), Negacija"
89,https://mobilnisvet.com/mobilni-komentari/gz0/Honor/Magic5-Pro/7,Honor,Honor Magic5 Pro,WrongButton,2024-02-07 16:26:00,"Kamere, ekran, cipset, zvuk, sve vrhunski. Zaista me odusevio, u svakom pogledu. Jedina mana, po meni, je da je glomazan telefon. Nije zgodan za koriscenje jednom rukom. Da je, recimo, ekran 6.5inca, bio bi mi idealan.",6,"Dužina (>=15 reči), Negacija, Specifikacija"
90,https://mobilnisvet.com/mobilni/0l8/Samsung/Galaxy-S23+-512GB,Samsung,Samsung Galaxy S23+,Zoran,2025-04-27 19:39:00,"Zaista sam iznenađen da ovakav telefon pogotovo zato što je plus model, nema 12Gb ram memorije. To za sada nije problem ali posle ažuriranja od 5 gb na novi OS, slobodni ram će se vremenom smanjivati, tako da to što oni nama daju sedam godina ažuriranja je po meni dobar marketinški fazon. Ljudi se već sada žale da imaju malo slobodnog rama a šta će biti posle prelaska na treće ili četvrto ažuriranje ostaje da vidimo.",9,"Dužina (>=15 reči), Suprotni veznici, Negacija, Specifikacija"
91,https://mobilnisvet.com/mobilni-komentari/gzw/Honor/Magic8-Pro-12GB-256GB-1x-SIM-1x-eSIM/4,Honor,Honor Magic8 Pro,Stefan,2026-04-28 08:06:00,"Zdravo svima, koristio sam mnogo androida do sada, od Xiaomija do Honora i Pixela (Samsung nisam za sada). Trenutno imam iphone 16 pro max, ne patim od brendiranja, ljubitelj sam tehnologije i vjerujem da svaki brend ima nesto dobro da ponudi. Telefone mjenjam na nekih godinu - dvije, zavisi od situacije i potrebe. Planirao sam da uzmem novi, i sada se dvoumim. Izbor se sveo na honor magic 8 pro i xiaomi 17 ultra. Da li neko moze da mi kaze pluseve i minuse oba modela, onako u kratkim crtama? Najbitnije stvari su mi ekran (znam da je tu honor u prednosti), kamere (tu bih rekao da je gusto, ali xiaomi ima autenticnije fotke sa manje AI) i baterija, sto znam da varira na oba telefona kad je EU verzija u pitanju. I da oba modela rade na eSim, ne koristim fizicku SIM karticu. Svaka povratna informacija je dobrodosla. Hvala unaprijed, pozdrav",9,"Dužina (>=15 reči), Suprotni veznici, Negacija, Sleng"
92,https://mobilnisvet.com/mobilni-komentari/2wjlc/Xiaomi/13/3,Xiaomi,Xiaomi 13,Aco,2023-10-15 23:34:00,"Ima li neko problem sa osvetljenjem?   Ukljuceno mi je Auto osvetljenje, ali mi previse smanjuje osvetljenje non stop, ja vratim rucno na neko normalno, on posle malo koriscenja opet smanji. Pricam o korišćenju gde se ne manje intezitet svetlosti u prostoriji gde se nalazim.   Sve se nadam ""naucice"" koje osvetljenje zelim pri datoj svetlosti u prostoriji, ali nikako. Prosli tel MI 9 SE je ""naucio"" lepo...",7,"Dužina (>=15 reči), Suprotni veznici, Negacija"
93,https://mobilnisvet.com/mobilni-komentari/7426/Samsung/Galaxy-S20/2,Samsung,Samsung Galaxy S20,Marko,2021-02-16 17:46:00,"Iskreno da kazem Samsung i S-20 i S21 su isti u karekteristikama i mogu da kazem da nema predomisljaja to jest kvalitetni su i jedan i drugi,nece te se pokajati oni koji hoce da kupe aparat e jedino cena igra ulogu ali nije prevelika za onog kome treba mocna masina.!",7,"Dužina (>=15 reči), Suprotni veznici, Negacija"
94,https://mobilnisvet.com/mobilni/8010/Samsung/Galaxy-S20-FE-8GB-Dual-SIM,Samsung,Samsung Galaxy S20 FE,Dejan,2023-09-13 16:43:00,"Za sve one koji imaju problem sa zamrzavanjem telefona pri paljenju prednje kamere, moj je iz tog razloga servisiran, i problem je očigledno bila fabrička greška te je zamenjena matična ploča I sama kamera.Zaista neverovatan propust za Samsung!!!Eto ako imate takav problem, nikakvo ažuriranje neće rešiti vas problem, vraćanje na fabrička i tome slično...",2,Dužina (>=15 reči)
95,https://mobilnisvet.com/mobilni-komentari/7432/Samsung/Galaxy-S20+/3,Samsung,Samsung Galaxy S20+,Mile,2020-11-20 10:28:00,"Ima li ko problem sa vibracijom??? Stavim telefon u kurton i nabijem u bulju i kad se nazovem sa drugog fona vibrira jedno 10sek i onda prestane, a ringtone vrti non stop",2,Dužina (>=15 reči)
96,https://mobilnisvet.com/mobilni/g4v/Xiaomi/14T-Pro-12GB-1TB-2x-SIM,Xiaomi,Xiaomi 14T Pro,neo,2025-09-21 06:40:00,"Samo jedan kratak rezime. Paralelno sam koristio Mi 14 i Mi 14T Pro. Sto se potrosnje baterije tice, oba su ista i jako, jako slicna, ali sto se opste brzine tice 14T Pro razvaljuje i ostavlja ovaj 14 u prasini. Koliko sam video i kamera mi se vise svidja na 14T Pro. Da li je do softvera ili ne znam cega, u glavnom fotke na 14T Pro su mi za nijansu boje i lepse. Igrice nikada ne igram! Uzivajte!",9,"Dužina (>=15 reči), Suprotni veznici, Negacija, Sleng"
97,https://mobilnisvet.com/mobilni-komentari/q5v/Honor/X8b/2,Honor,Honor X8b,Dragana,2024-04-03 15:40:00,"Uzela sam Honor xb i sve je super sem kamere. Slikam, cuje se klik, sklonim telefon, i ispostavi se da je na slici pod, papuce... Znaci kad klikne nije slikao mora da se drzi jos dugo i ne mrda telefon. Naročito nezgodno za slikanje dece. Da ne postoji mozda neko podešavanje?",5,"Dužina (>=15 reči), Negacija, Motiv kupovine"
98,https://mobilnisvet.com/mobilni/mym/Huawei/Pura-70-12GB-512GB-2x-SIM,Huawei,Huawei Pura 70,Goksi,2025-03-27 22:53:00,"Imao sam prilike da Huawei Pura 70 držim u ruci i pro i stvarno meni su se dopali i imao sam taj utisak da držim kvalitetan uređaj. Zbog sankcija i cele te situacije i ponovnog probijanja na tržištu i sticanje ponovnog poverenja i pokušaj da se vrate stari korisnici i pridobiju nove po mom mišljenju cena je previsoka za Pure seriju mada i Nova ima jače cene. Ono što me raduje što mi se sviđa je da rade na sopstvenom softveru i da neće imati Android kao što Apple ima svoj sistem a Huawei je poznat po inovacijama i kvalitetu i dobrom balansu dobroj optimizaciji. Razmišljam se da posle dužeg vremena ponovo uzmem Huawei ali stvarno su im cene jake barem za mene. Realno kada poredimo tu srednju i visoku klasu svi uređaji su dobri i sličnih karakteristika samo su vizuelne neke razlike, kada su kamere u pitanju svi imaju dobre Apple dominira sa video snimanjem što se fotografije tiče kad je dobro osvetljenje svi prave dobre fotke nijanse su u pitanju tako da prosečan korisnik neće neku razliku primetiti veliku a i ovako društvene mreže  i aplikacije kompresuju fajlove. Ne mislim da je Huawei nešto poseban i mnogo drugačiji od drugih ali su poznati da im je softver stabilan dobar da su uređaji kvalitetno napravljeni pa i za taj novac moraju da budu 😁",10,"Dužina (>=15 reči), Suprotni veznici, Negacija, Sleng, Motiv kupovine"
99,https://mobilnisvet.com/mobilni-komentari/khb/Samsung/Galaxy-S23/3,Samsung,Samsung Galaxy S23,Anonymous,2025-08-23 21:44:00,"Posle 2 i po godine druženje sa S23 256GB prelazim na S25 i da se ovim komentarom pozdravim sa njim. Neki niz mojih telefona u poslednjih 5-6 godina je s10, pa s20, pa iphone 13, pa s23. S23 je po meni za klasu bolji od iphone 13. Ja bih obični iphone (nije Pro) uporedio sa A serijom kod samsunga. Bio sam oduševljen sa prvim testiranjem S23 serije, odlično se sećam, u Sarajevu je to bilo. Prvi utisak, sve glatko, fluidno i sve nekako TAMAN.  Ubrzo sam ga kupio i od tog dana do prelaska na S25 apsolutno svako uzimanje u ruku mi je bilo prijatno. Niti jednom nije secnuo u radu. Sve je bilo glatko kao prvod gana. Od dobrih stvari bih izdvojio dobru kameru, bateriju, brzinu u radu, kompaktnost i ekran. Neke zamerke bi bile posle poslednjeg ažuriranja, mislim prilikom prelaska na Android 15 baterija se ubrzano trošila i kao da je kamera malo bila mutnija, ali se to nekom zakrpom ili nečim drugim izbalansiralo, opet je sve dobro. Da sumiram, ni u jednom momentu se nisam pokajao što sam ga kupio, ne bih ga ni sada menjao da ga nisam klincu obećao. Svaka preporuka za telefon, pa i sada da se kupi nov.",10,"Dužina (>=15 reči), Suprotni veznici, Negacija, Specifikacija, Motiv kupovine"
100,https://mobilnisvet.com/mobilni-komentari/9654/Samsung/Galaxy-S22-Ultra-5G/8,Samsung,Samsung Galaxy S22 Ultra 5G,Pedja123,2022-12-11 20:49:00,"Odlican telefon imam verziju 8/128 a upredno koristim i iphone 14 pro max. Iphone daleko bolji sto se tice baterije i nekako bolje lezi u ruci. Sto se tice perfomansi ja licno ne vidim nikakvu razliku oba su azdaje. Iphone je mnogo bolja investicija jer jako dugo drzi cenu i mozes ga brzo prodati kada se odlucis za noviju verziju, ultra vec uveliko gubi na ceni.Pozdrav iz DE",4,"Dužina (>=15 reči), Negacija"
101,https://mobilnisvet.com/mobilni-komentari/8389/Xiaomi/Redmi-Note-10-Pro/7,Xiaomi,Xiaomi Redmi Note 10 Pro,Bosanac,2023-03-10 19:27:00,"Kad sam instalirao sofrwer 14.0.1 telefon extra radio samo bateriju trosi najvise sistem i wi-fi. Nisu mi na telefonu radile neke aplikacije za gledanje filmova. Sada sam uzeo ovaj update 14.0.2 i meni se cini malo sasvim malo bolja baterija ali mi sada rade aplikacije za filmove i telefon odlicno radi. Ako ovako ostane vise ni jedan update necu uzimati ali sam siguran da ce ga na neki nacin zeznuti da sporije radi i da cemo ponovo posegnuti za novim update. Osvjezenje displeja radi na 60 hz i perfekt radi. Iskljucio sam i onaj dodatni ram sto nude u postavkama od 2,3 i 5 gb rama. Mislim da nema potrebe za tim dodatnim ramom. Moj telefon je star skoro 2. godine 6gb/128gb. Za sada zadovoljan.",10,"Dužina (>=15 reči), Suprotni veznici, Negacija, Specifikacija, Motiv kupovine"
102,https://mobilnisvet.com/mobilni-komentari/9326/Huawei/nova-9/3,Huawei,Huawei nova 9,Boki,2022-01-09 21:45:00,"Uzeo sam ovaj telefon pre nekih 15-tak dana... Pre njega koristio samsung a51, sa njega uz pomoc phone clone-a prebacio sve bez ikakvih problema, za sada sve aplikacije rade najnormalnije, osim jedne koju sam koristio za vrtic u koji deca idu...uspeo sam da je skinem prwko apk pure-a ali ne mogu da se prijavim. Telefon prelep, lak za koriscenje, softver odlican bar meni... Pravi odlicne fotke verujte mi. Jedina zamerka za sad je sto mi se povremeno sam zakljuca bukvalno dok ga koristim, jos par ljudi mi je reklo za isti problem, ne znam da li je bag koji ce ispraviti azuriranjem softvera ili je nesto oko podesavanja ali eto ako neko zna neka mi pise 😀😀",10,"Dužina (>=15 reči), Suprotni veznici, Negacija, Sleng, Motiv kupovine"
103,https://mobilnisvet.com/mobilni/khc/Apple/iPhone-15-Pro-8GB-1TB-1x-SIM-1x-eSIM,Apple,Apple iPhone 15 Pro,Dragan,2025-03-07 19:36:00,Imam jeftinu ponudu za 15 pro al me brine 128gb memorije.. Iz cg samm i kazu da nije problem memorija i da moze da se placa icloud 3e mesecno za 200gb...,9,"Dužina (>=15 reči), Suprotni veznici, Negacija, Specifikacija"
104,https://mobilnisvet.com/mobilni-komentari/rhw/Samsung/Galaxy-A34/8,Samsung,Samsung Galaxy A34,Wheeler,2023-06-15 10:48:00,"Ljudi jedno pitanje,ispao mi je juče i slomio se displej,danas menjaju novim,poznat servis ovde u BGu,interesuje me da li telefon zadržava posle servisa ip sertifikat ili treba biti obazriv?",2,Dužina (>=15 reči)
105,https://mobilnisvet.com/mobilni/7431/Samsung/Galaxy-S20+-Dual-SIM,Samsung,Samsung Galaxy S20+,Nenad,2023-10-12 09:13:00,Note 10 ili a72,0,
106,https://mobilnisvet.com/mobilni/9846/Samsung/Galaxy-A53-5G-8GB-256GB-Dual-SIM,Samsung,Samsung Galaxy A53 5G,Vlatko,2025-02-21 15:03:00,2 godine i 4 mjeseca radi bez greške.,2,Negacija
107,https://mobilnisvet.com/mobilni-komentari/blm/Honor/Magic5-Lite/16,Honor,Honor Magic5 Lite,Slave,2023-04-06 21:49:00,"Za 15 dana korišćenja utisci su vrlo dobri... Baterija odlična, duže traje ovih 5.100 mAh nego 6.000 na bivšem Redmi 9T. Kamera prosečna, vrši posao. Punjač sam kupio od 22,5W ali napuni se jako brzo. Ima odlične varijante za očuvanje kao i štednju baterije. Jedino što me nervira je što izgleda nema prečicu za baterijsku lampu. Ako neko zna neka javi. I nema pretragu emotikona na tastaturi, i to je bzv...",10,"Dužina (>=15 reči), Suprotni veznici, Negacija, Specifikacija, Motiv kupovine"
108,https://mobilnisvet.com/mobilni-komentari/btp/Samsung/Galaxy-A25/2,Samsung,Samsung Galaxy A25,milos,2024-08-08 14:19:00,"Da li neko ima problem sa ovim telefonom, u smislu da mu nekad telefon zvoni nekad ne. Recimo desi mi se da mi telefon bude u dzepu i da mi ne zvoni kad me neko zove, samo vidim da imam propusten poziv od pre 2 minuta recimo. A onda testiram stavim ga na sto pozovem sa drugog broja i on zvoni. Da li se nekome to desavalo, da ponekad zvoni a nekad ne, obicno kad je u dzepu ??",4,"Dužina (>=15 reči), Negacija"
109,https://mobilnisvet.com/mobilni/9873/Honor/X7,Honor,Honor X7,Stefan,2023-05-31 19:02:00,Pozdrav ljudi evo da se javim nakon 10 meseci koriscenja honor x7 telefona odlično se pokazao ima veliki ekran od 90hz sto je meni bitno kamera nije bas najbolja ali je ok za fotografije procesor je super mada mislim da za jos bolji novac moze da se nadje neki drugi sto se tice baterije odlična je 5000mAh izdrži 2 dana ja ga koristim stalno pa mi drzi 1 dan softver je super magic ui jako lep skin sve u svemu odličan telefon zadovoljan sam,9,"Dužina (>=15 reči), Suprotni veznici, Negacija, Specifikacija"
110,https://mobilnisvet.com/mobilni-komentari/blm/Honor/Magic5-Lite/13,Honor,Honor Magic5 Lite,Srki,2023-07-28 13:09:00,"Djole imam jedno pitanje, kupio sam ovaj tel pre par Dana i radi odliv o ali mu boje nisu uredu neznam sta nije ok i kako da popravim to jel postoji nesto hvala",8,"Dužina (>=15 reči), Suprotni veznici, Negacija, Motiv kupovine"
111,https://mobilnisvet.com/mobilni-komentari/8055/Apple/iPhone-12/2,Apple,Apple iPhone 12,Caci,2024-01-31 16:58:00,Dal se isplati i vredi dati tip top Google pixel 6 za Iphone 12,0,
112,https://mobilnisvet.com/mobilni-komentari/qy8/Xiaomi/15-12GB-256GB-2x-SIM/6,Xiaomi,Xiaomi 15,Zoki,2025-04-15 14:58:00,"Telefon cista 10,mozda najbolji xiaomi i android telefon ikada,samsung vise nikad",0,
113,https://mobilnisvet.com/mobilni-komentari/khb/Samsung/Galaxy-S23/7,Samsung,Samsung Galaxy S23,Aleksandar,2024-12-02 10:37:00,Danas je stiglo novo bezbednosno azuriranje na s23.,0,
114,https://mobilnisvet.com/mobilni-komentari/8389/Xiaomi/Redmi-Note-10-Pro/28,Xiaomi,Xiaomi Redmi Note 10 Pro,Nenad,2021-08-28 06:56:00,Desava li se kome da mu zamrzne ekran i zelene linije po njemu??,0,
115,https://mobilnisvet.com/mobilni-komentari/44nql/Apple/iPhone-14/5,Apple,Apple iPhone 14,Andej,2022-11-14 16:36:00,"Da li je ko prešao sa IP13 na IP14 / obični ? Iskustva, utisci, bilo kakav feedback ?",2,Dužina (>=15 reči)
116,https://mobilnisvet.com/mobilni/8152/Samsung/Galaxy-A12-Dual-SIM,Samsung,Samsung Galaxy A12,Rade,2022-12-23 08:27:00,Inam tel.A 12 6giga ram 128mg.,0,
117,https://mobilnisvet.com/mobilni-komentari/7179/Apple/iPhone-11-64GB/20,Apple,Apple iPhone 11,Goran,2021-02-08 13:34:00,Da li je bolje uzeti 11 pro ili obican 11,0,
118,https://mobilnisvet.com/mobilni-komentari/8389/Xiaomi/Redmi-Note-10-Pro/21,Xiaomi,Xiaomi Redmi Note 10 Pro,Alex,2022-01-29 15:13:00,Jel realno da baterija od 5020 ne izdrzi ni ceo dan!?,2,Negacija
119,https://mobilnisvet.com/mobilni/js0/Samsung/Galaxy-A54-8GB-256GB-Dual-SIM,Samsung,Samsung Galaxy A54,Dejan,2026-01-22 19:41:00,"koliko ovaj model moze da radi jos kako treba? Nije da imam nekih problema ali je vec 2 god kod mene pa bi menjao....ali koliko sam istrazivao retki su modeli pa cak i premijum koji imaju ovakvu selfi kameru...uzeo sam Edge 70,kao selfi kamera 50MP al nije ni blizu ove od 32MP,a ni prednja ne moze da pridje A54...a cini mi se da mi S varijante nisu bolje...neka se javi neko ko je IMAO ovaj fon pa uzeo neki Samsung posle da ima bolju ili istu kameru a da nije neka Ultra...",10,"Dužina (>=15 reči), Suprotni veznici, Negacija, Specifikacija, Motiv kupovine"
120,https://mobilnisvet.com/mobilni-komentari/6714/Huawei/Honor-10-Lite-4GB-64GB/2,Huawei,Huawei Honor 10 Lite,Huawei korisnik.,2019-08-08 16:55:00,"Telefon koristim vec 6 meseci, i moram da kažem da je stvarno specifičan i odličan. Kamera je perfektna, dobra je i zadnja, ali je jos bolja prednja od 24MP. Otisak prsta radi brzo, tu je i opcija prepoznavanja lica koja  je isto brza. Veličina je super, meni odgovara. Brzina otvaranja aplikacija je isto brza, kao i rad zahtevnijih igrica  kao PUBGa. Memorija od 3 GB rama i 32GB interne memorije je sasvim dovoljna, ali kada sam ubacio memorijsku karticu od 4GB i od 16GB nije htelo da očita, razlog mi nije poznat. Baterija traje dugo. Zvučnik je dosta jak. Huawei honor 10 lite sadrži mnogobrojne opcije, i pruža razlicite mogućnosti korisniku. Jedina mana koju bih izdvojio je ta da je ekran preterano osetljiv. Imao sam jaku masku, imao sam zaštitno staklo, i pored svega toga pri trčanju mi je ispao iz džepa, pao na beton, udario u lajsnu i polomio se, nije mu pomoglo ni staklo ni maska... Trazio sam na netu koliko kosta popravka i rekli su mi da je oko 60 evra, i da na Huawei honor 10 lite ne moze da se menja samo lcd ekran, vec mora i lcd ekran i touch screen zajedno i to je oko 60 evra.",9,"Dužina (>=15 reči), Suprotni veznici, Negacija, Specifikacija"
121,https://mobilnisvet.com/mobilni-komentari/8007/Samsung/Galaxy-S20-FE/8,Samsung,Samsung Galaxy S20 FE,Marko,2021-02-08 22:00:00,Vidim da neki prodaju sa snapdragonom ovaj model.,0,
122,https://mobilnisvet.com/mobilni-komentari/8389/Xiaomi/Redmi-Note-10-Pro/9,Xiaomi,Xiaomi Redmi Note 10 Pro,Perica,2022-12-12 15:04:00,"Tel je fantastican za novac koji dajete za njega. Ekran vrh,120hz a osvetljenje 1200 nita,to se najbolje videlo kad koristis HDR na Youtube klipovima koji to podrzavaju,posle njega kupih A52s, zatim REALME GT i takav ekran nisam imao na HDR klipovima. Izrada super,punjenje brzo,baterija drzi dugo, kamera je super i glavna i selfi u svim uslovima.Video dobro stabilizovan na 1080p,snima 4k ali bez stabilizacije,to je zbog malo slabijeg procesora. Mali nedostatak je relativno slabiji procesor 730g,ali to je subjektivna stvar. Zvucnici super,ima 3.5 mm . Kupio ga za 270e,prodao posle 8 meseci za 210e. Jedina moja greska sto ga prodah....:(",10,"Dužina (>=15 reči), Suprotni veznici, Negacija, Specifikacija, Motiv kupovine"
123,https://mobilnisvet.com/mobilni-komentari/9955/Honor/70/16,Honor,Honor 70,Aleksandar,2023-01-21 23:08:00,Izgubio Sam original an punjac I uzeo Sam neki huawei isto 66w pise mi super charge kad se puni Ali nesto sporije puni I ne pokazuje mi zapetu tj zarez Za procente na lock screen-u... Jel moze neko da mi kaze ako ima iskustva da li je to do podesavanje ili je nekompatibilan punjac?,10,"Dužina (>=15 reči), Suprotni veznici, Negacija, Specifikacija, Motiv kupovine"
124,https://mobilnisvet.com/mobilni/1yq/Honor/Magic7-Lite-8GB-512GB-1x-SIM-1x-eSIM,Honor,Honor Magic7 Lite,nikotech,2026-04-22 13:50:00,"Telefon sam kupio pre 10 meseci, posle zadnjeg update-a radi savršeno,zauzima manje rama u odnosu na MAGIC OS 9,fluidan rad, bez bagova.Po meni i dalje najlepši telefon srednje klase i najbolja kupovina.Čekam Magic 9 lite u slučaju da nema zakrivljen ekran koji pravi ogromnu razliku ne menjam ovaj.",5,"Dužina (>=15 reči), Negacija, Motiv kupovine"
125,https://mobilnisvet.com/mobilni/8498/Xiaomi/Mi-11i-256GB,Xiaomi,Xiaomi Mi 11i,Miloš,2021-12-24 23:08:00,Ovaj fon ima ili nema NFC za beskontaktno plaćanje?,2,Negacija
126,https://mobilnisvet.com/mobilni/m3c/Samsung/Galaxy-A24-4G-8GB-128GB-1x-SIM,Samsung,Samsung Galaxy A24 4G,Mare,2023-12-27 07:11:00,"Posedujem ovaj telefon od 6gb već 2 meseca. Po meni veliki minusi su: presirok je i bas loše leži u ruci, ni posle 2 meseca se nisam navikao. Nemam male šake. Drugi minus je kamera. Kvalitet slika je dobar ali boje su prezasicene i nerealne. Svi kažu da je takav Samsung. Meni je ovo prvi samsung telefon pa ne znam da li je tako i kod drugih. Svi telefoni pre su bili honor, i po meni su mnogo bolje fotke na njima što se tiče boja i balansa belog.",11,"Dužina (>=15 reči), Suprotni veznici, Negacija, Specifikacija, Sleng"
127,https://mobilnisvet.com/mobilni-komentari/9955/Honor/70/6,Honor,Honor 70,Pomoć,2023-09-14 19:04:00,"Kupio sam honor 70 pre 15-tak dana.. imam osećaj kao da kamera nije nešto.. Danas skinem program Device Info, I tamo je sve manje više ok, ali kod kamere mi pokazuje 13MP (4096x3072) zadnja i 8MP (3264x2448) prednja kamera?! Šta mi je činiti? :)",10,"Dužina (>=15 reči), Suprotni veznici, Negacija, Specifikacija, Motiv kupovine"
128,https://mobilnisvet.com/mobilni-komentari/9573/Samsung/Galaxy-S21-FE-5G/17,Samsung,Samsung Galaxy S21 FE 5G,Zeljko,2022-08-18 17:32:00,"Drugari,kupio ga i mislim da sam se zeznuo,ipak je p30 za mene u nekim stvarima bolji,jos sam odradio i novo azuriranje,fluidan jeste ,mada mi se čini da ne otvara nista bolje od p30 pro,mozda u nekim segmentima,kamera i video mislim da su bolji,zvuk isto,e sad,greje se tel ,to je definitivno mana i sporo se puni( u odnosu na p30 pro( punio sam ga punjačem od 40w,mozda je trebalo orginalnim punjačem),mislim da je ovo punjenje od 25 w sramno za ovo doba.Malo ću probati da se naviknem neko vreme,ako ne ide na prodaju.Dali moze neki savet ,jer mnogi ga imaju vise od mene,kako sprečiti i ublažiti zagrevanje i kako da se najbolje izvuče maksimum iz baterije",10,"Dužina (>=15 reči), Suprotni veznici, Negacija, Specifikacija, Motiv kupovine"
129,https://mobilnisvet.com/mobilni-komentari/khb/Samsung/Galaxy-S23/11,Samsung,Samsung Galaxy S23,Shomi,2024-06-14 00:01:00,"Kupio sam s23 8/256 utisci su predobri i ako ne koristim sve što ima telefon,vrhunski je stvarno,baterija mi traje komotno 1dan i kusur i ako se bojim jer prvi dan koriscenja potrosi 40% sutradan kao da mu baterija bude duza za trosenje i ako ja koristim kao prvi dan kad je bio 100%,kamere obe predobre i najbtinije je da se telefon ne pregrejava. Razmisljao sam izmedju iphone 14 pro i s23 i nisam se pokajao,kompaktan je za ruku i  sto se tice memorije 256gb dobija se 251gb,tako da se ne gubi mnogo. Sve u svemu velika preporuka jer telefon je vrh,dugo sam se razmisljao i krivo mi je sto odma nisam uzeo ovaj telefon.",7,"Dužina (>=15 reči), Negacija, Specifikacija, Motiv kupovine"
130,https://mobilnisvet.com/mobilni-komentari/x9p/Samsung/Galaxy-S23+/2,Samsung,Samsung Galaxy S23+,Deki bg,2024-03-29 03:43:00,Juce mi stigla One Ul verzija 6.1,0,
131,https://mobilnisvet.com/mobilni-komentari/mgt/Samsung/Galaxy-A54/11,Samsung,Samsung Galaxy A54,...,2023-12-16 19:10:00,"A54 uzet u A1 made in India model nema nijedan problem, niti se greje niti koci niti je baterija slaba. Odlican, vrh i stabilan.",4,"Dužina (>=15 reči), Negacija"
132,https://mobilnisvet.com/mobilni/sg3/Samsung/Galaxy-A35-8GB-256GB-2x-SIM,Samsung,Samsung Galaxy A35,Dejan,2026-02-12 15:14:00,Da li se nekom desava s vremena na vreme da kad ga zovu da im stalno izbija kao da ste zauzeti a niste i imate normalan signal? Ja tada ugasim pa upalim telefon i onda me ljudi mogu ponovo dobiti. Poruke o propustenim pozivima ne dobijam za to vreme.,4,"Dužina (>=15 reči), Negacija"
133,https://mobilnisvet.com/mobilni/m3c/Samsung/Galaxy-A24-4G-8GB-128GB-1x-SIM,Samsung,Samsung Galaxy A24 4G,Neko,2024-01-28 16:58:00,A recimo 15 da li bi on imao nadogradnju za koji bi se odlucio,0,
134,https://mobilnisvet.com/mobilni-komentari/8013/Samsung/Galaxy-S20-FE-5G/2,Samsung,Samsung Galaxy S20 FE 5G,Nikola,2021-12-11 18:37:00,"Ljudi, da li neko zna da li je ovaj model - G781B/DS 5G i sa Snapdragon procesorom? Vidim da se prodaje po oglasima...",2,Dužina (>=15 reči)
135,https://mobilnisvet.com/mobilni-komentari/8389/Xiaomi/Redmi-Note-10-Pro/23,Xiaomi,Xiaomi Redmi Note 10 Pro,Čiča Draža,2021-12-08 21:30:00,Pazite samo da vam vaćaroši sa oglasa ne uvale verzije za indijsko i kinesko tržište bez nfc sa kamerom 64 MPix a o softveru da i ne govorimo pa posle na mobilni svet kuku lele nja nja krš od telefona jer ste hteli da uštedite par eur.,4,"Dužina (>=15 reči), Negacija"
136,https://mobilnisvet.com/mobilni-komentari/9260/Apple/iPhone-13/12,Apple,Apple iPhone 13,Stefan,2022-10-14 08:05:00,"Pozdrav. Uzeo sam Iphone 13, ali naravno iz njega ne ide punjač. Da li ću štetiti bateriji ako ga napunim dva, tri puta sa Sonijevim punjačem, dok ne stigne original? Output struja je 5V, 1500mAh. Hvala unapred.",10,"Dužina (>=15 reči), Suprotni veznici, Negacija, Specifikacija, Motiv kupovine"
137,https://mobilnisvet.com/mobilni-komentari/9293/Xiaomi/11T-Pro/5,Xiaomi,Xiaomi 11T Pro,Nikola,2021-11-30 18:39:00,"Hteo sam da vas pitam, koliko se vama dugo puni telefon? Meni duplo sporije od predviđenih fabričkih 20-tak minuta. Prosečno mi se puni oko 40 minuta. Mislim, nije ni to loše al toliko pune punjači od 67 W a ova cigla je od 120 W.",11,"Dužina (>=15 reči), Suprotni veznici, Negacija, Specifikacija, Sleng"
138,https://mobilnisvet.com/mobilni/flw/Honor/90-Lite-4GB-256GB-2x-SIM,Honor,Honor 90 Lite,Jole,2024-08-28 15:54:00,"Meni je telefon super. Jedino što neće brzo punjenje, probao sam punjačima od redmi note 12 33w i od motorole g32, al ništa, a znam da redmi i motorolu pune za pola sata.  Ne smeta mi, ali ako neko ima neki savet... Sve ostalo, moja preporuka",9,"Dužina (>=15 reči), Suprotni veznici, Negacija, Specifikacija"
139,https://mobilnisvet.com/mobilni-komentari/9654/Samsung/Galaxy-S22-Ultra-5G/12,Samsung,Samsung Galaxy S22 Ultra 5G,Dejan,2022-04-03 09:11:00,"Ovako, nisam hteo pisati dok ne isprobam telefon nedelju dana. S22 ultra 128 gb. Bio sam vlasnik s21 ultra pre toga ,pa se vratio na s21+ zbog macro slikanja. Utisci su pozitivni, telefon stvarno ubija u svakom pogledu. Da se razumemo, normalnom korisniku je best buy s21 ultra. Na S22 ultra je nekako sve te tecnije. Bolje spakovano. Liči mi na note 10+ ali je sve dosta bolje. Bateriju nisam preopterecivao igricama, uglavnom surfovanje i malo razgovora. Traje 24 h bez problema. Ne greje se u normalnom korišćenju. Ekran je odlican. Desilo se dva puta za zakoči, to je zbog pokretnog wallpapera kako sam primetio. Stavio sam običnu sliku kao pozadinu i sad je sve ok. Nema ispadanja sa mreže kako neki pisu. Model je exinos EU varijanta. O kameri neću ni pisati, ovo je za sad najbolje što sam koristio od kamere telefona. Eto ako je nekom pomoglo za kupovinu, toliko od mene.",10,"Dužina (>=15 reči), Suprotni veznici, Negacija, Specifikacija, Motiv kupovine"
140,https://mobilnisvet.com/mobilni-komentari/87w/Honor/400-Pro-12GB-256GB-1x-SIM-1x-eSIM/10,Honor,Honor 400 Pro,Kamere,2025-08-14 16:56:00,"Uporedio sam kamere honor 400pro telefona sa s25ultra i iphone 16pro max i evo sta mi je izbacio ChatGPT. 1. Glavna kamera (200 MP): Ocena Honor 400 Pro: 8.5/10 (Vrhunski kvalitet, ali flagship modeli i dalje imaju prednost u nijansama i softverskoj optimizaciji.). 2. Telefoto kamera (50 MP): Ocena Honor 400 Pro: 9/10 (Po kvalitetu, u rangu sa najboljima za standardni zum. Gubljenje poena je samo zbog nedostatka većeg optičkog zuma, što je specifično za super-flagship telefone.). 3. Ultraširoka kamera (12 MP):Ocena Honor 400 Pro: 6/10 (Primjetno zaostaje za najskupljim modelima.). 4. Selfi kamera (50 MP): Honor 400 Pro: Sa 50 MP, ova kamera je izuzetna. Selfiji su oštri, sa mnogo detalja. U poređenju sa flagship modelima, nudi sličan kvalitet, mada se u nekim uslovima može primetiti da softverska obrada nije na istom nivou kao kod Apple-a ili Samsunga.Ocena Honor 400 Pro: 8/10 (Odlična, veoma blizu najboljima.).",10,"Dužina (>=15 reči), Suprotni veznici, Negacija, Specifikacija, Motiv kupovine"
141,https://mobilnisvet.com/mobilni/blm/Honor/Magic5-Lite,Honor,Honor Magic5 Lite,Miral,2025-01-08 22:43:00,"Koristim telefon mesec dana i utisci su uglavnom dobri, baterija dosta dobra uz normalno koriscenje moze 2 dana, amoled ekran odlican i pri jakom osvetljenu, zvuk solidan jer ipak nije stereo ali je ok, telefon je 5G sto je jos jedan plus jos ako je verzija 8/256 GB telefon za prosecnog korisnika vise nego dobar. Nisam primetio nikakav bag, telefon radi fluidno, brzo bez ikakvih mana. Uz dobar punjac jako se brzo puni, wifi konekcija stabilna. Senzor otiska na visokom nivou, brz i radi bez greske. Telefon lepo lezi u ruci, modernog izgleda i deluje skuplje nego sto jeste. Mane bi bile kamera koja verovatno zbog procesora i nema tu konacnu obradu slike, posebno u nocnom rezimu isto tako nedostatak 4k je jedan veliki minus ali opet mislim da je to zbog procesora jer 695 nije procesor koji bi trebao da bude u nekom telefonu iz 2023 godine ali koliko para toliko muzike. Pozz",10,"Dužina (>=15 reči), Suprotni veznici, Negacija, Specifikacija, Motiv kupovine"
142,https://mobilnisvet.com/mobilni-komentari/9573/Samsung/Galaxy-S21-FE-5G/16,Samsung,Samsung Galaxy S21 FE 5G,Mare,2022-09-24 21:29:00,"Evo danas posle tačno 5h SOT, baterija na 36%. Iskreno više nego solidna baterija. Prosek oko 7h SOT, izgura ceo dan laganica, nekad i prelije. Best buy za ove pare.",2,Dužina (>=15 reči)
143,https://mobilnisvet.com/mobilni-komentari/mgt/Samsung/Galaxy-A54/19,Samsung,Samsung Galaxy A54,Masa,2023-08-14 21:09:00,Moze li mi neko reci sta je bolje a54 ili honor 70?,0,
144,https://mobilnisvet.com/mobilni-komentari/6nv/Xiaomi/Redmi-Note-13-Pro+/3,Xiaomi,Xiaomi Redmi Note 13 Pro+,Mila,2025-02-28 15:08:00,Ovaj ili 13 pro? Čija je lepše prednja kamera?,0,
145,https://mobilnisvet.com/mobilni-komentari/blm/Honor/Magic5-Lite/13,Honor,Honor Magic5 Lite,Arsoni,2023-07-20 02:02:00,"Zdravo Djole. Uzeo sam Honor Magic 5 lote 8gb,prvi put nesto da nije Samsung 😂 ne znam ali kamera kada snimam nesto se mnogo brzo krece i kao da zasecka snimak onako trese. Takodje cesto mi upali da je uredjaj dosta vruc i kamera se gasi za 5sec. A u principu nista dugo ga nisam koristio, tipa 10min. Prosli telefon Samsung s10e po 2h i nikada nista. Malo sam se razocarao u telefon 🙄",10,"Dužina (>=15 reči), Suprotni veznici, Negacija, Specifikacija, Motiv kupovine"
146,https://mobilnisvet.com/mobilni/m3c/Samsung/Galaxy-A24-4G-8GB-128GB-1x-SIM,Samsung,Samsung Galaxy A24 4G,Samsumg,2024-09-20 10:26:00,Pozdrav molim jedno pitanje  kako imati imam dva telefona i na oba imam viber e sad ono što mene zanima kad dodam broj na jedan viber on se pojavi i na drugom viberu drugog telefona a kad obrišem sa jednog vibera broj on se izbriše i sa drugoga kako to rešiti da mi viber broj koji dodam na jedan viber da se pojavljuje na drugom viberu zna li iko molim odgovor,2,Dužina (>=15 reči)
147,https://mobilnisvet.com/mobilni-komentari/16p/Samsung/Galaxy-A15/2,Samsung,Samsung Galaxy A15,Aaa,2024-07-21 15:14:00,Zna li neko zasto mi se od jednom baterija puni po 8 casova isti punjac njegov orginal proba sa jos 4 punjaca isto orginal da nije zbog nekog abdejta,5,"Dužina (>=15 reči), Negacija, Motiv kupovine"
148,https://mobilnisvet.com/mobilni-komentari/8013/Samsung/Galaxy-S20-FE-5G/3,Samsung,Samsung Galaxy S20 FE 5G,Baki,2020-09-28 18:53:00,Jel ima neko iskustva sa ovim uređajem?,0,
149,https://mobilnisvet.com/mobilni-komentari/9847/Samsung/Galaxy-A73-5G/2,Samsung,Samsung Galaxy A73 5G,Pera,2023-01-09 21:47:00,"S obzirom da izgleda Samsung ukida A7x seriju,sto znaci da nece biti a74, da li kupiti a73 ili sacekati a54? 🙂",2,Dužina (>=15 reči)
150,https://mobilnisvet.com/mobilni-komentari/l7m/Samsung/Galaxy-S23-Ultra/17,Samsung,Samsung Galaxy S23 Ultra,Boki,2024-03-10 19:05:00,"U poslednje vreme se desava nesto.. model 12/512gb, zauzeto svega 85gb prostora, znaci maltene prazan fon, godinu dana ni da stucne, a sada se par puta u toku dana desi da kad krenem da radim na fonu nesto pocne da secka kao da je namesten na 20 herca ekran a ne na 120. I posle 10ak sekundi drndanja krene normalno sve fluidno...",8,"Dužina (>=15 reči), Negacija, Specifikacija, Sleng"
151,https://mobilnisvet.com/mobilni-komentari/9638/Samsung/Galaxy-S22-5G/2,Samsung,Samsung Galaxy S22 5G,g,2024-08-23 19:10:00,"Kupio telefon u maloprodaji pre malo vise od mesec dana. Vrlo lep, elegantan, vise mi se svidja kamera blok nego recimo odvojena sociva kod s23, ili izleti kod saomija, savrsena velicina za jednu ruku, svugde stane. Kamere iznenadjujuce dobre, jedino na sirokoj malo ispranije i hladnije boje ali dobro. Kvalitet slika tu negde kao iphone 13, iako nisam ocekivao toliko. Video je takodje dobar, kao i zvucnici. Ekran je verovatno najjaca tacka ovog telefona, u svakom mogucem smislu. Jedino baterija jos da je malo bolja... Mislim zavisi kako kome, za stand by je odlicna, za neku uobicajenu upotrebu, skrolovanje, insta, yt i to sasvim ok, ali za igrice je uzas. Ipak moze da mi izdrzi dan kombinovane upotrebe, pri tome ne gasim 120hz. Sve u svemu, veoma dobra investicija za 400e, brise pod sa a serijom u svemu osim u bateriji, tako da ko nije alergican na exynos i zeli manji telefon nece se pokajati sa ovom spravicom.",10,"Dužina (>=15 reči), Suprotni veznici, Negacija, Specifikacija, Motiv kupovine"
152,https://mobilnisvet.com/mobilni-komentari/7651/Apple/iPhone-SE-(2020)/15,Apple,Apple iPhone SE (2020),S,2020-05-08 11:49:00,"Jel moze neko da napise iskustva sa baterijom i punjenjem ovog telefona posto vidim da je to najveca mana. I da li se desava posle odredjenog vremena uopste na iphonu( npr 8 posto je najslicniji) da se iskljucuje uvek sa 20,30% baterije kao kod nekih androida koji imaju  duplo vise mAh od ovog modela. Hvala",2,Dužina (>=15 reči)
153,https://mobilnisvet.com/mobilni-komentari/8227/Samsung/Galaxy-S21-5G/2,Samsung,Samsung Galaxy S21 5G,Milomir,2023-02-10 08:01:00,"Uzeo sam iphone 11 star 3god sa 84% battery healta cisto iz zezanja. I mogu slobodno reci da mu je baterija, kamera i samo grejanje telefona za razliku od s21 koji sam koristio i jos uvek ga koristim, fenomenalni. Dali je moguce da stari iphone 11 toliko bolje rade nego s21? Ok ima malih sitnica koje su malo komlikovane, ali iskreno te sitnice nisam ni na S21 nesto stalno koristio! Veoma velika zelja za promenu na Iphone. Nisam verovao kada su pričali da Iphone radi i posle par godina isto kao i prvog dana. Koristim ga 3dana i baterija mu izvuce SOT na 6sati sok na S21 izmedju 3-4,5. A mogu misliti koliko bi bilo kada bi mu batt bila na 100% helta! Razumem ja da S21 ima bolji ekran i veci ppi, ali i ovaj nije toliko los kako stoji na papiru. Sve se isto vidi, cak mozda i prijatnije zato sto nema jake boje! Igranje igrice Call off D. Telefon posle 30min ladan kao Led, dok s21 posle 10min vreo i krece da secka, kao usporeni snimak.  Kamera vrhunska, baterija extra, chip i perfomanse savrsene. Sve ostalo je manje vise slicno! I to sto ios nema, to se retko i koristi na Androidu! Nisam verovao dok nisam probao. Pozz",10,"Dužina (>=15 reči), Suprotni veznici, Negacija, Sleng, Motiv kupovine"
154,https://mobilnisvet.com/mobilni-komentari/9288/Xiaomi/11-Lite-5G-NE/3,Xiaomi,Xiaomi 11 Lite 5G NE,X,2022-07-21 18:17:00,"Odlican fon. Za ovih 2 dana koliko ga koristim sve je kako treba. Senzor blizine radi uglavnom dobro, kamera je solidna za ovu klasu, izrazena je expozicija, a dinamicki raspon nije bas dobar. Rad samog telefona je fluidan, uglavnom brzo reaguje na zadato, bez puno razmisljanja. Amoled je dobar, svetao, sa izrazenim kontrastom i bojama. Osvetljenje drzim na 60-70%, a na suncu se i tako vidi sasvim solidno. Posebno cenim mali okvir oko ekrana, a 90hz radi posao bez mikrolagova tokom skrolovanja. Ugasio sam MIUI optimizaciju, pa Always On radi duze od 10 sek. Ugasi se jedino kada se ne koristi neko vreme, ali se upali kada se dodirne ekran. Baterija nije losa, moze da izgura dan-dan i po, meni ne izdrzi jedan ceo dan jer stalnom cackam nesto + igrice itd. Uostalom, pravi sud o bateriji realno je dati nakon 7-10 dana od pocetka upotrebe, tako da je jos rano zakljuciti, ali za sada obecava. Brzo se dopuni, a prazna baterija se napuni za manje od 1h. Dizajn je lep i elegantan. Moj model je crne boje, 8/128. MIUI 12.5.5 Ima azuriranje na noviju verziju, ali trenutno ne planiram update jer ovako radi sve kako treba, cak i virtuelni proxy ne pravi tolike probleme kao sto su neki pisali. Od igrica COD, Asfalt 9 rade bez problema. I Genshin radi bez dropanja, sve je ok. Za sada sam zadovoljan, nadam se da ce i ostati tako.",9,"Dužina (>=15 reči), Suprotni veznici, Negacija, Specifikacija"
155,https://mobilnisvet.com/mobilni-komentari/7651/Apple/iPhone-SE-(2020)/15,Apple,Apple iPhone SE (2020),Kalca,2020-05-22 18:12:00,Da li moze da slika u 16:9 formatu kao ip.11?,0,
156,https://mobilnisvet.com/mobilni/jtv/Xiaomi/Redmi-Note-14-5G-(China)-8GB-256GB-2x-SIM,Xiaomi,Xiaomi Redmi Note 14 5G (China),Admir,2025-07-30 23:41:00,"Smeće od telefona, izbegavati",2,Sleng
157,https://mobilnisvet.com/mobilni/4pr6v/Xiaomi/13-12GB-256GB,Xiaomi,Xiaomi 13,Marko,2025-07-17 21:38:00,Da li se isplati sada uzeti polovan star 2 god ali savrseno ocuvan za 300€?,5,"Dužina (>=15 reči), Suprotni veznici"
158,https://mobilnisvet.com/mobilni/8364/Samsung/Galaxy-A32-Dual-SIM,Samsung,Samsung Galaxy A32,Milan,2022-12-04 22:44:00,"Ovaj model cesto mesaju sa A32 5G, ali je 4G model daleko bolji. Imam mob oko 4 meseca i do sada nije bilo problema. Baterija drzi solidno, pa cak i da ste prilicno zahtevan korisnik izgurace jedan dan upotrebe. Samsung je od uvek bio moj favorit i zbog toga sto sam mob dolazi bez gomile preinstaliranih i cesto bespotrebnih aplikacija. Zvuk tokom razgovor je odlican jer sam uredjaj ima opciju da izostri zvuk i ukloni sumove iz pozadine. Kamera je odlicna po dnevnom svetlu, posebno je dobar fokus, panorama je solidna ali za takve slike ipak treba pricati o profi fotoaparatima. Nocne slike su solidne ali sve zavisi od jacine vestackog osvetljenja, sam blic nije uvek dovoljan, mada ovo vazi i za mob od 100 i od 1100 evra. Displej je pregledan, osvezavanje od 90Hz radi posao i nisam primetio da mi nesto preterano vise trosi bateriju od 60Hz. Naravno Samsung u podesavanjima ima dosta parametara koje mozete iskljuciti/ukljuciti po potrebi i koji uticu na kvalitet ekrana i samim tim na trajanje baterija. Super Amoled ekran zaista opravdava svoje ime i svoj prefiks super jer boje su zive, jasne i sam displej odaje utisak nekog znatno skupljeg telefona. Ostale aplikacije su odlicne, neke morate skinuti sa Play prodavnice, popute Samsung Music, ali svaka radi svoj posao savrseno. Za 4 meseca nije bilo ni jednog baga, restovanja, gasenja i slicnih problema. Sama aplikacija Samsung Musci ima dosta opcija koje ce se sigurno svideti ljubiteljima muzike.",10,"Dužina (>=15 reči), Suprotni veznici, Negacija, Specifikacija, Motiv kupovine"
159,https://mobilnisvet.com/mobilni-komentari/9260/Apple/iPhone-13/13,Apple,Apple iPhone 13,Zdravko,2022-07-19 11:09:00,"Uzeo sam ovo smeće od telefona pre 11 dana, 3x mi se u poslednja 4 dana ugasio sam od sebe u toku korišćenja, baterija svaki put bila preko 50% (jednom dok sam pisao poruku, drugi put u toku poziva i treći put kada sam ga otključao da vidim propuštene pozive). Odneo sam ga na reklamaciju... iPhone 11 koji sam imao pre ovoga nikada mi to nije uradio... Čim ga vrate iz servisa, ide na oglase i kupujem 11 pro max.",10,"Dužina (>=15 reči), Suprotni veznici, Negacija, Sleng, Motiv kupovine"
160,https://mobilnisvet.com/mobilni-komentari/6nv/Xiaomi/Redmi-Note-13-Pro+/12,Xiaomi,Xiaomi Redmi Note 13 Pro+,Sofronije,2024-02-11 01:43:00,"Citam komentare i ne shvatam ljude. Hoce ovaj telefon za 300e. Pogotovo mi zanimljivo od ljudi koji nemaju ovaj telefon i govore kako ne vredi 500e. Imate za 300e redmi obican, kupite i teraj dalje ,ali nemojte drugima koji mozda zele ovaj telefon da govorite kako ne vredi te pare. Kupi probaj pa pljuj, posteno. Sad ,nek mi neko navede jedan telefon koji nudi sve ovo za 300 e kao sto ljudi ocekuju. PONAVLJAM, ne radim za caomi i boli me briga koji cete telefon kupiti, ali dajte malo realnost, sve u Srbiji poskupelo duplo a vi bi telefon sa 12g rama, ip 68, victus zastita ,120w punjenje, 1800nita, metalnim ramom i jos sto gluposti za 300e.....smejurija. Jedino logicno mi da ovde dolaze ovi sto imaju samsung koji su preplatili zbog imena brenda da pljuju ovo. Svako dobro....",10,"Dužina (>=15 reči), Suprotni veznici, Negacija, Specifikacija, Motiv kupovine"
161,https://mobilnisvet.com/mobilni-komentari/fbd/Honor/X8a/3,Honor,Honor X8a,Miki,2023-06-25 09:56:00,Da li treba ostaviti upalje tj koristiti smart punjenje ili ga ugasiti i da li ovaj telefon ima opciju always on display?,2,Dužina (>=15 reči)
162,https://mobilnisvet.com/mobilni-komentari/8389/Xiaomi/Redmi-Note-10-Pro/31,Xiaomi,Xiaomi Redmi Note 10 Pro,Filip,2021-07-30 07:10:00,Ja bih ovaj telefon kupio za neki tip budžet gejminga da li je ovaj telefon solidan za to ili da razmatram neki skuplji model,3,"Dužina (>=15 reči), Motiv kupovine"
163,https://mobilnisvet.com/mobilni/ngy/Xiaomi/13T-12GB,Xiaomi,Xiaomi 13T,Ник,2025-10-12 01:03:00,"Da li još neko ima problem sa brzinom vajrlesa kada se poveže na blutut slušalice, u smislu da Jutjub koči? Video sam na forumima da je problem u vajfaju i blututu koji rade na 2.4 ghz pa ometaju jedan drugog. Ne mogu da verujem da to tako ,,funkcioniše"" i da je jedino rešenje da se ruter podesi na 5 ghz, naravno ako postoji mogućnost",4,"Dužina (>=15 reči), Negacija"
164,https://mobilnisvet.com/mobilni/8248/Samsung/Galaxy-A32-5G,Samsung,Samsung Galaxy A32 5G,Đole,2023-01-24 05:02:00,"Nikad nisam voleo Samsung marku. Činila mi se izvikans. Sve dok nisam popustio i kupio A325g. Telefon je sjajan. Odlična baterija, imam punjač od 18w napuni ga za pola sata. Jedina mana RAM, ali nije strašna. Imam verziju od 128gb. Prelepo izgleda, ja sam kupio beli, sivkasto beli. Preporuke. Ima phone clone, tako da imam par duplih aplikacija",10,"Dužina (>=15 reči), Suprotni veznici, Negacija, Specifikacija, Motiv kupovine"
165,https://mobilnisvet.com/mobilni/9142/Samsung/Galaxy-Z-Flip3-5G-256GB,Samsung,Samsung Galaxy Z Flip3 5G,Tadija,2024-01-21 22:18:00,Da li kupiti ovaj ili s21fe,0,
166,https://mobilnisvet.com/mobilni-komentari/dd4/Honor/Magic6-Lite/6,Honor,Honor Magic6 Lite,Bojan,2024-07-18 13:55:00,"Koristim punjac od samsunga 45w za magic 6 lite bez problema ima brzo punjenje od 2% do 100% napuni mi za tacno 42 minuta,usb kabal koristim LDNIO sve u svemu savrsen telefon za mali novac,pre njega sam koristio A52s 5G 3 i po godine,prezadovoljan sam interfejsom,softverom i hardverom,takodje i kamerom,na dnevnom svetlu pravi fantazija fotke,na nocnom je potrebna bas mirna ruka,za video sam takodje prezadovoljan iako drugi govore uzas,samo mirna ruka i ispadne video top,normalno je da se telefon zagreva ja sam konstantno na tik toku,zato je baterija top drzi mi od jutra do mraka na tik toku,sve u svemu prezadovoljan,zvuk takodje glasan jako nije stereo ali sluzi svrsi,ekran odlicna vidljivost i na ovom jakom suncu. Sve pohvale za Honor Magic 6 lite topla preporuka svima za ovaj smesni novac,moj je Orange boja prelep je. ❤️",11,"Dužina (>=15 reči), Suprotni veznici, Negacija, Specifikacija, Sleng"
167,https://mobilnisvet.com/mobilni-komentari/l7m/Samsung/Galaxy-S23-Ultra/5,Samsung,Samsung Galaxy S23 Ultra,Nex,2025-05-04 14:29:00,Koja je razlika izmedju S23 ulta od 8gb ram memorije i 12 gb rama?ima li nekakvih razlika u koriscenju ili bilo cemu?ako neko zna neka odg,4,"Dužina (>=15 reči), Specifikacija"
168,https://mobilnisvet.com/mobilni-komentari/7598/Huawei/P40-Pro/8,Huawei,Huawei P40 Pro,Nisde,2021-01-13 22:56:00,"Evo ovako. Uzeo sam p40pro pre nedjelju dana, pre njega sam imao p30pro i p20pro. Iskreno ko ima p30pro nebi trebalo da prelazi na p40pro. Jeste malo bolji ali nedovoljno. Baterija nije loša, ali je na p30pro bolja. Kamera je zlo dobra, ne znam iskreno dali postoji bolja na tržištu od ove. Ekran je odličan i 90hz odlično radi posao. Što se tiče aplikacija, skoro sve radi ali za neke stvari morate mnogo da se pomučite. Pre neki dan nisam mogao da update~tujem Real Racing 3, pa sam morao da bauljam po netu za nekim rešenjem. I što se tiče izgleda iskreno mi je ružnjikav.",10,"Dužina (>=15 reči), Suprotni veznici, Negacija, Specifikacija, Motiv kupovine"
169,https://mobilnisvet.com/mobilni/9571/Xiaomi/12-Pro-256GB,Xiaomi,Xiaomi 12 Pro,Mare,2023-09-10 19:33:00,Xiaomi 12 pro ili Samsung S21 Ultra?,0,
170,https://mobilnisvet.com/mobilni/nxqsb/Xiaomi/Redmi-Note-12-Pro-8GB,Xiaomi,Xiaomi Redmi Note 12 Pro,Aleksa,2025-05-05 16:24:00,Vidim pisete u komentarima da vam je stigao hyper os 2.0 kod mene jos stoji 1.0.18.0 i zakrpa je 1.4.2025 tako da nista od hypera 2.0. Sad mi je vec i svejedno nemora ni stizati.,2,Dužina (>=15 reči)
171,https://mobilnisvet.com/mobilni-komentari/7179/Apple/iPhone-11-64GB/9,Apple,Apple iPhone 11,Uros,2022-08-10 22:54:00,"Razmišljam se izmedju iphone 11 i SE 2022. Šta je bolje uzeti,nisam zahtevan koristik.",0,
172,https://mobilnisvet.com/mobilni-komentari/9955/Honor/70/10,Honor,Honor 70,Stefan,2023-05-31 12:59:00,"Kao i prethodni Honor i ovaj je daleko ispred konkurencije u ovom cenovnom rangu. Sistem, bez greške fluidan, ekran savršen, baterija traje nekoliko dana sa intezivnim korišćenjem lagano. Jedina mana je možda što kamere prave takvu izbočinu da kad se stavi na ledja ne stoji ravno,  ako to uopšte može da bude mana.",4,"Dužina (>=15 reči), Negacija"
173,https://mobilnisvet.com/mobilni/kvj/Samsung/Galaxy-S25-FE-8GB-512GB-1x-SIM-1x-eSIM,Samsung,Samsung Galaxy S25 FE,Mili,2026-07-16 23:14:00,"Imam telefon od marta mesece.Telefon je odličan u svakom pogledu.Brz,fluidan,stabilan,baterija dobra.",0,
174,https://mobilnisvet.com/mobilni-komentari/6nv/Xiaomi/Redmi-Note-13-Pro+/12,Xiaomi,Xiaomi Redmi Note 13 Pro+,Nebojša,2024-01-31 00:00:00,DXomark test,0,
175,https://mobilnisvet.com/mobilni/mhj/Xiaomi/14-12GB-512GB-2x-SIM,Xiaomi,Xiaomi 14,A,2025-06-10 21:31:00,"Interesuje me za Xiaomi Redmi Note 14 pro, da li je kvalitetna kamera? Trenutno imam Xiaomi Poco X3 NFC, gde je ultrawide 13 MP, dok je na modelu 14 pro ta kamera 8 MP. Naravno, wide kamera je na 14 pro znatno bolja, ali ne znam koliko je ultrawide bitna.",9,"Dužina (>=15 reči), Suprotni veznici, Negacija, Specifikacija"
176,https://mobilnisvet.com/mobilni-komentari/8239/Samsung/Galaxy-S21-Ultra-5G/6,Samsung,Samsung Galaxy S21 Ultra 5G,Galaxy,2022-03-13 10:18:00,Da li uzeti Samsung S21 16/512 Gb ili S22 plus 256 Gb?:),2,Specifikacija
177,https://mobilnisvet.com/mobilni-komentari/9955/Honor/70/10,Honor,Honor 70,Filip,2023-06-01 08:11:00,Fantastičan telefon! Sve preporuke!,0,
178,https://mobilnisvet.com/mobilni-komentari/9293/Xiaomi/11T-Pro/4,Xiaomi,Xiaomi 11T Pro,Bax,2022-10-22 21:06:00,"Vrhunski Telefon, daje bas dosta za novac,baterija 2dana,punje je 15minuta,iphone 12 mi se puni 2 Sara,jedina mana stop je cigla",4,"Dužina (>=15 reči), Sleng"
179,https://mobilnisvet.com/mobilni/8057/Apple/iPhone-12-256GB,Apple,Apple iPhone 12,milos markovic,2024-10-20 08:14:00,koliko u novom sadu kosta menjanje baterije najeftinije neki servis HVALAAAAAAA,0,
180,https://mobilnisvet.com/mobilni-komentari/8233/Samsung/Galaxy-S21+-5G/3,Samsung,Samsung Galaxy S21+ 5G,Krile,2022-08-11 17:40:00,"Sta izabrati, S21 plus ili iPhone 11 pro max...?",0,
181,https://mobilnisvet.com/mobilni-komentari/9573/Samsung/Galaxy-S21-FE-5G/19,Samsung,Samsung Galaxy S21 FE 5G,B.,2022-06-27 07:01:00,"#miki 02,ako si podesio rutine i iskljucio 120hz moze da traje dan ipo ali cemu onda ovaj tel sve dobro radi ali samsung uvek soalamudi sa baterijom,neko se zali na grejanje kod mene se nije grejao nikada ali igrice neigram",9,"Dužina (>=15 reči), Suprotni veznici, Negacija, Specifikacija"
182,https://mobilnisvet.com/mobilni/qt4/Samsung/Galaxy-A16-5G-8GB-256GB-1x-SIM,Samsung,Samsung Galaxy A16 5G,Pitanje,2025-01-22 15:13:00,Honor X8b 8/256 ili ovaj?,0,
183,https://mobilnisvet.com/mobilni-komentari/9955/Honor/70/9,Honor,Honor 70,Marko,2023-07-07 18:54:00,Pozdrav ljudi uzeo sam ovaj telefon ali da li se nekom čini da youtobe malo secka nije glatko kao na ostalim aplikacijama imam premijum YouTube?,10,"Dužina (>=15 reči), Suprotni veznici, Negacija, Sleng, Motiv kupovine"
184,https://mobilnisvet.com/mobilni/9838/Samsung/Galaxy-A33-5G-Dual-SIM,Samsung,Samsung Galaxy A33 5G,Bojana,2023-05-12 09:11:00,"Dobar dan, kupila sam ovaj A33, pre tri dana, užasan telefon, glup, spor, hoću da ga vratim, pa čitam ove komentare i pitam se u čemu je stvar... Platila sam ga, sa punjačem, 38.000 što je po meni mnogo para. Imam Huawei star pet godina koji mi je padao i po stenama na plaži, i taj moj stari telefon, koji polako crkava, bolje i brže radi, otvara stranice, očitava fotke i slično od ovog Samsunga. Da li možda ovaj moj konkretni telefon ima neki feler? Već sam ga reklamirala, ali se plašim da će mi ga slati na servis, pa ću opet dobiti ovu glupost. Ne znam šta se ljudima sviđa kod njega, ne može čak ni u imeniku da se napiše nečije ime i prezime i struka, nema dovoljno prostora, na Huawei telefonu može ceo opis osobe da se ispiše. (To mi treba zbog poslovnih kontakata.) Tastatura glupo postavljena, znakovi interpunkcije kao znak pitanja i znak uzvika nisu na istoj strani sa slovima, kao ni apostrof, pih, znači daj da kucamo kao nepismeni... Dok se javim na poziv, dok ubodem tačno kako treba da dotaknem ekran, poziv se završi. Najobičniji Fejsbuk i Instagram ne može da očitava sa fotkama, posle desetak postova, kako skrolujem, on krene da vrti i da traži, ili jednostavno ostavi prazno mesto za sliku. Testirala sam ga, paralelno uradim i na Samsungu i na Huawei telefonu, Huawei odmah sve otvori, Samsungu treba i po pola minuta. Šta da radim? Da ga vratim i uzmem pare nazad, da ga dam u servis, da ga zamenim...? (Inače Huawei nisam ponovo kupila zbog gugla, čula sam da ima nekih problema, sankcije i slično.) Hvala!",10,"Dužina (>=15 reči), Suprotni veznici, Negacija, Sleng, Motiv kupovine"
185,https://mobilnisvet.com/mobilni-komentari/8224/Xiaomi/Mi-11/4,Xiaomi,Xiaomi Mi 11,Magomajev,2021-07-01 20:41:00,"Na 12.5.2 sve ispeglano. U svakom slučaju ovo je nešto najbolje od Xiaomi do sada, medju 5 najjačih modela na tržištu. Ko razbije predrasudu za Šaomi ne više od xxx eur i skupi dovoljno novca za ovaj model shvatiće da je obavio sasvim pametno ulaganje u vrhunski kvalitet za duže vreme.",6,"Dužina (>=15 reči), Negacija, Sleng"
186,https://mobilnisvet.com/mobilni/9326/Huawei/nova-9,Huawei,Huawei nova 9,Stef,2023-10-24 22:43:00,Kako ovaj fon ima harmony os kod nas valjda kod nas je i dalje Emui i da li ce dobiti azuriranje na emui 13,2,Dužina (>=15 reči)
187,https://mobilnisvet.com/mobilni-komentari/34pn3/Honor/X7a/2,Honor,Honor X7a,Ja,2023-06-16 20:32:00,Jel ima podešavanje za lampicu,0,
188,https://mobilnisvet.com/mobilni-komentari/dd4/Honor/Magic6-Lite/8,Honor,Honor Magic6 Lite,Tradtra,2024-05-28 01:22:00,"Ja sam kupio ovaj model i odusevio me! Koristio sam redmi note 10 pro,i sa njega presao na note 13 pro 4G,ali mi se pokvario posle dva dana,na moju srecu,a razlike izmedju note 10 pro i note 13 pro 4G nije ni bilo,samo malo bolja kamera na 13 pro 4G,sve ostalo isto ili losije vec na note 10 pro.",8,"Dužina (>=15 reči), Suprotni veznici, Negacija, Motiv kupovine"
189,https://mobilnisvet.com/mobilni-komentari/l7m/Samsung/Galaxy-S23-Ultra/25,Samsung,Samsung Galaxy S23 Ultra,Kimiko,2023-11-03 17:04:00,"Staro je pravilo da bilo koji telefon radi najbolje sa verzijom androida "" iz kutije "". Posebno se to odnosi na bateriju. Pri svakoj većoj nadogradnji, normalno je da se oseti određen nivo degradacije i nešto manji SoT. Ništa to nije strašno, tako je oduvek bilo",4,"Dužina (>=15 reči), Negacija"
190,https://mobilnisvet.com/mobilni-komentari/l7m/Samsung/Galaxy-S23-Ultra/3,Samsung,Samsung Galaxy S23 Ultra,Milan bg,2025-07-08 11:35:00,Donet iz nemacke za eu trziste,0,
191,https://mobilnisvet.com/mobilni-komentari/8227/Samsung/Galaxy-S21-5G/4,Samsung,Samsung Galaxy S21 5G,Opet ja,2021-12-07 13:20:00,Kakva mu je baterija? Koliko izdrzi  pošto se dvoumim izmedju ovog i s21+,0,
192,https://mobilnisvet.com/mobilni-komentari/l7m/Samsung/Galaxy-S23-Ultra/20,Samsung,Samsung Galaxy S23 Ultra,MixFix,2024-01-28 18:34:00,"Poslije dugo vremena i citanja komentara evo da i ja prenesem svoje utiske. Imam S23u od februra prosle godine, kupio sam ga kad je izasao preko t-com CG na rate, bila je akcija da se po cijeni osnovnog modela dobije 12/512 gb, uzeo sam maslinastu boju, dopao mi se kako sam do sada koristio samo crne tel. Nije pametno uzimati na rate,  ispadne to na kraju preko 1500 eur, ali imam ok posao pa mi je tako bilo lakse nego odmah dati kes. Inace, koristio sam do tad S21u (imam gabion sad), skoro nov je, dizajn je stvarno extra, ali ovaj mi se dopao. Utisci jednog prosjecnog korisnika su sledeci: ekran ekstra, baterija odlicna (ni poslije godinu nije popustila, barem mi se tako cini), zvuk odlican, nije zabagovao za ovih godinu niti jednom. Inace da kazem da imam watch 5 pro, da mi je tel stalno spojen sa satom, da koristim rezoluciju uhd, svijetli mod i kako god ga koristio tokom dana na kraju imam 30% baterije. Sad za kamere ne znam, nisam neki fotograf, slike mi se cine ok, mada mozda moze biti bolje, kazem nisam neki poznavalac da mogu dati svoj sud, niti mnogo slikam. Koristim tel za druge stvari I stvarno nemam zamjerke. Pojavio se sada S24u, jos nije u prodaji ali vidim da se nudi ista pogodnost kao prosle godine u prednarudzbi. Drzao sam ga u rukama, lijepo izgleda, titanium izgleda premijum, laksi je malo, ekran mi se cini malko svjetliji, kamere nisam probao. Mislim da nadogradnja nema smisla, jer S23u je itekako atraktivan. Doci ce i na njega uskoro Android 6.1 sa AI, tako da kome je to bitno imace i to. Nadogradnja  ispod dvije god nema smisla. Svi koji namjeravaju da uzmu S23u nece se pokajati garantujem.",10,"Dužina (>=15 reči), Suprotni veznici, Negacija, Specifikacija, Motiv kupovine"
193,https://mobilnisvet.com/mobilni-komentari/7179/Apple/iPhone-11-64GB/9,Apple,Apple iPhone 11,Taki,2022-09-10 06:35:00,Da li se uz model iPhone 11 dobija kabal za punjenje ili se i to mora kupiti ? Pozdrav,2,Dužina (>=15 reči)
194,https://mobilnisvet.com/mobilni-komentari/gz0/Honor/Magic5-Pro/12,Honor,Honor Magic5 Pro,Boban,2023-08-09 23:41:00,"Sve notifikacije stizu redovno,sms kasni kod Volte ukijucenja a istalo sve stize istog sekunda treba znati i podesiti u pod.bsterije koje aplikacije ostaju na automat.i da rade u pozadini i notifikacije stizu redovno,dto se bat.tice upravo imam 6h i 46 min i 55 posto baterije od jutros cžsve je ukljuceno plus blu tut za sat i slusalice 4g mob.data,sinhronizac.iskljucena mejlove nesaljem poz.",2,Dužina (>=15 reči)
195,https://mobilnisvet.com/mobilni-komentari/l7m/Samsung/Galaxy-S23-Ultra/40,Samsung,Samsung Galaxy S23 Ultra,Nikolas20u,2023-02-24 19:41:00,"Koja je poenta da je samsung s20 imao 16gb rama verziju ili 12 gb rama,imam ja taj telefon,ali 8gb rama za ultra s23 je stvarno nesto sto ne mogu nikad da svatim,samsung a32 telefon ima 8gb ram verziju",9,"Dužina (>=15 reči), Suprotni veznici, Negacija, Specifikacija"
196,https://mobilnisvet.com/mobilni/flw/Honor/90-Lite-4GB-256GB-2x-SIM,Honor,Honor 90 Lite,Raša,2025-06-14 22:48:00,"Kad se pogleda specifikacija, prosečan ili ispod toga, u rukama, u radu - iznad proseka.",2,Dužina (>=15 reči)
197,https://mobilnisvet.com/mobilni/9142/Samsung/Galaxy-Z-Flip3-5G-256GB,Samsung,Samsung Galaxy Z Flip3 5G,Marko,2021-12-30 12:31:00,"Tri nedelje sa ovim telefonom, pa reko da ostavim neko svoje iskreno misljenje... Telefon je ubica, dovoljno je reci Snapdragon 888. Stvar zbog koje svi brinu pre nego sto kupe ovaj telefon jeste ta baterija koja na papiru zaista izgleda horor (3300mah na  6.7 inca), ali kada zaista pocnete da koristite telefon i kada se isti navikne na vas rad na njemu, moze da izdrzi jedan dan bez problema i jos da ostane da pogledate neki video na yt od 20-25 minuta, poklanjam svoj z-flip3 onome koji kaze suprotno, da koristim ga sa smanjenim pozadinskim osvetljenjem jer je ekran jako svetao i meni licno ne odgovara kada jako bljesti, takodje drzim ga na 60hz. Jedina stvar zbog koje treba da razmislite jeste, da li vam je potreban telefon pored kojeg ne mozete biti opusteni jer iskreno sa svim tim sarkama i savijanjem uvek ste u nekom grcu ili paranoji da ce se nesto desiti, makar kod mene, da sam znao da ce osecaj biti takav verovatno ga ne bih ni kupio, ali ajde garancija je tu... ono sto ja sigurno tvrdim jeste da sam hardver ne moze izdrzati vise od 2 godine (mozda se i varam s obzirom da daju 3 godine garancije, ali to je moje subjektivno misljenje). Kamere su nesto slabije od ovih sadasnjih flagship telefona, ali ako ces da se pravis vazan sa kamerom lepo kupis za te pare dslr fotaparat i mirna glava. Ostalo nije ni potrebno da dodajem jer ipak to je samsungova dika i svi znamo kakav je u radu i da se oni kod istog nece osramotiti po tom pitanju.",10,"Dužina (>=15 reči), Suprotni veznici, Negacija, Specifikacija, Motiv kupovine"
198,https://mobilnisvet.com/mobilni-komentari/8007/Samsung/Galaxy-S20-FE/9,Samsung,Samsung Galaxy S20 FE,Nenad,2021-01-03 14:52:00,"Evo,tri dana koristim ovaj fon pa da prenesem impresije. Na papiru zvuči obećavajuće a u praksi onako. Displej 120Hz a bela boja vuče na zuckasto,blic vesti izgledaju bolje na Realme 5 Pro IPS ekranu, baterija se topi kao sapun u toploj vodi, nije baš tragedija ali daleko od dobrog, u kutiji spori punjač, bolje da ga nisu ni stavili. A softver: došao apdejt na Android 11 i UI 3.0, ok, lepo, a automatska sinhronizacija sa Samsung nalogom iako je isključena u meniju, radi. Uzmeš fon u ruke, otkljucas a gore piše sinhronizacija sa Samsung nalogom u toku. Onda izbrišem nalog sa fona on me davi sa Claud-om. Ne može da se onemogući kao Gugl Disc!!?? Obaveštenja za pronađi moj telefon i slične Samsungove gluposti koje ne želim ne mogu da isključim!? Znači užas! Otisak prsta na displeju. Vau. Ali ako si se tusirao skoro ili su ti prasnjavi prsti, zaboravi. Uzmem moto X4, moj stari fon otkljucavanje na otisak prsta radi perfektno i u tim uslovima. Što se tiče brzine interneta, tu blista. Na kućnom ruteru gde motorola vuče 25mbs ovaj kida sa 65. Kamere solidne,skrolovanje lepo i tečno, ali sve u svemu očekivao sam više.",9,"Dužina (>=15 reči), Suprotni veznici, Negacija, Specifikacija"
199,https://mobilnisvet.com/mobilni-komentari/pt4qv/Apple/iPhone-14-Pro-Max/4,Apple,Apple iPhone 14 Pro Max,Max,2023-07-25 16:31:00,"@Mrdja uzmi iPhone 14PM. Ako ti je ,,cigla” imaš i PRO verziju koja je manja, a iste funkcije ima kao i PM. Koristim ovaj telefon unazad 3 meseca, pre njega sam koristio android, mogu ti reći da sam za sada zadovoljan, nisam se pokajao. Moj savet ti je da odeš u neku od radnji operatera i pogledaš telefon, vidi da li ti odgovara. Ako si pre koristio android par dana će ti biti ,,čudan” iOS ali se brzo navikne, nije komplikovan, male su razlike, ne mogu dva sistema da budu skroz ista.",9,"Dužina (>=15 reči), Suprotni veznici, Negacija, Sleng"
200,https://mobilnisvet.com/mobilni-komentari/dd4/Honor/Magic6-Lite/3,Honor,Honor Magic6 Lite,Milena,2024-11-28 13:58:00,"Honor Magic 6 lite ili Honor 200 lite, šta mislite?",0,
201,https://mobilnisvet.com/mobilni-komentari/sgpzy/Xiaomi/Redmi-Note-12-5G-4GB-128GB-2x-SIM/2,Xiaomi,Xiaomi Redmi Note 12 5G,Slobodan,2023-08-21 11:06:00,Koji procesor je na ovom telefonu pošto na Mi Srbija stoji da je Snapdragon 685?,2,Dužina (>=15 reči)
202,https://mobilnisvet.com/mobilni-komentari/9835/Samsung/Galaxy-A33-5G/4,Samsung,Samsung Galaxy A33 5G,Timber,2022-05-26 07:34:00,Ne mogu da verujem da mu nisu dali podršku za AOD.,2,Negacija
203,https://mobilnisvet.com/mobilni-komentari/khb/Samsung/Galaxy-S23/24,Samsung,Samsung Galaxy S23,Aleksa,2023-06-05 09:28:00,"Da li je neko uzeo model sa 128 Gb? Ako jeste, je l imate problema sa prostorom ili je sve super? Planiram da uzmem 256 ali operater nudi samo 128 verziju, nema 256.",10,"Dužina (>=15 reči), Suprotni veznici, Negacija, Specifikacija, Motiv kupovine"
204,https://mobilnisvet.com/mobilni-komentari/87w/Honor/400-Pro-12GB-256GB-1x-SIM-1x-eSIM/10,Honor,Honor 400 Pro,Veljko,2025-08-08 09:48:00,"Nedavno sam uzeo honor 400pro i prvo sta sam primetio da polovina stvari koje pisu ljudi po forumima nije tacna. Telefon je sasvim ok. Citao sam svasta, te glavna kamera od 200mp je stara i zbog toga ne valja, naprotiv kamera mozda i nije najsvezija ali slike koje daje su za moje kriterijume dobra, onda bilo je dosta ljudi koji su pisali za zakrivljen ekran da im smeta sto je zakrivljen,... to je cista nebuloza i verovatno prethodno losa iskustva sa takvim tipovima ekrana. Ja sam se prvi ""upecao"" na tu pricu i telefon sam razmatrao u drugom planu bas zbog takvih prica, sve dok nisam otisao do operatera da se posavetujem koje bi on telefone preporucio u ovom cenovnom rangu i kad sam ja uzivo video ovaj telefon i malo ga isprobao, bukvalno sam stao i razmisljam, cekaj pa gde je taj zakrivljeni ekran o kom mnogi pricaju, ljudi moji telefon ima blago zakrivljen ekran ali to je toliko malo i samo na krajevima ekrana da mi je trebalo pa mozda 15min da se naviknem. Ekran je prijatan na dodir ivice ekrana i taj milimetarski prelaz je diskretno uradjen, nema kao kod nekih telefona sa zakrivljenim ekranima da se slika prelama ili da vam je neudobno da prevlacite prstom s ivice ekrana na sredinu kao sto neki pisu, naprotiv stvara se slika nekog premium telefona i sve ovo sto pisu da se kod zakrivljenog ekrana slika kvari to ovde nije slucaj. I bilo je price da senzor za paljenje i gasenje ekrana prilikom razgovora ne postoji, evo ja drugi dan kako koristim telefon, nikad mi se ekran upali kad razgovaram. Da telefon imam tek dva dana, sto nije dovoljno da se formira celokupna slika, za sad telefon radi top a imao sam neku potrebu ovo da napisem cisto da imate i realnu ""recenziju"" od nekog ko ima ovaj telefon, da mozda ne dugo al je opet bolje nego neki koji pisu a nikad nisu imali dodir sa telefonom. Samo uzivo idite i uverite se sami, poslusajte sta ce vam reci oni koji prodaju telefone, meni je onaj covek otvorio oci, znaci samo uzivo a ovde na internetu moze da pise ko sta hoce",10,"Dužina (>=15 reči), Suprotni veznici, Negacija, Specifikacija, Motiv kupovine"
205,https://mobilnisvet.com/mobilni-komentari/8682/Samsung/Galaxy-A22/3,Samsung,Samsung Galaxy A22,o.O,2021-12-18 16:25:00,"Ekran dobar, svetao, pikseli se ne primecuju tako da nemate brige oko toga. Procesor radi solidno, nema bagova i seckanja. 90hz radi kako treba, nema stucanja prilikom skrolanja. Baterija izgura oko dan sa celodnevnim koriscenjem, moze izgurati i malo vise. Puni se oko 2h. Softver kao i obicno ispeglan i radi bez bugova. Do sada sam dobio 2 azuriranja tj. zakrpe, za ovih mesec i po dana od kada sam kupio. Znam i za bolje, ali moze da posluzi bez problema nezahtevnim korisnicima. Ekran nema falinke, rezolucija je dovoljna za ovu velicinu panela. Ocena 7/10",10,"Dužina (>=15 reči), Suprotni veznici, Negacija, Specifikacija, Motiv kupovine"
206,https://mobilnisvet.com/mobilni-komentari/9272/Apple/iPhone-13-Pro/7,Apple,Apple iPhone 13 Pro,Nikola,2022-03-09 07:04:00,Pozdrav uzeo sam 13 pro vakum hteo sam da pitam kad ga napunim 100 % i ostavim ga preko noci ujutro mi skine po 4 5 posto baterije .. hvala puno,3,"Dužina (>=15 reči), Motiv kupovine"
207,https://mobilnisvet.com/mobilni-komentari/8714/Honor/50/5,Honor,Honor 50,Firga,2022-06-28 13:47:00,Dali ima google podrsku?,0,
208,https://mobilnisvet.com/mobilni-komentari/9573/Samsung/Galaxy-S21-FE-5G/16,Samsung,Samsung Galaxy S21 FE 5G,battery,2022-09-21 04:54:00,"Citam ovo oko baterije. Pa svaki UI traži dodatne resurse u vezi baterije, bez obzira koliko je optimizovan. Dodatne predinstalirane aplikacije rade u pozadini čak i kada ih stavite na disable. Samsung ima verovatno najbolji shell, tj. One UI, ali i gomilu predinstaliranih aplikacija. Neke od njih ne možete ni deinstalirati. Dodajte na to ovaj jak procesor, osvežavanje 120Hz i onda je sve jasno. Kada bi ovaj telefon radio na stock androidu, prosečan SoT bi se drastično poboljšao",9,"Dužina (>=15 reči), Suprotni veznici, Negacija, Specifikacija"
209,https://mobilnisvet.com/mobilni-komentari/6nv/Xiaomi/Redmi-Note-13-Pro+/3,Xiaomi,Xiaomi Redmi Note 13 Pro+,Mara,2025-02-20 21:32:00,Ovaj ili samsung a35 ili poco x6? Koji ima bolju selfi kameru?,0,
210,https://mobilnisvet.com/mobilni-komentari/9573/Samsung/Galaxy-S21-FE-5G/8,Samsung,Samsung Galaxy S21 FE 5G,Jovke,2023-09-20 14:25:00,Stigao neki update. Upravo se instalira.,0,
211,https://mobilnisvet.com/mobilni-komentari/9573/Samsung/Galaxy-S21-FE-5G/7,Samsung,Samsung Galaxy S21 FE 5G,Snup,2023-10-21 02:08:00,"S21FE imam nešto više od godinu dana. Nosio sam ga sve vreme bez maske i dodatnog stakla za ekran. Ovo je veoma bitno a tiče se izdržljivosti telefona. Telefon je dosta izdržljiv, pogotovo na padove. Victus staklo odlično, jako.Plastika iza je takođe i kvalitetna i ona je otporna na padove. Što se tiče softvera sve radi glatko kao i prvog dana, uz redovno održavanje uređaja. Odličan procesor sg888 ali samo 6gb,bar ovaj koji ja imam. Kamera odlična(pogotovo dnevne fotografije), radi brzo i glatko osim u nekim zahtevnijim igrama gde se na visokim podešavanjima oseti nemanje 2gb rama Sigurno bio vredan kupovine. Koristiću ga sigurno još par godina.",9,"Dužina (>=15 reči), Suprotni veznici, Negacija, Specifikacija"
212,https://mobilnisvet.com/mobilni-komentari/9841/Samsung/Galaxy-A53-5G/8,Samsung,Samsung Galaxy A53 5G,Miloš,2022-08-03 15:39:00,"Pozdrav ljudi treba mi pomoć u vezi izbora telefona trenutno koristim Galaxy A71 skoro dve godine u principu zadovoljan sam ali operator nudi dobru cenu uz paket za A52s i A53. Na osnovu mog istraživanja A52s ima bolji procesor u odnosu na A53 5G ali po pitanju softverske podrške A53 dolazi sa android 12 i dobiće ako sam dobro pročitao sledeće tri android nadogradnje i ima veću bateriju ali čitao sam komentare da ne mora da znači da je bolja zbog Exynos chipseta. Ako se porede po svakom stavki identični su, jedini veća razlika je prema komentarima je da A52s ima bolji procesor u odnosu na A53 . Treba mi mala pomoć da odlučim. Prvobitno sam planirao da kupim A52s ali problem je što ga mts nema u zalihama doduše imaju A53 na stanju. Znam da A52s ima bolji procesor ali iskreno ne igram igre na telefonu. Jedino ako se ne isplati u dugoročno uzeti A52s zbog optimizacije. Zanima me da li je bolje da se strpim malo i sačekam da dobiju A52s ili da uzmem A53 odmah. U vezi punjača znam da A52s stiže sa punjačem od 15w dok A53 ne stiže, ako mogu da iskoristim punjač od 25w za A71 to mi ne predstavlja problem. Šta mislite šta je bolje uzeti A52s ili A53? Ukratko telefon najviše koristim za fotkanje, snimanje i surfovanje netom. Smatram da neću osetiti razliku u slabijem procesoru. Gledao sam dosta recenzija ali su mišljenja podeljena i nisam došao do zaključka šta je bolja opcija. Računam da neću pogrešiti ako uzmem A53 ali hoću da čujem mišljenje nekoga koje bar koristio A52s ili po mogućnosti oba. Hvala unapred 😃",10,"Dužina (>=15 reči), Suprotni veznici, Negacija, Specifikacija, Motiv kupovine"
213,https://mobilnisvet.com/mobilni-komentari/8239/Samsung/Galaxy-S21-Ultra-5G/6,Samsung,Samsung Galaxy S21 Ultra 5G,Sica,2022-03-10 12:27:00,Ovaj ili iphone 13 pro max?,0,
214,https://mobilnisvet.com/mobilni-komentari/7xf/Huawei/P60-Pro/2,Huawei,Huawei P60 Pro,Huawei,2024-07-06 22:05:00,Ljudi ako želite dobru kameru i zum imam ga trenutno i telefon je ubica. Huawei pura 70 ultra je bolji od p60 pro u svemu,2,Dužina (>=15 reči)
215,https://mobilnisvet.com/mobilni-komentari/gz0/Honor/Magic5-Pro/7,Honor,Honor Magic5 Pro,A.,2024-02-11 19:48:00,Ima li kod nas ljubičastih i narandžastih? Samo zeleno i crno u ponudi.,0,
216,https://mobilnisvet.com/mobilni-komentari/7179/Apple/iPhone-11-64GB/27,Apple,Apple iPhone 11,metodije,2019-10-05 07:06:00,"Eee,ali zato dark mode izuva :) napravili ljudi davno zakucani IOS, hermetican ali stabilan brz i gladak pa samo sminkaju kamerice i dodaju GB RAM a zanimljivo mi je da jedna te ista IOS verzija skroz dobro sljaka i na 2 i na 6GB RAM sa slabijim i jacim procesorima. Znaci ko ne voli da malo cacka i eksperimentise imace jedan te isti OS za sve vise i vise novca koga to smara u avanture sa androidom i to je to ako iskljucimo psihicke poremecaje kompleksa nize i vise vrednosti na kakvim je iphone prodao od kad postoji pola svog kontigenta.",9,"Dužina (>=15 reči), Suprotni veznici, Negacija, Specifikacija"
217,https://mobilnisvet.com/mobilni-komentari/pt4qv/Apple/iPhone-14-Pro-Max/5,Apple,Apple iPhone 14 Pro Max,Pavle,2023-04-25 17:43:00,"Da li je 128gb dovoljno ili ipak bolje 256, za slike i videe da ostanu na telefonu, jer uvek moram da prebacujem na laptop sa telefona, da bih imao memorije, do sada sam imao model sa 64gb i to mi nije bilo dovoljno, pa me zanimaju iskustva i misljenja 128 ili 256?",9,"Dužina (>=15 reči), Suprotni veznici, Negacija, Specifikacija"
218,https://mobilnisvet.com/mobilni-komentari/9293/Xiaomi/11T-Pro/2,Xiaomi,Xiaomi 11T Pro,Zarko,2023-08-03 14:03:00,Xaomi 11T pro ili Xaomi 12T pro treba mi baterija igram  igrice pubg Jos neke kamera Gledam neki S21 ultra on skupljo Ali bolje mi traje dugo,5,"Dužina (>=15 reči), Suprotni veznici"
219,https://mobilnisvet.com/mobilni/3h0/Samsung/Galaxy-Z-Flip5-512GB,Samsung,Samsung Galaxy Z Flip5,Tanara,2025-08-05 14:17:00,"Nakon 3 god korišćenja Samsung z flip 3, kupljenog u Telenoru, zbog pozitivnih iskustava uzela sam novi telefon Zflip 5 maja 2024. preko Tehnomanije.",3,"Dužina (>=15 reči), Motiv kupovine"
220,https://mobilnisvet.com/mobilni-komentari/9638/Samsung/Galaxy-S22-5G/10,Samsung,Samsung Galaxy S22 5G,Joka,2022-03-09 01:57:00,"Mene ova baterija plasi,inace Sam planirao da ga uzmem.",0,
221,https://mobilnisvet.com/mobilni-komentari/76d/Xiaomi/13T-Pro/4,Xiaomi,Xiaomi 13T Pro,David,2023-12-31 16:48:00,Stigao hyper os na ovaj telefon a uzet u a1. Region srbija.,0,
222,https://mobilnisvet.com/mobilni/8248/Samsung/Galaxy-A32-5G,Samsung,Samsung Galaxy A32 5G,Velimir,2024-06-05 16:34:00,"Cist promasaj od telefona,posle godinu dana telefon pocinje nevjerovatno da koci,a sto je najgore neke aplikacije zabaguju i ne moze da se izadje iz njih.Telefon je ocajan za gejming.Jedino sto popravlja malo stvar je kamera ostalo sve dno dna.....",4,"Dužina (>=15 reči), Negacija"
223,https://mobilnisvet.com/mobilni-komentari/khb/Samsung/Galaxy-S23/25,Samsung,Samsung Galaxy S23,Dragan,2023-05-14 22:53:00,Kakav je za gledanje videa na you tube?Da li je mali mnogo?,0,
224,https://mobilnisvet.com/mobilni-komentari/9654/Samsung/Galaxy-S22-Ultra-5G/5,Samsung,Samsung Galaxy S22 Ultra 5G,Marko,2023-10-02 13:33:00,"Uzeo sam u Maju ove godine s23 ultra, 12gb, qb prostora, snapdragon 8gen 2. Procesor je ultra brz. Osetno iznad 8gen 1 od s22 ultra. Kamera je neuporediva sa bilo kojim drugim telefonom. Iphone 13 i 14 pro max nemaju ovakve opcije i mogućnost kao s23 ultra. Najviše sam uzeo zbog kamere i videa. Imate mogućnost 4k i 8k! Video. Za 8k vam treba mirnija ruka ili stabilizator zbog frame rate-a da bi video bio tečan, a za ostale uhd, hd nema potrebe pošto je tu stabilizacija na 100%. Igrice ne baguju. Refresh rate je isti al se čini malo brži uživo. Kamera photo 200mpx je otkrovenje. Elem uslikaš mirno sliku i posle možeš da je uvećaš detaljno na 70% zoom-a više od toga ide u pixel kockice ali 70% ne može ni jedan drugi telefon. Olovka ima bolji risiver iako je generalno sve kako treba još od note 20 ultra. Baterija na kraju dana sa punim korišćenjem bude na 20tak posto. Kada ne malteritam twlefon sa igricama i aplikacijama to je bez problema 2 dana. S22 ultra iako ima isti kapacitet nekako krene da se prazni brzo ispod 30%. Telefon je došao sa android 13 ali je realno građen za 14cu skroz. Kamera kida, procesor, kvalitet i sve. U odnosu na s22 bolji za 40%...",10,"Dužina (>=15 reči), Suprotni veznici, Negacija, Specifikacija, Motiv kupovine"
225,https://mobilnisvet.com/mobilni-komentari/gzw/Honor/Magic8-Pro-12GB-256GB-1x-SIM-1x-eSIM/5,Honor,Honor Magic8 Pro,Lane,2026-02-22 18:07:00,"Posle mesec dana korišćenja mogu da kažem odličan telefon. Koristio sam Samsung telefone do sad, ali sam odlučio da promenim brend zbog manjka rekao bih entuzijazma kod Samsunga. Ponašaju se apsolutno kao Apple, znači reciklaža telefona po 3-4 godine uz minimalne skoro nikakve promene. Jasno mi je da ne može svake godine da se ponovo izmišlja sve novo ali ovo već pomalo gubi smisao. Uzeo sam ga u A1 i dobijam i tablet što je prelomilo jer mi treba. Zanimljivo da je to ženin broj, ima s23, otišli da vidimo s25 i rekla je neću. Sve isto. Jako minimalne razlike, softver naravno isti kaže ne treba mi, ništa ne dobijam. Ja gledam S25 ultra, ne mogu da prežalim dizajn S23U, koji mi je X puta lepši, a imaju maltene sve isto... Hteo sam nešto sveže, nešto ipak bar malo drugačije i zato sam se odlučio za Honor. Plašio me malo softver, i jeste One UI malo zreliji, ali stvarno je odličan telefon. Ono što mi je najviše smetalo kod Samsunga je punjenje i baterija, ovde sa 100w za 15-20 min puni od 15-20% do 70-80% i to mi je dovoljno za 24h sa 7-8 sot. Bateriju sam jednom napunio do 100% i može 2 dana sa 10 sot otprilike. Ne igram igre. Za 10 min napuni od 15% do 50% i to je meni dovoljno za skoro ceo dan. Znači za skoro mesec dana imam 15 ciklusa punjenja. Ekran odličan, nemam ništa da dodam. Zvučnici neverovatni, nisam nikad nešto specijalno obraćao pažnju na to, ali kad pustite neku muziku, stvarno je zvuk jako dobar, skoro kao neki BT zvučnik. Kamera najbolja koju sam ja video, izvadim okinem i to izgleda fenomenalno. Za zoom je bilo i par dignutih obrva, ljudi ni ne vide golim okom šta telefon može da uslika. Novo dugme meni vrh! Jedan od glavnih razloga što sam ga uzeo. Koristim, radi dobro, ali mora dve ruke da drže telefon. Nisam se pokajao, telefon je odličan, mislim da ću ga lako nositi 2 godine. A posle... Valjda će Samsung da se probudi malo!",10,"Dužina (>=15 reči), Suprotni veznici, Negacija, Specifikacija, Motiv kupovine"
226,https://mobilnisvet.com/mobilni-komentari/8714/Honor/50/4,Honor,Honor 50,Ringe,2022-09-13 16:42:00,Uzeo sam fon pre par dan i bruka je ali imam problem kada je spikerfon upaljen mene niko ne cuje nebitno da li prejo vibera mesingera ili obicnih poziva a kada nije na spikerfonu onda me normalno cuju. Sta li moze da bude?,8,"Dužina (>=15 reči), Suprotni veznici, Negacija, Motiv kupovine"
227,https://mobilnisvet.com/mobilni-komentari/blm/Honor/Magic5-Lite/14,Honor,Honor Magic5 Lite,Nick,2023-06-21 11:18:00,Dobar dan svima.,0,
228,https://mobilnisvet.com/mobilni/y85/Samsung/Galaxy-A14,Samsung,Samsung Galaxy A14,Sansun,2024-02-13 20:47:00,"Kupio u prošli ponedjeljak Samsung A 14 i originalni punjač i jako se pokajao.Znači mobilna mreža čista nula,nema mobilnog inerneta uopšte tamo gdje sam imao super internet.A 4G mreža je samo san.Kontaktirao operatera,radili nekakvu konfiguraciju,apn,sistemski reset,čak i sim karticu promijenio i opet ništa.Vratim karticu u stari telefon sve radi savršeno.Tako da je na kraju ostalo da telefon nevalja.Kupljen u renomiranoj prodavnici u Tuzli i sutra ide na reklamaciju.Ne znam dali je još neko imao problema i ne želim da blatim telefon ali ovaj moj je SMEĆE.",10,"Dužina (>=15 reči), Suprotni veznici, Negacija, Sleng, Motiv kupovine"
229,https://mobilnisvet.com/mobilni-komentari/7651/Apple/iPhone-SE-(2020)/10,Apple,Apple iPhone SE (2020),@n@,2020-10-23 10:51:00,"Zamenila sam 6s za ovaj telefon, bas sam zadovoljna za sad. Baterija meni traje dan, jedan ipo dan(imam drustvene mreze), kamera odlicna, meni odgovara ovaj dizajn. Imam ga par dana, preporuka sa moje strane.",2,Dužina (>=15 reči)
230,https://mobilnisvet.com/mobilni/219g8/Huawei/nova-10,Huawei,Huawei nova 10,Srdjan,2023-03-13 22:46:00,Da li mogu mape da rade na ovom telefonu?,0,
231,https://mobilnisvet.com/mobilni-komentari/dd4/Honor/Magic6-Lite/12,Honor,Honor Magic6 Lite,Dragan,2024-01-15 09:23:00,Kada se očekuje dolazak kod nas?,0,
232,https://mobilnisvet.com/mobilni-komentari/8239/Samsung/Galaxy-S21-Ultra-5G/11,Samsung,Samsung Galaxy S21 Ultra 5G,Joca,2021-06-09 18:12:00,"Tacno se primecuje prebacivanje izmedju kamera kod zumiranja, no trebalo bi da bude ispeglano sa ovim junskim update-om. Jel neko mozda dobio i isprobao?",2,Dužina (>=15 reči)
233,https://mobilnisvet.com/mobilni-komentari/7651/Apple/iPhone-SE-(2020)/3,Apple,Apple iPhone SE (2020),Goksi,2022-03-25 19:54:00,"Mukama je konacno dosao kraj,SE 2022 je konacno ugradio bateriju jaceg kapaciteta...",0,
234,https://mobilnisvet.com/mobilni-komentari/7369/Samsung/Galaxy-S10-Lite/2,Samsung,Samsung Galaxy S10 Lite,Milan,2021-01-05 16:08:00,"Jel mi se cini ili je kamera jos bolja pogotovo nocu, posle abdejta na android 11",2,Dužina (>=15 reči)
235,https://mobilnisvet.com/mobilni-komentari/8436/Samsung/Galaxy-A52/7,Samsung,Samsung Galaxy A52,A52,2021-08-13 07:36:00,Stiglo danas ažuriranje za avgust,0,
236,https://mobilnisvet.com/mobilni-komentari/9955/Honor/70/9,Honor,Honor 70,Pavle,2023-07-04 00:51:00,"Dopada mi se Honor zbog zakrivljenog ekrana,softvera itd ali me zanima kako sacuvati ekran da se ne polomi posto svi govore da je osetljiv dosta na pad zbog oborenih ivica za razliku od ravnog ekrana i da je tesko naci zastitu za zakrivljen ekran tj da se neke folije stavljaju i da su skupe.",8,"Dužina (>=15 reči), Suprotni veznici, Negacija, Motiv kupovine"
237,https://mobilnisvet.com/mobilni/tkw/Honor/600-8GB-256GB-1x-SIM-1x-eSIM,Honor,Honor 600,Ivke,2026-07-23 13:28:00,"Pozdrav.Kupio sam sada Honor 600.Predhodno sam sa telefona starog sacuvao Viber poruke na gdrive.Sada kada na novom preko viber-akliknem da vratim poruke na nov telefon,na 55 posto izbaci.Sta moze da bude? Hvala",3,"Dužina (>=15 reči), Motiv kupovine"
238,https://mobilnisvet.com/mobilni-komentari/8061/Apple/iPhone-12-mini/6,Apple,Apple iPhone 12 mini,11080,2020-12-21 18:53:00,Da li se isplati menjati iphone 11 pro za 12mini?,0,
239,https://mobilnisvet.com/mobilni-komentari/9654/Samsung/Galaxy-S22-Ultra-5G/3,Samsung,Samsung Galaxy S22 Ultra 5G,Čamo,2024-05-10 13:13:00,upravo stigao AL u ažuriranju,3,Suprotni veznici
240,https://mobilnisvet.com/mobilni-komentari/pt4qv/Apple/iPhone-14-Pro-Max/5,Apple,Apple iPhone 14 Pro Max,Bojan,2023-03-11 18:17:00,vrhunska masina,0,
241,https://mobilnisvet.com/mobilni-komentari/7651/Apple/iPhone-SE-(2020)/4,Apple,Apple iPhone SE (2020),Mara,2021-12-12 05:49:00,"Dvoumim se izmedju se,s9 i s10e sta bi ste mi preporucili?",0,
242,https://mobilnisvet.com/mobilni/1fybn/Xiaomi/12T-256GB,Xiaomi,Xiaomi 12T,Vuk,2024-01-25 22:54:00,"Android 14,novi sistem sve radi kako treba bez trzaja i bagova. Baterija još bolja, telefon je mnogo brži ne znam kako ali je baš primetno. Zadrzacu ga dok ne dođe 14-ca.",7,"Dužina (>=15 reči), Suprotni veznici, Negacija"
243,https://mobilnisvet.com/mobilni-komentari/9573/Samsung/Galaxy-S21-FE-5G/18,Samsung,Samsung Galaxy S21 FE 5G,LosmiBgd,2022-07-26 22:54:00,"LJUDI! Jedno pitanje koje mi je jako bitno, a na koje ne mogu da nađem precizan odgovor na netu. Na nekim sajtovima piše jedno, nekim drugo. Pitanje glasi: Koji je odnos stranica ekrana na ovom telefonu? Da li je 20:9 (kao kod npr. S21 modela) ili 19,5:9 (kao kod npr. S22 modela)? Na većini sajtova sam pročitao da je odnos 20:9, ali neki ljudi po stranim forumima kažu da je odnos 19,5:9. Da li neko ko poseduje ovaj telefon može da proveri koja mu je tačno rezolucija ekrana, da li 2400:1080 ili 2340:1080? Puno bi mi značila precizna informacija iz prve ruke. Unapred se zahvaljujem!",7,"Dužina (>=15 reči), Suprotni veznici, Negacija"
244,https://mobilnisvet.com/mobilni/4pr6v/Xiaomi/13-12GB-256GB,Xiaomi,Xiaomi 13,Ivan,2026-03-02 15:03:00,"Posle ažuriranja na hyper os 3 baterija je očajna, bolje ne vršite update",2,Negacija
245,https://mobilnisvet.com/mobilni-komentari/8389/Xiaomi/Redmi-Note-10-Pro/35,Xiaomi,Xiaomi Redmi Note 10 Pro,Perica,2021-06-02 20:28:00,"Telefon sam.uzeo pre 7 dana. Kao dugogodisnji korisnik Samsunga mogu da navedem neke usporedbe...Definitivni softver je na strani Samsunga i tu nema dileme. Sam telefon Redmi note 10 pro je odlicne izrade, kamerea je odlicna, nisam probao A52 da bih poredio ali ovaj je i jeftiniji od A52 tako da ta je i tu njegova prednost. Ekran je 120 hz i to je verovatno prednost u odosu na 60 hz ili 90 hz koliko.ima A52. Moj subjektivni  utisak je da tu nema neke razlike,kazem subjektivno...Sto se tice Always on display on uz foru preko podesavanja preko Miui optimizatora u podesavanjima moze da se namesti da radi stalno umesto 10 sekundi. Tastatura je bolja kod Samsunga on ove koja je Gboard. Mislim i da je predhodni moj A51 ima osetljiviji ekran...to je moj utisak. Kamera je svakako bolja nego kod A51,za A52ne mogu da tvrdim. Punjac od 33w puni brzo bas...Inace ekran ima HDR 10 podrsku sto imam i Poco X3 ali je on Ips tako da...Ovako nesto Samsung nudi u mnogo skupljim telef. tako da ga A52 i A72 nemaju! Ovo su moju prvi utisci,za dalje videcemo. Inace telef placen 280 evra, model 6/128 gb. EU model. Slican A52 je. 40 e skuplji sa slicinim spec. Oba inace na 1 god garancije.",10,"Dužina (>=15 reči), Suprotni veznici, Negacija, Specifikacija, Motiv kupovine"
246,https://mobilnisvet.com/mobilni-komentari/5rz/Xiaomi/Redmi-Note-13-Pro-5G/2,Xiaomi,Xiaomi Redmi Note 13 Pro 5G,Ivan,2025-01-27 13:54:00,"Pozdrav svima, dvoumim se između 13 pro i 13 pro + verzija 12/512 GB pa mi treba pomoć koji da uzmem. Inače imam  Xiaomi 9 pro  i prezadovoljan sam godinama otad sam ga kupio kad je izasao nisam imao niti jedan jedini problem, baterija mu radi kao i prvog dana i sve na njemu ali je došlo vreme da moram zbog posla da uzmem noviji mob a ovaj ću pokloniti sinu.  Zato vas molim za pomoć između ova dva modela !!!!",10,"Dužina (>=15 reči), Suprotni veznici, Negacija, Specifikacija, Motiv kupovine"
247,https://mobilnisvet.com/mobilni/d2f/Honor/X8a-8GB,Honor,Honor X8a,Igor,2023-12-23 12:18:00,Koliko sam ukapirao da ima google?,0,
248,https://mobilnisvet.com/mobilni-komentari/qqy/Xiaomi/13T/2,Xiaomi,Xiaomi 13T,Njinja,2024-07-04 09:26:00,"Uzela sam 13t pre neki dan ali nisam bas srecna sa kamerom. Imam itisak da su kontrasti prejaki i slike preeksponirane. Ima li neko savet za neka dodatna podešavanja, izbor parametara ili sam ja prosto navikla na iphone kameru koja daje dosta realisticne fotke pa mi samo treba da se naviknem",8,"Dužina (>=15 reči), Suprotni veznici, Sleng, Motiv kupovine"
249,https://mobilnisvet.com/mobilni-komentari/9573/Samsung/Galaxy-S21-FE-5G/20,Samsung,Samsung Galaxy S21 FE 5G,Ja,2022-05-13 23:21:00,"Ovaj telefon ima neke dobre ali i neke jako lose strane.Kome god treba telefon za neke zahtenije stvari igrice isl ne preperucujem da se uzima.U tim situacijama moje misljenje je da 888 procesor nije za ovaj telefon,i kada su ga vec stavili mirali su da stave vise rama.Ovako prilikom nilo kog zahtevnijeg zadatka telefon se greje prilicno i obara radni takt cpu uz smanjenu tj manju kolicinu rama dovodi do toga da telefon pocinje da secka koci isl,greje se jako cak i prilikom gledanja npr nekog filma preko hno maxa,gledanja npr tik toka isl.Takodje rezolucija ekrana nije prilagodjena igricama i vrlo cesto se vrh ili dno neke igrice tj ekrana u igri ne vidi celo i lepo sto je meni bar mana",9,"Dužina (>=15 reči), Suprotni veznici, Negacija, Sleng"
250,https://mobilnisvet.com/mobilni-komentari/8239/Samsung/Galaxy-S21-Ultra-5G/7,Samsung,Samsung Galaxy S21 Ultra 5G,Nex,2022-01-28 22:25:00,"Ovaj telefon je savrseno upakovano i odradjeno cudo bez reci, ako ste pratili s22 su skroz unazadili i napravili korak unazad sa svim sto je zasita sramota. Ne menjajte ovo bar jos 2 godine.",4,"Dužina (>=15 reči), Negacija"
251,https://mobilnisvet.com/mobilni/8g3/Xiaomi/17-Pro-Max-16GB-1TB-2x-SIM,Xiaomi,Xiaomi 17 Pro Max,Igor,2026-02-11 13:18:00,"Ne razumem ove sto se zale na preveliki ekran,pa gde ste gledali kad ste kupovali a sad vam ne odgovara.",4,"Dužina (>=15 reči), Negacija"
252,https://mobilnisvet.com/mobilni/59f/Huawei/Pura-80-Pro-12GB-512GB-2x-SIM,Huawei,Huawei Pura 80 Pro,Vanja,2026-02-09 10:40:00,Pura 80 PRO ili Iphone 16? Svaki savet je dobrodošao! 😊,0,
253,https://mobilnisvet.com/mobilni-komentari/9124/Huawei/P50-Pro/2,Huawei,Huawei P50 Pro,bato,2023-05-12 01:46:00,"ako je na p50 bro zdravlje baterije 96% koliko je tel koristen priblizno vremenski ne razumijem se u telefone,hvala",4,"Dužina (>=15 reči), Negacija"
254,https://mobilnisvet.com/mobilni-komentari/9654/Samsung/Galaxy-S22-Ultra-5G/7,Samsung,Samsung Galaxy S22 Ultra 5G,Dzoni,2022-12-16 23:38:00,"Citam ovde i stvarno ne verujem da li ove gluposti neko pise namerno ili iz dosade ali pocicu od toga da masa komentatora je videla telefon ili u radnji ili kod druga na slici...telefon koj sam ja kupio pre 15 dana ZVANICNO U RADNJI COMTRADE nema nijedan od navedenih problema i gluposti koji se desavaju bar kod ljudi koji pisu - jedina mana je sto kada sam ga upalio duze se steluju stvari i odmah je uradio 2 nadogradnje i jos jednu na 13 to traje pola sata i evo danas je stigli azuriranje - ukratko sve sto pozelite od telefona i sto zamislite i pitate se da li moze ja cu vam otkriti - moze a moze i vise od toga -baterija do uvece uz pricanje , gomilu meilova , popaljeno vezivanje na auto , mobilni podaci itd otbaranje projekata u autocedu u varijanti od 43 posto do 38 nikad nije pala preko toga i you tube bar sat ipo - igrice ne igram to ne znam - telefon NEMA MANU I VERUJ TE NE MOZETE NACI - sem velike tezine kad se stavi u futrolu ...cigla od 280grama jedina zamerk je to i naravno cena - iskren savet ako vam treba telefon za sve sto zelite uzmite necete se pokajati osim ako niste ljbitelj i phone 14 pro max",10,"Dužina (>=15 reči), Suprotni veznici, Negacija, Sleng, Motiv kupovine"
255,https://mobilnisvet.com/mobilni-komentari/pt4qv/Apple/iPhone-14-Pro-Max/5,Apple,Apple iPhone 14 Pro Max,Marina,2023-04-25 17:40:00,Zanima me da li može da se ugasi always on display? Hvala,0,
256,https://mobilnisvet.com/mobilni-komentari/gzw/Honor/Magic8-Pro-12GB-256GB-1x-SIM-1x-eSIM/2,Honor,Honor Magic8 Pro,Medžik Džonson,2026-05-27 12:18:00,Joj ko sve ima telefone ...,0,
257,https://mobilnisvet.com/mobilni/r8rtm/Samsung/Galaxy-A04s-4GB,Samsung,Samsung Galaxy A04s,Deki,2023-07-27 17:14:00,Je li se isplati kupiti mobitel ili ne?,2,Negacija
258,https://mobilnisvet.com/mobilni-komentari/khb/Samsung/Galaxy-S23/11,Samsung,Samsung Galaxy S23,Shomi,2024-06-22 18:07:00,"Drustvo imam pitanje,kako da se namesti stil edge talas da se ukljucuje kad je zakljucan ekran da daje obaveštenja(da svetli sa strane)???",2,Dužina (>=15 reči)
259,https://mobilnisvet.com/mobilni/cx6/Xiaomi/Redmi-15-5G-4GB-128GB-2x-SIM,Xiaomi,Xiaomi Redmi 15 5G,Djovani,2025-09-27 22:23:00,Talefon je vrh za tu cenu velik za ljude koji imaju velike prste ima sve i radi lepo moj je 6 128 baterija min dva dana sa svim apikacijama,2,Dužina (>=15 reči)
260,https://mobilnisvet.com/mobilni-komentari/9841/Samsung/Galaxy-A53-5G/4,Samsung,Samsung Galaxy A53 5G,Irena,2023-03-24 17:08:00,Vredi li menjati xiaomi redmi 10pro za ovaj telefon?,0,
261,https://mobilnisvet.com/mobilni-komentari/9654/Samsung/Galaxy-S22-Ultra-5G/12,Samsung,Samsung Galaxy S22 Ultra 5G,Aca,2022-04-03 15:29:00,Baterija je dosta bolja nakon poslednjeg abdejta.,0,
262,https://mobilnisvet.com/mobilni-komentari/8389/Xiaomi/Redmi-Note-10-Pro/27,Xiaomi,Xiaomi Redmi Note 10 Pro,Aca,2021-09-04 15:42:00,"Moze neko da mi kaze kakav je zvuk preko slusalica,i dal je glupo uzeti u gold boji telefon iako sam musko zaista izgleda odlicno u toj boji",5,"Dužina (>=15 reči), Suprotni veznici"
263,https://mobilnisvet.com/mobilni-komentari/9260/Apple/iPhone-13/14,Apple,Apple iPhone 13,gpanjkov,2022-03-25 07:00:00,"Ljudi moji, kupio ponovo ajfon 13 nakon 6-7 godina i nakon cijele palete huavei telefona sve do p30pro koji sam koristio i na koji sam se juče ponovo vratio. Iskreno, bez da blatim epl, veliko razočarenje. Mnogi će se smijati, ali moj huavei p30pro i danas jede ajfon 13, bukvalno jede. Da počnem od kvaliteta zvuka u slušalici, očaj. Stalno je prisutan neki šum u toku razgovora, što na huaveiju nikad nije bio slučaj. Zvuk u toku slušanja muzike na ajfonu je ok, ali u toku razgovora, čak i putem spikerfona, haos teški. Kamera kad se koristiti bez zuma je ok, zum kad pipneš, odma su zrnaste fotke, dok na p30pro to izgleda čisto i gospodski jer je prisutan ozbiljan zum i ništa nije zrnasto i kockasto. Čitajući razne recenzije i davanje kojekakvih ocjena da je ajfon 13 u top 5 kamera na svijetu, to su priče za malu djecu. Što se tiče displeja, gledajući kroz polarizovane naočare sve je zeleno na ekranu, zašto i kako, ne bih raspravljao. Baterija, zadovoljavajuća i bez ikakvih mana. I najzahtevniji korisnik će imati dovoljno baterije za cio dan, dok ja svoj p30pro moram dopuniti u toku dana, ali nije ni čudo. Što se tiče veličine ekrana, po meni je mali i teško bih se navikao na ajfon. Eto, to je nekih par smjernica koje sam ja osjetio za nepuna dva dana korištenja. Čitao sam kako neki kažu da ajfon u toku skrolanja zapinje, i to je tačno. Što se tiče samog interfejsa, android je dosta lakši. Kad želiš da napustiš instagram, fb i mnoge druge app, moraš prstom ići na vrh ekrana i kliknuti za povratak, da li korak nazad ili na početak, dok kod p30pro slajdnep sa lijeva na desno i nazad si. I tako, ima tih stvari kamara, zbog kojih bi prije crko nego ikad više ajfon kupio. Što se tiče punjača od 23 vata koji sam bio kupio i njemu treba preko sat ipo da tel do 100% napuni. Eto ga, sve napisano potpisujem i garantujem, da ne misli neko da mrzim epl, ali ja sam iskreno ajfonom 13 razočaran.",10,"Dužina (>=15 reči), Suprotni veznici, Negacija, Sleng, Motiv kupovine"
264,https://mobilnisvet.com/mobilni-komentari/9260/Apple/iPhone-13/6,Apple,Apple iPhone 13,Janko,2024-03-28 23:07:00,"Zdravo. Prijateljica ima Iphone 13 256gb, koriscen maksimum 7 dana i onda je joj stajao u ladici jedno godinu dana jer nije mogla da se za tih 7 dana navikne na Ios i sve ne bi da ga proda ali dzabe stoji tako ne koriscen. Da li neko ima predlog koliko bi trebala da stavi cenu i koliko bi ljudi platili za takav telefon? Da vidi da li joj se isplati",9,"Dužina (>=15 reči), Suprotni veznici, Negacija, Specifikacija"
265,https://mobilnisvet.com/mobilni-komentari/l7m/Samsung/Galaxy-S23-Ultra/34,Samsung,Samsung Galaxy S23 Ultra,Slash,2023-07-03 00:57:00,"@Vule,verovatno cu i da kupim fotoaparat,ali ja sam baš navikao na Huawei-Honor i tu da se ne lažemo,nema boljih tel koji prave fotke kao oni.Al baš...",9,"Dužina (>=15 reči), Suprotni veznici, Negacija, Sleng"
266,https://mobilnisvet.com/mobilni/sfg/Honor/X6c-8GB-256GB-2x-SIM,Honor,Honor X6c,I gore,2026-01-31 23:04:00,"Da li je tel otporan pri padu, u vodi i da li mu je ekran zaštićen.",2,Dužina (>=15 reči)
267,https://mobilnisvet.com/mobilni-komentari/dd4/Honor/Magic6-Lite/8,Honor,Honor Magic6 Lite,Djole,2024-04-20 19:57:00,Imam ovaj tel već skoro 2 meseca. Nisam nezadovoljan. Vrlo korektan za ovaj novac. Malo mi smeta što aktiviranje kamere po nekad secka. Zapravo čekam možda 2 sekunde da se stabilizuje i tek onda moze da se okida. Da li još neko ima ovakvo iskustvo? Kupljen u Gigatronu.,4,"Dužina (>=15 reči), Sleng"
268,https://mobilnisvet.com/mobilni-komentari/8055/Apple/iPhone-12/9,Apple,Apple iPhone 12,Steva Posao,2021-04-27 13:05:00,"Svi zivi na internetu se zale da je baterija losa u odnosu na 11 seriju,imao sam u februaru 4 dana iphone 12 i jedva je drzala jedan dan baterija.Zanima me da li se popravilo apdejtovima i kolko drzi ostalima",2,Dužina (>=15 reči)
269,https://mobilnisvet.com/mobilni-komentari/9288/Xiaomi/11-Lite-5G-NE/2,Xiaomi,Xiaomi 11 Lite 5G NE,stevo,2022-10-23 01:26:00,"Telefon imam oko pet meseci i uglavnom sam zadovoljan, međutim već par nedelja, na ikonici (fabričkoj) Boost speed mi je konstantno prikazuje 75-85 % opterećenja rama i onda se telefon uspori, ne može da se fotografiše, secka i sl. i predlaže mi da se očisti smeće kojeg uglavnom ima veoma malo jer, niti igram igrice i nije je zatrpan aplikacijama, memorija (ROM) je popunjena tek nekih 20-25%.Restartujem ga, bude dobro neko vreme i onda opet ista priča. Uredno sam skinuo sve update-ve, pa i ovaj zadnji (V13.0.6.0.). Šta je problem",9,"Dužina (>=15 reči), Suprotni veznici, Negacija, Sleng"
270,https://mobilnisvet.com/mobilni-komentari/mgt/Samsung/Galaxy-A54/22,Samsung,Samsung Galaxy A54,brki,2023-07-10 18:57:00,"exynos=ringla,mozda ne odma,al sacekajte malo",5,"Suprotni veznici, Negacija"
271,https://mobilnisvet.com/mobilni-komentari/8389/Xiaomi/Redmi-Note-10-Pro/17,Xiaomi,Xiaomi Redmi Note 10 Pro,Xiaomi,2022-03-16 08:19:00,"Posedujem Xiaomi RM 10 Pro 2,5 meseca pa rekoh da prenesem drustvu neka svoja iskustva i zapazanja buduci da mi je ovo prvi Xiamomi telefon posle visedecenijskog koriscenja Samsunga (poslednji telefon Samsung A70) i LG-a. Radi se o telefonu sa konfiguracijom 64/6, MIUI Global, 13.03, Stabilna verzija, MIU 13. Telefon je lep, odmah sam ga stavio u gumenu futrolu a na ekranu je jos fabricka folija koju cu uskoro da zamenim staklom. Telefon ima sjajan ekran i bateriiju, odlican prijem, nije tezak. Za onog ko je navikao na Samsung interface isprva je malo cudno ali vremenom sve dodje na svoje. Najvise mi nedostaje brzi pomocni meni koji mi je uvek drugi nakon pocetnog ekrana. Na tom pomocnom meniju sam imao, zahvaljujuci Samsungovim vidzetima, precice najfrekventnijih aplikacija i kontakata te mi je pristup bio lak i brz a kod  Xiaomi toga nema. na drugoj strani, odmah mi se svideo brz pristup Xiaomi kontrolnom centru i laka aktivacija Wi-Fi  te je i pristup drugim komandama mnogo laksi nego prevlaciti prstom odozgo kao kod Samsunga. Ne igram igrice, telefon mi sluzi za pozive i poruke, surfovanje netom i drustvene mreze te za YT i slusanje muzike. Telefon radi veoma stabilno, bez seckanja i bagova. Zbog male unuitrasnje memorije kupio sam SD memorijsku karticu od 128 GB pa sav sadrzaja pakujem na nju a u unutrasnju memoriju nista ne ostavljam. Trenutno mi je slobodno 3,7 GB od 6 GB RAM-a i mislim da je to potpuno u redu. Zahvaljujuci stereo zvicnicima zvuk je jak i pun sto mi se posebno svidja. Kamera od 108 Mpx nije wooow, osrednja je u kako u dnevnom tako i u nocnom rezimu te pravi prosecne fotke i video zapise. Oseca se odsustvo OIS-a jer ako se ne pazi fotka lako bude zamucena.",12,"Dužina (>=15 reči), Suprotni veznici, Negacija, Specifikacija, Sleng, Motiv kupovine"
272,https://mobilnisvet.com/mobilni-komentari/l7m/Samsung/Galaxy-S23-Ultra/12,Samsung,Samsung Galaxy S23 Ultra,Voja,2024-08-15 23:57:00,Šta kupiti s23 ultra ili iphone 15 plus?,0,
273,https://mobilnisvet.com/mobilni/x0l/Xiaomi/13-Lite-256GB,Xiaomi,Xiaomi 13 Lite,tt,2024-01-26 13:18:00,"Da li postoji bilo kakva mogućnost stavljanja druge sim kartice, znči ne memorijske nego baš sim?",4,"Dužina (>=15 reči), Negacija"
274,https://mobilnisvet.com/mobilni-komentari/l7m/Samsung/Galaxy-S23-Ultra/17,Samsung,Samsung Galaxy S23 Ultra,Maja,2024-03-25 10:17:00,"Dvoumim se izmedju s23 ultra, a54 ili novi a55. Bitna mi je kamera (i selfi), baterija, da ne secka....Da li se isplati davati vise novca za S? Uzimam telefon da mi dugo traje..... Imam trenutno a71, bio mi j je odlican ali od skoro je poceo da baguje. Kod njega nisam zadovoljna selfi kamerom, npr. kod suncanog vremena plavo nebo postane belo na slikama,",9,"Dužina (>=15 reči), Suprotni veznici, Negacija, Sleng"
275,https://mobilnisvet.com/mobilni-komentari/6nv/Xiaomi/Redmi-Note-13-Pro+/5,Xiaomi,Xiaomi Redmi Note 13 Pro+,Redmi,2024-11-27 22:59:00,"Ljudi jedno pitanje, koja je razlika u ubrzaj punjenje i povecaj brzinu punjenja u podesavanjima baterije.",2,Dužina (>=15 reči)
276,https://mobilnisvet.com/mobilni-komentari/mgt/Samsung/Galaxy-A54/26,Samsung,Samsung Galaxy A54,Nenad,2023-05-02 22:46:00,"Kod mene baterija prosečan SOT izgura 7-8 sati, za sada sve radi kako treba, nemam nekih većih problema pri otvaranju raznih aplikacija, ekran veoma dobar, osvetljenje ekstra ne bledi ni na suncu sve se jasno i čitko vidi(Samsung verovatno ima najbolje ekrane na svetu), kamera je korektna, nije naravno kao flagsip modeli ali zadovoljavajuća je i za zahtevne korisnike, e jedino malo dizajn tu su mogli da se potrude, debele ivice izgleda kao cigla(sve je to stvar ukusa, lično mi ne smeta). Sve u svemu dobar telefončić za 350 evra sada može da se uzme 8/128, ko hoće doda još 30e i uzme najjaču verziju, svakako sa A54 dobijate 4 godine ažuriranja i 5 godina zakrpu. Pozdrav svima!",9,"Dužina (>=15 reči), Suprotni veznici, Negacija, Sleng"
277,https://mobilnisvet.com/mobilni/9295/Xiaomi/11T-Pro-12GB-256GB,Xiaomi,Xiaomi 11T Pro,Seki,2024-11-26 16:56:00,"Telefon Xiomi 11t pro se puni samo do 15%.U podesavanjima zastita baterija prijavljuje temperaturu ""vruce"" iako to nije.Da li neko zna o cemu se radi.(Uradjen je fabricki reset ali je  i dalje prisutan problem sa baterijom)",7,"Dužina (>=15 reči), Suprotni veznici, Negacija"
278,https://mobilnisvet.com/mobilni/2k1/Xiaomi/17T-Pro-12GB-512GB-2x-SIM,Xiaomi,Xiaomi 17T Pro,Goksi,2026-06-28 15:55:00,"Ma bolje a57 12/512 za 70 do 75k . Realno , samo mnogo ogranicen um bi kupio ovaj Xiaomi za 700e. Jeste da ovaj xiaomi ubija A57 kako hoces i da je 3 do 4 puta ukupno jaci, ali nebitno. Koga briga. Ako bacam pare pre bi bacio na krs krseva ikada najveci, nego na odlican 17t pro. Razmisljam mozda i da kupim za 125k iphone air ,sad je na snizenju , sa digitalnim zumom ,nema telefoto socivo , samo jednu kameru. Ultra slabu bateriju od 3100maha, koja jedva izdrzi 20h dnevno i ultra brzih punjenjem od 20w.",10,"Dužina (>=15 reči), Suprotni veznici, Negacija, Specifikacija, Motiv kupovine"
279,https://mobilnisvet.com/mobilni-komentari/blm/Honor/Magic5-Lite/15,Honor,Honor Magic5 Lite,Daca,2023-05-30 22:47:00,Honor magic 5 lite ili xiaomi note 12 pro?,0,
280,https://mobilnisvet.com/mobilni/9337/Samsung/Galaxy-M52-5G,Samsung,Samsung Galaxy M52 5G,Jelena,2023-11-20 09:07:00,"Pozdrav svima. Imam ovaj telefon više od godinu dana i sve je bilo ok do pre dvadesetak dana kada je signal pao na jako lošu poziciju. Menjala sam sim karticu u drugi telefon i ok je, vratim u ovaj opet jedna eventualno dve crtice. Išla sam i kod operatera, zamenila karticu ali se ništa nije promenilo. Signal je i dalje jako loš, razgovori se sami prekinu ili kvalitet poziva bude kao da pričate iz bureta ili ste robot. Da li se neko susreo sa ovim problemom i kako ga je rešio? Hvala",7,"Dužina (>=15 reči), Suprotni veznici, Negacija"
281,https://mobilnisvet.com/mobilni-komentari/9573/Samsung/Galaxy-S21-FE-5G/4,Samsung,Samsung Galaxy S21 FE 5G,Dara,2024-04-15 02:18:00,"Zasto se pljuje ovaj fon, izgled  telefona po meni lep, fluidan je, baterija za pozive i sms, i gledanje 2 do 3 h you tuba moze da pregura ceo dan.",2,Dužina (>=15 reči)
282,https://mobilnisvet.com/mobilni-komentari/87w/Honor/400-Pro-12GB-256GB-1x-SIM-1x-eSIM/7,Honor,Honor 400 Pro,Bojan,2025-12-03 22:15:00,"Kupio sam Honor 400 pro i punjac originalan 100w Gan Slim type C na type C napuni ga od 20% do 100% za tacno 25 minuta,telefon je bruka dobar sve sam stavio na maximalnu brzinu,kamere topčina,nema laga,nema baga jos sad ovaj os 10 sve same reči hvale,razmisljao sam se izmedju S25 Ultre i njega ali mi je drago što sam ipak njega odabrao,samsung je sve na istu foru,svake godine. Ja sam prezadovoljan svime sto se tiče 400 pro od kamera,do baterije,do brzine punjenja,do trajanja baterije ujutru dok popijem kafu od 7 do uvece do 10 mi dodje na 20% stalno sam u video pozivima,surf netom,ne igram igrice jer smatram da telefon treba da bude telefon a ne PSP .",10,"Dužina (>=15 reči), Suprotni veznici, Negacija, Specifikacija, Motiv kupovine"
283,https://mobilnisvet.com/mobilni/9793/Samsung/Galaxy-A13-4GB-128GB-Dual-SIM,Samsung,Samsung Galaxy A13,Lena,2025-12-26 18:31:00,"zelim samo da se pridruzim ostalim komentarima i kazem da je ovo moj telefon zadnje 3.5 godine i super radi i dan danas jedino sto visim celi dan na telefonu pa moram da ga punim 2 put dnevno.. uskoro kupujem a17 ali ovaj me je divno opsluzio i hvala mu, ko razmislja slobodno neka kupi super telefon za ovu cenu za koju sad moze da se nadje ispod 100 evra.",5,"Dužina (>=15 reči), Suprotni veznici"
284,https://mobilnisvet.com/mobilni/8tj/Xiaomi/Redmi-Note-14-Pro-5G-12GB-512GB-1x-SIM-1x-eSIM,Xiaomi,Xiaomi Redmi Note 14 Pro 5G,Miroslav,2025-02-09 23:00:00,"Kupio telefon Xiaomi redmi note 14 pro pre 7 dana, punjenje baterije (punjac ""mi 33w"", kabal dobijen u pakovanju, pise brzo punjenje) do 100% traje oko 2h ... Iako ne koristim previse telefon, baterija se jako brzo prazni, skoro da ne izdrzi ni 24h (nemam instaliranu skoro ni jednu aplikaciju, sem vibera, Ig, Fb)",10,"Dužina (>=15 reči), Suprotni veznici, Negacija, Specifikacija, Motiv kupovine"
285,https://mobilnisvet.com/mobilni-komentari/l7m/Samsung/Galaxy-S23-Ultra/35,Samsung,Samsung Galaxy S23 Ultra,Edo,2023-06-30 23:54:00,"Kupio Ultru pre 3 dana platio je 1100€, za kameru od 200mp totalni prosek , sve je po meni ok na telefonu klasicni samsungov model ali kamera je razocaravajuca po meni (ono sto je pucaju sve je marketing), inace samsung koristim zadnjih 10 godina tako da znam o cemu govorim da ne bude kontra komentara. Ne bih preporucio nekome kupovinu istog modela",10,"Dužina (>=15 reči), Suprotni veznici, Negacija, Specifikacija, Motiv kupovine"
286,https://mobilnisvet.com/mobilni/rgg/Xiaomi/Redmi-Note-13-Pro-5G-12GB-512GB-2x-SIM,Xiaomi,Xiaomi Redmi Note 13 Pro 5G,IgiD,2025-02-26 21:25:00,"Pozdrav narode. Posle skoro 4 meseca korišćenja, telefon dobro radi, ne secka, ne baguje...Zadovoljan sam. Nego, stiglo mi večeras obaveštenje za novu verziju Hyper  OS 2, 5,5 GB. Ne znam da li da instaliram? Naišao sam ovde na par komentara u vezi toga, korisnici nisu baš oduševljeni i zadovoljni, posebno baterijom. Kako se ponaša telefon posle nadogradnje? Da li neko ima probleme u radu sa aplikacijama, da se ne desi opet slučaj kada nam je zbog nadogradnje na Hyper telefon  (doduše stari RN 11S) zabagovao pa smo morali da obrišemo sve podatke iz njega (mislim na aplikacije banke, e-banking, ID consent i ostale...). Hvala unapred.",9,"Dužina (>=15 reči), Negacija, Specifikacija, Sleng, Motiv kupovine"
287,https://mobilnisvet.com/mobilni/blm/Honor/Magic5-Lite,Honor,Honor Magic5 Lite,Maco,2025-01-06 23:30:00,Neznam sta se zalite na honor ja sam kupio novi redmi 12 pro 5g  tel je sve dobar ali baterija krs djaba 67 vatni punac kad za 5h se izprazni baterija od 5000mh drzi samo 5-6h uzeo sam na staro honor magic 4 lite 5g u svemu je slabi od redmi Ali baterija traje I traje I to je 4800 maj sa 67w meni je povaznije da baterija traje nakraj sam svatio da nije sve u kameru amoled ekran u kada baterija je slaba to ti je kao da imas lepu kolu sa slabom masinu,10,"Dužina (>=15 reči), Suprotni veznici, Negacija, Specifikacija, Motiv kupovine"
288,https://mobilnisvet.com/mobilni-komentari/9573/Samsung/Galaxy-S21-FE-5G/20,Samsung,Samsung Galaxy S21 FE 5G,Boban,2022-05-16 14:19:00,Upravo stigla zakrpa za maj,0,
289,https://mobilnisvet.com/mobilni-komentari/9573/Samsung/Galaxy-S21-FE-5G/13,Samsung,Samsung Galaxy S21 FE 5G,Igor,2022-11-24 18:21:00,"Nije vise ovo onaj telefon sa samog pocetka. Sve sto su mogli da mu ogranice su ogranicili kroz azuriranja,zbog grejanja i potrosnje na snapu 888. Jeste da sad nema grejanja,i autonomija je pristojna,ali je zato sve nekako umrtvljeno,od skrolovanja bilo koje aplikacije koja nije samsungova (izuzev internet pregledaca samsungovog,i na njemu je kao da radi na recimo 90hz),pa do same fluidnosti telefona. Kad je izasao bio je munja,sad su ga bas ustrojili. Ne verujem u teorije zavere,ali je kod mene ovo ocigledno,jer ga koristim od marta meseca,i jednostavno se primeti.",10,"Dužina (>=15 reči), Suprotni veznici, Negacija, Specifikacija, Motiv kupovine"
290,https://mobilnisvet.com/mobilni-komentari/9260/Apple/iPhone-13/4,Apple,Apple iPhone 13,Miša,2024-08-25 11:31:00,"Pozdrav, imam jedno pitanje. Uzeo sam ovaj telefon, nov, vakuum pakovanje. Zanima me da li se nisam zeznuo. Planiram da me sluzi bar jos 2-3 godine. Staa vi mislite, da li sam se zeznuo ili sam odabrao pravi uredjaj? Hvala drugari!",3,"Dužina (>=15 reči), Motiv kupovine"
291,https://mobilnisvet.com/mobilni-komentari/9841/Samsung/Galaxy-A53-5G/8,Samsung,Samsung Galaxy A53 5G,Saso,2022-08-07 15:42:00,"Probila mi je svetlost na ekranu i često se zagrejava.Smece od mobitela.Koristio ga tri meseca.Uredno,mazen,pazen i eto sranja.Sada je na servisu.Kazu da moraju menjat celi prednji panel tvornicka greska kazu.Sad kako kome ja sam imao peh eto.",2,Dužina (>=15 reči)
292,https://mobilnisvet.com/mobilni-komentari/9841/Samsung/Galaxy-A53-5G/2,Samsung,Samsung Galaxy A53 5G,Bossko,2023-12-10 01:03:00,Nakon azuriranja na android 14 ne prikazuje obavestenja na zakljucanom ekranu.Sva podesavanja su ok.Ima li neko slican problem?,4,"Dužina (>=15 reči), Negacija"
293,https://mobilnisvet.com/mobilni/5d3/Samsung/Galaxy-M55s-8GB-256GB-2x-SIM,Samsung,Samsung Galaxy M55s,Marko,2025-10-07 18:19:00,"imao sam m31s za indijsko trziste i pukao mi je displej posle 6 godina mojom nepaznjom telefon je do pre par trenutaka radio bez jedne sekunde seckanja za tih 6 godina kamera je bila vrhunska i nije se grejao, za ovaj model konkretan ne mogu da nadjem ovu cenu znatno je skuplji kada okrecem prodavnice iznad 35000 dinara je ispravite me ako gresim.",4,"Dužina (>=15 reči), Negacija"
294,https://mobilnisvet.com/mobilni/n4p/Samsung/Galaxy-S25-Edge-12GB-512GB-1x-SIM-2x-eSIM,Samsung,Samsung Galaxy S25 Edge,D,2026-04-26 10:16:00,Koliko teži sa zaštitnom maskom i staklom?,0,
295,https://mobilnisvet.com/mobilni-komentari/xtr34/Samsung/Galaxy-Z-Flip4/2,Samsung,Samsung Galaxy Z Flip4,ns,2023-03-05 03:04:00,zanima me koliko stvarno traje baterija?,0,
296,https://mobilnisvet.com/mobilni-komentari/9573/Samsung/Galaxy-S21-FE-5G/11,Samsung,Samsung Galaxy S21 FE 5G,Stefan,2023-02-28 19:54:00,Ima li neko iskustva sa firmama iznad koje prodaju ovaj model? Hvala,0,
297,https://mobilnisvet.com/mobilni-komentari/9841/Samsung/Galaxy-A53-5G/9,Samsung,Samsung Galaxy A53 5G,Milica,2022-05-24 20:14:00,"Poz drugari,da li ima neke velike razlike izmedju A52 s 5g i A53 5g?Razlika u kameri mislim?,i da li se nekom od pomenutnih telefon javlja grejanje uredjaja?",2,Dužina (>=15 reči)
298,https://mobilnisvet.com/mobilni-komentari/7176/Apple/iPhone-11-Pro-64GB/6,Apple,Apple iPhone 11 Pro,Marko,2020-06-05 20:28:00,"Ljudi, posle vaganja izmedju s20 +, p40 pro, pro max... Pao je odabir na pro max, ali onda videh neke recenzije za obican pro i sada se razmisljam izmedju pro i pro max... Sta me zanima je, da li na obicnom pro nije mucenje zbog manjeg ekrana raditi u wordu, excelu... Odgledati neki film.... Yt...elektrinski prosvetni dnevnik... Da li je 5,8 premalo za te stvari.... Zasto bi davao novce za pro max ako je pro isti tel samo sa manjim ekranom i bat... Eto jedino me zanima da li je pro premalen... Trenutno sam na 6,1 inca p20 pro...",10,"Dužina (>=15 reči), Suprotni veznici, Negacija, Specifikacija, Motiv kupovine"
299,https://mobilnisvet.com/mobilni-komentari/9326/Huawei/nova-9/4,Huawei,Huawei nova 9,Nikolaa,2021-11-02 11:41:00,Sta mislite sta je bolja kupovina ovaj tel ili 52s?,0,
300,https://mobilnisvet.com/mobilni-komentari/8239/Samsung/Galaxy-S21-Ultra-5G/11,Samsung,Samsung Galaxy S21 Ultra 5G,Ajfon,2021-07-31 19:50:00,"Ovaj telefon ima sve ,ono sto I trazimo.",0,
301,https://mobilnisvet.com/mobilni-komentari/8389/Xiaomi/Redmi-Note-10-Pro/27,Xiaomi,Xiaomi Redmi Note 10 Pro,Pomoć,2021-08-30 15:50:00,"Zelene pruge preko celog ekrana, telefon ne reaguje,nakon dugog pritiska na restart ponovo se pokreće i posle toga sve ok. Hardver ili softver, reklamacija ili ne? Hvala na pomoći",4,"Dužina (>=15 reči), Negacija"
302,https://mobilnisvet.com/mobilni-komentari/l7m/Samsung/Galaxy-S23-Ultra/33,Samsung,Samsung Galaxy S23 Ultra,Ms89,2023-07-11 09:52:00,Moguće da je malo više.. meni sinoć kako ga skinem sa 85 posto bukvalno odmah na 84..ja reko dal sam se istrapovao..posle toga opet..jutros opet.. al ovako ok..ja samo znam brate da je na s22 ultra bila kriminal baterija pa se tešim ovom jer je stvarno bolja nego ono smeće što je bilo..tako da ono..nekad me iznenadi odjednom baterija nekada ono ne verujem...nikako neka sredina da se nadje ne zmma u čemu je fora..ali ja bukvalno odem iz kuće pre 6 ..i vratim se uveče u 7 i imam bateriju...meni je to najvažnije..,9,"Dužina (>=15 reči), Suprotni veznici, Negacija, Sleng"
303,https://mobilnisvet.com/mobilni-komentari/8389/Xiaomi/Redmi-Note-10-Pro/24,Xiaomi,Xiaomi Redmi Note 10 Pro,Perica,2021-11-13 08:52:00,"Juče sam kupio ovaj telefon A52s 6/128 gb. Prvi utisak je ok,medjutim za cenu koliko kosta ovekivah vise. Naime do sada sam imao Redmi note 10 pro i odmah iz prve ruke mogu sledece da kazem, po mom  misljenju kamera kod Redmia je bolja. U dnevnim uslovima slike kod Redmi su oštrije,bolji kontras imaju, boje su lepse. U nocnim uslovima sam ocekivao baf do A52s da bude bolji medjutim kada se ukljuci nocni rezim Redmi bolje izvlaci detalje i bolje se snalazi u kombinaciji tamnih i svetlih delova scene. Sto se videa tice ocekivao sam da Samsung razbije Redmi jer ima OIS,medjutim OIS je ukljucen samo do 1080p na 30fps, za 4k video ga nema,a ako ga uporedimo sa EIS na Redmi nema neke razlike najiskrenije. Sto se selfi kamere tice ocekivao sam da ce Samsung 32 mp ra razbije 16 mp kod Redmi,medjutim i tu sam se iznenadio,u losijim svetlostim uslovina ili na sobnom svetlu Redmi daje oštrije, a Samsung isprane i razmrljane fotke lica. Kad je izasao prvi A52 sa Sd 720g nisam hteo da ga uzmem jer je bio preskup za procesor koji je nudi. Uzeo sam sada ovaj sa SD 778 jer sam ocekivao generalno bolji telefon zbog procesora i svega sto Samung nudi oko kamera i softvera godinama jer sam  skoro 10 g Samsung korisnik i menjao sam telefone jednom  godisnje ili nekad i češće. Dvoumio sam  se izmedju A52s  i Poco f3  koji je jeftiniji,ali se odlucih za Samsung jer mi nesto povoljnije ispao nego sto je inace cena na trzistu.Ono sto  je prednost Samsunga je svakako softver. Da pomenem i ekran, sada A52s ima 120hz Amoled isto kao i RN10pro i  Poco f3,s tom razlikom  sto Xiaomi imaju HDR10  odnosno HDR10+ ekrane! Ko gleda YT sa hdr ili Netflix  zna koja je razlika. Ako  je uopste bitno Redmi i Poco  su po  meni lepsi telefoni. Redmi  je manje od 300 evra,Poco F3 oko 300  ili malo  preko  toga,A52s je oko 370e ili malo ispod ili iznad toga. Ako nekome  ne smetaju mali  bagovi softvera kod Xiaomi ocigledno da su njihovu telefoni bolja kupovina u ovom momentu,po meni ove godine najbolji telefon Samsunga u srednjem rangu je jednostavno preskup za  ono sto nudi za te pare.",12,"Dužina (>=15 reči), Suprotni veznici, Negacija, Specifikacija, Sleng, Motiv kupovine"
304,https://mobilnisvet.com/mobilni/8491/Xiaomi/Mi-11-Lite-5G,Xiaomi,Xiaomi Mi 11 Lite 5G,Okomomak,2023-06-03 10:13:00,"Ima li neko problem da ne stižu viber notifikacije? Sve ok bilo do skoro. Ništa nije menjano, ali neće da stižu dok se ne otvori aplikacija",7,"Dužina (>=15 reči), Suprotni veznici, Negacija"
305,https://mobilnisvet.com/mobilni-komentari/6nv/Xiaomi/Redmi-Note-13-Pro+/4,Xiaomi,Xiaomi Redmi Note 13 Pro+,Edo,2025-01-15 10:58:00,"Jedini Redmi telefon koji se isplati kupiti sada je upravo ovaj model ako vam nije bitna nešto lošija prednja kamera ili to što nema telefoto kameru za slikanje udaljenih objekata. Zaboravite na Redmi 14 seriju po onim lopovskim cenama. Ovaj ili Edge 50 Neo ili Honor 200 ostaju best buy u srednjoj klasi. Dodati ću i A55, ali Edge 50 Neo i Honor 200 smatram najboljim odabirima, a Edge 50 Neo još bolji zbog cene. Pozz od iskrenog recenzenta...",8,"Dužina (>=15 reči), Suprotni veznici, Negacija, Motiv kupovine"
306,https://mobilnisvet.com/mobilni-komentari/7651/Apple/iPhone-SE-(2020)/13,Apple,Apple iPhone SE (2020),Zoki,2020-07-13 11:22:00,"Pozdrav svima, jel uzeo neko preko Telenora od 128gb? Utisci? Hvala",3,"Specifikacija, Motiv kupovine"
307,https://mobilnisvet.com/mobilni/7181/Apple/iPhone-11-256GB,Apple,Apple iPhone 11,Vlado nk,2025-04-05 01:39:00,"Konacno i ja u Apple svijetu. Malo navikavanja ali ok, dakle telefon sam uzeo polovan za 90e. Telefon je Zestok, kamere otkidaju, brz i dan danas, lijep, zanimljiv.",6,"Dužina (>=15 reči), Suprotni veznici, Motiv kupovine"
308,https://mobilnisvet.com/mobilni-komentari/9835/Samsung/Galaxy-A33-5G/3,Samsung,Samsung Galaxy A33 5G,MikiŠalinac,2022-09-26 12:06:00,Da li neko zna kako na ovom modelu A33 5g da konektujem preko usb kabla na komp? Instalirao sam usb driver sa neta i neće nikako. Da li postoji rešenje?,2,Dužina (>=15 reči)
309,https://mobilnisvet.com/mobilni-komentari/l7m/Samsung/Galaxy-S23-Ultra/24,Samsung,Samsung Galaxy S23 Ultra,Kakvi su utisci,2023-11-11 16:01:00,Kakvi su utisci oneui6?,0,
310,https://mobilnisvet.com/mobilni-komentari/l7m/Samsung/Galaxy-S23-Ultra/28,Samsung,Samsung Galaxy S23 Ultra,LEDU,2023-09-20 16:02:00,"Pitanje vezano za punjenje telefona. Kupio sam telefon, stavio na punjač od Huawei od 40w ali mi ne puni brzo. Zna li neko razlog?",10,"Dužina (>=15 reči), Suprotni veznici, Negacija, Specifikacija, Motiv kupovine"
311,https://mobilnisvet.com/mobilni-komentari/8055/Apple/iPhone-12/9,Apple,Apple iPhone 12,Nata,2021-05-23 13:44:00,"Pozdrav,kako skinuti video sa yt na iphone12 pro max? Unapred hvala",0,
312,https://mobilnisvet.com/mobilni-komentari/8233/Samsung/Galaxy-S21+-5G/3,Samsung,Samsung Galaxy S21+ 5G,szj,2022-11-08 12:23:00,"Izasao je Android 13, one ui 5 za s21+.. Telefon osetno fluidnije radi, dodate su neke nove stvari, imate na youtube bukvalno sve. Napokon jedan okej update. Savet, instalirajte Good Guardians - Galaxy App Booster sa Samsung stora i odradite optimizaciju, ovo se inace savatuje nakon updejta da se obavezno odradi, moze da potraje dosta ali vredi!",5,"Dužina (>=15 reči), Suprotni veznici"
313,https://mobilnisvet.com/mobilni-komentari/9955/Honor/70/19,Honor,Honor 70,Dare,2022-09-29 10:41:00,"Koristim Honor 70 vec 2 sedmice. Moj lični utisak o ovom modelu. Dizajn jako dobar, lep, dobro izrađen. U ruci imate osećaj premijum telefona, to kakav je ram da li plastika ili metal niko nece primetiti, da kazete da je metal ne bi znali razliku. Ekran jako dobar solidno svetao na suncu, 120hz sve je ok. Da naglasim pre ovog sam imao P30 Huawei. Zvuk kao zvuk meni ne smeta sto nije stereo iskreno koristim slusalice a ovaj jedan je dovoljno glasan. Baterija dva dana ali malo sutra, sa ukljucenim mobilnim prenosom podataka, gledanjem klipova na youtube, surfovanjem na društevnim mrežama ili par aplikacija nema priče da traje više od jednog dana, dan će izdržati i nista vise od toga. Da naglasim igrice ne igram. Brz je stvarno, ko igra igrice moze reći ima bržih ali ovo je više nego dovoljno, brzo puni takođe i punjač dođe u pakovanju. Mane kao moje najveće razocarenje. IP sertifikat nije iskreno ne planiram se kupati sa njim i znao sam da ga nema. Kamere su blago receno očajne. P30 bolje kamere ima potpisujem. Upalite kameru o gledate na ekranu pa sta je ovo je li moguće, okinete sliku i kad je želite otvorite pise učitajem sliku nakon 2s slika se ispadne mnogo bolje nego sto se videli prilikom slikanja ali nista posebno čak preterano veštački izoštrena kao da bi imala što više detalja. Selfi kamera očaj jedan, ja ne znam da li je mog modela ali ivice fotografija imaju neku senu koja kao sto je i za glavnom kada se otvori posle fotografisanja malo to sredi ali opet postoji, obučete tamnu odecu i jasno se vidi svetla sena. Moja topla preporuka zaobići ovaj model i Honor telefone kopiju Huawei telefona, to je to kopija. Kupite S21 Fe koji osim očajne baterije nema ni jedan veći nedostatak. Ovo je moj prvi i zadnji Honor. Pozdrav",9,"Dužina (>=15 reči), Suprotni veznici, Negacija, Specifikacija"
314,https://mobilnisvet.com/mobilni-komentari/9841/Samsung/Galaxy-A53-5G/5,Samsung,Samsung Galaxy A53 5G,Dragan,2023-01-25 13:05:00,Uzmi honor 50 ili 70 i bićeš zadovoljan ili zadovoljna. Brzo punjenje od do 100 % za samo 45 minuta to nemoze nijedan Samsung. A za Samsung mogu da kažem da je jako dobar jer sam imo samsung a 50 3 godine . Bez problema radio,4,"Dužina (>=15 reči), Negacija"
315,https://mobilnisvet.com/mobilni-komentari/9638/Samsung/Galaxy-S22-5G/2,Samsung,Samsung Galaxy S22 5G,Milan,2024-04-21 17:16:00,"Jel se isplati ovih dana uzeti Samsung not 10, kao nov, godinu dana garancija za 200€.. bitan mi je izgled telefona i brzina..",2,Dužina (>=15 reči)
316,https://mobilnisvet.com/mobilni-komentari/8233/Samsung/Galaxy-S21+-5G/5,Samsung,Samsung Galaxy S21+ 5G,Korisnik,2021-09-28 13:12:00,"Zadovoljna, fotografije vrhunske, baterija traje, staklo se pomera, preporuka odmah maska na preklop.",0,
317,https://mobilnisvet.com/mobilni-komentari/x9p/Samsung/Galaxy-S23+/3,Samsung,Samsung Galaxy S23+,Deki bg,2023-12-25 15:47:00,"Od juce ne mogu da punim mobilni preko kabla.Nece da udje metalni deo u mobilni,nosim ga u servis.I Samsung nekada omane.",4,"Dužina (>=15 reči), Negacija"
318,https://mobilnisvet.com/mobilni-komentari/blm/Honor/Magic5-Lite/4,Honor,Honor Magic5 Lite,Zoki,2024-01-21 22:03:00,Najnovija verzija GCam od BSG ima Config fajl za Magic5 Lite pod nazivom Honor X9a. U RAW formatu rezolucije fotke ubijaju. Download ENG.apk i config fajl odavde,4,"Dužina (>=15 reči), Sleng"
319,https://mobilnisvet.com/mobilni-komentari/5rz/Xiaomi/Redmi-Note-13-Pro-5G/5,Xiaomi,Xiaomi Redmi Note 13 Pro 5G,Marija,2024-04-01 23:26:00,"Nikad nisam nista komentarisala sada moram kao upozorenje. Igračka. Bila sam prinuđena, jer sam slomila Xiaomi Redmi 10 pro I to na ekran i zbog posla sam uzela ono sto je imalo u tom trenutku ( Kosovska Mitrovica). Prednja kamera nista, zadnja ok, ali bolja na deset pro, baterija jedan dan uz normalno korišćenje a ima brzi punjač 67W, Google Voice koji me spasavao na 10 pro pa sam brzo radila tekstove, slala mejlove poruke u vožnji, ovde nula sporo reaguje. Bukvalno ništa posebno bas. I da cena ovde 390 evra. Bas bas bzv. Ne preporučujem",10,"Dužina (>=15 reči), Suprotni veznici, Negacija, Specifikacija, Motiv kupovine"
320,https://mobilnisvet.com/mobilni-komentari/53bb5/Xiaomi/12T/2,Xiaomi,Xiaomi 12T,Đuka,2023-03-01 18:14:00,"Trza i propinje se ko trkački konj pri skrolovanju,problematičan procesor,nakon ažuriranja na MIUI 14 zabadaju aplikacije pri otvaranju, najviše gmail. Zaobići svakako!",2,Dužina (>=15 reči)
321,https://mobilnisvet.com/mobilni/fmj/Apple/iPhone-16-Pro-8GB-1TB-2x-SIM,Apple,Apple iPhone 16 Pro,Dremix,2025-12-20 18:38:00,Dvoumim se izmedju iphone 16 pro 256gb (880e) ili 17 pro 256gb (1150e) bitna mi je baterija koja je bolja I vase iskustvo stk je bolje,4,"Dužina (>=15 reči), Specifikacija"
322,https://mobilnisvet.com/mobilni/9qc/Apple/iPhone-17-Pro-12GB-1TB-2x-eSIM,Apple,Apple iPhone 17 Pro,Mateja,2026-01-22 23:16:00,"Trenutno stanje cena je tako da je razlika izmedju 17 pro i pro maxa sam 100e, i ne mogu da se odlucim koji uzeti.Trenutno koristim iphone 13 pro max.",4,"Dužina (>=15 reči), Negacija"
323,https://mobilnisvet.com/mobilni-komentari/7176/Apple/iPhone-11-Pro-64GB/3,Apple,Apple iPhone 11 Pro,Pitanje,2021-06-09 10:02:00,"Meni je telefon poceo da se greje prilikom upotrebe, desava li se i vama? Nije rec o gledanju videa pola sata nego npr 5 minuta instagrama",4,"Dužina (>=15 reči), Negacija"
324,https://mobilnisvet.com/mobilni-komentari/9573/Samsung/Galaxy-S21-FE-5G/18,Samsung,Samsung Galaxy S21 FE 5G,Milan,2022-08-09 10:44:00,"Poz ljudi, u dilemi sam sta uzeti. Hteo bih samsung zbog podrške i što najmanje gubi vrednost u kasnijoj prodaji. Jedino sti me plaši je ta baterija koja je na svakom samsungu loša.. Na tel nikad ne igram igrice i nisam zahtevan korisnik, bitna mi je kamera i dobar softver. Znaci malo surf netom, pozivi, viber whatsapp, ponrka fotka itd.. Valjda bi mogao da izdrži dan?",5,"Dužina (>=15 reči), Negacija, Motiv kupovine"
325,https://mobilnisvet.com/mobilni-komentari/8055/Apple/iPhone-12/10,Apple,Apple iPhone 12,Gaga,2021-02-03 14:40:00,"Iphone 12 128gb ili Samsung S21? Bitna mi je baterija, da ga ne punim bas 2x dnevno, kamera, Word, Excel (koristim telefon za posao bas dosta). Igrice ne igram i ne gledam filmove. Korisnik sam Huawei-ja i prezadovoljna sam, ali sam definitivno odustala od nove serije zbog nedostatka Google-a... Iskreno me malo i brine hocu li se navici na Iphone",10,"Dužina (>=15 reči), Suprotni veznici, Negacija, Specifikacija, Motiv kupovine"
326,https://mobilnisvet.com/mobilni/9873/Honor/X7,Honor,Honor X7,Jordanco,2023-10-09 18:18:00,Dali netko zna koja je opcija na Honor x7 kada zvonim na drugi telefon i kada se ukluci telefon za razgovor sa druge strane ima kratke vibracije pred razgovora.Ako netko zna gde je ta opcija da isklucim vibraciju na samom pocetku razgovora.Unapred hvala,2,Dužina (>=15 reči)
327,https://mobilnisvet.com/mobilni-komentari/9266/Apple/iPhone-13-mini/3,Apple,Apple iPhone 13 mini,Tomislav,2023-01-14 15:14:00,Posle godinu dana baterija spala na 99%.Punjenje samo nocu kablom bez adaptera ukljucenog u usb ulaz na tv.pa eto savet ako neko hoce da sacuva bat.,4,"Dužina (>=15 reči), Negacija"
328,https://mobilnisvet.com/mobilni/2pg/Xiaomi/Redmi-Note-14-4G-8GB-256GB-2x-SIM,Xiaomi,Xiaomi Redmi Note 14 4G,Realno,2025-11-02 20:28:00,kupio sam ga novog u trgovini prije par dana. i izgleda da mu baterija ne valja. Napunio sam ga jutros i sama se spustila baterija sa 100 na 80% a nista nisam radio na njemu. Ne znam zašto. Ekran mu je malo taman i ne izgleda kao da je oled. Boje nisu su jake kao na oledu. Kamera po mraku radi  lose fotke. A ne pomaže ni gcam aplikacija da fotke budu bolje po mraku .Ovih dana je oblačno pa nisam mogao isprobati kameru po sunčanom vremenu. Po oblacnom vremenu fotke imaju blijede isprane boje. Zvuk na zvučnicima je ok ali donji se cuje  puno jace od gornjeg zvučnika. Zvuk na slusalice je jako dobar. Video kamera je prosjek.  Mislim da sam se zeznuo kad sam ga kupio.,10,"Dužina (>=15 reči), Suprotni veznici, Negacija, Sleng, Motiv kupovine"
329,https://mobilnisvet.com/mobilni-komentari/lxn/Xiaomi/Redmi-Note-12-4G/2,Xiaomi,Xiaomi Redmi Note 12 4G,Jasna,2023-07-09 12:41:00,"Kada se pristupi viber aplikaciji ili galeriji cekam 10 sekundi i onda dobijam poruku wait, report or close app. Ako izaberem wait onda i dalje cekam. Ako zatvorim, onda nekad hoce, a nekad nece. Da li ima neki lek?",2,Dužina (>=15 reči)
330,https://mobilnisvet.com/mobilni-komentari/7651/Apple/iPhone-SE-(2020)/2,Apple,Apple iPhone SE (2020),Aleksandar,2022-09-20 22:53:00,Baguje mi viber otkako sam apdejtovao na IOS 16. Da li se to jos nekom desava?,2,Dužina (>=15 reči)
331,https://mobilnisvet.com/mobilni-komentari/khb/Samsung/Galaxy-S23/8,Samsung,Samsung Galaxy S23,kiki,2024-10-15 18:34:00,"Imam model sa 2 kartice. Telefon radi ok i mogu reci da sam zadovoljan nakon 3-4 meseca. Kad primam poziv ne pise mi na dipsleju na koju karticu me zove korisnik, odnosno ne vidim da li je taj poziv na moj sim1 ili na sim2. Kako to da oznacim ili ukljucim neku opciju da mi jasno pise da me zovu na sim1 ili sim2? Vec mi stvara problem jer se krecem u romingu i ne znam na koji me broj neko zove. Pokusao sam neke boje ikonica i naziva za sim da stavim druge, ali ne ide...",7,"Dužina (>=15 reči), Suprotni veznici, Negacija"
332,https://mobilnisvet.com/mobilni-komentari/8491/Xiaomi/Mi-11-Lite-5G/3,Xiaomi,Xiaomi Mi 11 Lite 5G,Hellbound,2022-03-04 20:19:00,"Imam Mi 11 Lite 5G skoro 7 meseci, stigao mi je nov MIUI 13.0.3 sistem. Uopšte nisam zadovoljan baterijom, 1h i 45 minuta uključenog zaslona baterija je na 59%. Napominjem da ne igram igrice, telefon koristim isključivo za dopisivanje, društvene mreže i yt. Posle ovog ažuriranja telefon ću morati da punim sigurno 2 puta na dan, brzo se puni to je okej ali nije normalno da se baterija tako brzo prazni. To je jedina boljka ovog telefona, vidim da neki imaju problema sa senzorom otiska prsta. Ja takvih problema nemam, učitava otisak iz prve. Ekran je odličan, zvučnici su dosta glasni i kvalitetni, procesor nije efikasan što se tiče potrošnje baterije, kamere su skoro pa savršene za ovu cenu. Skoro u svakom segmentu je telefon dobar, ali baterijom me je razočarao jer moram sad telefon da koristim na 60Hz..",9,"Dužina (>=15 reči), Suprotni veznici, Negacija, Specifikacija"
333,https://mobilnisvet.com/mobilni-komentari/9573/Samsung/Galaxy-S21-FE-5G/13,Samsung,Samsung Galaxy S21 FE 5G,Nena,2022-12-02 21:23:00,Pozdrav dvoumim se koji kupiti mob S21 plus ili s21 fe treba mi vase mišljenje. Hvala,2,Dužina (>=15 reči)
334,https://mobilnisvet.com/mobilni-komentari/8389/Xiaomi/Redmi-Note-10-Pro/2,Xiaomi,Xiaomi Redmi Note 10 Pro,Anavi,2024-02-19 20:46:00,"Hej,imam Xiaomi note 10 pro dve godine i četiri meseca i super je...I kako sam htela sa zanovim telefon kupim isti model samo u drugoj boji i sa memorijom 8GB/128GB...Ali kamera na novom telefonu ni blizu kao na starom...I ako sam sva podešavanja namestila kao i na predhodnom ne pravi slike veće od 5MB,a stari telefon bas suprotno ne pravi slike manje od 5MB...Slike imaju ostrinu bolji kontrast boja ma vidno bolje definitivno...E sad zna li neko sta moze biti ili je prosto do serije telefon? Da naglasim oba telefona su EU verzija...S tim da noviji ima Android 14...Bas sam razočarana...",9,"Dužina (>=15 reči), Suprotni veznici, Negacija, Specifikacija"
335,https://mobilnisvet.com/mobilni/r05/Samsung/Galaxy-S26-Ultra-16GB-1TB-2x-SIM-2x-eSIM,Samsung,Samsung Galaxy S26 Ultra,info,2026-07-18 10:26:00,"sto tolko hejtujete uređaj,ako vam se ne svidja kupujte drugi,ni meni se ne dopada,ne moram da pišem gluposti..",4,"Dužina (>=15 reči), Negacija"
336,https://mobilnisvet.com/mobilni/9846/Samsung/Galaxy-A53-5G-8GB-256GB-Dual-SIM,Samsung,Samsung Galaxy A53 5G,Nikola,2025-03-04 12:04:00,"Imam ovaj telefon skoro dve godine, veoma sam zadovoljan. Brz je, pouzdan, dobro drži bateriju, dobar ekran...sve preporuke sa moje strane. Nijedan bag nisam imao, osim što teže čita otisak prsta ako je napolju hladno. Sve drugo je sasvim u redu. Radi bez ikakvih problema.",4,"Dužina (>=15 reči), Negacija"
337,https://mobilnisvet.com/mobilni-komentari/8055/Apple/iPhone-12/6,Apple,Apple iPhone 12,Marko,2022-01-14 12:34:00,"Planiram da kupim Iphone 12 64GB pa bih me zanimalo da li ima ovaj Iphone 12 64GB nekih čestih problema oko ekrana, kamere i slično ili je dobra kupovina?",4,"Dužina (>=15 reči), Specifikacija"
338,https://mobilnisvet.com/mobilni-komentari/9573/Samsung/Galaxy-S21-FE-5G/19,Samsung,Samsung Galaxy S21 FE 5G,nolee,2022-06-25 20:56:00,"Na kraju sam ga pazario,sve je odlicno nemam reci ekran, kamere, jako fluidan rad... ali baterija, baterija je očajna na 120hz na 60 necu mi da spustam jer ne vidim poentu ako se ne koristi sve sto telefon pruza.. sreća pa nisam prodao p30 pro, ovaj ce verovatno na oglase jer je baterija očajna..",9,"Dužina (>=15 reči), Suprotni veznici, Negacija, Specifikacija"
339,https://mobilnisvet.com/mobilni/cx6/Xiaomi/Redmi-15-5G-4GB-128GB-2x-SIM,Xiaomi,Xiaomi Redmi 15 5G,Kiki,2026-02-13 09:26:00,Mogu se kladiti da mu je video kamera ocajna. Bolje snimaju video mobiteli stari 14 godina.,2,Dužina (>=15 reči)
340,https://mobilnisvet.com/mobilni/xhk/Xiaomi/15-Ultra-12GB-256GB-2x-SIM-2x-eSIM,Xiaomi,Xiaomi 15 Ultra,Ankica,2025-10-26 03:35:00,Da li mozete da me posavetujete koji model je bolji X15 ili X15ultra. Hvala,0,
341,https://mobilnisvet.com/mobilni/9569/Xiaomi/12-12GB-256GB,Xiaomi,Xiaomi 12,Milena,2024-03-22 09:21:00,Pozdrav :) Razmisljam o kupovini ovog telefona pa me zanima da li se isplati uzeti ga u 2024. godini? Do kada ce imati podrsku? I da li se negde moze kupiti van oglasa?,2,Dužina (>=15 reči)
342,https://mobilnisvet.com/mobilni/cq3/Samsung/Galaxy-A56-12GB-256GB-2x-SIM-2x-eSIM,Samsung,Samsung Galaxy A56,Tesla X,2026-07-09 14:05:00,Galaxy A56 je Top za ove pare.... za ispod 300€,0,
343,https://mobilnisvet.com/mobilni-komentari/l7m/Samsung/Galaxy-S23-Ultra/10,Samsung,Samsung Galaxy S23 Ultra,Dejan,2024-10-12 01:29:00,"Kupio sam danas ovaj telefon,opcija 12/256",1,Motiv kupovine
344,https://mobilnisvet.com/mobilni-komentari/9573/Samsung/Galaxy-S21-FE-5G/11,Samsung,Samsung Galaxy S21 FE 5G,Mile,2023-03-06 13:00:00,"Pozdrav drugari,da li je neko instalirao gcam koji dobro radi na s21fe? sve koje sam probao zamrzava ekran kamere.Hvala unapred",2,Dužina (>=15 reči)
345,https://mobilnisvet.com/mobilni-komentari/7651/Apple/iPhone-SE-(2020)/7,Apple,Apple iPhone SE (2020),Vuk,2021-01-02 22:07:00,"Odličan telefon, čak me i baterija iznenadila koliko dugo traje a kako su neki govorili da ne izdrži ni dan. Ljudi ne nasjedajte na ove priče o bateriji kako se mora puniti po 2 puta na dan. Preporučio bi telefon svima kome ne smeta manji ekran, ja sam prešao sa dosta većeg androida i odmah sam se navikao a i vise mi odgovara.",4,"Dužina (>=15 reči), Negacija"
346,https://mobilnisvet.com/mobilni-komentari/8389/Xiaomi/Redmi-Note-10-Pro/29,Xiaomi,Xiaomi Redmi Note 10 Pro,Pljeki,2021-08-18 01:40:00,"Uzmi Redmi 10 note pro. Slični su u radu ali redmi ima 3.5 ulaz, slot vise za sim ili memoriju, 8 GB RAMa neuporedivo je lepši, manji otvor kamere napred i 120hz ekrana. Trebaće ti malo vremena da ga kastomizuješ ili prilagodiš sebi nakon toga ces biti pre pre zadovoljnas. Nije tačno da sams bolje lezi u ruci. Predebeo je.",9,"Dužina (>=15 reči), Suprotni veznici, Negacija, Specifikacija"
347,https://mobilnisvet.com/mobilni-komentari/2wjlc/Xiaomi/13/2,Xiaomi,Xiaomi 13,Domla,2024-03-02 12:11:00,"Da li je moguće da ovi iz Xiaomija odrade bolji dizajn kod jeftinih modela, nego kod premium. I cena? Znaju da im ta priča sa budženjem cena premium modela kod nas ne prolazi, i opet teraju isto",4,"Dužina (>=15 reči), Negacija"
348,https://mobilnisvet.com/mobilni/hy4/Samsung/Galaxy-A36-12GB-256GB-2x-SIM-2x-eSIM,Samsung,Samsung Galaxy A36,Vesna,2025-10-28 22:20:00,"Dal ima neko problem na A36.. da ne reprodukuje zvuk na zicane ili bluethoth sluslice, iako uparene.. dal treba nova verzija bt slusalica ili org.samsung bugs sluske",7,"Dužina (>=15 reči), Suprotni veznici, Negacija"
349,https://mobilnisvet.com/mobilni-komentari/9841/Samsung/Galaxy-A53-5G/4,Samsung,Samsung Galaxy A53 5G,Perica,2023-03-31 21:51:00,"Žena uzela za 30hilj Realme 9 pro plus i mogu reci da je glavna kamera od 50mp OIS u odnosu na A53 jednakakog kvaliteta ako ne i bolja..prilicno sam se iznenadio,obzirom na trenutnu cenu tel i sta nudi za te pare i 2 god zvanicne garancije. Jeste ekran 90hz,procesor je Mediatek koji je brzi od Enynos na A53,ali malo sporiji od Sd 778 na A52s. Ostalo sve ok,dizajn,celokupno pakovanje sa sve punjacem od 65w,silikonom...Inace kamera nije mnogo losija od Oneplus nord 2. U poredjenu sa takodje mojim Realme gt 5g kamera je neuporedivo bolja..Ocigledno da je 50mp sa OIS su pun pogodak kao glavna kamera.",9,"Dužina (>=15 reči), Suprotni veznici, Negacija, Specifikacija"
350,https://mobilnisvet.com/mobilni-komentari/khb/Samsung/Galaxy-S23/15,Samsung,Samsung Galaxy S23,teodora,2024-01-11 11:09:00,Drugari jedno pitanje Da li S23 ili Iphone 15 da uzmem? Vise mi se svidja izgled 15 i gledam recenzije da su i kamere bolje na tom Iphonu. Da li ima neke velike razlike? Hvala svima,2,Dužina (>=15 reči)
351,https://mobilnisvet.com/mobilni/6c6/Xiaomi/Redmi-Note-13-5G-6GB-128GB-2x-SIM,Xiaomi,Xiaomi Redmi Note 13 5G,Caka,2025-02-24 09:39:00,Pogresili su za procesor u mom je snepdregon 685.,0,
352,https://mobilnisvet.com/mobilni-komentari/2wjlc/Xiaomi/13/5,Xiaomi,Xiaomi 13,Paki,2023-03-07 23:27:00,"Kinezi koji namecu evropljanima cene skoro duplo vece nego u kini, smejurija :D planirao sam da kupim s23 ali ajde ipak cekam da vidim zvanicne cene nove saomi serije pa da odlucim....",5,"Dužina (>=15 reči), Suprotni veznici"
353,https://mobilnisvet.com/mobilni-komentari/9573/Samsung/Galaxy-S21-FE-5G/5,Samsung,Samsung Galaxy S21 FE 5G,neo,2024-01-06 17:15:00,"Hello. Moze li pomoc. Kupio bih model sa 8/256 memorije ali kako po nekoj oznaci na kutiji prepoznati da li je Exynos ili Snapdragon verzija telefona u Box-u. Ove sto su delili na promociji svi su Snapdragon i svi imaju oznaku SM-G990B2/DS gde ih ovo B2 ""razotkriva"" da su SD ali za ove sa 256GB ne znam :( . . . PO MO C!",10,"Dužina (>=15 reči), Suprotni veznici, Negacija, Specifikacija, Motiv kupovine"
354,https://mobilnisvet.com/mobilni-komentari/7651/Apple/iPhone-SE-(2020)/4,Apple,Apple iPhone SE (2020),Dana,2021-12-23 14:23:00,Da li uzeti iphone se ili 11?,0,
355,https://mobilnisvet.com/mobilni/mhj/Xiaomi/14-12GB-512GB-2x-SIM,Xiaomi,Xiaomi 14,Fila,2025-07-15 11:43:00,"Nema nigde da se kupi novi Xiaomi 14. Kažu nema ga kod dobavljača. Šta uzeti kao alternativu u tom cenovnom rangu (vrhunska kamera, i dobra baterija prioritet) a da je sličnih ili boljih karakteristika Xiaomi 14T Pro, Honor 400 Pro ili nešto treće?",4,"Dužina (>=15 reči), Negacija"
356,https://mobilnisvet.com/mobilni-komentari/gzw/Honor/Magic8-Pro-12GB-256GB-1x-SIM-1x-eSIM/2,Honor,Honor Magic8 Pro,Ivan,2026-05-28 00:04:00,"Bukvalno svako ko prati telefone zadnjih 3-4 godine zna da OnePlus pravi kompromis na kamerama. To ce ti reci i ljudi koji se bave telefonima po youtubu, samo treba da otvoris internet i ne pises napamet. Drzi se ti norda nisi za bolje",4,"Dužina (>=15 reči), Negacija"
357,https://mobilnisvet.com/mobilni-komentari/53bb5/Xiaomi/12T/3,Xiaomi,Xiaomi 12T,Shone,2022-12-11 19:55:00,"Sta je vasa preporuka, Xiaomi 12 ili ovaj 12T?",0,
358,https://mobilnisvet.com/mobilni/8715/Honor/50-8GB-256GB,Honor,Honor 50,Kkk,2024-10-14 16:25:00,"Da se javim sa utiscima. Koristio sam telefon nepune 2 godine, tacnije 23 meseca 😂",2,Dužina (>=15 reči)
359,https://mobilnisvet.com/mobilni-komentari/8239/Samsung/Galaxy-S21-Ultra-5G/8,Samsung,Samsung Galaxy S21 Ultra 5G,Bane,2021-12-01 21:03:00,"Da li neko ima iskustva sa aktivnim korišćenjem 2 kartice u telefonu? Pozivi, poruke, Viber, WhatsApp na oba broja. Zanima me trajanje baterije u tim okolnostima. Da li može da izdrži ceo dan? Da li žderu bateriju dupli Google services?",2,Dužina (>=15 reči)
360,https://mobilnisvet.com/mobilni-komentari/8497/Xiaomi/Mi-11i/2,Xiaomi,Xiaomi Mi 11i,CSS,2021-08-27 21:08:00,"Zdravo! Molim za mišljenje, da li menjati Mi 11i, verzija 8/256 gb, za OnePlus 8, verzija 12/256? Prva opcija mi je bio OnePlus 8T, ali, kada sam obnavljao ugovor u A1, nije ga bilo, pa sam uzeo Mi 11i. Sad postoji opcija za zamenu, 1/1, za pomenuti OP 8. Da li je to dobra ponuda, ili je Mi 11i bolji uređaj? OP 8 mi se više sviđa, posebno Oxygen OS. Hvala!",10,"Dužina (>=15 reči), Suprotni veznici, Negacija, Specifikacija, Motiv kupovine"
361,https://mobilnisvet.com/mobilni-komentari/8389/Xiaomi/Redmi-Note-10-Pro/37,Xiaomi,Xiaomi Redmi Note 10 Pro,X mob,2021-05-06 21:17:00,"E ljudi kad stavim na 120hz ekran zatreperi na sekundu i stane cim nesto skorlujem i stanem ponovo tako zatreperi i stane znaci samo jednom zatreperi,ovo se na 60hz ne desava,sta je u pitanju,da li je to normalno ili je neka falinka,to kad zatreperi je jedva vidljivo mislim ni nesmeta al ne znam da li ce ekran riknuti zbog toga???",10,"Dužina (>=15 reči), Suprotni veznici, Negacija, Specifikacija, Motiv kupovine"
362,https://mobilnisvet.com/mobilni-komentari/9293/Xiaomi/11T-Pro/4,Xiaomi,Xiaomi 11T Pro,Zvezdan,2022-12-15 21:46:00,"Pozz svima,imam mi11t pro,od aprila do sada prvocu reci dobre stvari,brzo punjenje,tejanje baterije 12 sati pod igricom koja radi na 2,3gb sa 120osvezenjem,osvetlenje skoro do maximuma blago se greje,na mesecnom nekom proseku igra dungeon hunter,clash of king i viber potrose oko 220gb mesecno,tu sve radi extra,. Lose ko njega stalno se nevezano okljucuje ikonica neometaj i sama nestaje,desava se da napunjacu se pokazuje kao daga neko neprekidno ubada u struju,menjao sam i punjac drugi od 120w,isto,sam se ugasi nevezano koliko ima stuje u njemu,ovo dole lose kod njega se desava kad telefon ne radi,dame zeza u igrici ili na viberu razbio biga kineza,uzeo sam samo sto moze moju muziku za sms da postavi,dok samsung to nema,inace u rangu je sa samsung a72 koji imam,i koji tacno prikazuje karakteristike,ovde na mi 11t pro kazu da ima8gb ram,laz. Mobis elekronik ovlasceni servis za Xiaomi pokazalimi da stvarno njegova ram je 6plus 2gb,ipak dajem prednost starom a7a2 samsung,kamere su iste i ako ovde pise 108mp.pozz",10,"Dužina (>=15 reči), Suprotni veznici, Negacija, Specifikacija, Motiv kupovine"
363,https://mobilnisvet.com/mobilni-komentari/8389/Xiaomi/Redmi-Note-10-Pro/39,Xiaomi,Xiaomi Redmi Note 10 Pro,Samir,2021-03-28 13:25:00,"Koristim ovaj telefon dve nedelje (verzija 6/128 Gb). Prethodno sam imao Redmi Note 9 Pro tako da bih direktno uporedio ova dva aparata. Dizajn: 10P je laksi i tanji sto se oseti u dzepu, rupica prednje kamere je manja na 10Pp koji uz to ima i dva stereo zvunicka (nije hibrid kao kao X3 Nfc). Ekran: stvar ukusa da li vise preferirate Amoled ili Ips ali 10P ima definitivno bolju vidljivost na jakom svetlu kada ste napolju. 10P ekran ima opciju osvezavanja na 120Hz ali ona se ne podesava automatski kao kod nekih drugih aparata vec morate sami da izaberete jednu od ponudjene dve opcije. Razlika u brzini osvezavanja se itekako vidi ali to ima svoju cenu u vidu brzeg praznjenja baterije. Ako je verovati preinstaliranoj aplikaciji za optimizaciju koriscenja baterije, ako koristite osvezavanje na 120Hz baterija ce se isprazniti gotovo 2 sata brze u odnosu na standardnih 60Hz. S obzirom da je amoled ekran u pitanju postoji i opcija Always on ali navodno zbog optimizacija rade baterije on moze biti aktivan samo 10 sekundi posle cega se iskljucuje tako da iskreno receno ne znam cemu Always on sluzi ako nije uvek aktivan kao na Samsung aparatima. Baterija: nominalno posmatrano 10P i 9Pp imaju isti kapacitet baterije medjutim u stvarnosti meni je baterija na 9P bez problema izdrzavala i dva dana, na 10P dan i po maksimalno. Ono sto je takodje zanimljivo i ako je brzina punjaca na 10P za 10% vece nego na 9P, definitivno se baterija brze puni na starijem modelu. Softver: 10P dolazi za Android 11, Miui 12 dok je na prethodniku verzija 10 sa Miui 12. Iskreno ja nisam primetio gotovo nikakvu razliku izmedju ove dve verzije Androida na ovim Xiaomi aparatima. Videcemo sta ce doneti Miui 12.5. Zvuk: 10P ima dva prava zvucnika sto bi bilo interesantno za nekoga ko aparat intenzivno koristi za igrice ili gledanje videa mada je po meni zvuk na 9P bio vise nego dovoljno glasan i na zvucniku i na na slusalici. Sto se tice kamera i igrica, to zaista ne mogu da komentarisem detaljnije jer telefon ne koristim za igranje a fotografije mi izgledaju dobro na oba aparata bar za moje potrebe. Sve u svemu ako bih trebalo da istaknem glavne prednosti 10P u odnosu na 9P onda su to: brze osvezavanje i bolja vidljivost ekrana u spoljasnjim uslovima , verovatno nesto bolje kamere i postojanje dva zvucnika dok s druge strane 9P definitivno ima bolju bateriju koja duze traje i brze se puni.",10,"Dužina (>=15 reči), Suprotni veznici, Negacija, Specifikacija, Motiv kupovine"
364,https://mobilnisvet.com/mobilni/gzw/Honor/Magic8-Pro-12GB-256GB-1x-SIM-1x-eSIM,Honor,Honor Magic8 Pro,C,2026-06-16 13:29:00,"Posle 3 meseca samo pozitivni utisci. Ekran me prijatno iznenadio kao i kamere. Fotke fantastične, telefoto kamera sigurno u top 3 na tržištu, AI mogućnosti nema kraja a i baterija izgura dan i po prosečnog korišćenja ili 2 dana ako se manje koristi. Punjenje za 20-30 min i opet spreman za rad. Apsolutno best buy za ove pare.",6,"Dužina (>=15 reči), Negacija, Sleng"
365,https://mobilnisvet.com/mobilni-komentari/l7m/Samsung/Galaxy-S23-Ultra/31,Samsung,Samsung Galaxy S23 Ultra,Nikola,2023-08-07 10:08:00,Jel je stiglo nekom szuriranje za avgust?Ima li informacija o tome?,0,
366,https://mobilnisvet.com/mobilni-komentari/pt4qv/Apple/iPhone-14-Pro-Max/7,Apple,Apple iPhone 14 Pro Max,DONA,2022-09-23 01:52:00,bolje uzeti 13 pro max od 1TB bas su preterali sa cenom,0,
367,https://mobilnisvet.com/mobilni-komentari/l7m/Samsung/Galaxy-S23-Ultra/34,Samsung,Samsung Galaxy S23 Ultra,Petar85,2023-07-03 04:40:00,"nema to neke razlike i u fotografijama,samo se vama cini i necete sebi da priznate,sve je isto,nista huavei nema ni cistiju nu detaljniju fotografiju,samo razlika je u tome sto tih 200MP su totalna laz kao da je 50MP,ljudsko oko ima oko 576MP sto bi de reklo da tih 200 mora da ima ostrinu extra ali i polu corav covek vidi da od toga nema nista,jos mi nismo dostigli vise od 50MP,,,jedino sto mogu izdvojiti da je vrlo dobra stvar je taj zum,dakle ne odlicna ali vrlo dobra stvar",9,"Dužina (>=15 reči), Suprotni veznici, Negacija, Specifikacija"
368,https://mobilnisvet.com/mobilni/8g3/Xiaomi/17-Pro-Max-16GB-1TB-2x-SIM,Xiaomi,Xiaomi 17 Pro Max,право,2025-10-28 07:38:00,"Ovo je veoma kvalitetno odrađen telefon sa frejmom od avio aluminijuma i dragon staklom za koje je džeri rig na testu izdržljivosti dao najbolje ocene,isto tako na testu stabilnosti performansi dao je najbolju stabilnost od svih testiranih flegšipa kod samo tehnika recezenta,a ta stabilnost i nisko zagrevanje govore da je HiperOS jedan od najoptimizovanijih softvera.Baterija pored svih opcija koje ovaj vrhunski telefon poseduje je odličnog trajanja i još boljeg punjenja,samo se nadam da će ovaj vrhunski telefon stići i kod nas u global verziji i da neće biti preskup",2,Dužina (>=15 reči)
369,https://mobilnisvet.com/mobilni-komentari/gzw/Honor/Magic8-Pro-12GB-256GB-1x-SIM-1x-eSIM/3,Honor,Honor Magic8 Pro,Stefan,2026-05-22 09:13:00,"Prvi utisci nakon prelaska sa iphone 16 pro max: prvo sto bih naglasio je jednostavan prelazak sa ios na android makar kad je honor u pitanju, vidi se na koga se ugledaju i meni se to bas dopalo. Prvi dan sam sve podesio kao na prethodnom telefonu, bez nekih cimanja, cekanja, trazenja odgovora po netu i sl. Druga stvar, telefon je zaista odlican ergonomski. Manji i tanji a neprimetno kad je ekran u pitanju, i dalje odlican sa vrhunskim prikazom boja i PWM dimmingom koji mi znaci uvece pred spavanje. Dinamicko ostrvo mi se svidja jer sam navikao da ga imam, dodatan plus iako znam da neko ne voli, meni licno lezi. Kamera zaista vrhunska iako ima dosta AI optimizacije to danas svi rade. AI enhance na 10X i vise zaista daje neuporedivo bolje rezultate (cak sam ga i uporedio sa 17 pro od devojke i honor je dao bolje rezultate 9 od 10 puta). Portreti su odlicni, nocna fotografija mozda i najbolja u klasi trenutno, ako ne onda sami vrh. Narocito telefoto kamera. Videh da su ubacili uz Magic OS 10 i softverski zoom do 200x iskreno probao sam i em nema neke razlike u odnosu na 100x vizuelno em ta fotografija i uz AI enhance izgleda kao ulje na platnu u 99% situacija, ali eto hoce da pokazu valjda da rade i na tome, meni ne smeta dok god su ostale fotografije na manjem zumu odlicne. AI brisanje ljudi i objekata radi svetlosnu godinu ispred ajfona koji nema tu klasicnu opciju vec samo object removal bez AI optimizovanja ostatka kadra, sto honor stavlja blizu samsungovog AI modela. Video nisam mnogo snimao ali verujem da blago zaostaje za ajfonom. Meni nebitno jer 99% vremena kameru koristim za foto a ne video. Kad smo kod ajfona nemoguce je ne primetiti da od UI, ikonica i opcija sve dosta podseca na Apple UI. Meni se dopada jer sam ga koristio, pa mi i prelazak na novi tel lakse pada. Baterija, malo sam se razocarao jer sam imao veca ocekivanja valjda zbog marketinga i svega danas. 6270 mah je dosta vise nego 5000~ koliko je imao moj 16 pro max ali u praksi identicno traju zbog ajfonove neprikosnovene optimizacije. Dan i po prosecnog koriscenja je vise nego dobro, 2 dana lakseg koriscenja bez problema. Nijednom nisam uspeo da ga ispraznim za dan, pritom ne punim ga do 100% vec 90%. Punjenje me odusevilo, obzirom da punim telefon na nekih 20-90% zna da zavrsi za 20-25 min sto mi je bilo neverovatno u odnosu na ajfon. Da, ima grejanja kao i svaki drugi kad se puni, to je normalno. Moze da se iskljuci koliko sam razumeo honor super charge i da ga puni sporije, ko hoce manje da se greje ali i sporije puni. Svakako je normalan proces punjenja i grejanja jer jedno ide sa drugim. Sve u svemu, nemam osecaj da sam presao na drugi telefon jer 90% stvari moze ili vec izgleda kao na ajfonu. To je mozda plus mozda minus, kako ko gleda. Za one koji se dvoume, zaista se necete pokajati ako ga uzmete. Telefon je zmaj, nema prave mane, mozda i najbolje zaokruzen telefon trenutno a zaista moze da se nadje povoljno za svoj flagship rang. Ja sam se dvoumio kao dugogodisnji ajfon korisnik ali sam prelomio da probam i imam 0 kajanja. Pozdrav",10,"Dužina (>=15 reči), Suprotni veznici, Negacija, Specifikacija, Motiv kupovine"
370,https://mobilnisvet.com/mobilni-komentari/qqy/Xiaomi/13T/4,Xiaomi,Xiaomi 13T,Milan,2024-02-04 18:46:00,"Narode jel nekome laguje kamera? Imao sam presao sam sa p30 na 13t, nekako mi brza kamera na Huaweiju bila...nema logike",4,"Dužina (>=15 reči), Negacija"
371,https://mobilnisvet.com/mobilni/h4v/Samsung/Galaxy-S25+-12GB-512GB-1x-SIM-2x-eSIM,Samsung,Samsung Galaxy S25+,Davor,2025-12-11 23:24:00,"Za notifikacije, uđeš u podešavanje aplikacije pa joj pod baterija daješ viši prioritet, radiće stalno u pozadini i notifikacije će stizati momentalno.",2,Dužina (>=15 reči)
372,https://mobilnisvet.com/mobilni-komentari/gz0/Honor/Magic5-Pro/7,Honor,Honor Magic5 Pro,Igor,2024-02-02 17:43:00,"Ja hteo da abdejtujem na 194 jbg. sada mi iskocio 202, javljaj te kakav je, samo mi je bitno da ne diraju kameru, da ne kvare nesto sto je odlicno 😊",4,"Dužina (>=15 reči), Negacija"
373,https://mobilnisvet.com/mobilni-komentari/7179/Apple/iPhone-11-64GB/7,Apple,Apple iPhone 11,Nikola ip11,2022-12-10 10:24:00,"Bolje sto sam uzeo ovaj iphone nego 13 mini,13 mini jeste bolji ali mali ekran nije bas za pohvalu,meni je ovaj bolji i ima tezinu a izgleda mocno jel nema ostre ivice...Telefon za reporuku narednih 5 godina,jel ima 4gb rama kao i 13 serija sto je za pohvalu,nema kocenja zabadanja a nema ni grejanja uopste,baterija lako izdrzi 1 dan a moze i 2 dana,imao sam samsung s10e dobar je bio telefon ali ovaj je pobedio lako s10e",10,"Dužina (>=15 reči), Suprotni veznici, Negacija, Specifikacija, Motiv kupovine"
374,https://mobilnisvet.com/mobilni/scy/Samsung/Galaxy-A26-8GB-128GB-2x-SIM,Samsung,Samsung Galaxy A26,Ne@c1,2026-03-16 22:02:00,Narucio sam danas ovaj mob u ovoj verziji dolazi mi za par dana a imam i s20plus koji je star model i nema 5g al kamera slika i video je bolji od ajpon krsa 16 i 17 pro maxa al nije bolji od z fold 6 z fold7 i s25 s26 ultre.,7,"Dužina (>=15 reči), Suprotni veznici, Negacija"
375,https://mobilnisvet.com/mobilni-komentari/9573/Samsung/Galaxy-S21-FE-5G/6,Samsung,Samsung Galaxy S21 FE 5G,Boki,2023-12-31 00:39:00,"Pozdrav, uzeo sam telefon, zadoviljan sam i brzinom,kamerom, sve top radi, ali koliko mi se cini da je punjenje 25w, prilikom kupovine, prodavac mi je dao 45w i rekao da mu nista ne skodi bateriji, e sada, koje je vase misljenje, kada sam stavio telefon na punjac na nekih 15'/' pisalo mi je brzo punjenje, 1h i 23 min do pune baterije?",10,"Dužina (>=15 reči), Suprotni veznici, Negacija, Specifikacija, Motiv kupovine"
376,https://mobilnisvet.com/mobilni-komentari/9326/Huawei/nova-9/4,Huawei,Huawei nova 9,Vlads,2021-12-04 17:28:00,Nova 9 ili nova 8i?,0,
377,https://mobilnisvet.com/mobilni-komentari/khb/Samsung/Galaxy-S23/18,Samsung,Samsung Galaxy S23,miloš,2023-11-08 14:08:00,a1 pustio update za svoje telefone.. radi sve ok,0,
378,https://mobilnisvet.com/mobilni-komentari/9573/Samsung/Galaxy-S21-FE-5G/8,Samsung,Samsung Galaxy S21 FE 5G,iva,2023-09-28 22:19:00,"kupio sam GalaxyS21fe pre deset dana,8gb/256gb exinos.Zadovoljan sam celokupnim performansama izgledom i tezinom.Takodje i baterijom prezadovoljan! SOT 8h 38min i ostalo jos 25% oko 23h.Ili sam uboo premijum primerak ili iznose neistinu o bateriji na ovom modelu.Takodje sam primetio da se negreje sto mi je posebno drago,jer pojedinci imaju primedbe u vezi grejanja i trajanja baterije.Telefon prosto leti na 120Hz,ja sam do sad koristio iphone na 60Hz pa je to ocigledno.E sad sta mi se nesvidja a to ustvari nije u vezi s21fe nego androida,nisam navikao,a sumnjam da cu.Brate mnogo je komplikovan,snalazim se ali je mnogo frustrirajuce!Kad pokrenem YT iskacu reklame preko celog ekrana pa dok nadjes gde se iskljucuju flipnes.a dogadja se  i na nekim drugim aplikacijama.Naviko sam na sigurnost i jednostavnost na IOS platformu.",10,"Dužina (>=15 reči), Suprotni veznici, Negacija, Specifikacija, Motiv kupovine"
379,https://mobilnisvet.com/mobilni-komentari/l7m/Samsung/Galaxy-S23-Ultra/26,Samsung,Samsung Galaxy S23 Ultra,...,2023-11-02 01:55:00,"Ovaj apdejt je katastrofa, sve mi se vise svidjalo na starom. Najvise mi smeta sto je pola na engleskom, a pola na srpskom. Cak mi je i  whatsapp skroz presao na engleski i ne mogu da promenim. Izgubila se i opcija da vidim koliko imam SOT. Da li ne zna gde to mogu da proverim? Jedina dobra stvar je sto sada moze da slika 200mp u 9:16.",6,"Dužina (>=15 reči), Negacija, Specifikacija"
380,https://mobilnisvet.com/mobilni/82x/Samsung/Galaxy-A57-8GB-256GB-1x-SIM-1x-eSIM,Samsung,Samsung Galaxy A57,Ivan,2026-07-20 18:17:00,"Samsung a57,a58 kada se pojavi ili Honor 600.Sta predlazete.",0,
381,https://mobilnisvet.com/mobilni-komentari/lxn/Xiaomi/Redmi-Note-12-4G/2,Xiaomi,Xiaomi Redmi Note 12 4G,Somi,2023-11-05 13:17:00,Kupio brat telefon (8+256gb). Za sad sve radi brzo i fluidno bez bagova. Glavni plus mu je lep veliki oled ekran sa 120hz. Plastican je ceo mob sto je dobro jer je lagan za tu velicinu. Jedina slaba tacka za sad mu je kamera ali je i ona prihvatljiva za tu cenu. Za sad preporuka za telefon od mene.,10,"Dužina (>=15 reči), Suprotni veznici, Negacija, Specifikacija, Motiv kupovine"
382,https://mobilnisvet.com/mobilni/y2f/Xiaomi/Redmi-Note-14S-12GB-512GB-2x-SIM,Xiaomi,Xiaomi Redmi Note 14S,Fusi,2025-07-06 16:25:00,"Kupljen sinu u gigayronu na akciji za 19999 din ali imao sam neke bodove 600 din tako da je izašao još jeftinije.Sinu zatrudnila baterija na xiaomi 10t lite a juče bila subota prošlo 18h i A1 nije radio i sta ću odlucio da kupim nov za keš a mislio sam uzecu sebi nov u a1 a njemu dati moto edge 40 ali bolje ovako za 2 meseca prelazim na prepaid i nema vise racuna po 5000 din.Fon ono za te pare je ok brzo punjenje 67w, punjač naručen za 1889 plus 339 din poštarine preko planete posto imao je stari od 33w ali nek oseti čari 67w.Ekran je amoled 120 herca osvežavanje dobio je android 15 i hyper os 2.02 naravno radio se update cim je upaljen i naspram xiaomi 10t lite ima dosta boljih stvari ali mislim da procesor sd 750g je bolji od g99 ultra ako gresim ispravite me.Samo taj amoled ekran sto ima čini razliku nasoram ips ekrana 10t lite.Trebavda dobijemo i poklone redmi buds 6 i power bank 20000 mha sa 33w brzine punjenja sto je vrednost oko 10000 din sigurno tako da mislim da se fon isplati sve ukupno kad se sagleda pogotovo sto je sve isto ko redmi note 13 pro koji sa snizenjem kosta 27999 i ima sporije punjenje znači nigde logike.Javicu za mesec dva kako ga sluzi fon.",9,"Dužina (>=15 reči), Suprotni veznici, Negacija, Specifikacija"
383,https://mobilnisvet.com/mobilni/thq/Apple/iPhone-16e-8GB-512GB-1x-SIM-2x-eSIM,Apple,Apple iPhone 16e,Nenad.,2026-01-07 20:36:00,Koristim s23 običan razmišljao sam da pređem na s25 običan a opet kada se pogleda faktički su isti telefoni malo razlika u bateriji veličibi procesoru i šta znam salje u prevodu kako svi kažu ne isplati se prelaziti sa s23 na s25 nešto gledam da li preći na ovaj iphone 16e ili da sačekam iphone 17e ili 18 a sad izlazi iii s26 ali on mi se ne sviđa zbog Exynos 2600 a ne mohu da nosim ciglu od telefona treba mi nešto 6.1 6.2 inča,10,"Dužina (>=15 reči), Suprotni veznici, Negacija, Specifikacija, Motiv kupovine"
384,https://mobilnisvet.com/mobilni-komentari/9817/Honor/X8/4,Honor,Honor X8,Stefan,2022-12-02 04:57:00,"Ja sam jedan od onih koji kada kupuju telefon gledaju dobru kameru. Na preporuku čoveka sa iskustvom sam uzeo honor x 8,jer nisam imao mogucnosti za nesto bolje. Telefon je brz, i za mene praktičan ali hocete telefon sa dobrom kamerom OVO NIKAKO  KUPUJTE. Kamera je mračna, ne registruje boje i bukvalno ne smeš da dišeš dok slilaš jer pravi mutne slike. Moj stari telefon je honor 9 iz čak 2017 koji ima verovali ili ne mnogo bolju kameru, sa zadnje dve kamere od 20mp.",10,"Dužina (>=15 reči), Suprotni veznici, Negacija, Specifikacija, Motiv kupovine"
385,https://mobilnisvet.com/mobilni-komentari/5rz/Xiaomi/Redmi-Note-13-Pro-5G/3,Xiaomi,Xiaomi Redmi Note 13 Pro 5G,Jovana,2024-10-24 11:39:00,"Pozdrav. Koji je po vašem mišljenju bolji xiaomi 12t 2ili ovaj? Dvoumim se, iako je stariji xiaomi...",5,"Dužina (>=15 reči), Suprotni veznici"
386,https://mobilnisvet.com/mobilni-komentari/7176/Apple/iPhone-11-Pro-64GB/2,Apple,Apple iPhone 11 Pro,Ridji,2023-01-14 19:54:00,"Pozdrav, razmisljam se izmedju ovog telefona i google pixel 6a. Najvise telefon koristim za drustvene medije, netflix i youtube.",2,Dužina (>=15 reči)
387,https://mobilnisvet.com/mobilni-komentari/gwmgy/Xiaomi/12T-Pro/5,Xiaomi,Xiaomi 12T Pro,Mira,2022-12-22 09:30:00,"Pozdrav ljudi, zelela bih da iznesem svoje misljenje o ovom telefonu. Koristim ga neke dve nedelje, zaista je brz, procesor nema mana. Osvetljenost je takodje odlicna, kamera isto. E sad, sto se baterije tice, traje dosta mada sam mislila da ce izdrzati 2 dana sa manjim koriscenjem. Dok igram igrice, ne prazni se tako brzo a i kad se isprazni, ovaj punjac od 120w je preporod, jedino se nadam da se nece brzo pokvariti trajanje :D mala mana mu je sto je tezak dosta i siri nego inace telefoni, ali navici cu se (ja imam malu ruku pa mi je malo problem) i ne volim sto nisu napravili da se zvuk redukuje pojedinacno i za sistem i za zvono (npr kad sam na fejsu, reakcije na postove su jako glasne a ako to smanjim, ne cujem poruke i kad me neko zove), valjda ce to popraviti u nekom narednom update-u. Sve u svemu, zadovoljna sam za sada, a za buduci period cemo videti.",9,"Dužina (>=15 reči), Suprotni veznici, Negacija, Specifikacija"
388,https://mobilnisvet.com/mobilni-komentari/f2p/Samsung/Galaxy-S23-FE/3,Samsung,Samsung Galaxy S23 FE,Milan,2023-12-11 18:25:00,"Ne znam zasto vecini problem predstavlja brzina punjenja? Razmislite sta radi punjac od 120w bateriji posle 6 meseci upotrebe? Tehnologija je ostala ista i niko nista tu jos nije promenuo a da ne naskodi trajnosti baterije. I onako vam proizvodjaci daju garanciju od 6 meseci na fabricku bateriju i ako je na ostatak telefona 2 godine. Ako neko ne moze ostaviti 2 sata telefon na punjacu, tj sporom punjenju i da ga ne cacka, po meni bi trebao ozbiljno da razmisli o poseti doktoru. Imam na samsungu opciju za brzo punjenje koju naravno drzim iskljucenom, cak je i sam Samsung jedan period kroz apdejte iskljucivao sam to. Ali su skontali da im je opala prodaja rezervnih baterija. Takodje imate skriveni bezbedonosni protokol koji otkucava broj brzih punjenja i broj sporih punjenja, sto vise energije ""provucete"" kroz bateriju ona zakljucava svoj kapacitet. Vama pise na telefonu da je napunjena 100% a zapravo koristi 70% prvobitnog kapaciteta. Cak ovlasceni servisi u Srbiji nemaju alat da to resetuju i kad stave novu bateriju. Tako da pamet u glavu i sto manje punjenja ako hocete da Vam telefon duze traje.",9,"Dužina (>=15 reči), Suprotni veznici, Negacija, Specifikacija"
389,https://mobilnisvet.com/mobilni-komentari/khb/Samsung/Galaxy-S23/13,Samsung,Samsung Galaxy S23,Tea,2024-04-05 10:16:00,"Kakva je kamera za snimanje videa? Ako neko zna u odnosu na iphone 13, ako ne, generalno kakva je. Hvala unapred",4,"Dužina (>=15 reči), Negacija"
390,https://mobilnisvet.com/mobilni-komentari/khb/Samsung/Galaxy-S23/27,Samsung,Samsung Galaxy S23,Darko,2023-02-23 17:24:00,S23 ili S22 ultra?,0,
391,https://mobilnisvet.com/mobilni/7431/Samsung/Galaxy-S20+-Dual-SIM,Samsung,Samsung Galaxy S20+,Samsugovac,2025-04-05 17:02:00,Dobar dan zanima me do koliko giga memorije podrzava ovaj mob memorijske kartice 512 256giga 1000giga?,2,Dužina (>=15 reči)
392,https://mobilnisvet.com/mobilni-komentari/gz0/Honor/Magic5-Pro/9,Honor,Honor Magic5 Pro,Aca,2023-11-19 22:36:00,"Pozdrav drugari, dvoumim se izmedju dva telefona honor medzik 5 pro i honor 90. Dali se isplati dati duplo vecu sumu za medzik 5. Trenutno imam xiaomi 11t pro. Hvala.",2,Dužina (>=15 reči)
393,https://mobilnisvet.com/mobilni-komentari/l7m/Samsung/Galaxy-S23-Ultra/23,Samsung,Samsung Galaxy S23 Ultra,Mare,2023-12-01 10:36:00,"Imam telefon 3 meseca. Svidja mi se cigla dizajn. Olovku ne koristim,voleo bih,ali jednostavno nemam naviku. Baterija je vrh,igrice ne igram ali izdrzi dva puna dana,naravno rezolucija na max i 120hz. Kamera ima toliko opcija za igranje,zoom me odusevljava. Video je bolji na ajfonu,da se ne lazemo. Fotografije kad kad,nekad ispadnu bolje na ovom nekad na ajfonu ( pricam o 14pro posto je to ista klasa telefona).Ali ja ne volim ios,tako da nisam hteo. Sve ostalo,ekran,brzina,softer generalno,zvucnici,kvalitet poziva,to je sve vrhunski sto se i oceluje od telefona koji kosta koliko kosta.",11,"Dužina (>=15 reči), Suprotni veznici, Negacija, Specifikacija, Sleng"
394,https://mobilnisvet.com/mobilni-komentari/dd4/Honor/Magic6-Lite/10,Honor,Honor Magic6 Lite,M.T,2024-03-04 19:31:00,Ovaj ili Honor X8b ili šta je najbolji predlog u tom rangu?,0,
395,https://mobilnisvet.com/mobilni-komentari/6c6/Xiaomi/Redmi-Note-13-5G-6GB-128GB-2x-SIM/2,Xiaomi,Xiaomi Redmi Note 13 5G,Goran,2024-05-09 12:25:00,"Sve radi ok dok se ne apdejtuje na Hyper OS a onda - pakao. Usporio, secka po aplikacijama. baterija kraće traje, čini se i ekran nešto tamniji. Naravno odradio factory reset i opet sve isto - loše. Zamenio za Samsung A35 jer ko da čeka ažuriranje da se sve zabrlano ispravi a nešto drugo pokvari.",9,"Dužina (>=15 reči), Suprotni veznici, Negacija, Sleng"
396,https://mobilnisvet.com/mobilni/v2d/Honor/X7b,Honor,Honor X7b,Tamara,2024-05-15 20:20:00,Telefon kupljen uglavnom radi igrica. Pubg gyroscope ne radi. Nemojte se zeznuti i kupiti kao ja. Pozz,4,"Dužina (>=15 reči), Negacija"
397,https://mobilnisvet.com/mobilni-komentari/khb/Samsung/Galaxy-S23/27,Samsung,Samsung Galaxy S23,Mare,2023-02-06 01:04:00,Ovaj model ili iPhone 12 ? Sta bolje uzeti za naredne 1-2 godine,0,
398,https://mobilnisvet.com/mobilni-komentari/7598/Huawei/P40-Pro/6,Huawei,Huawei P40 Pro,Draki85,2021-06-20 19:01:00,Pozdav svima!,0,
399,https://mobilnisvet.com/mobilni/qy8/Xiaomi/15-12GB-256GB-2x-SIM,Xiaomi,Xiaomi 15,X15,2026-04-14 08:09:00,"Kao sto rekoh telefon radi odlicno za normalnog korisnika tu nema greske. Dobra baterija, brzo punjenje i kompaktan telefon su prednost. Nor juce sam igrao malo zahtevniju igricu i toliko se usijao da nije mogao da se drzi. Procesor je prejak a kuciste malo i nema mnogo prostora za odvodjenje toplote. Ne samo da se puni sa 90w punjacem nego i kada radi on se puni jacinom od 90w sto je 1/3 snage ringle. Ko ne igra igrice sve radi kako treba. Pozdrav",6,"Dužina (>=15 reči), Negacija, Specifikacija"
400,https://mobilnisvet.com/mobilni/yx4/Apple/iPhone-16-8GB-512GB-2x-SIM,Apple,Apple iPhone 16,Srdjan,2026-03-27 13:49:00,"Imam iPhone 16 do tada koristio Samsunge S klasu. Za sada ok radi nisam zahtevan korisnik…ne igram igrice po ceo dan vec koristim pozive viber mail socijalne mreze sve u nekoj granici normale. Baterija izdrzi ceo dan bez problema naravno baterija je na low power modu mreza na 4G. Uzeo sam iPhone jer nikad nisam imao uvek Androide pa rekoh da vidim i taj cuveni IOS. Telefon je mali lepo stane u dzep ne gubi signal,fotke su skoro pa odlicne..za prosecnog korisnika bice sasvim dovoljan. Sad mu cena sasvim korektna. Face ID kida zvucnici po meni mozda tiši ali prirodniji zvuk nego na Samsungu. Sto se tice cipa za punjenje savet je bio kad sam kupovao da koristim originalne punjace da ne bi doslo do kvara cipa za punjenje…ja koristim punjac od Samsunga 25w ne mora biti iPhon",12,"Dužina (>=15 reči), Suprotni veznici, Negacija, Specifikacija, Sleng, Motiv kupovine"
401,https://mobilnisvet.com/mobilni-komentari/7179/Apple/iPhone-11-64GB/4,Apple,Apple iPhone 11,Mirjana,2023-09-19 19:08:00,"Dobila sam koriscen iphone 11 (iz Melburna) bez punjaca, da li mogu kod kineza da kupim?",4,"Dužina (>=15 reči), Negacija"
402,https://mobilnisvet.com/mobilni-komentari/5rz/Xiaomi/Redmi-Note-13-Pro-5G/5,Xiaomi,Xiaomi Redmi Note 13 Pro 5G,Sale,2024-03-08 09:45:00,"Može li neko da objasni ono sto je vise puta ovde napisano, po cemu je X6 Pro bolji od Note 13 Pro ?",2,Dužina (>=15 reči)
403,https://mobilnisvet.com/mobilni-komentari/9817/Honor/X8/4,Honor,Honor X8,Maja,2022-11-23 17:00:00,Honor 8 ili Samsung A23?,0,
404,https://mobilnisvet.com/mobilni-komentari/7651/Apple/iPhone-SE-(2020)/7,Apple,Apple iPhone SE (2020),Mile,2021-01-18 22:23:00,Imam phone se mesec dana.Ja sam zadovoljan njime u svakom pogledu.Baterija nije tako losa kao sto se prica.Meni traje ceo dan bez ikakvih problema.Igrice neigram a sve ostalo koristim koliko mi je potrebno.,4,"Dužina (>=15 reči), Negacija"
405,https://mobilnisvet.com/mobilni-komentari/8497/Xiaomi/Mi-11i/2,Xiaomi,Xiaomi Mi 11i,Fily,2021-11-12 17:51:00,"Nekoliko dana posedujem ovaj telefon. Utisci su dobri. Mozda sam previse ocekivao, ali generalno je ok. Najveca prednost je CPU, SD 888 je i dalje jedan od najjacih procesora, te se to u radu itekako primeti. Sto se tice baterije, ne ocekujte autonomiju vecu od jednog dana, ako ga koristite intenzivnije, i ako vam je pritom ukljucen refresh rate na 120hz, sto bi trebalo biti. Kada govorimo o ekranu, utisci su mi pomesani, da ne kazem da sam zbunjen. Prilicno je automatizovan, po meni svetlina nije bas najjaca, kada poterate skalu do kraja. Da li ce se to poboljsati u nekim kasnijim update-ovima, ne znam. Kamere su dobre, shodne ceni modela. Istina, njima sam se najmanje zabavljao. Sve u svemu, mora se reci da vredi te pare. Flagship performanse za ispod 500eur.",9,"Dužina (>=15 reči), Suprotni veznici, Negacija, Specifikacija"
406,https://mobilnisvet.com/mobilni-komentari/7179/Apple/iPhone-11-64GB/26,Apple,Apple iPhone 11,Dani,2020-05-22 19:43:00,Dali mogu sa iphona da placam racune na kasi na primer ili to jos u srbiji nije dostupno za iphone dok na  androidu moze,7,"Dužina (>=15 reči), Suprotni veznici, Negacija"
407,https://mobilnisvet.com/mobilni-komentari/8239/Samsung/Galaxy-S21-Ultra-5G/3,Samsung,Samsung Galaxy S21 Ultra 5G,Aleksa,2023-09-19 12:50:00,"Pozdrav,interesuje me mišljenje da li je bolje sada uzeti nov Samsung S22 ili polovan Samsung S21 ultra?",2,Dužina (>=15 reči)
408,https://mobilnisvet.com/mobilni/j3h/Xiaomi/Redmi-Note-15-4G-8GB-256GB-2x-SIM,Xiaomi,Xiaomi Redmi Note 15 4G,Miko,2026-07-19 10:16:00,"Upravo dobio hiper os 3.3 i android 17.Za moje potrebe telefon je super jedino mogu reci da sam vise ocekivao od batwrije od 6000 ali se zato puni za nepun sat do kraja tako da to resava problem.Zvuk je extra,prikaz na ekranu izuzetan ,drzim na 80% svetline  i 120 hz.Bez igrica ,za normalno koriscenje best bay kupovina.",9,"Dužina (>=15 reči), Suprotni veznici, Negacija, Specifikacija"
409,https://mobilnisvet.com/mobilni-komentari/9272/Apple/iPhone-13-Pro/4,Apple,Apple iPhone 13 Pro,Sevrolet kaptiva,2023-04-16 15:48:00,Samo honor. Imam honor 50 najbolji telefon nebi ajfon kupio nikad. Samo honor. Android je zakon,3,"Dužina (>=15 reči), Motiv kupovine"
410,https://mobilnisvet.com/mobilni/bv01r/Apple/iPhone-14-Pro-1TB,Apple,Apple iPhone 14 Pro,Dusan,2025-03-26 15:40:00,Da li se isplati preci sa iph 15 na 14 pro/pro max?,0,
411,https://mobilnisvet.com/mobilni-komentari/8389/Xiaomi/Redmi-Note-10-Pro/2,Xiaomi,Xiaomi Redmi Note 10 Pro,Bosanac,2024-03-06 18:47:00,Htio sam objaviti listu telefona koji ce dobiti hyper os među njima je i ovaj telefon ali po ko zna koji put ne dozvoljavaju objaviti. Naime postoji u tekstu nedozvoljena rijec. Sve pregledano ali ta nedozvoljena rijec ne postoji.,7,"Dužina (>=15 reči), Suprotni veznici, Negacija"
412,https://mobilnisvet.com/mobilni-komentari/l7m/Samsung/Galaxy-S23-Ultra/13,Samsung,Samsung Galaxy S23 Ultra,Stole,2024-06-05 06:43:00,"Razmisljao se izmedju a55 i ovog, odlucih se za ovaj, ali  ne mogu da dam za telefon 90k.",7,"Dužina (>=15 reči), Suprotni veznici, Negacija"
413,https://mobilnisvet.com/mobilni-komentari/8149/Samsung/Galaxy-A12/4,Samsung,Samsung Galaxy A12,Diksi,2021-07-07 10:59:00,"Moze pomoc, A12 4/128gb ili A9 6/128gb?",2,Specifikacija
414,https://mobilnisvet.com/mobilni-komentari/7598/Huawei/P40-Pro/4,Huawei,Huawei P40 Pro,P40 pro,2022-01-21 20:55:00,Upravo mi je stigo emui 12,0,
415,https://mobilnisvet.com/mobilni-komentari/7651/Apple/iPhone-SE-(2020)/14,Apple,Apple iPhone SE (2020),Pex,2020-06-17 12:33:00,"Postovanje,",0,
416,https://mobilnisvet.com/mobilni-komentari/2wjlc/Xiaomi/13/3,Xiaomi,Xiaomi 13,Goxy,2024-01-13 11:20:00,"Pozdrav. Imam nedelju dana xiaomi 13. Šta znam,nije los,lepo je napravljen,lepo izgleda, slican ajfonu,zadnje kamere ga razlikuju od ajfona na prvi pogled. Fluidno i brzo radi, ram se automatski povećao na 8+4. Na miui 14 sam ga koristio samo dan i odmah prešao na android 14 i hyperOS tako da razlike i mane izmedju HOS i miui 14 ne znam. Ono što mi se ne svidja i što me je razočaralo što se u banalnim stvarima blago zagreje,ali ohladi se brzo. Igrice ne igram. Na Honoru 20 koga nisam ispuštao iz ruke nikada nisam osetio ni blago zagrevanje,tako da to mi smeta. A prilikom punjenja se zagreva baš,baš. Čim se završi punjenje brzo se ohladi,valjda je to normalno jer ima brzo punjenje od 67w. E sad kamere su ok, ja sam prema recenzijama sa youtuba očekivao mnogo više,ali one nisu ništa više. U rangu sa iPhone 13 koga ima moj brat,samo što kod njega boje su previše naglašene a na šaomiji izgledaju malo bledunjave, ajde da kažemo kao realistične. Ok,nisu flagship,ko što preteruju na recenzijama ali su ok. Primera radi moj predhodni Honor 20 je imao neuporedivo bolji noćni režim. Sad ostalo ne mogu da uporedjujem jer sam ga polomio. Sve sam to progutao,ali trajanje baterije ne mogu. Uz neko korišćenje ovih dana baterija ne izgura ceo dan. Uveče moram da ga dopunim,što nisam očekivao. Ovih dana ne ispuštam (7 do 8 sati) ali osim guglanja po ceo dan kada ne radim naravno i fb,i po 1 sat youtuba drugo ništa ne radim i igrice ne igram. Honor 20 kao nov je preskakao dan korišćenja sa slabijom baterijom i istom veličinom ekrana. E sad ja sam ga uzeo iz izložbene veterine gde je stajao nekoliko meseci prazan,mozda je to sjebalo bateriju malo. Znači lep telefon,veličina odlična,brz,fluidan,bez seckanja,kamere ok, ali baterija minus bar za one koji ga drndaju 7,8 sati najmanje u toku dana.",10,"Dužina (>=15 reči), Suprotni veznici, Negacija, Specifikacija, Motiv kupovine"
417,https://mobilnisvet.com/mobilni/q8x/Apple/iPhone-15-6GB-512GB-2x-SIM,Apple,Apple iPhone 15,Ivko,2026-03-02 14:33:00,Da li zameniti samsung s23plus za iphone 15 128gb 99%bh star 3 meseca za 400e??,4,"Dužina (>=15 reči), Specifikacija"
418,https://mobilnisvet.com/mobilni-komentari/9124/Huawei/P50-Pro/4,Huawei,Huawei P50 Pro,Euro pe,2022-05-03 09:25:00,"Najveci nedostatak , iako smo ga dugo cekali i vremenom se pojavi bez Google Service .... Kao cokolada bez folijei omota",7,"Dužina (>=15 reči), Suprotni veznici, Negacija"
419,https://mobilnisvet.com/mobilni-komentari/7179/Apple/iPhone-11-64GB/20,Apple,Apple iPhone 11,Ket,2021-03-03 01:25:00,"Ljudi, kupila sam iphone preko telenora, ali bez adaptera su pakovanja..Uzela sam adapter u istyle-u od 20w..Sta mislite, da li je okej i da li mozda steti bateriji jer je 20w?",10,"Dužina (>=15 reči), Suprotni veznici, Negacija, Specifikacija, Motiv kupovine"
420,https://mobilnisvet.com/mobilni-komentari/87w/Honor/400-Pro-12GB-256GB-1x-SIM-1x-eSIM/11,Honor,Honor 400 Pro,Aleksa,2025-07-10 14:11:00,"Primetio sam jako cudnu stvar kod ovog telefona i njegovog punjenja. Dok sam punio na zeninom punjacu (honorov od 66w) telefon bez ukljucivanja brzog punjenja punio za 40-42minuta, sad kad mi je stigao od 100w telefon se puni za 48minuta. Jel zna neko kako je ovo moguce?",9,"Dužina (>=15 reči), Suprotni veznici, Negacija, Specifikacija"
421,https://mobilnisvet.com/mobilni/9432/Honor/50-Lite,Honor,Honor 50 Lite,Mica,2022-01-07 20:23:00,"Juce sam narucio ovaj telefon. Vidim da se ljudi zale podosta na procesor itd... Mada meni nista od toga nije bitno, telefon ne koristim za gejming, za to imam sasvim solidan racunar na kom imam dosta bolji izbor igrica, a ako cemo o putovanjima, za to postoji sah sa magnetima ili pak online na mobilnom, ali uvek je zanimljivije izazivati ljude uzivo na po partiju-dve nego buljiti u telefon. Ovaj telefon mi je zapao za oci zbog izgleda i kamere. Jedino zasta koristim mobilne uredjaje jesu telefoniranje i fotografisanje/snimanje. Ovo deluje kao sasvim solidna stvar za to, sa obzirom na 64 MP zadnju i 16 MP prednju kameru. Naravno, verovatno sam mogao da dam manje pare za slicne, ako ne iste/jace performanse kamere, ali bilo mi je hitno sa obzirom da sam izgubio telefon. Ovaj sam uzeo na rate uz neku huawei vagu, zaista nemam pojma hahahahaha. Sve u svemu, kroz par dana, kad bude stigao, javljam utiske.",10,"Dužina (>=15 reči), Suprotni veznici, Negacija, Specifikacija, Motiv kupovine"
422,https://mobilnisvet.com/mobilni-komentari/gzw/Honor/Magic8-Pro-12GB-256GB-1x-SIM-1x-eSIM/2,Honor,Honor Magic8 Pro,Šušumiga,2026-05-28 20:24:00,"joj manite me kineza i njihovog smisla za biznis ... skoro sam kupio neko đubre u jednoj njihovoj ""robnoj kući"", naravno da ne radi smeće, i odem da se žalim, dajte mi šefa, eno ona za kasom kaže mi naša nesrećnica što radi u prodavnici, ma neću kasirku daj mi šefa, pa, ona je gazdarica!!",7,"Dužina (>=15 reči), Negacija, Sleng, Motiv kupovine"
423,https://mobilnisvet.com/mobilni-komentari/8389/Xiaomi/Redmi-Note-10-Pro/30,Xiaomi,Xiaomi Redmi Note 10 Pro,V,2021-08-12 20:07:00,"Telefon radi Perfektno. Jedini razlog zbog kog nisam uzeo Pro verziju, jesu vasi komentari za koje sad vidim da su nebulozni, reko ako vec uzimam telefon sa toliko mana daj bar jeftinije da platim. Amoled ekran odlican, nema nikakvih razlivanja boja kao sto pricate (always on radi 10 s, moze non-stop, ali nema potrebe za tim jer se pojavi animacija za obavestenje). Senzor blizine kod poziva radi bez ikakvih problema, ekran se gasi cim se telefon priblizi glavi. Zvucnici odlicni, uporedjeni sa A72 i pokazali su se jaci, ne kazem kvalitetniji vec jaci, ljudi koji su se tu zatekli nisu verovali da moze biti tako za tu cenu. Obavestenja iz aplikacija rade kao i na svakom drugom telefonu, nema nikakvih kasnjenja, nisam nista dodatno podesavao. Baterija izgura lagano citav dan uz ukljucene podatke i wifi i koriscenje 6-7 aplikacija konstantno. Telefon se greje prilikom punjenja ali ne vidim sta je tu cudno s obzirom da je u pitanju 33w i da se napuni od 0 do 100% za sat vremena. Kome je velicina Pro modela problem, 10S svojom kompaktnoscu je za svaku preporuku. Da nisam citao, opet kazem, nebulozne komentare sad bih uzivao u 120hz i nesto boljoj kameri, ali i ovako je top. Za ove pare sve preporuke, manite se vi onih A32 i A52 modela )",10,"Dužina (>=15 reči), Suprotni veznici, Negacija, Specifikacija, Motiv kupovine"
424,https://mobilnisvet.com/mobilni-komentari/9619/Xiaomi/Redmi-Note-11S-4G/2,Xiaomi,Xiaomi Redmi Note 11S 4G,Vojo,2022-12-27 17:06:00,Imali 11s trougao krug kocku na dnu ekrana. Poz,0,
425,https://mobilnisvet.com/mobilni/9432/Honor/50-Lite,Honor,Honor 50 Lite,Evol,2022-03-28 14:06:00,"Vec se mogu pronaci i ovaj i Nova 8i za manje novca. Ekran je u klasi uredjaja od 500e, zbog tankih okvira, sam Adapter punjaca, 66w, isto u toj klasi, a i sam telefon je lep, i radi iznenadjujuce dobro sa obzirom da nije unutra neki procesor i SD7xx serije.. Kamere, onako, zadnja moze proci, prednja, ne bas, softver, EMUI 12, zakamufliran u Magic UI 4.2 hehe.. Baterija, iako na papiru samo 4300mAh, i vise nego korektna. Za gore navedenu cenu, nije to lose, ako nista zbog dizajna, ekrana, punjaca u kutiji, a i sam softver je 2 klase bolji od MIUI-a 13 (nazalost, ali istina).",10,"Dužina (>=15 reči), Suprotni veznici, Negacija, Specifikacija, Motiv kupovine"
426,https://mobilnisvet.com/mobilni/2g0/Xiaomi/Redmi-Note-12-Pro-4G-8GB,Xiaomi,Xiaomi Redmi Note 12 Pro 4G,Mirjana,2024-01-23 12:40:00,"Očajan telefon. Onaj ko prelazi sa Huawei telefona na ovo smeće, biće ozbiljno razočaran. Baterija katastrofa, procenti idu nadole kao ludi i to uz ne tako preterano korišćenje, uključen Dark mode, minimalno osvetljenje i osvežavanje ekrana na 60 Hz. Bagovi u aplikaciji Note, prestane da radi tačka pri kucanju, kad se Wifi uključi treba mu nekoliko sekundi da ga pronađe, na Huawei telefonima je to bilo trenutno. Jedva sam podesila telefon, plus mu je softver pun reklama i očito bagova. Morala sam da gledam tutorijale kako bih uspela da pogasim neke reklame, ne mogu sve. Nisam mogla da odslušam sistemske ringtonove dok to nisam uradila. Posle ažuriranja softvera ono notifikaciono svetlo što svetli po obodu ekrana kad ti stigne poruka se upali samo jednom, ne pokreće se više u intervalima, postalo je potpuno neupotrebljivo. Takođe, nekad zvoni, nekad ne zvoni kad stignu poruke i imejlovi. Ma, katastrofa od telefona. Možda je trebalo uzeti neki Honor telefon. Užas!",11,"Dužina (>=15 reči), Suprotni veznici, Negacija, Specifikacija, Sleng"
427,https://mobilnisvet.com/mobilni-komentari/rhw/Samsung/Galaxy-A34/2,Samsung,Samsung Galaxy A34,Miki,2025-03-01 12:14:00,Da li je bolji A34 u odnosu na HONOR 200 lite koji model uzeti?,0,
428,https://mobilnisvet.com/mobilni/34ft0/Xiaomi/12-Lite-8GB,Xiaomi,Xiaomi 12 Lite,Clark,2023-05-03 13:18:00,Jel moze neko da iznese detaljnije utiske o kameri ovog telefona i dal' bi uopšte pomoglo instaliranje Gcam?,2,Dužina (>=15 reči)
429,https://mobilnisvet.com/mobilni-komentari/l7m/Samsung/Galaxy-S23-Ultra/27,Samsung,Samsung Galaxy S23 Ultra,Boban,2023-09-26 23:52:00,"Na p60 pro nije kirin nego SD gen 1 i nema poredje ja sa ivim telefonom ni po cemu,bez googla nikada više znaci nikada o ekranu da ne pricamo",4,"Dužina (>=15 reči), Negacija"
430,https://mobilnisvet.com/mobilni-komentari/9654/Samsung/Galaxy-S22-Ultra-5G/10,Samsung,Samsung Galaxy S22 Ultra 5G,Pex,2022-09-28 22:03:00,"Problem S22 ultri sa iznenadnim prestankom rada mobilnog intetneta. Vec dosta puta se prekine intetnet,nekad moram da resetujem mob. da bi se vratio net..",2,Dužina (>=15 reči)
431,https://mobilnisvet.com/mobilni-komentari/7651/Apple/iPhone-SE-(2020)/9,Apple,Apple iPhone SE (2020),Qzman,2020-11-07 20:26:00,"SE koristim mesec dana.Ima zaista mnogo dobrih strana-procesor ,kamera,velicina ekrana.Nikako ne uspevam da skinem YouTube aplikaciju (pise  da je nema u mom regionu,a menjao sam i tu postavku.).Bateriju mi jede jedino aplikacija za radio,ostalo sve ok.",4,"Dužina (>=15 reči), Negacija"
432,https://mobilnisvet.com/mobilni-komentari/5rz/Xiaomi/Redmi-Note-13-Pro-5G/5,Xiaomi,Xiaomi Redmi Note 13 Pro 5G,Nesa,2024-04-17 11:19:00,"Redmi Note 13 Pro ili Samsung Galaxy A55, trenutno sam na samsung galaxy note 9,i razmisljam o ova 2 moba.",2,Dužina (>=15 reči)
433,https://mobilnisvet.com/mobilni-komentari/8389/Xiaomi/Redmi-Note-10-Pro/16,Xiaomi,Xiaomi Redmi Note 10 Pro,Milan,2022-04-12 21:03:00,"Ne vezano za tel, zamena za yt vanced ap?",2,Negacija
434,https://mobilnisvet.com/mobilni-komentari/7179/Apple/iPhone-11-64GB/20,Apple,Apple iPhone 11,Ivan navi,2021-02-13 18:07:00,"Kupio sam punjac 20w u gigatronu lepo u opisu pise iphone 11 podrzava,i kupim kabal za 500din onaj usb c,posto je kod njih 4000rsd i nece da mi radi dok na iphone 7 puni,jel mi ne valja kabal ili je nesto drugo u pitanju pomoc pomoc pomoc ljudi",10,"Dužina (>=15 reči), Suprotni veznici, Negacija, Specifikacija, Motiv kupovine"
435,https://mobilnisvet.com/mobilni/pwjx5/Apple/iPhone-14-Pro-Max-1TB,Apple,Apple iPhone 14 Pro Max,Andjela,2026-01-29 16:17:00,"Pozdrav, zelim da prodam svoj iphone 14 pro max 256gb. U odlicnom je stanju, sve je ispravno, bh 86% (izdrzi dan ipo-dva, zavisi koristenja). Dobila sam novi na poklon i to je jedini razlog zasto ga prodajem. Koja je realna cena koju mogu traziti? Ne zelim da budem “bezobrazna” sa cenom, ali ne zelim ni da ga prodam za “male” pare.",9,"Dužina (>=15 reči), Suprotni veznici, Negacija, Specifikacija"
436,https://mobilnisvet.com/mobilni-komentari/9654/Samsung/Galaxy-S22-Ultra-5G/11,Samsung,Samsung Galaxy S22 Ultra 5G,Sirotinja,2022-08-02 14:27:00,"Ja sam sirotinja  sa osnovnom skolom, i uspeo sam da kupim ovaj telefon",0,
437,https://mobilnisvet.com/mobilni-komentari/8239/Samsung/Galaxy-S21-Ultra-5G/10,Samsung,Samsung Galaxy S21 Ultra 5G,Neko,2021-09-22 07:17:00,"Iako sam cuo dosta losih komentara, odlucio sam da moj oneplus 8 Pro zamenim za S21 ultru. Vodio sam se time da je prosto nemoguce da telefon ove klase iz samsunga koji je ispeglao sve nedostatke prethodnika bude los. I tako je, bar za sada. Brzo to sve radi, glatko, ne greje se, dobar zvuk extra ekran, lepo bas izgleda.. Kamera nije nista bolja od Oneplus 8 Pro sem zooma naravno. Baterija je takodje dobra time sam isto zadovoljan. Jedino sto sam ocelivao vise je od kamere. Sve u svemu sasvim ok. Model je 2100 exynos, 128gb",9,"Dužina (>=15 reči), Suprotni veznici, Negacija, Specifikacija"
438,https://mobilnisvet.com/mobilni-komentari/8436/Samsung/Galaxy-A52/11,Samsung,Samsung Galaxy A52,Culmi91,2021-04-24 15:18:00,"Kakvo je stanje sa notifikacijama?Meni je to jako bitno,posto mi flashscore i sofascore rade svaki dan... :)",2,Dužina (>=15 reči)
439,https://mobilnisvet.com/mobilni-komentari/7179/Apple/iPhone-11-64GB/3,Apple,Apple iPhone 11,Kupac,2024-01-10 19:38:00,"Koja je realna cena za ovaj telefon, 64gb, ima znakova korišćenja, bez pukotina, BH 82%?",6,"Dužina (>=15 reči), Negacija, Specifikacija"
440,https://mobilnisvet.com/mobilni/c9y6l/Apple/iPhone-14-Plus-256GB-Red,Apple,Apple iPhone 14 Plus,Dusan,2024-02-08 17:57:00,Sta uzeti u 2024. s22 ultra ili 14 plus,0,
441,https://mobilnisvet.com/mobilni/8491/Xiaomi/Mi-11-Lite-5G,Xiaomi,Xiaomi Mi 11 Lite 5G,Suzana,2023-02-12 17:13:00,Ovaj iki Samsung m52 5g?Sta je sigurnije uzeti,0,
442,https://mobilnisvet.com/mobilni-komentari/8013/Samsung/Galaxy-S20-FE-5G/2,Samsung,Samsung Galaxy S20 FE 5G,Ulični hodač,2021-12-22 20:03:00,Telefon sam uzeo u Vipu pre 2 dana.,1,Motiv kupovine
443,https://mobilnisvet.com/mobilni-komentari/xnjcm/Xiaomi/Redmi-Note-12-Pro/3,Xiaomi,Xiaomi Redmi Note 12 Pro,Deki,2024-02-22 21:52:00,Telefon je odlican u svemu ja ne znam sta ljudi kukaju i zale sa na bateriju telefon za ovu cenu i vise nego dobar ko se ne skida sa telefona normalno da trosi ne postoji telefon koji moze izdrzati dva dana nemoj da se lazemo svaki nov telefon sada izdrzi dan do dan ipo max koriscenja ali to je bas teze a pritom imamo brzi punjac 67w napuni se dok popijete kaficu malo iskulirate baterija je puna ja licno nemam zamerke za ovaj model.,9,"Dužina (>=15 reči), Suprotni veznici, Negacija, Specifikacija"
444,https://mobilnisvet.com/mobilni-komentari/v7l7f/Xiaomi/12-Lite/2,Xiaomi,Xiaomi 12 Lite,Aki,2022-09-09 21:58:00,A52s ili ovaj?,0,
445,https://mobilnisvet.com/mobilni-komentari/9260/Apple/iPhone-13/7,Apple,Apple iPhone 13,Aleksandra,2023-12-22 22:29:00,Da li vredi sa s21 fe preci na iphone 13?,0,
446,https://mobilnisvet.com/mobilni-komentari/8714/Honor/50/2,Honor,Honor 50,Šone,2023-08-16 18:35:00,"Telefon je odličan, lep, brz i bez bagova. Moje je mišljenje da je kamera mogla biti bolja. Baterija se brzo puni i dugo drži.",4,"Dužina (>=15 reči), Negacija"
447,https://mobilnisvet.com/mobilni-komentari/8007/Samsung/Galaxy-S20-FE/3,Samsung,Samsung Galaxy S20 FE,Max,2022-01-24 21:26:00,Stigao a12.,0,
448,https://mobilnisvet.com/mobilni-komentari/8389/Xiaomi/Redmi-Note-10-Pro/26,Xiaomi,Xiaomi Redmi Note 10 Pro,Mickey,2021-09-29 02:28:00,Odličan telefon. Baterija jr držala čak 3 dana uz umereno korišćrnje. Bila je na 47 posto ali je preko noći spala na 28. Ne znam da li je to normalna kriva pražnjenja...,7,"Dužina (>=15 reči), Suprotni veznici, Negacija"
449,https://mobilnisvet.com/mobilni/9142/Samsung/Galaxy-Z-Flip3-5G-256GB,Samsung,Samsung Galaxy Z Flip3 5G,mirela,2024-09-09 00:43:00,samsung flip 4 imam ga oko godinu dana.prvi put mi se ugasio jer je bio prazan.nakon paljenja sada cim ga zaklopim on se ugasi i moram ga ponovo paliti.Sve sam probala u podesavanjima ali nista.zna li neko do cega je greska?,5,"Dužina (>=15 reči), Suprotni veznici"
450,https://mobilnisvet.com/mobilni/9793/Samsung/Galaxy-A13-4GB-128GB-Dual-SIM,Samsung,Samsung Galaxy A13,Ocajna,2024-05-02 07:50:00,"Bukvalno iszo pitanje postavljam mesecima na internetu, i ni jedan odgovor. Imam ovaj telefon i cesto koristim slusalice. Recimo stavim ga u torbicu i ukljucim yt da slusam neki video, ne znam kako da zakljucam ekran a da ostanem na yt,Prilikom najmanjeg pomeranja video stane, i onda moram da ozvadim telefon iz torbice i pustim ponovo i tako recimo u minuti dva puta.",4,"Dužina (>=15 reči), Negacija"
451,https://mobilnisvet.com/mobilni-komentari/7598/Huawei/P40-Pro/10,Huawei,Huawei P40 Pro,Boško,2020-05-18 23:07:00,Može li gmail aplikacija da se instalira?,0,
452,https://mobilnisvet.com/mobilni-komentari/gwmgy/Xiaomi/12T-Pro/6,Xiaomi,Xiaomi 12T Pro,Ivan,2022-11-04 20:11:00,Pozdrav svima.  Dvoumim se izmedju Xiaomi 12T pro 12/256 i Samsung S21 Ultra 12/256 (exynos). Da li je dobra odluka izmedju ova dva modela? Svaki savet je dobrodosao kao i svaki predlog. Hvala,2,Dužina (>=15 reči)
453,https://mobilnisvet.com/mobilni/m2j/Huawei/nova-9-SE-8GB,Huawei,Huawei nova 9 SE,Joksim,2023-11-10 20:23:00,"Kamera loša, po mraku neupotrebljiva, retko baguje, javile se žute mrlje na ekranu. Baterija prosečna, punjenje od 66w odlično, prilično otporan na padove. Nema proširenje memorije.",6,"Dužina (>=15 reči), Negacija, Specifikacija"
454,https://mobilnisvet.com/mobilni/8715/Honor/50-8GB-256GB,Honor,Honor 50,goroPad,2023-10-18 20:26:00,"Koristim vec neko vreme ovaj telefon i mogu reci da sam jako zadovoljan. Izuzetno je fluidan i bez bugova. Ekran je sjajan. Baterija mu definitivno nije jaca strana za razliku od drugih telefona iz Honora koji se izdvajaju bas u ovom segmentu, ali nije tako losa i puni se brzinom svetlosti. Telefon je pri normalnom koriscenju, pa cak i punjenu (sporijem) hladan kao led. Jedva primetno zagrevanje sam zabelezio samo pri brzom punjenju. Kamera sasvim korektna i sasvim dovoljna za lepe i detaljne uspomene. Ko zeli profi fotke, od H50 ih nece dobiti. Sve u svemu, jedan jako stabilan i kvalitetan uredjaj koji prosecnom korisniku moze potrajati i lepo posluziti vise godina.",9,"Dužina (>=15 reči), Suprotni veznici, Negacija, Sleng"
455,https://mobilnisvet.com/mobilni-komentari/9654/Samsung/Galaxy-S22-Ultra-5G/8,Samsung,Samsung Galaxy S22 Ultra 5G,Draki85,2022-12-05 18:25:00,"Posle dugo godina na Iphone i IOS-u uzeo S22 Ultru 12/256GB,u tri dana tri zamrzavanja na Viberu i jedno restartovanje,nike gladak rad kao na IOS-u,ima dosta stvari koje su doata lakse nego na istom,baterija ok u principu,izgura dan,za sada nisam preterano odusevljen,koristicu ga jos koji dan da pokusam da se naviknem ali generalno za ovaj novac i klasu sam ocekivao da uredjaj sluzi bez ikakvih problema...",10,"Dužina (>=15 reči), Suprotni veznici, Negacija, Specifikacija, Motiv kupovine"
456,https://mobilnisvet.com/mobilni/w7xfc/Huawei/nova-Y90-6GB,Huawei,Huawei nova Y90,Strahinja,2023-01-11 14:59:00,"Pozdrav, dvoumim se izmedju Huawei-a Nova Y90 ili Motorola g30 sta je bolje uzeti?",0,
457,https://mobilnisvet.com/mobilni-komentari/7179/Apple/iPhone-11-64GB/9,Apple,Apple iPhone 11,Aleksa,2022-09-17 08:17:00,"Zeleo bih preko MTS uz paket da uzmem neki iphone, i trenutno za moj paket u ponudi imaju i iphone 11,12 i 13 i sve njihove verzije. Planirao sam da uzmem ip 13, ali sam onda video da ima za jeftiniju mesecnu ratu ip 11 64gb. Zanima me da li ce to biti dovoljna memorija? Ne igram igrice nikakve, od aplikacija koristim drustvene mreze i slikam i snimam. I takodje me zanima da li je baterija izdrzljiva? Drugar ga ima neko kratko vreme i kaze da je zadovoljan. Ceo zivot sam koristio Samsung i Android pa jos uvek nisam upucen u sve oko Iphone-a 😀",9,"Dužina (>=15 reči), Suprotni veznici, Negacija, Specifikacija"
458,https://mobilnisvet.com/mobilni-komentari/8007/Samsung/Galaxy-S20-FE/7,Samsung,Samsung Galaxy S20 FE,Sara,2021-05-03 06:39:00,"Htela sam da kupim ovaj ili S 20 ili tako neki S ali kad sam videla komentare uzela sam A71, iako vec 10god koristim samo premium S klasu ali me smorila ta baterija i Exynos, ali od Samsunga ne odustajem jer Huawei nema gugl a i da ima ne volim njihov interfejs a iPhone necu jer je batt losa a i bolji mi je Android od Ios a o Xiaomi necu ni da razmisljam to nije softver uopste.....    ......S8+ mi jos radi i odlican je ali ni novom mu nije batt izdrzala ceo dan a tek sad nikako ne drzi. A i S9 hm....",8,"Dužina (>=15 reči), Suprotni veznici, Negacija, Motiv kupovine"
459,https://mobilnisvet.com/mobilni-komentari/v7l7f/Xiaomi/12-Lite/2,Xiaomi,Xiaomi 12 Lite,Salah,2022-11-01 23:35:00,"Kada uradite ažuriranje na MIUI 13.0.7 obavezno odradite i factory reset jer u suprotnom update neće leći kako treba,ima nekih bubica kakve resetovanjem treba očistiti.",2,Dužina (>=15 reči)
460,https://mobilnisvet.com/mobilni-komentari/8448/Samsung/Galaxy-A72/6,Samsung,Samsung Galaxy A72,nema para za s21,2021-06-24 20:12:00,"Da li uzeti ovaj telefon? Cini mi se da je bolja baterija na ovom nego na a52. Posto nemam dovoljno novca za S seriju i zelim neki pristupacan telefon, da li da uzmem ovaj? Bitno mi je snimanje video klipova, kamera i baterija. Igrice na telefonu ne igram, osim najmanje zahtevnih. Meni je veoma vazno da to bude Samsung, inace glupo je da uzimam S20 FE jer ga nigde ne mogu naci a da nije polovan, a i jednom su me prevarili zato sto je polovan telefon prestao posle mesec dana da radi. S20 FE cuo sam da se mnogo greje, tako da ipak necu taj telefon, vec A72.",7,"Dužina (>=15 reči), Suprotni veznici, Negacija"
461,https://mobilnisvet.com/mobilni-komentari/8436/Samsung/Galaxy-A52/11,Samsung,Samsung Galaxy A52,rajko,2021-04-16 17:40:00,ja licno volim samsung ali neznam po cemu je a52 bolji od poco x3 nfc za 150e?nije mi jasan ovaj recezent sto ga poredi sa redmi note9pro kad je poco x3 nfc  bolji od njega???,7,"Dužina (>=15 reči), Suprotni veznici, Negacija"
462,https://mobilnisvet.com/mobilni-komentari/pt4qv/Apple/iPhone-14-Pro-Max/5,Apple,Apple iPhone 14 Pro Max,Veki,2023-03-30 15:27:00,Meni se uopste ne greje.Tel je vrh,2,Negacija
463,https://mobilnisvet.com/mobilni-komentari/blm/Honor/Magic5-Lite/14,Honor,Honor Magic5 Lite,Honor/Pixel,2023-06-20 11:51:00,"Pozz, trenutno koristim Pixel 6a vec 6 meseci i zadovoljan sam, uglavnom. Jedna od stvari na koju nisam uspeo da se naviknem je autonomija baterije. Pre Pixela sam koristio Mi10T Pro koji je bez problema drugi dan koriscenja zavrsavao sa 10-15% i predvece bio pa punjacu. Pixel izgura taman dan aktivnog koriscenja (najvise koristim drustvene mreze, youtube, ali i povremeno volim da fotkam, pa sam zato i uzeo pixel). Medjutim, baterija mi je od krucijalne vaznosti, kao i brzina punjenja, a tu pixel zaostaje dobro za Honorom. Ekran takodje, pixel 60hz i svega 6 incha.. da li vredi prodati Pixel i kupiti Magic5 lite? Prakticno bih dodao 30-40e da kupim Honor. Ne mogu da nadjem neko direktno poredjenje kamera Pixela i Magic5 Lite, ali znam da je Pixel bolji, samo ne znam da li je toliko bolji da bi ovo bila losa odluka? Bilo kakav feedback mi mnogo znaci. Inace planiram da uzmem Magic5 Pro kad mu malo padne cena, ovaj mi je da ""premostim"" sto se kaze :)",10,"Dužina (>=15 reči), Suprotni veznici, Negacija, Specifikacija, Motiv kupovine"
464,https://mobilnisvet.com/mobilni/34ft0/Xiaomi/12-Lite-8GB,Xiaomi,Xiaomi 12 Lite,Šone,2024-08-03 14:54:00,Dali se isplati menjati Honor magic 5 lite za Xiaomi 12 lite?,0,
465,https://mobilnisvet.com/mobilni/cxb56/Samsung/Galaxy-A04-64GB-Dual-SIM,Samsung,Samsung Galaxy A04,Filip,2023-04-05 14:48:00,"Za 120 evra Nisam, mogao bolji telefom da kupim, drzi bateriju dva dana ima sve sto, mi treba Kamera je ok sve u svemu dobra trgovina za ulozeni novac.",2,Dužina (>=15 reči)
466,https://mobilnisvet.com/mobilni/8240/Samsung/Galaxy-S21-Ultra-5G-256GB,Samsung,Samsung Galaxy S21 Ultra 5G,Nikola,2024-09-19 18:56:00,"Kupio sam telefon nov,nisam mogao verovati da moze ovo da se desi,ima 2 crne linije ali kad je ukljucen dark mode,na beloj pozadini to nema,a 120hz osvezavanje radi katastrofa,rekao sam prodavcu da mi telefon zameni ili cu ga prijaviti, cuo da se dosta njih zale na te linije",10,"Dužina (>=15 reči), Suprotni veznici, Negacija, Specifikacija, Motiv kupovine"
467,https://mobilnisvet.com/mobilni-komentari/8436/Samsung/Galaxy-A52/3,Samsung,Samsung Galaxy A52,tcl,2022-03-19 00:42:00,"Kako radi Asphalt 9 Legends na ovom telefonu sa grafikom na maksimalnom podesavanju? Imam stariji telefon na kom secka, razmisljam se da uzmem ili Huawei P40 Lite na kom sam se uverio da radi glatko, ili ovaj jer ima AMOLED, vodootporan je, ima OIS i Google Play. Ali ipak ne bih uzeo A52 ako na njemu ne radi Asphalt 9 glatko, jer dosta vremena provodim sa tom igrom. Vidim da je procesor na Huawei P40 Lite oznacen sa 50 posto dok je ovaj na A52 42 posto. Nisam u mogucnosti da probam igru na A52 pa pitam da li neko ima iskustva? Unapred puno hvala!!!",10,"Dužina (>=15 reči), Suprotni veznici, Negacija, Sleng, Motiv kupovine"
468,https://mobilnisvet.com/mobilni-komentari/n97/Xiaomi/Redmi-Note-12-Pro-4G/3,Xiaomi,Xiaomi Redmi Note 12 Pro 4G,Nemanja Petrovic,2023-08-10 23:13:00,Ljudi aj molim vas mi kazite ima li jos neko od vas problem sa baterijom meni se bas brzo prazni,2,Dužina (>=15 reči)
469,https://mobilnisvet.com/mobilni-komentari/8239/Samsung/Galaxy-S21-Ultra-5G/11,Samsung,Samsung Galaxy S21 Ultra 5G,Sasa,2021-08-12 21:27:00,"I meni se zagreva telefon da postane neprijatno vreo prilkom koriscenja.Sve razumem,visoke temperature ali ne bi trebalo ovako.Pritom telefon mi se zagreva pri normalnom koriscenju,Facebook,Instagram,Youtube bez igrica,odgledam Youtube klip telefon vreo,neverovatno.Zadnji Samsung sa kojim sam bio zadovoljan je bio Note 9 koji je bio odlican,onda sam preskocio nekoliko modela s10,s20 upravo zbog pregrevanja telefona.Za ovaj telefon sam samo slusao pozitivne recenzije koje kazu da je Samsung resio taj problem ali nazalost nije.Baterija za 5000 mah bi trebala mnogo bolje meni maksimalno izvuce 5 sot,sto je malo.Razmisljam sta da radim,ovoliko placen telefon treba da funkcionise besprekorno.",10,"Dužina (>=15 reči), Suprotni veznici, Negacija, Specifikacija, Motiv kupovine"
470,https://mobilnisvet.com/mobilni-komentari/9570/Xiaomi/12-Pro/2,Xiaomi,Xiaomi 12 Pro,Ivan,2023-03-24 01:22:00,"Ja imam Mi Note 10 ..  evo gura četvrtu godinu bez ikakvih problema. Po cio dan gledam youtube na njemu, ne koči sem rijetko (jednom ili dva puta godišnje)..  Samo bih volio da je brži punjač, ali i ovo je odlično (30w)",9,"Dužina (>=15 reči), Suprotni veznici, Negacija, Specifikacija"
471,https://mobilnisvet.com/mobilni-komentari/qy8/Xiaomi/15-12GB-256GB-2x-SIM/2,Xiaomi,Xiaomi 15,Djape93,2025-11-27 10:47:00,U dilemi sam preko operatera da li uzeti ovaj za 5700 ili 15 t pro za 5300 u 15t pro idu neki glupi pokloni ali razmisljam o telefonu?,5,"Dužina (>=15 reči), Suprotni veznici"
472,https://mobilnisvet.com/mobilni/m3c/Samsung/Galaxy-A24-4G-8GB-128GB-1x-SIM,Samsung,Samsung Galaxy A24 4G,Samsung,2023-12-25 22:55:00,Kupih ovaj  samsung a24 mogu reci i nije nesto pretjerano brz ima malko trzavih animation od 8 giga je ram a more da se prebacuje i na 6 giga i na 4 giga rama dali je i kod vas isti slucaj u vezi rama 8 6 4,4,"Dužina (>=15 reči), Negacija"
473,https://mobilnisvet.com/mobilni-komentari/8448/Samsung/Galaxy-A72/4,Samsung,Samsung Galaxy A72,Mobi,2021-11-24 06:08:00,"Uzmem par dana ovaj da probam i da zamenim uz doplatu za moj Samsung A71, jer mi se svidja ova A klasa zbog autonomije i ekrana i para itd. Kao pouzdano a nije preskupo. Jer a71 mi nije stucnuo nikad, savrseno radi. Medjutim tih 90Hz nisu meni vidljivi nesto, ipak je prelazak sa 60hz na 120hz osetan a ovo ne, ako neko zbog toga hoce da predje sa nekog drugog modela neka proba uzivo prvo. A i baterija isto traje na oba, jer ovom tih 90hz trosi malo vise i tu onda bude slicna baterija. Naravno odlicna mu je baterija ali i na  A71 mi traje dan i po, skoro 2, bez igrica ali sve ostalo upaljeno, aod i video pozivi cesto, a desavalo mi se i 3 dana, sa SOT 10h, na WiFi.",10,"Dužina (>=15 reči), Suprotni veznici, Negacija, Specifikacija, Motiv kupovine"
474,https://mobilnisvet.com/mobilni/x24/Honor/X6a,Honor,Honor X6a,Weksy,2023-08-11 13:09:00,Telefon skromnih mogućnosti.,0,
475,https://mobilnisvet.com/mobilni-komentari/8007/Samsung/Galaxy-S20-FE/3,Samsung,Samsung Galaxy S20 FE,Cile,2022-01-31 02:07:00,"Imao sam ovaj i video da mu baterija traje nenormalno kratko, prosto necu telefon koji moram i 2x dnevno da punim. A toliko se greje i kad se puni u onom delu g narocito, i kad se koristi, onako vruc kad se koristi a bas vreo bude kad se duze koristi i igra, kazu mi preko maske se ne oseti toliko da je vreo. Pa najbolje rukavicu za rernu da sam drzao. I najgore i najsporije je otkljucavao na otisak prsta od svih koje sam imao ali ok nekima to i ne treba uopste. Original je da naglasim odmah i to. I dao oglas da prodam i niko se nije javio. Svi su vec culi za te probleme ocigledno. Poklonio sam ga posle toga. I ko bude u fazonu da lazem, jer ima i takvih nazalost, a ne znam koju bih imao korist od laganja sad, jer dok ga nisam prodao cutao sam nisam iznosio problem da bih ga prodao mozda, taj nek da link na koji ovde mogu da se zakace slike i okacicu slike svog S20Fe.",7,"Dužina (>=15 reči), Suprotni veznici, Negacija"
476,https://mobilnisvet.com/mobilni-komentari/9573/Samsung/Galaxy-S21-FE-5G/17,Samsung,Samsung Galaxy S21 FE 5G,Boban,2022-09-01 06:17:00,"Imam ga nešto više od mesec dana. Prešao sa a71. Iskreno ovaj telefon jednostvano ne pripada S seriji, jednostavno dosta okrnjena verzija. Ali bez obzira odličan telefon, tačno je da ume da se zagreje, i baterija onako, dosta lošija nego na A71. Sve drugo : kamera,ekran 120hz,fluidnost u radu,vodootporan, dizajn (plastika nazad ne smeta kao na a71 jer je bolja na dodir a i ne grebe se),odlični stereo zvučnici. s21fe je u odnosu na konkurente slične cenovne kategorije dosta bolji za te pare ako ga uzimate na rate.",9,"Dužina (>=15 reči), Suprotni veznici, Negacija, Specifikacija"
477,https://mobilnisvet.com/mobilni-komentari/sgpzy/Xiaomi/Redmi-Note-12-5G-4GB-128GB-2x-SIM/2,Xiaomi,Xiaomi Redmi Note 12 5G,S,2023-08-27 19:43:00,"Honor x8, honor x8a ili xiaomi redmi note 12?",0,
478,https://mobilnisvet.com/mobilni-komentari/8389/Xiaomi/Redmi-Note-10-Pro/3,Xiaomi,Xiaomi Redmi Note 10 Pro,daca,2023-12-11 10:12:00,"tel koristim 1 god,tel je vrh, e sad,juce mi ispao iz ruke i primetio sam da uvek za poruke stoji sim 2, u podesavanjima nema za poruke sa koje kartice vec samo za pozive i mob podatke, pa prilikom svake poruke menjam sim, cini mi se da nije bilo tako, aj pomoć prijatelja",4,"Dužina (>=15 reči), Negacija"
479,https://mobilnisvet.com/mobilni-komentari/9622/Xiaomi/Redmi-Note-11-Pro-5G/2,Xiaomi,Xiaomi Redmi Note 11 Pro 5G,radovan,2022-06-28 19:00:00,telefon je odlican,0,
480,https://mobilnisvet.com/mobilni-komentari/mgt/Samsung/Galaxy-A54/27,Samsung,Samsung Galaxy A54,Panter,2023-04-14 02:00:00,"Sad već vidim i veće mane ovog modela. Kasne poruke na Instagramu što meni smeta, ne uvek ali često. Whats App ne radi normalno, tačnije nema obaveštenja za pristiglu poruku dok se ne uđe u aplikaciju. Kamera je dobra ali sada kada je sve više koristim vidim velike nedostatke. Ne znam od čega zavisi, ali desi se da napravi blede fotke i pored odličnog dnevnog svetla. Jedino lepo što ne štuca u radu.",9,"Dužina (>=15 reči), Suprotni veznici, Negacija, Sleng"
481,https://mobilnisvet.com/mobilni-komentari/8389/Xiaomi/Redmi-Note-10-Pro/22,Xiaomi,Xiaomi Redmi Note 10 Pro,Man,2021-12-30 19:16:00,Postovani da li mi mozete reci posto se ne razumem bas preterano da li ovaj telefon podrzava opciju povezivanja preko hdmi kabla sa televizorom i monitorom? To mi je jako bitno a ako ne ovaj koji onda moze u ovom cenovnom rangu? Hvala unapred..,4,"Dužina (>=15 reči), Negacija"
482,https://mobilnisvet.com/mobilni-komentari/gz0/Honor/Magic5-Pro/13,Honor,Honor Magic5 Pro,kiza,2023-07-21 18:14:00,"Evo nakon nedelju dana, kako koristim ovaj telefon, želim da iznesem neke svoje utiske. Prvo telefon je izrađen veoma kvalitetno i izgleda fenomenalno, bar meni. Pošto se pomalo bavim fotografijom, počeću od kamere. Slike su extra kvaliteta, sa odličnim kontrastom i detaljima, a boje prirodne. Bilo da slikate makro ili panoramske fotografije. U podešavanjima ima gomila predefinisanih opcija, kao i ručno podešavanje, ako se nekome ne sviđa automatski režim. Mada sumnjam da bilo ko može da im nađe zamerku. Telefoto radi odlično, ali ne treba preterivati. Optički zum od 3,5x daje odlične fotke a sve preko toga radi se preko digitalnog zuma, što se postiže običnim kropovanjem i time se gubi gustina piksela ,a samim tim i kvalitet fotografije. Ovo je kod svih telefona koji imaju digitalni zum, tako da tu ne treba imati neka velika očekivanja. Ja lično koristim fotoaparat sa ozbiljnom optikom za takve fotke. Što se tiče samog telefona sve radi veoma glatko i bez ikakvih problema. Svi guglovi servisi rade odlično, a ekran je priča za sebe. Ja ga držim na nekih 30% osvetljenja, jer je to sasvim dovoljno za normalnu vidljivost. Nemam nikakvih problema sa viberom, obaveštenja stižu iste sekunde. Sve je stvar u podešavanjima. Treba malo vremena da otkrijete šta sve može. Baterija ladno izdrži dva dana uz normalno korištenje telefona. Pod normalnim mislim na razgovore, društvene mreže, poruke, fotke, mailove i internet i to u razumnom vremenu i bez igrica. Svima onima koji sprže bateriju na telefonu za jedan dan, preporučujem da nađu neki posao, a ne da po ceo dan igraju igrice i gledaju filmove na telefonu. Pročitao sam ovde neke komentare o tome kako je slaba podrška za android i sl. Pre ovog tel sam koristio, a i još ga koristim, Sony xz premium, oko 6 god. Zadnji update je bio pre 2g i zadnja verzija android 9. Telefon i dan danas radi bez greške, nikad  nije zabagovao, a baterija može da izgura dan do dan i po. Ono čega se pridržavam kod telefona je sledeće: Nikad ne ostavljam telefon na punjaču preko noći, nego do nekih 95-100%. Ne instaliram svakojake aplikacije i gluposti na tel, jer to zauzima memoriju, a većina tih aplikacija je aktivna u pozadini i guta vam memoriju, i onda dođete u situaciju da  vam tel koči i secka pri radu. Što se cene tiče, mislim da je realna i da su iPhone i Samsung precenjeni i  da drže visoku cenu samo zbog imena. Ako uporedite ovaj tel sa npr Iphone max pro 14 , videćete da je u većini segmenata ovaj tel bolji, ali da je iphone skuplji nekih 600$.  Od mana bih naveo da se mnogo greje ako ga ostavite na suncu. Bude toliko vruć da ga ne možete držati u ruci. Sve u svemu , ovaj telefon je za svaku preporuku. Nadam se da sam bar malo pomogao sa ovim komentarom",10,"Dužina (>=15 reči), Suprotni veznici, Negacija, Sleng, Motiv kupovine"
483,https://mobilnisvet.com/mobilni-komentari/9288/Xiaomi/11-Lite-5G-NE/4,Xiaomi,Xiaomi 11 Lite 5G NE,Mak,2022-01-25 21:00:00,"Pozdrav. Jedno pitanje. Koristim telefon u svetlom rezimu. Primetio sam kada udjem u YouTube i pre nego sto pustim neki video pozadina oko tog videa malo mi potamni za nijansu. Ali kada skrolujem na dole i zastanem kod dugog videa sve je normalno, pa opet kada zastanem negde opet blago potamni. To mi se samo desava kada sam u YouTube. Ovako recimo kada odem na google ili imenik sve je normalno i nista netamni. Naravno sve mi je iskljuceno u podesavanjima( automatsko osvetljenje, usteda bat...) sve je na of. Da li ima neko sličan problem i da li zna šta je ovo?",5,"Dužina (>=15 reči), Suprotni veznici"
484,https://mobilnisvet.com/mobilni/bv01r/Apple/iPhone-14-Pro-1TB,Apple,Apple iPhone 14 Pro,J,2025-05-08 17:50:00,"Da li je bolje da uzmem 14pro ili obicnu 15icu?Na kom je baterija bolja,ne zelim da mi brzo spada bh",4,"Dužina (>=15 reči), Negacija"
485,https://mobilnisvet.com/mobilni-komentari/9619/Xiaomi/Redmi-Note-11S-4G/3,Xiaomi,Xiaomi Redmi Note 11S 4G,Max,2022-04-14 08:14:00,"Imam ovaj telefon mjesec dana, i prvi utisci su baš pozitivni. Prvo-baterija drži i do dva dana pri normalnom korištenju, dakle Whatsapp, Viber, pozivi, Youtube, uz po neku sliku. Drugo-procesor je prebrz, telefon bukvalno leti pri korištenju bilo koje od aplikacija (a i više njih otvorenih istovremeno). Dizajn samog telefona je lijep i elegantan, leži ok u ruci. Prednja (selfie) kamera je do sada najbolja što sam ikada imao, a imao sam ranije i Samsung, i iPhone, i Xiaomi 9, Xiaomi Note 10... E sad, glavna kamera mi ne odradi uvijek savršenu fotku (za očekivati je da to bude PRO uz kameru od 108mpx) ,a i kada uporedim slike sa starog Redmi Note 10 (btw ima isto 108mpx) te slike su za nijansu kvalitetnije i detaljnije. Nadam se da će sa nekim update-om i to malo doraditi. Ekran me oduševljava, upoređivao sam sa koleginicom koja ima iPhone 13 Max ,i kada pustite bilo koji video u visokoj rezoluciji (Netflix, YouTube..) ovaj telefon je za komad ispred najnovijeg iPhona, čak i ona sama priznaje :) Jednostavno odnos boja, detalji, oštrina videa su vrhunskog kvaliteta na ovom telefonu. Dalje, zvučnici jako dobri, zvuk je čist, bez šuma itd.. Punjenje (iako je punjač od 33W) je baš brzo, za 20 min ide sa nekih 30% na 100%, što je za neko normalno svakodnevno korištenje i više nego zadovoljavajuće. Još uvijek nisam probao zahtjevnije igrice, ali otvarajući aplikacije kao što su Adobe, Udemy, Canva.. vidi se da telefon ne bi trebao imati problema, kao što sam već ranije napisao. Možda sam još ponešto zaboravio, svakako ću dodati još komentara kako vrijeme bude prolazilo. Za sada - 9 od 10, super telefon sa odličnim odnosom kvalitet/cijena.",9,"Dužina (>=15 reči), Suprotni veznici, Negacija, Specifikacija"
486,https://mobilnisvet.com/mobilni-komentari/mgt/Samsung/Galaxy-A54/28,Samsung,Samsung Galaxy A54,J.M.,2023-03-24 10:17:00,Koji je bolji izbor ovaj a54 ili a53?,0,
487,https://mobilnisvet.com/mobilni-komentari/7176/Apple/iPhone-11-Pro-64GB/3,Apple,Apple iPhone 11 Pro,Stefan,2021-10-26 06:20:00,"Uzeo sam iPhone 12 mini pre pola godine,bio sam u fazonu kao noviji je,bolji i tako dalje. Telefon je prelep. Medjutim već nakon mesec dana sam odlučio prodati ga i kupiti 11 Pro seriju od 64GB. Mnogo bolja i kvalitetnija opcija,to što ovaj ima oznaku 12 ne znači da je bolji. Ovo je model sa oznakom Pro,a svi znamo šta to znači,kamera više,bolje performanse,uzeti 12icu običnu pored 11 Pro je bukvalno downgrade. A da ne pričamo da 11 Pro ima najbolju bateriju ikada,bolju čak i od 12 Pro modela,gde se svako može uveriti pored bezbroj recenzija. Pritom izgled 11ice u odnosu na 12 se ne može porediti,12ica previše plastično izgleda dok 11 Pro izgleda i jeste premium model. Postoji razlog zašto je 11 Pro skuplji od ne-premium modela i zašto ima oznaku Pro. Baterija BUKVALNO dva dana može izdržati bez problema i sa zahtevnim korisnicima. Memorija od 64 GB je i više nego dovoljna,imam bezbroj aplikacija,slika i svega i ostalo mi je još 30GB što je predovoljno. Pritom uvek postoji iCloud+ pretplata od 200GB mesečno po ceni od 3€,presmešno zaista. Tako da moja topla preporuka kao nekoga koje dugogodišnji i verni fan Apple-a da se ne odvoumite izmedju uzimanja ovog telefona i obične 12ice. Ukoliko želite noviji onda 12 pro to je logično bolje ali običnu nikako. Svako ko je koristio premijum Apple uredjaje,zna o čemu pričam i nikada se neće spustiti na klasu niže,to bi bio moj savet za sve vas,svakako možete pogledati i recenzije i performanse svuda online ali ovo je moje lično i kompetentno mišljenje.",10,"Dužina (>=15 reči), Suprotni veznici, Negacija, Specifikacija, Motiv kupovine"
488,https://mobilnisvet.com/mobilni/93g/Apple/iPhone-16-Plus-8GB-512GB-2x-SIM,Apple,Apple iPhone 16 Plus,ledjox,2024-11-20 04:30:00,"Moj note 10plus ga šuri u svakom pogledu. Džaba su krečili. Više memorije,kamere jako dobre. Baterija posle 5god top od kako je izašao.",2,Dužina (>=15 reči)
489,https://mobilnisvet.com/mobilni/khc/Apple/iPhone-15-Pro-8GB-1TB-1x-SIM-1x-eSIM,Apple,Apple iPhone 15 Pro,Dusan,2025-05-06 19:35:00,"Imam 15 pro vec godinu ipo, da li vredi samo zbog kamere da se menja za xiaomi 15 12/512gb ili ne? Imao sam priliku da ga pogledam ali samo u radnji.",10,"Dužina (>=15 reči), Suprotni veznici, Negacija, Specifikacija, Motiv kupovine"
490,https://mobilnisvet.com/mobilni-komentari/9266/Apple/iPhone-13-mini/7,Apple,Apple iPhone 13 mini,miki,2021-09-27 11:10:00,"Lep, kompaktan telefoncic. Prvi rezultati testova baterije obecavaju, znacajno duze traje od 12 mini ali nazalost cena je 350 evra veca nego u americi...tako da se ne isplati sada.",7,"Dužina (>=15 reči), Suprotni veznici, Negacija"
491,https://mobilnisvet.com/mobilni/vlx0b/Honor/X7a-Dual-SIM,Honor,Honor X7a,nenad,2024-08-18 15:55:00,Kako radi igrica Brawl Star,0,
492,https://mobilnisvet.com/mobilni-komentari/l7m/Samsung/Galaxy-S23-Ultra/24,Samsung,Samsung Galaxy S23 Ultra,Marko Don Crvenke,2023-11-11 18:23:00,Oce li neko Iskreno napisati za one ui6 kakav je,0,
493,https://mobilnisvet.com/mobilni/6c6/Xiaomi/Redmi-Note-13-5G-6GB-128GB-2x-SIM,Xiaomi,Xiaomi Redmi Note 13 5G,Spiridon,2024-10-12 15:00:00,"Hajde za promenu da ostavim jedan malo drugačiji komentar od svih pljuvačkih, naravno uslovljen ličnim korišćenjem ovog modela u verziji 8gb 256 gb u trajanju od nedelju dana. Signal - sasvim ok, ne primetih gubitak i slabljenje na mts mreži, baterija bez igranja igrica a sa korišćenjem jedne kartice dan i po normalnog korišćenja-par sati neta, sat, dva razgovora, viber, whatsapp, muzika pola sata... ništa spektakularno. Trzanja i kočenja u radu nema niti bilo kakvih kašnjenja u radu kamere a fotke i video očekivani prosek, ništa više od toga. Verzija HyperOS 1.0.11.0 UNQMIXM - android 14. Odnos cena - kvalitet dobar, videćemo za dalje kako će se pokazati ali naravno tu je i garancija regularne radnje u trajanju od meni dovoljnih 12 meseci.",11,"Dužina (>=15 reči), Suprotni veznici, Negacija, Specifikacija, Sleng"
494,https://mobilnisvet.com/mobilni-komentari/7651/Apple/iPhone-SE-(2020)/10,Apple,Apple iPhone SE (2020),Aca,2020-10-05 17:28:00,Da li neko zna kako proveriti koliki je sot odnosno vreme ukljucenog ekrana? Ja se ne snalazim bas ali baterija mi deluje extra...,7,"Dužina (>=15 reči), Suprotni veznici, Negacija"
495,https://mobilnisvet.com/mobilni-komentari/7179/Apple/iPhone-11-64GB/11,Apple,Apple iPhone 11,Dario,2022-04-25 17:15:00,Imam pitanje/mišljenje za sve.,0,
496,https://mobilnisvet.com/mobilni-komentari/8227/Samsung/Galaxy-S21-5G/2,Samsung,Samsung Galaxy S21 5G,Laza,2022-09-21 11:01:00,"Dvoumim se između S21 Fe i A52S, koji preporučujete?",0,
497,https://mobilnisvet.com/mobilni-komentari/8007/Samsung/Galaxy-S20-FE/2,Samsung,Samsung Galaxy S20 FE,Doberman,2022-03-22 17:27:00,"Nikako da napisem utiske.Koristim ga sad oko mesec dana i full sam zadovoljan.Naravno,ekran mu je najjaci adut pa zatim baterija.Govorim o snapdragon verziji.Mislim da je u ovom rangu best buy.Preporuke.",2,Dužina (>=15 reči)
498,https://mobilnisvet.com/mobilni-komentari/y94s0/Apple/iPhone-14-Pro/3,Apple,Apple iPhone 14 Pro,Darko,2023-10-08 12:22:00,"Da li je bezbedno uzeti ovaj model (14 pro) u gore navedenim radnjama? Bilo kakva informacija mi je korisna, hvala.",2,Dužina (>=15 reči)
499,https://mobilnisvet.com/mobilni-komentari/8389/Xiaomi/Redmi-Note-10-Pro/38,Xiaomi,Xiaomi Redmi Note 10 Pro,coa,2021-04-29 13:08:00,"e ovako posle par dana koriscenja,mob brz,displej predivan 120hz odradjuje svoje pa jos i amoled,proximity senzor radi odlicno napokon bar kod ovog mog,baterija dva dana lagano(igirice ne igram),kamera preko dana extra nocu uz nocni mod iz ruke nema sanse da ispadnu tako dobre fotke kako ispadaju kad postavis negde mob,gcam uz nocni mod malo je stabilniji ja korisitm 8.1 verziju,siroko ugaona je ok preko dana nocu zaboravite,macro kamera iznenadjujuce dobra obicno u ovom cenovnom rangu stave neku koja je vise tu ko detalj,e ova radi posao i to jako dobro,video nema stabilizaciju uz 4k mozda ce se to resiti nekim update ne znam,wi fi signal odlican,zvucnici mozda i van srednje klase ima tu cak i basa...i tako dalje od mana ne znam sta da navedem mozda velik al ovo je sad standard velicina nazalost,stabilizacija uz 4k snimanje,stabilnost da je bolja uz nocni mod slikanja mada ponavljam ako postavite negde mob i slikate slike budu slobodno receno flegship kvalitet treba mu mozda dve sekunde da uslika u nocnom modu,naravno preporuka za ovaj model",11,"Dužina (>=15 reči), Suprotni veznici, Negacija, Specifikacija, Sleng"
500,https://mobilnisvet.com/mobilni/8057/Apple/iPhone-12-256GB,Apple,Apple iPhone 12,Nikola,2024-05-30 21:05:00,"Telefon jeste odlican,nije potrebno da zatvaras aplikacije kao kod androida,telefon sa 4gb rama bukvalno leti,ekran je 1 mesto u odnosu na bilo koji android telefon,jedino sto mi se ne svidja sto ios ima neka glupa ogranicenja,a drustvene mreze aplikacije tipa fb i mesenger izgledaju kao na wp telefonu,smajlici za dopisivanje su bukvalno zastareli,baterija dan ipo solidno,ipak preporuka za kupovinu ovog telefona",9,"Dužina (>=15 reči), Suprotni veznici, Negacija, Specifikacija"
501,https://mobilnisvet.com/mobilni/kgt/Samsung/Galaxy-M55-12GB-256GB-2x-SIM,Samsung,Samsung Galaxy M55,Igor,2025-04-26 17:03:00,"Uzeo klincu ovaj telefon u Americi globalno otključan, pride dobio gratis punjač 25w uz njega original samsungov, telefon je odličan,tanak i baš lagan čak i sa maskom, uzeo light green boju koja je  pogodna za soba pola, koristio ga malo tamo, mali ga koristi ovde,nema nikakvih problema, bateriju ne može da istroši za jedan dan, obično se puni svaki drugi dan. Kamere nisam mnogo koristio ali su dobre iz onoga što sam video, ekran je odličan.  Kada sam prvi put uključio telefon i povezao se na internet, dobio sam dva patch softverska update-a jedan za drugim. Jedino što se meni ne sviđa i što malo čudno je što nema opciju za podešavanje boja vivid ili natural, mislim da je po default-u vivid, ali možda će i to rešiti nekim sledećim update-om. Pri jačoj upotrebi se zagreva ali nije vreo, već topao,  256/8 je varijanta i ubacio mu karticu od 64GB. Da, uglavnom ga puni sa mojim 45w Samsung original punjačem koji imam i dosta se brzo napuni, nisam tačno merio ali od 0 do 100, čini mi se za sat vremena ili 55 do 57 minuta. Moja preporuka.",10,"Dužina (>=15 reči), Suprotni veznici, Negacija, Specifikacija, Motiv kupovine"
502,https://mobilnisvet.com/mobilni/n4p/Samsung/Galaxy-S25-Edge-12GB-512GB-1x-SIM-2x-eSIM,Samsung,Samsung Galaxy S25 Edge,xyz11080,2025-12-23 20:19:00,"Vidim da dosta ljudi pise svasta, a velika vecina nije imala i nece ni uzeti ovaj telefon. Elem, kupio sam ga pre par dana. Imam ajfon 17 pro max i potreban mi je jos jedan telefon. Nisam ni razmisljao o drugom ajfonu, vec sam hteo ciljano android. U moru slicnih, izbor mi se sveo na S25. Iako sam znao kakav je S25 edge, tj kako izgleda i kako lezi u ruci, nisam znao nista vise. Citao sam komentare danima, gledao recenzije i resih da ipak on bude moj izbor pre obicnog S25. Iskreno, ko god se razmislja da ga kupi, kome se svidja a nije siguran, slobodno ga kupite. Ekran je fantazija, brzina takodje, baterija traje 1,5 dan uz normalno koriscenje ( bar meni ). U eri kada vecina nas menja telefone svake godine, bez razmisljanja preporucujem ovaj. Dobijate vrhunski telefon, za korektnu svotu novca. Na oglasima je trenuto ispod 600e verzija sa 256gb.",10,"Dužina (>=15 reči), Suprotni veznici, Negacija, Specifikacija, Motiv kupovine"
503,https://mobilnisvet.com/mobilni-komentari/8224/Xiaomi/Mi-11/5,Xiaomi,Xiaomi Mi 11,Filip,2021-02-08 23:58:00,"Performanse su super, nikad nisam sumnjao u hardver Xiaomi-ja i cijena je relativno dobra, ali dajte ljudi, neka neko kaže tim momcima iz Xiaomi-ja da pokušaju bar jednom da porade malo više na dizajnu i da bar jednom naprave jedan kompaktan telefon s ovim performansama. Jer ko će držati telefon od 200 grama i baratati sa ekranom od 6,81 ? Shakil ONeill, Kawaii Lenard ili Bobi Marjanović? E zato su i treći trenutno, i ostaće treći jer smartphone je zapravo jedna cjelina, nije samo do ekrana, baterije, procesora, punjača iliti softvera. Svi smo skontali da je Huawei pukao. Zato su ovi treći. Kada bi Xiaomi bio u stanju da napravi telefon kao što je iPhone 12 a pogotovo iPhone 12 mini a da zadrži ove performanse, ostavili bi konkurenciju godinu dana iza sebe. Pod uslovom da ne ugrađuju bateriju od 2000 mAh radi dimenzija. Jer šta će ti najbolji telefon ako ne možeš komotno da ga koristiš bar jedan dan. Sa ovakvim lopatama a pogotovo sa onom Redmi 9 i Redmi Note 9 linijom, nikad se neće ni primaći Samsungu i Apple-u. Lično bi volio da se to dogodi jer onda za nas kupce to znači jača konkurencija i niža cijena svih modela, jer toliki giganti nikada neće sklopiti oligopol. Svako ko je pogledao recenzije iPhone 12 mini i Samsung s10e shvatiće da bi to apsolutno bili najprodavaniji telefoni godine samo da su uspjeli da naguraju malo jaču bateriju u njih. Jer majku mu , treba da se zna šta je tablet a šta je telefon. Ili svi pređite na flip fazon ili prekinite sa ovim dimenzijama jer ovo je smiješno. Ako se ovako nastavi za 5 godina imacemo smartphone od 9 inča i biće nam eksta. Za kraj, meni da neko pokloni ovaj telefon ja bih se zahvalio i vratio ga nazad. Toliko.",9,"Dužina (>=15 reči), Suprotni veznici, Negacija, Specifikacija"
504,https://mobilnisvet.com/mobilni/9268/Apple/iPhone-13-mini-512GB,Apple,Apple iPhone 13 mini,Милош,2024-07-24 09:28:00,"Pozdrav ljudi koristim Samsung S21FE, uzeo sam ga novog pre pola godine , imam mogućnost da menjam za 13 mini u perfektnom stanju pa me zanima vaše mišljenje ? Hvala",3,"Dužina (>=15 reči), Motiv kupovine"
505,https://mobilnisvet.com/mobilni/n4p/Samsung/Galaxy-S25-Edge-12GB-512GB-1x-SIM-2x-eSIM,Samsung,Samsung Galaxy S25 Edge,Vladimir,2026-03-30 21:05:00,"Kupio ovaj telefon iz mog iskustva više nego zadovoljan testirao YouTube društvene mreže ceo dan kod mene izdrži bez problema. Do sada imao Motorolu 40 Neo iako ima veći kapacitet baterije od ovog Samsunga ništa duže ne drži,jedino je punjač jači od 68w. Ažurirao se na Android 16 brz nema bagova ne koči fluidan kod mene se ne greje. Kamere dobre nisam neki fanatik za slikanje i snimanje,da mi je to prioritet uzeo bi profi foto aparat kameru.",10,"Dužina (>=15 reči), Suprotni veznici, Negacija, Specifikacija, Motiv kupovine"
506,https://mobilnisvet.com/mobilni/t05/Xiaomi/Redmi-13C-4G-8GB-256GB,Xiaomi,Xiaomi Redmi 13C 4G,Dejan,2024-02-05 11:33:00,"Pozdrav. Kako uključiti vreme snimka fotografije na 13 c, 8/256 na kameri? Na redmi 9, je to bila opcija u podešavanju kamere, ovde je nema ili je ne znam naći. Hvala.",4,"Dužina (>=15 reči), Negacija"
507,https://mobilnisvet.com/mobilni/9812/Apple/iPhone-SE-2022-256GB,Apple,Apple iPhone SE 2022,Dejan,2024-10-27 02:09:00,Da li cu da ostetim bateriju sa punjacem od 15w ili ipak da ne rizikujem i da ostanem na 5w.?,9,"Dužina (>=15 reči), Suprotni veznici, Negacija, Specifikacija"
508,https://mobilnisvet.com/mobilni/0rk/Apple/iPhone-17e-8GB-512GB-1x-SIM-2x-eSIM,Apple,Apple iPhone 17e,Coa,2026-04-29 09:51:00,Ovaj 17e ili Google pixel 10? Hvala,0,
509,https://mobilnisvet.com/mobilni/zj6/Xiaomi/13T-Pro-16GB-1TB,Xiaomi,Xiaomi 13T Pro,Bane,2025-10-27 19:17:00,"Moze neko da mi kaze kakva im je baterija sad onima koji ga koriste duze,SOT me interesuje i stabiluzacija videa? Jer neko se zali na oboje posle zadnjeg update-a a razmisljam se izmedju njega o 13 pro",2,Dužina (>=15 reči)
510,https://mobilnisvet.com/mobilni-komentari/y94s0/Apple/iPhone-14-Pro/7,Apple,Apple iPhone 14 Pro,Marija,2022-12-07 11:27:00,"Uzela sam ajfon 14 pro 256gb,reklamirala sam ga posle 4 dana korišćenja jer se baterija isprazni posle 5 sati, a drugarici je kamera blokirala , užasno se greje i vibrira sam. Totalno razočaranje",5,"Dužina (>=15 reči), Specifikacija, Motiv kupovine"
511,https://mobilnisvet.com/mobilni-komentari/7432/Samsung/Galaxy-S20+/3,Samsung,Samsung Galaxy S20+,Nik,2020-12-23 16:02:00,Jel zna mozda neko sta bi moglo da bude cesto mi izadje poruka na ekranu kad recimo upalim telefon ili ga otkljucam kaze imate problem sa povezivanjem. Proverite mreznu vezu i pokusajte ponovo. Jel se desvalo nekome?,2,Dužina (>=15 reči)
512,https://mobilnisvet.com/mobilni-komentari/l7m/Samsung/Galaxy-S23-Ultra/27,Samsung,Samsung Galaxy S23 Ultra,Miloš,2023-10-13 16:21:00,"Koja je fora sa ovim raznim varijantama 1xSIM, 2xSIM, na ovom sajtu je razlika između ta dva sa istom memorijom (12/512) 186eur!? Da li može kod naših operatera (mts) da se prebaci na eSIM? Inače imam S22 Ultra skoro 2 god, uskoro mi ističe ugovor pa razmišljam da pređem na S23 Ultra. Znam da nije neka razlika, ali bi uzeo 512GB umesto 256GB koji imam sada, a i S23 Ultra ima Snapdragon za razliku od mog S22 Ultra pa bi se manje grejao. Vidim da Samsung nudi sad Samsung S21 FE kao poklon uz kupovinu S23 Ultra što nije loše, mogao bi da prodam njega i stari S22 Ultra... Inače S22 Ultra je stvarno kao mali komp, često ga koristim i umesto laptopa za puštanje videa/web tv-a na TV-u i druge stvari, jer radi mnogo bolje, mada jeste i duplo skuplji od tog laptopa. Posle skoro 2 god i dalje sve radi super, sviđa mi se i brzo punjenje baterije - i dalje super brzo sa 65W punjačem (mada je max u stvari 35W realno prvih par min), naročito kad treba da krenem negde a ima manje od 10% - od 6% do 30% za 10min. Zoom 10x je kul ali samo sa dosta svetla.",10,"Dužina (>=15 reči), Suprotni veznici, Negacija, Specifikacija, Motiv kupovine"
513,https://mobilnisvet.com/mobilni-komentari/gzw/Honor/Magic8-Pro-12GB-256GB-1x-SIM-1x-eSIM/6,Honor,Honor Magic8 Pro,Milos,2025-12-16 10:33:00,Jel ovo za naše tržište sa baterijom 6270mah?,2,Specifikacija
514,https://mobilnisvet.com/mobilni-komentari/qqy/Xiaomi/13T/3,Xiaomi,Xiaomi 13T,Petars,2024-04-08 22:51:00,Da li nekome baguje snapchat na ovom telefonu samo zakoci i moras da izadjes i app. Kako to resiti?,2,Dužina (>=15 reči)
515,https://mobilnisvet.com/mobilni-komentari/l7m/Samsung/Galaxy-S23-Ultra/9,Samsung,Samsung Galaxy S23 Ultra,Dex2,2024-11-01 16:46:00,"Pozdrav, ako može savet..koji s 23 ultra kupiti..sa koliko memorije..",0,
516,https://mobilnisvet.com/mobilni-komentari/7179/Apple/iPhone-11-64GB/23,Apple,Apple iPhone 11,ana,2020-11-08 11:23:00,jel spada procenat baterije zimi?,0,
517,https://mobilnisvet.com/mobilni/xhk/Xiaomi/15-Ultra-12GB-256GB-2x-SIM-2x-eSIM,Xiaomi,Xiaomi 15 Ultra,Dragan,2025-10-30 18:29:00,"Uzeo ultra pre par dana. Telefon je top. Brz ko munja. Nosio motorolu edge 40 pre, smatrao sam da ċe biti previše glomazan ali kako radi i šta pruża, prezadovoljan sam. Lepo leźi u ruci bez obzira na veliċinu. Kamera je top, zvuk odliċan. Napokon razgovori na zvučniku jasni, ima zagrevanja ali ne nešto drastično. Ja sam zadovoljan izborom.",8,"Dužina (>=15 reči), Suprotni veznici, Negacija, Motiv kupovine"
518,https://mobilnisvet.com/mobilni/tj1/Apple/iPhone-17-Pro-Max-12GB-2TB-1x-SIM-2x-eSIM,Apple,Apple iPhone 17 Pro Max,Ljubo,2026-07-23 07:04:00,Da li je realno da mu je cena i dalje 1200 evra. S26 ultri je 850. Pa nije Ajfon 350 evra bolji od Ultre.,4,"Dužina (>=15 reči), Negacija"
519,https://mobilnisvet.com/mobilni-komentari/pt4qv/Apple/iPhone-14-Pro-Max/3,Apple,Apple iPhone 14 Pro Max,Dragan,2023-11-24 02:12:00,Kupio sam sinu 14 pro max ali nemam originalni punjac pa bih zamolio za savet da li moze puniti telefon sa samsungovim punjacem od 25w a da pri tom ne osteti na bilo koji nacin bateriju kao sto nebi sa originalnim punjacem od 20w.,10,"Dužina (>=15 reči), Suprotni veznici, Negacija, Specifikacija, Motiv kupovine"
520,https://mobilnisvet.com/mobilni-komentari/8436/Samsung/Galaxy-A52/10,Samsung,Samsung Galaxy A52,Confu,2021-05-12 20:56:00,"Poz. Ljudi trazim mob srednje klase Huawei,sams ili saomi... Da kupim a da ima dobru macro kameru.. Gledao sam a52 a72 a71, huawei p40lite... Sta vi predlazete? Hvala unapred!",2,Dužina (>=15 reči)
521,https://mobilnisvet.com/mobilni-komentari/9638/Samsung/Galaxy-S22-5G/9,Samsung,Samsung Galaxy S22 5G,Zoran,2022-06-30 06:18:00,"Kupio sam telefon juce od 256gb,u Austriji,cim sam otvorio kutiju malo ga protresao i cuje se lupanje u telefonu,tu oko kamere,kad se upali kamera onda je to lupkanje dosta slabije ali je i dalje tu,dali je to normalno ljudi ili da ga vratim?? Uvek sam koristio iphone telefone i volim da je sve lepo utegnuto, mislim da nije normalno da se to desava na skupim telefonima",10,"Dužina (>=15 reči), Suprotni veznici, Negacija, Specifikacija, Motiv kupovine"
522,https://mobilnisvet.com/mobilni-komentari/9638/Samsung/Galaxy-S22-5G/2,Samsung,Samsung Galaxy S22 5G,Miško94,2024-05-12 22:19:00,"Stigao je One UI 6.1. Tu je i Galaxy AI, nedostaje samo usporavanje snimaka sa dodavanjem frejmova. Interesantne funkcije mada su realno gimik. Podesavanje AOD-a je prebaceno negde i pespotrebno zakomplikovano. Baterija cini mi se ni bolja ni gora. Sve u svemu solidna nadogradnja. Interesantno je dobiti neke nove funkcije nakon dve godine 😅",2,Dužina (>=15 reči)
523,https://mobilnisvet.com/mobilni-komentari/9293/Xiaomi/11T-Pro/2,Xiaomi,Xiaomi 11T Pro,Lukas,2024-02-09 10:24:00,Pozdrav. Da li uzeti 11T pro?,0,
524,https://mobilnisvet.com/mobilni/93g/Apple/iPhone-16-Plus-8GB-512GB-2x-SIM,Apple,Apple iPhone 16 Plus,Mladja,2025-05-08 11:25:00,"Pre tri dana sam kupio ovaj telefon, savrsen u svemu dok me je baterija ostavila bez daha, dva puna dana uz celodnevno koriscenje izdrzi, po prvi put iPhone je napravio zverinu od telefona. Svaka cast Apple!",8,"Dužina (>=15 reči), Suprotni veznici, Negacija, Motiv kupovine"
525,https://mobilnisvet.com/mobilni-komentari/xnjcm/Xiaomi/Redmi-Note-12-Pro/2,Xiaomi,Xiaomi Redmi Note 12 Pro,Andjela,2024-06-26 14:27:00,Ovaj telefon je katastrofa.,0,
526,https://mobilnisvet.com/mobilni-komentari/f2p/Samsung/Galaxy-S23-FE/3,Samsung,Samsung Galaxy S23 FE,Zoran,2023-12-06 22:08:00,Evo rezultata sa Geekbench 6:,0,
527,https://mobilnisvet.com/mobilni-komentari/5rz/Xiaomi/Redmi-Note-13-Pro-5G/5,Xiaomi,Xiaomi Redmi Note 13 Pro 5G,Vlaja,2024-03-25 21:47:00,Ovaj ili motorola edge 40??,0,
528,https://mobilnisvet.com/mobilni-komentari/9280/Apple/iPhone-13-Pro-Max/3,Apple,Apple iPhone 13 Pro Max,Nikola,2022-08-30 19:28:00,Kupio sam ovaj telefon ali nigde ne mogu naci apple punjac od 27w kao sto pise na sajtu dali se sme puniti sa slabijim punjacem,10,"Dužina (>=15 reči), Suprotni veznici, Negacija, Specifikacija, Motiv kupovine"
529,https://mobilnisvet.com/mobilni/m3c/Samsung/Galaxy-A24-4G-8GB-128GB-1x-SIM,Samsung,Samsung Galaxy A24 4G,dejan,2023-12-02 12:29:00,Kako se prebacuju slike sa A24? Kupujem poseban kabl?,0,
530,https://mobilnisvet.com/mobilni/8g3/Xiaomi/17-Pro-Max-16GB-1TB-2x-SIM,Xiaomi,Xiaomi 17 Pro Max,Miš,2025-10-17 15:27:00,Ništa posebno što se kvaliteta kamere tiče bar po uzorcima na Gsmarena. Očekivao sam bolji kvalitet.,2,Dužina (>=15 reči)
531,https://mobilnisvet.com/mobilni-komentari/8224/Xiaomi/Mi-11/3,Xiaomi,Xiaomi Mi 11,Lalober,2021-08-29 18:29:00,"Kupio mi 11 pre 3 dana,imam samo reči hvale za njega,jer je telefon brutalno dobar,brz i munjevit. O tome koliko je lep ne vredi ni polemisati. Ekran od 6.8 inča u ruci mi leži  isto kao i moj prethodni telefon Samsung Galaxy S9+.",7,"Dužina (>=15 reči), Negacija, Specifikacija, Motiv kupovine"
532,https://mobilnisvet.com/mobilni-komentari/9955/Honor/70/10,Honor,Honor 70,Ivan,2023-06-19 19:36:00,Pozdrav ljudi zanima me ono ko ima ovaj telefon kakav mu je zvuk sobzirom da nema stereo zvucnik ?,4,"Dužina (>=15 reči), Negacija"
533,https://mobilnisvet.com/mobilni/bv01r/Apple/iPhone-14-Pro-1TB,Apple,Apple iPhone 14 Pro,pavle,2025-09-11 13:00:00,"Zdravo svima, uzeo sam novi 14 pro 256gb (stari vlasnik je garancijom u yettelu dobio novi i odmah ga prodao lokalnom serviseru) za 780 evra. Interesuje me da li to mogu da smatram pametnom kupovinom u 2025. s obzirom na komentare na njegove mane. Ti komentari uglavnom pristizali u vreme kada je 14 pro izašao i bio znatno skuplji u odnosu na svoje prethodnike pa ne mogu da ih trenutno smatram relevantnim, jednostavno je normalno da su ljudi očekivali tada nešto bolje za sumu od 1000+ evra. Brinem se jer mi je prvi put da uzimam iPhone, ali i i generalno novi telefon posle dužeg vremena. Hvala svima unapred na odgovoru.",10,"Dužina (>=15 reči), Suprotni veznici, Negacija, Specifikacija, Motiv kupovine"
534,https://mobilnisvet.com/mobilni-komentari/blm/Honor/Magic5-Lite/16,Honor,Honor Magic5 Lite,Mikica,2023-04-04 01:15:00,Imam problem sa prikazom obaveštenja. Na ekranu sa obaveštenjima se ne prikazuje više od 5 obaveštenja.  Čim stigne neko novo potisne ono poslednje i više ga nema.,4,"Dužina (>=15 reči), Negacija"
535,https://mobilnisvet.com/mobilni/q8x/Apple/iPhone-15-6GB-512GB-2x-SIM,Apple,Apple iPhone 15,Dz,2026-04-24 23:44:00,"iPhone 15 ili iPhone 17e? Cene su slicne. Razumem da 17e ima vecu memoriju i noviji procesor ali koliko je to bitno, jer iPhone 15 izgleda kao pravi ajfon novije generacije dok je 17e malo osakacen sa njegovim notch i jednom kamerom? Sta biste vi uzeli?",5,"Dužina (>=15 reči), Suprotni veznici"
536,https://mobilnisvet.com/mobilni/9337/Samsung/Galaxy-M52-5G,Samsung,Samsung Galaxy M52 5G,Maja,2023-09-01 16:06:00,Koji je bolji telefon ovaj Samsung M52 ili Motorola G72? Hvala,0,
537,https://mobilnisvet.com/mobilni-komentari/8389/Xiaomi/Redmi-Note-10-Pro/17,Xiaomi,Xiaomi Redmi Note 10 Pro,Srki76,2022-04-07 15:34:00,"Juce Sam ga kupio iznenadjen Kako sve ok radi,za te novce vise nego savrsen tel 😁😁😁😁😁odusevljen Sam,imam jedno pitanje,stiglo mi je azuritanje na Miu 13 Dali da uradim to,hvala svima",3,"Dužina (>=15 reči), Motiv kupovine"
538,https://mobilnisvet.com/mobilni-komentari/gwmgy/Xiaomi/12T-Pro/5,Xiaomi,Xiaomi 12T Pro,Goran,2022-11-13 15:07:00,"Sjajan telefon. Ima sve elemente flegpipa koje treba da ima: najbolju trenutni kameru, najbolji procesor, odličan amoled ekan a uštedelimsunna manje bitnim stvaeim na 120hz, najbrže punjenje, otporan na prskanje i prašinu IP53 a uštedeli su na dopunskim kamerama i nema telefoto kameru, ma bežičnom i reverzno punjenje na  hermetičkoj vodiotpornosri pa nema IP68. Dobro izbalansirano sve. Da bi bio dostupan po ceni. Jedini konkurent trenutno je Motorola edge 30 ultra koja ima telefoto i bežično punjenje ali je u trenutku kad sam ja kupovao telefon bila skoro 200 eura skuplja. Ja sam uzeo 12T Pro u preorderu sa sniženjem i poklonima i prošao dobro. Sada mislim da su po ceni približni pa bi se u tom slučaju odlučio za Motorolu. U stvari ne BiH. Opednbi čekao Crni petak pa ko da bolje uslove. Čini mi se da je Motorola edge 30 ultra za nijansu bolja. Ali to je sad stvar ukusa i trenutka. Pažljivo pratite sve, sve čitajte pa kad se ukaže prilika odlučite šta vam je povoljnije i bolje. Ja sam odabrao i prezadovoljan sam. Ima sve što treba za vrlo pristojan novac. A bez ostalih finesa mogu i u stvari mi skoro nikad i ne trebaju pa bi plaćanje toga još nekih 300-500eura potpuno nepotrebno. Kupiću ženi za tu razliku još jedan odličan telefon srednjak. 😀",10,"Dužina (>=15 reči), Suprotni veznici, Negacija, Specifikacija, Motiv kupovine"
539,https://mobilnisvet.com/mobilni/3zv/Xiaomi/Redmi-15-4G-8GB-256GB-2x-SIM,Xiaomi,Xiaomi Redmi 15 4G,Vladimir,2025-11-04 04:08:00,"Sta reći, za 19000din koliko sam ga platio u Gigatronu vise nego zadovoljan, na 144hz radi bas glatko, baterija dobro drzi, slike preko dana dosta dobre oštre za ovaj novac, 8gb ram je veoma brz, kad sam jos azurirao najnoviji bezb zakrpu, neuporedivo bolje radi i bez štucanja. Veoma jasan zvuk i glasan. Mislim da ispod 8gb ram telefon ne treba ni kupovati, igre nisam jos probao kako radi.",7,"Dužina (>=15 reči), Negacija, Specifikacija, Motiv kupovine"
540,https://mobilnisvet.com/mobilni-komentari/6nv/Xiaomi/Redmi-Note-13-Pro+/13,Xiaomi,Xiaomi Redmi Note 13 Pro+,Lol,2024-01-25 22:22:00,"Nek neko javi kakva je kamera, kad je toliko hvale. Ostalo ne sumnjam da je dobro. :)",4,"Dužina (>=15 reči), Negacija"
541,https://mobilnisvet.com/mobilni/7431/Samsung/Galaxy-S20+-Dual-SIM,Samsung,Samsung Galaxy S20+,Note 10+,2022-06-02 09:41:00,Vredi li preći na ovaj model sad sa Samsung Note 10+?,0,
542,https://mobilnisvet.com/mobilni/r29/Xiaomi/17T-12GB-512GB-2x-SIM,Xiaomi,Xiaomi 17T,Dakica.5.8.,2026-07-22 11:39:00,"Ovaj ili 600 pro,misljenja?",0,
543,https://mobilnisvet.com/mobilni-komentari/9622/Xiaomi/Redmi-Note-11-Pro-5G/3,Xiaomi,Xiaomi Redmi Note 11 Pro 5G,Marko,2022-03-23 12:48:00,"Nema potrebe preterivati, može se reći da nema velike razlike u odnosu na Redmi Note 10 Pro ali je pogrešno reći da je gori nego Redmi Note 10 Pro. Na strani ovog modela je 5G podrška, svetliji ekra, duplo brže punjenje i duplo brži punjač, kao i noviji čipset koji bi trebao uticati na duže trajanje baterije. Na strani Redmi Note 10 Pro modela je u suštini 4K podrška za snimanje i 5MP Macro kamera dok je kod ovog modela 2MP. Jedan i drugi čipset imaju identične rezultate sa razlikom da je ovaj efikasniji i noviji. Tako da se ne može reći da je ovaj model lošiji , već se može reći da je bolji, iako nema velike razlike, najveća razlika je 5G naravno. Što se tiče poređenja sa Redmi Note 9 Pro, slične stvari kao i sa poređenjem sa Redmi Note 10 Pro, sa ogromnom razlikom što se tiče ekrana, AMOLED ekran sa 120Hz pravi osetnu razliku uodnosu na IPS sa 60Hz.",9,"Dužina (>=15 reči), Suprotni veznici, Negacija, Specifikacija"
544,https://mobilnisvet.com/mobilni/8233/Samsung/Galaxy-S21+-5G,Samsung,Samsung Galaxy S21+ 5G,Nenad,2024-02-14 23:30:00,"Skoro nabavio s21 plus i to jacu verziju 8/256gb lepo radi nemam zamerki..Imao sam pre njega Motorolu edge 30 fusion sa Snapdragonom 888 + i baterija je bila nenormalno dobra , na 120hz sam imao preko 8:30h SOT ( wi fi , youtube , tik tok, viber ,fb slikanje snimanje ) isto to na s21 plus (exinos 2100 cipset) plafon 6:50h SOT ali su kamere znatno bolje kao i ekran ...Antutu test s21 plus 880.000 a Motorola edge 30 fusion 8/128 izbacio 940.000..",7,"Dužina (>=15 reči), Suprotni veznici, Specifikacija"
545,https://mobilnisvet.com/mobilni-komentari/7598/Huawei/P40-Pro/5,Huawei,Huawei P40 Pro,Zare,2021-07-25 22:11:00,"Da li cu moci da nastavim da igram par igre na p40 pro,koje igram na trenutnom telefonu i da li moze da se kupuje u igrama?Isto tako da li se azuriraju igre ili i tu ima problema!",2,Dužina (>=15 reči)
546,https://mobilnisvet.com/mobilni-komentari/qy8/Xiaomi/15-12GB-256GB-2x-SIM/3,Xiaomi,Xiaomi 15,Ozna,2025-10-12 09:18:00,Da li vredi prelaziti sa xiaomi 14 na xiomi 15? Koje su osnovne razlike tj prednosti 15ice?,2,Dužina (>=15 reči)
547,https://mobilnisvet.com/mobilni-komentari/mgt/Samsung/Galaxy-A54/8,Samsung,Samsung Galaxy A54,Jasna,2024-02-12 10:26:00,"Kupila sam telefon za 310 eura A54, tri godine imam A71, odlican telefon ali ne podrzava vise aktualizacije i kupim ovaj pre 4 dana.... prvo grije se nenormalno, drugo kad sam prebacila podatke sa starog usporio je , nije brz, nekako baguje, a 8/256 verzija, azuriran na android 14 i na kraju slag na torti fotografije su nekako isprane sa zutilom, moj pas npr je vise sivo bez boje  a na fotki skoro narandzast, selfie kamera kao da imam zuticu, plava kosa farban izadje zuto orandz, lice zuto smedje, znaci horor nakon divnog a71 ...onda otkrijem da je verzija telefona SM-A546E/DS  i u postavkama o telwfonu pise ispod IMEI United Arab Emirates a SM-A546B/DS je za Europsko trziste...znaci skroz sam se razocarala, jedino ekran jeste divan zaista i to je sve, nema razlike u otvaranju aplikacija 60 Hz a71 i 120 Hz a54? Jel ima ko slican problem? Pomagajte",10,"Dužina (>=15 reči), Suprotni veznici, Negacija, Specifikacija, Motiv kupovine"
548,https://mobilnisvet.com/mobilni-komentari/7651/Apple/iPhone-SE-(2020)/12,Apple,Apple iPhone SE (2020),Zoki,2020-08-04 05:29:00,"Evo 3 nedelje druženja sa SE2 128gb. Telefon kida. Brzina, fluidnost, kamere, sve... Baterija pun dan i pretekne, fb, chat, razgovori, čačkanja... Igrice me ne zanimaju kao ni klinačke gluposti i zato sam i kupio ovu malu zver. Android ciglu imam, extra je makina ali ga ne nosim više da mi se bermude otegnu do kolena. Znači ovaj telefon je baš za nas od 50+ a i za mnogo mlađe ali oni pametuju naročito oni koji ga nemaju pa sa različitim imenima ovde ga tupe ali to samo pokazuje kakvi su ljudi i kakvi će tek biti, tako će im i život vratiti, sa debelom kamatom.",10,"Dužina (>=15 reči), Suprotni veznici, Negacija, Specifikacija, Motiv kupovine"
549,https://mobilnisvet.com/mobilni/xg7/Samsung/Galaxy-A55-6GB-128GB-1x-SIM,Samsung,Samsung Galaxy A55,Vdr,2026-06-09 13:10:00,"Evo nakon godinu i vise dana koriscenja a55 256/8 moze da se kaze da radi malte ne isto kao i prvog dana, sa svim svojim manama i prednostima. Relativno brz sa povremenim seckanjima, kad se zaboravite da ste na samsungu (nista novo za exinos i A seriju koliko vidim. Baterija mi licno deluje da nije izgubila vise od 5% kapaciteta. Ocekivao sam da ce ga redovni apdejti usporiti (ui 8.5 trenutno) ali evo posle godinu to se nije desilo (cudno za samsung rekao bih). Doduse, prosecan slobodni ram se smanjio sa nekih 3GB na 2GB po nekoj gruboj proceni, tako da me ne raduju bas buduci apdejti i 2027. godina. Od prednosti bih najvise istakao kvalitet izrade i sam dizajn, redovno mi se desava i dan danas da me ljudi pitaju ""uuu koji ti je to telefon"". Zaista izgleda premijum i dosta skuplji nego sto to jeste. Mana ima takodje dosta, bar za mene- sama tezina uredjaja, spor citac otiska prsta, mogucnost dodavanja samo tri otiska (WTF samsunge?!) I ta povremena ""seckavost"" koja je tu od prvog dana. Sve u svemu dobar telefon za u kafic, manje dobar za svakodnevno koriscenje i prakticnost (iako naravno moze da se koristi).",9,"Dužina (>=15 reči), Suprotni veznici, Negacija, Specifikacija"
550,https://mobilnisvet.com/mobilni-komentari/8389/Xiaomi/Redmi-Note-10-Pro/6,Xiaomi,Xiaomi Redmi Note 10 Pro,Veliki Radojica,2023-04-11 14:50:00,"Ko ""pusta"" update za mobilne? Kako je neko dobio  MIUI 14 a neko ne kao ja koji sam 13.0.16 Global na A1?",4,"Dužina (>=15 reči), Negacija"
551,https://mobilnisvet.com/mobilni-komentari/9280/Apple/iPhone-13-Pro-Max/5,Apple,Apple iPhone 13 Pro Max,Sasa,2021-12-22 16:27:00,dvoumim se izmedju s21ultra i ovoga modela. vec 5 i vise godina kako imam s7edge i sto se tice kvaliteta i pouzdanosti tu sam prezadovoljan kao i sa kamerom. pa me zanima zasto Iphone? dali vredi i zbog cega. hvala,3,"Dužina (>=15 reči), Motiv kupovine"
552,https://mobilnisvet.com/mobilni-komentari/7651/Apple/iPhone-SE-(2020)/10,Apple,Apple iPhone SE (2020),Apfel,2020-10-28 05:45:00,"Telefon je zvecarka otvara sve bez greske,kamera dobra,baterija moze jedan dan normalno koriscenje sto je meni dovoljno da pricam o razlikama izmedju androida i ios je glupo baterija jeste mogla da bude veca ali ko uzima ovaj tel ako se malo razume da 1821mAh nije dosta za nekoga ko siluje yt i snima sa njim,ekran dobro prikazuje boje zadovoljan sam,zvucnik prva liga igrice jos nisam probao ali ne sumnjam u A13 jer je u samom vrhu 7nm cipova ako ne i najjaci.Svaka preporuka",9,"Dužina (>=15 reči), Suprotni veznici, Negacija, Specifikacija"
553,https://mobilnisvet.com/mobilni-komentari/9646/Samsung/Galaxy-S22+-5G/2,Samsung,Samsung Galaxy S22+ 5G,.,2022-11-06 19:37:00,iPhone 14 ili s22+ ?,0,
554,https://mobilnisvet.com/mobilni/chk/Samsung/Galaxy-A15-8GB-256GB,Samsung,Samsung Galaxy A15,Goran,2026-07-13 06:16:00,Stigao mi UI.8.5.na Samsung A15.4g.dobar je😉👋,0,
555,https://mobilnisvet.com/mobilni-komentari/mgt/Samsung/Galaxy-A54/18,Samsung,Samsung Galaxy A54,Vucic,2023-08-25 22:00:00,"Nemam nikakvih problema sa uredjajem i sve radi odlicno, ovi sto imaju sta da vam kazem tako vam je kako vam je. Bolje da ste poslusali neki od gomile saveta koji su ovde pisani kako da probate da barem smanjite problem ali niste samo ste pisali i pisali i na tome ostali...",5,"Dužina (>=15 reči), Suprotni veznici"
556,https://mobilnisvet.com/mobilni-komentari/9955/Honor/70/6,Honor,Honor 70,zoran,2023-09-01 20:15:00,"zdravo, pitanje za nekog ko malo intezivnije koristi ovaj uredjaj, koliko sota izvlacite u proseku?",2,Dužina (>=15 reči)
557,https://mobilnisvet.com/mobilni/8qn/Xiaomi/17-Pro-12GB-512GB-2x-SIM,Xiaomi,Xiaomi 17 Pro,Livada,2025-11-08 07:34:00,"HyperOS 3 je ispeglan do daske. Samo-tehnika radio recenziju za Xiaomi 17. Nikad jedan bag, fluidnost najbolja u android svetu, baterija dva dana ne može da se potroši... Xiaomi kida ove godine.",4,"Dužina (>=15 reči), Negacija"
558,https://mobilnisvet.com/mobilni-komentari/blm/Honor/Magic5-Lite/13,Honor,Honor Magic5 Lite,Slavke,2023-07-25 10:14:00,"Uzeh juce ovaj model, u jednoj maloprodaji, cena mu je fino pala na akciji pa taman da promenim svoj stari Huawei Nova5T koji je odlicno sluzio 3 pune godine i preziveo nekoliko jakih padova.",2,Dužina (>=15 reči)
559,https://mobilnisvet.com/mobilni-komentari/7179/Apple/iPhone-11-64GB/6,Apple,Apple iPhone 11,Nemanja,2023-02-18 18:41:00,"Uzeo bih u A1 Iphone 11 pa me zanima kako se pokazao jer vidim da je bilo i nekih primedbi na pregrevanje, bateriju. Dosta njih kažu da je bat mnogo dobra sobzirom da je Iphone. I ače ovo bi mi bio prvi Iphone nisam ga nikada do sada koristio. Hvala na odgovorima.",3,"Dužina (>=15 reči), Motiv kupovine"
560,https://mobilnisvet.com/mobilni-komentari/9573/Samsung/Galaxy-S21-FE-5G/2,Samsung,Samsung Galaxy S21 FE 5G,Najgori Samsung fe,2024-11-12 12:26:00,"Ikada napravljen... Ekran kanta, kamera kao na A55, baterija najgora ubedljivo od svih telefona, ali srecom pa imamo jos sporije punjenje! Uzas od telefona, 200e ne vredi.",9,"Dužina (>=15 reči), Suprotni veznici, Negacija, Sleng"
561,https://mobilnisvet.com/mobilni-komentari/9326/Huawei/nova-9/4,Huawei,Huawei nova 9,Dalas,2021-10-25 16:47:00,"Imao sam honor 8x,zatim huawei nova 5t evo već dve godine  i oba su se pokazala vrhunskim tako da sam se zarekao da neću menjati brend.. E sada ovaj nova 9 je po meni malo precenjen bez Google aplikacija, nadam se da će uskoro izaći honor 50 kod nas koji je njemu pandam i sa istim karakteristikama i Google aplikacijama ali i kud i kamo povoljniji..Očekivao sam malo pristupačniju cenu za ovaj model.",7,"Dužina (>=15 reči), Suprotni veznici, Negacija"
562,https://mobilnisvet.com/mobilni-komentari/53bb5/Xiaomi/12T/2,Xiaomi,Xiaomi 12T,Davorin,2023-02-15 20:43:00,Śta sve ovde neću pročitati za telefon kakav sasvim normalno radi i na MIUI 14. Da nemam isti u rukama mesec dana zabrinuo bih se da li da verujem sopstvenim očima ili ekspertima sa mobilnog sveta :),2,Dužina (>=15 reči)
563,https://mobilnisvet.com/mobilni-komentari/gz0/Honor/Magic5-Pro/2,Honor,Honor Magic5 Pro,Fuad,2024-12-21 11:08:00,Da li LTPO ekran stvarno manje zamara oči u odnosu na super amoled?,0,
564,https://mobilnisvet.com/mobilni/q8x/Apple/iPhone-15-6GB-512GB-2x-SIM,Apple,Apple iPhone 15,Sila,2026-06-15 21:18:00,"Imam ovaj tel godinu dana, baterija jako loša, rkran 60 Hz skroz bezveze, telefon se pregrejava a ios sistem je to se već zna zatvoren i glup, jedino što na telefonu nije loše ne kažem da je  dobro nego nije loše to je kamera i apsolutno ništa više pokušavala sam da ga prodam ali nažalost ne mogu za njega da dobijem ni 350 evra  plaćen je 720 e",9,"Dužina (>=15 reči), Suprotni veznici, Negacija, Specifikacija"
565,https://mobilnisvet.com/mobilni-komentari/9810/Apple/iPhone-SE-2022/6,Apple,Apple iPhone SE 2022,DONA,2022-05-09 01:53:00,"ljudi molim vas mozeli neko napisati normalne komemtare kakav je telefon cemu je i sama rec namenjena,a ne o igricama ljudi ovo su telefoni a ne aparati za igrice danas ima milion uredjaja za igrice kome treba za to kupi plej stejsn 5 i igraj do mile volje",4,"Dužina (>=15 reči), Negacija"
566,https://mobilnisvet.com/mobilni-komentari/8360/Samsung/Galaxy-A32/3,Samsung,Samsung Galaxy A32,Sprinter,2021-10-07 09:26:00,Ovaj ili Xiaomi Redmi Note 10 s?,0,
567,https://mobilnisvet.com/mobilni-komentari/8389/Xiaomi/Redmi-Note-10-Pro/31,Xiaomi,Xiaomi Redmi Note 10 Pro,inspiracija,2021-07-22 22:20:00,Navedite pet najkorisnijih besplatnih aplikacija sa Google Play za ovaj telefon i pet najboljih besplatnih igrica - ako se igrate - isto za ovaj telefon. Hvala veliko!!!,2,Dužina (>=15 reči)
568,https://mobilnisvet.com/mobilni-komentari/8714/Honor/50/2,Honor,Honor 50,Dragan,2023-07-10 16:08:00,Stigo android 13,0,
569,https://mobilnisvet.com/mobilni-komentari/8007/Samsung/Galaxy-S20-FE/2,Samsung,Samsung Galaxy S20 FE,Jaa,2022-03-07 23:17:00,S20 polovan ili s20fe nov?,0,
570,https://mobilnisvet.com/mobilni/8152/Samsung/Galaxy-A12-Dual-SIM,Samsung,Samsung Galaxy A12,Stefan,2022-07-28 14:31:00,Imali ko jos problem sa touch screen ne reaguje razmisljam da sad predjem na s20fe iako je star pola godine,7,"Dužina (>=15 reči), Suprotni veznici, Negacija"
571,https://mobilnisvet.com/mobilni/csf/Xiaomi/Redmi-Note-13-Pro+-12GB-2x-SIM,Xiaomi,Xiaomi Redmi Note 13 Pro+,Goxy,2026-05-16 22:19:00,"Vrhunski telefon.Uzeo sam ga u A1 pre 2 godine i nisam imao ni najmanji problem sa njim,ali bukvalno. Baterija se napuni za 20 min. Kamera odlična,mnogo dobrih fotki sam napravio sa njim. Sad kad mi je istekao ugovor sa A1,potpisao sam novi i uzeo Honor 400 pro (jer nisu imali Xiaomi 15T Pro na stanju) , već mi je 2 puta zabagovao,tj zablokirao da sam morao da ga gasim na dugme,a to mi se sa redmi nije nijednom desilo. Inače,prodajem taj redmi note 13 pro+ 5G za 180e, u varijanti 12/512 GB. Ako nekog zanima,neka piše.",10,"Dužina (>=15 reči), Suprotni veznici, Negacija, Specifikacija, Motiv kupovine"
572,https://mobilnisvet.com/mobilni-komentari/khb/Samsung/Galaxy-S23/13,Samsung,Samsung Galaxy S23,Emel,2024-03-29 04:13:00,"Kupio sam nov telefon S23 8RAM-256GB pre mesec i po dana. Kako sam gledao razne video snimke o ovim telefonima i kako ih hvale, nisu  bili realni dok ga nisam i sam koristio . Ako oni smatraju da je ovo S serija ja ne znam S23 je dobro kupiti tokom zimskog perioda ako vam je hladno rukama da se ugrejete. Kada se koriste kamere malo duže  telefon se ugreje  do 42 stepena  i uopste se greje, Samsung kompanija je stavila jak Snapdragon 8 gen 2, 8RAM 256GB. , ali su trebali da povedu računa o hlađenju telefona. Koristio sam pre  S i A seriju samsung  pa čak i iPhone Pro, manje su se grejali od ovog novog telefona. Da li oni sada žure ili se takmiče sa drugim kompanijama koje proizvode telefone i nemaju vremena da usavrse sve kako treba , za ove pare  S23, koliko sada kosta ne vredi  ja sam napisao iz svog iskustva .",10,"Dužina (>=15 reči), Suprotni veznici, Negacija, Specifikacija, Motiv kupovine"
573,https://mobilnisvet.com/mobilni/9873/Honor/X7,Honor,Honor X7,Dalibor,2023-04-18 11:26:00,"Telefon je extra...imam model 4/128 gb već oko 3 mjeseca...ni jednog trena nije zakočio...baterija mu je ok, kamere isto...instalirao sam gcam što daje još bolje fotografije...hd plus ekran, ali se ne primijeti razlika u odnosu na fullhd....ima sam xiaomi telefone ranije, ali nisam bio zadovoljan jer su često zezali sa ažuriranjima...topla preporuka svima....Lp",9,"Dužina (>=15 reči), Suprotni veznici, Negacija, Specifikacija"
574,https://mobilnisvet.com/mobilni-komentari/x9p/Samsung/Galaxy-S23+/3,Samsung,Samsung Galaxy S23+,Laki,2023-10-29 14:08:00,"Uzeo sam nov relefon i mogu reći da sam razočaran po pitanju trajanje baterije, bukvalno izgura jedan dan. Ne znam da li će,se to s vremenom poboljšati,ali na predhodnom telefonu honor magic 5pro baterija držala opušteno 48h i pri tom ima brži punjač od 66w, za,samsung sam kupio original od 45w... ostalo je ok,manje više isto kao kod honor.",10,"Dužina (>=15 reči), Suprotni veznici, Negacija, Specifikacija, Motiv kupovine"
575,https://mobilnisvet.com/mobilni-komentari/8007/Samsung/Galaxy-S20-FE/10,Samsung,Samsung Galaxy S20 FE,Coa,2020-10-31 18:32:00,"Ako moze komentar od nekog ko koristi ovaj sa exsynos procesorm,baterija i zagrevanje?",0,
576,https://mobilnisvet.com/mobilni/wfp/Xiaomi/Redmi-13-4G-8GB-128GB-2x-SIM,Xiaomi,Xiaomi Redmi 13 4G,Pjer,2024-06-16 15:06:00,"Sve sve ali ekran od skoro 6.8 i još ips ne može nikako da prođe. Zašto su svi proizvođači toliko gluvi, hoćemo svi telefone odnosa strana kao nekada 16÷9 a ne ovih rogobatnih 20÷9 kao asov i lopata. Hocemo maksimalno 5.7 do 6.1 inča i težine do 160 grama a ne ove tablete i fablete.",9,"Dužina (>=15 reči), Suprotni veznici, Negacija, Specifikacija"
577,https://mobilnisvet.com/mobilni-komentari/8714/Honor/50/8,Honor,Honor 50,B.,2022-01-23 15:38:00,Ozgleda da su nekima samo kamere ceo telefon smesno kupi nikon i uzivaj a ovde su druge prednosti,2,Dužina (>=15 reči)
578,https://mobilnisvet.com/mobilni-komentari/8389/Xiaomi/Redmi-Note-10-Pro/28,Xiaomi,Xiaomi Redmi Note 10 Pro,Žuća,2021-08-20 18:57:00,"Evo ovako. Čitam ovde komentare za ovaj ali i za moj prethodni telefon koji se provlači kroz priču. Sada imam note 10 pro a do pre mesec ipo dana A52. Taj A52 mi je skratio život za 5 godina. Par puta je isao u servis jer je kočio i smrzavao sliku. Dok ga ne restartujem (10 sekundi off dugme) ne reaguje. Kada ga dobijem nazad kazu da nisu uočene primedbe tokom testiranja. Zadnji put kada sam ga odneo, to se pred njima desilo. Kada sam ga dobio nazad, odmah je otišao na oglas. Jedva sam ga se resio i kupio ovaj. Ovo pišem da bih demantovao neke komentare ovde jer je meni licno note 10 pro mnogo bolji nego taj A52. Možda A52 ima par stvari za nijansu bolje nego note 10 pro ali meni licno to nista nije znacilo kad je bio onako bagoviti krs. Ovo je moje misljenje i moje iskustvo.",8,"Dužina (>=15 reči), Suprotni veznici, Negacija, Motiv kupovine"
579,https://mobilnisvet.com/mobilni-komentari/7179/Apple/iPhone-11-64GB/2,Apple,Apple iPhone 11,kupac,2024-05-12 18:25:00,jel moze da posaljete brzom postom,0,
580,https://mobilnisvet.com/mobilni-komentari/8448/Samsung/Galaxy-A72/7,Samsung,Samsung Galaxy A72,Enkaj,2021-05-10 07:23:00,"Ja jos ne mogu vjerovati da ovaj telefon kosta oko 400€ i vise. Procesor koji je na nivou Helio G90T iz 2019 godine sa slabijom grafikom, UFS 2.1 memorija i 1866 Mhz lpddr 4x ram, 5000 Mah baterija(koja nije sjajna) sa 25W punjenjem upakovano u plastiku sa istim senzorom od prosle godine za kameru samo mu dodali OIS. Obecali 3 godine android nadogradnji na slab hardver ili sto bi se reklo, prodaju mu pod bubrege. 😳",6,"Dužina (>=15 reči), Negacija, Specifikacija"
581,https://mobilnisvet.com/mobilni-komentari/6nv/Xiaomi/Redmi-Note-13-Pro+/9,Xiaomi,Xiaomi Redmi Note 13 Pro+,Srđan,2024-04-09 18:41:00,"Posedujem telefon desetak dana,uzet u A1.",0,
582,https://mobilnisvet.com/mobilni-komentari/8389/Xiaomi/Redmi-Note-10-Pro/2,Xiaomi,Xiaomi Redmi Note 10 Pro,LvSee,2024-01-13 13:47:00,"Ćao ljudi, da li još neko ima problem da mu je mnogo fotografija oštećeno ili dobiju poruku ""Format fajla nije podržan ili su fajlovi oštećeni""? Nikada nisam imao ovakav problem kod drugih brendova (samsung, honor, Huawei, Sony itd.). Znam da Šaomi nema naročito stabilan softver ali ovo je užas.",9,"Dužina (>=15 reči), Suprotni veznici, Negacija, Sleng"
583,https://mobilnisvet.com/mobilni/kcj/Samsung/Galaxy-A17-4G-8GB-256GB-1x-SIM,Samsung,Samsung Galaxy A17 4G,Liga37,2026-06-11 22:46:00,"Ja ne znam čemu služe ove cene, generalno, kad nemaju veze kad odeš u radnju ili pozoveš. Nema veze sa ovim cenama, klasično navlačenje.",4,"Dužina (>=15 reči), Negacija"
584,https://mobilnisvet.com/mobilni/66m/Samsung/Galaxy-S24-FE-8GB-256GB-1x-SIM,Samsung,Samsung Galaxy S24 FE,silogizam,2026-04-19 17:08:00,"Ovo je bolja kupovina nego noviji A57, ista cena.",0,
585,https://mobilnisvet.com/mobilni-komentari/f2p/Samsung/Galaxy-S23-FE/2,Samsung,Samsung Galaxy S23 FE,Marko,2024-04-17 11:44:00,Jer se zna da li ce izaci i kad ce izaci 8/256 sa SnapDragonom ?,2,Dužina (>=15 reči)
586,https://mobilnisvet.com/mobilni/2mf/Samsung/Galaxy-S23-FE-1x-SIM-1x-eSIM,Samsung,Samsung Galaxy S23 FE,Lniljana,2024-08-27 07:38:00,"Samsung galaxy S23 FE - slazem se sa svima da je baterija veoma loša ali ja imam  veći problem sa kamerom. Prilikom snimanja kamera mi ""secka"" tako da dobijam prilično neupotrebljive snimke. Snimak ne ide fluidno ravno već upadljivo secka - ne znam da li još neko ima ovakav problem pošto ne vidim da se iko žalio na kameru. Meni je glavni fokus kamera zato što dosta putujem i volim sve da snimim i zabeležim. Ali snimci su katastrofalni...",9,"Dužina (>=15 reči), Suprotni veznici, Negacija, Sleng"
587,https://mobilnisvet.com/mobilni-komentari/pt4qv/Apple/iPhone-14-Pro-Max/2,Apple,Apple iPhone 14 Pro Max,Sinisa,2024-05-07 12:35:00,"Imam utisak da je Kamera na 13 pro max bolja od 14 pro max koji koristim sada,kazu to je pitanje serije modela , l’alba su iskustva ,zanima me,mozda greska u settings u",2,Dužina (>=15 reči)
588,https://mobilnisvet.com/mobilni/sw0/Honor/600-Lite-8GB-256GB-2x-SIM,Honor,Honor 600 Lite,NS,2026-07-22 21:35:00,Ljudi ko obnavlja ugovor i uzima i telefon. Obavezno idite u A1. U mts isti ovaj telefon skuplji za 649din. mesecno. Sto znaci za 2god 15.000din. Pola telefona,2,Dužina (>=15 reči)
589,https://mobilnisvet.com/mobilni-komentari/8448/Samsung/Galaxy-A72/4,Samsung,Samsung Galaxy A72,Booki,2021-10-03 17:44:00,"Pitanje za sve vlasnike A72, koliko brzo se kod vas radi punjenje baterije u FastCharge modu.",2,Dužina (>=15 reči)
590,https://mobilnisvet.com/mobilni-komentari/8436/Samsung/Galaxy-A52/12,Samsung,Samsung Galaxy A52,Baki,2021-04-10 20:49:00,"Nakon nedelju dana zadovoljan telefonom. Lep ekran, bio bi lepši da su bezeli delić mm tanji ali nije strašno, 90Hz primetnije uglavnom tokom skrolovanja zvuk je dobar, oštar i solidno glasan, stereo lepo izbalansiran performanse dobre, ne primete se neka usporavanja ili slično kamere u skladu sa segmentom, rade posao, OIS znači dosta, najviše za noćne fotke i video vibracija je mogla biti bolja i mogli su brzi punjač da spskuju.",11,"Dužina (>=15 reči), Suprotni veznici, Negacija, Specifikacija, Sleng"
591,https://mobilnisvet.com/mobilni/2mf/Samsung/Galaxy-S23-FE-1x-SIM-1x-eSIM,Samsung,Samsung Galaxy S23 FE,Igor,2026-02-16 11:01:00,"E ovako. Pre ovog sam imao a72 koji je dobro radio dok se nije razbio 2x ekran menjao. Itd krenuli su problemi sa ekranom i odlučim posle par god da kupim drugi. I hteo sam s24fe 8/256 ali nisam našao tad i uzmem ovaj sa 256gb. Dobar je tel koristim ga već dve nedelje brz izuzetno, kamere vrh AI funkcije top. Baš nema razlike u brzini u poređenju sa običnim s23. Punim ga svako veče.(svaki dan) Očajna baterija mrtvi exynos jede bateriju. Skinem ga sa punjača kad idem na posao oko 06:30 i na poslu sam do 16h a u 13-14 već baterija padne na nekih 50tak % što mi se na starom nikad nije dešavalo. Užasna baterija pa ću ga verovatno prodati i kupiti s24 fe ili s24+",9,"Dužina (>=15 reči), Suprotni veznici, Negacija, Specifikacija"
592,https://mobilnisvet.com/mobilni-komentari/8360/Samsung/Galaxy-A32/4,Samsung,Samsung Galaxy A32,Rade,2021-08-13 14:22:00,Koji tel da uzmem? Ovaj ili Honor 9x dual sim ili Xiaomi Redmi 9T.,0,
593,https://mobilnisvet.com/mobilni-komentari/8239/Samsung/Galaxy-S21-Ultra-5G/12,Samsung,Samsung Galaxy S21 Ultra 5G,Honda,2021-02-17 19:16:00,"Posle par nedelja korišćenja mogu da kažem da je tel brutalan,za dve klase bolji od Huawei p30 pro kojeg sam imao 2 god. Iako ima punjač od 25w puni veoma brzo,za nijansu sporije od p30 pro koji je imao punjač od 45w skoro ne primetna razlika. Android radi u fulu,ni trunku ne baguje sve radi glatko i brzo,kamera takođe odlična. Od mene svaka preporuka,tel trenutno najbolji na tržištu.",9,"Dužina (>=15 reči), Suprotni veznici, Negacija, Specifikacija"
594,https://mobilnisvet.com/mobilni/kwp/Huawei/Pura-70-Ultra-16GB-512GB-2x-SIM,Huawei,Huawei Pura 70 Ultra,Mm,2024-07-22 01:26:00,Jel bolji Pura 70 ili Honor Magic 6 Pro?,0,
595,https://mobilnisvet.com/mobilni/qt4/Samsung/Galaxy-A16-5G-8GB-256GB-1x-SIM,Samsung,Samsung Galaxy A16 5G,Sasa,2025-04-14 12:54:00,"Precenjen uredjaj. Ovo ne bi smelo, po danasnjim standardima, da kosta vise od 125/130. evra, naravno, verzija8/256.",4,"Dužina (>=15 reči), Negacija"
596,https://mobilnisvet.com/mobilni-komentari/9810/Apple/iPhone-SE-2022/4,Apple,Apple iPhone SE 2022,Banca,2022-09-26 20:36:00,"Tel.je azdaja kakvo grejanje kakvi bakraci, sve leti kamera ubija, baterija odlicna...",0,
597,https://mobilnisvet.com/mobilni-komentari/7369/Samsung/Galaxy-S10-Lite/3,Samsung,Samsung Galaxy S10 Lite,Miša,2020-05-18 20:00:00,"Uzet pre par dana u telenoru verzija 8/128. Utisci, dizajn, iako veliki telefon, ne oseca se u ruci tako, skladan raspore mase. Ekran, perfekcija, nema zamerki, na suncu citljiv odlicno. Kamera - veoma zanimljivo, imao sam s10 i sacuvao slike u kompu, uporedio na istoj lokaciji slikane sa ovim modelom - nema razlike, sirokougaona takodje, dakle veoma veoma dobre kamere. Vido 4k/60fps takodje odlican, stabilizacija radi super (ois). Perofrmanse - antutu 470000, merio sam brzinu memorije iako je ufs 2.1 izvlaci skoro iste vrednosti kao ufs 3.0. U radu bez ikakvih trzaja, seckanja, veoma fluidno sve, igrice na max-u naravno... Baterija odlicna, jedan dan silovanja, dan i po umereno koriscenje, 2 dana lahano koriscenje, bez pazenja ikakvog... brzo punjenje odlicno 25wu kutiji punjac, podrzava 40 w cini mi se. Nema 3.5 mm(dobijaju se type c slusalice), nije vodootporan, nema stereo zvucnike(fabricki je dosta glasan, ali je prosek) i ima plasticna ledja za koja nikad ne bih rekao da su plasticna da ne pise tako. Ram (okvir) je metalan. To su nedostatci, meni ne smeta nijedan od njih i zato sam ga i uzeo. Kome ne smetaju ove sitnice, imace bar jos godinu i po odlican telefon. Pozz nadam se da sam pomogao.",10,"Dužina (>=15 reči), Suprotni veznici, Negacija, Specifikacija, Motiv kupovine"
598,https://mobilnisvet.com/mobilni-komentari/btp/Samsung/Galaxy-A25/2,Samsung,Samsung Galaxy A25,Z,2024-04-28 13:59:00,Dobar telefon i veoma isplativ za cenu kostanja ako izuzmemo masku i punjac.,0,
599,https://mobilnisvet.com/mobilni-komentari/khb/Samsung/Galaxy-S23/19,Samsung,Samsung Galaxy S23,V.,2023-10-15 11:52:00,"Odličan telefon u svakom pogledu osim kamere. Tu ga ipak recimo običan Ajfon, ne pro, šije značajno. Fotke u svim uslovima kad se zumiraju su mutne i imaju dosta šuma. Da je bolja kamera bio bi savršen telefon",9,"Dužina (>=15 reči), Suprotni veznici, Negacija, Sleng"
600,https://mobilnisvet.com/mobilni/6718/Huawei/Honor-10-Lite-128GB,Huawei,Huawei Honor 10 Lite,Čarapan,2020-11-02 15:21:00,"Imam telefon godinu ipo dana, nije ništa posebno, radi na androidu 10,ali mene nervira Huaweiev sistem, pa to sredim preko CPL launchera, sve u svemu sada jako loša kupovina, star je oko dve godine, kamera ni prosečna rekao bih, selfi kamera odlična za razliku od primarne koja ima samo 13mph, 32 gb skladišta je malo za mene koji sam prosečan korisnik i ne igram igrice,  pa sam za slike morao da kupim Sd karticu, baterija skromna(ako se aktivira režim uštede energije), 3gb rama je ok za normalan rad, ali zna on kočiti i dok sam na Google-u (redovno održavam telefon), dizajn je dobar bio tada ali već sada zastareo, ne preporučujem ovaj model u 2020/2021 jer stvarno nema smisla kupovati telefon koji je star dve godine, savetujem neki Xioami jer su vrlo dobri i pouzdani, HUAWEI/HONOR NIKAKO!, moja najveća greška je bila prelazak na ovaj telefon, jer ja znam šta je dobar telefon, imao sam Samsung telefone sresnje klase 5 godina, pre toga El dži, a sa Samsunga sam prešao na ovo, ne kajem se jer je moj Samsung zastareo, ali da mi operater nije nametnuo izbor između 2 telefona(Honor 10 lite i P Smart 2019) nikad ne bih koristio ni Honor ni Huawei jer ima mnogo boljih kupovina, osim za one Honor i Huawei fanove, jer njima je Huawei najbolji, pozdrav od jednog poznavaoca telefona☺️",9,"Dužina (>=15 reči), Suprotni veznici, Negacija, Specifikacija"
601,https://mobilnisvet.com/mobilni-komentari/l7m/Samsung/Galaxy-S23-Ultra/24,Samsung,Samsung Galaxy S23 Ultra,Petar85,2023-11-12 18:32:00,"Nisi uzeo u obzir koliko ovoliki ekran samo trosi energije bez obzira na to dali koristis 120 ili 60hz,,,za 10 sati SOT na youtube potrosio si 60% ako sam te razumeo je vrlo mala potrosnja iako si ukljucio sve parametre ustede,koliko bi ti da imas SOT na tom tvom telefonu,nema on akumulator u sebi...",10,"Dužina (>=15 reči), Suprotni veznici, Negacija, Specifikacija, Motiv kupovine"
602,https://mobilnisvet.com/mobilni-komentari/blm/Honor/Magic5-Lite/3,Honor,Honor Magic5 Lite,Mateo,2024-02-28 05:31:00,"Kupio sam horor 5 magic Lite upravo zbog toliko nahvaljene baterije, ne znam da li je do mog mobitela ali moja baterija jedva da izdrži 12 sati punim ga sa Honor SuperCharge 66W ali preko kabla od honor X6a , možda je u tome problem",10,"Dužina (>=15 reči), Suprotni veznici, Negacija, Specifikacija, Motiv kupovine"
603,https://mobilnisvet.com/mobilni-komentari/xnjcm/Xiaomi/Redmi-Note-12-Pro/6,Xiaomi,Xiaomi Redmi Note 12 Pro,10 Pro,2023-09-10 09:44:00,"Verzija 5G ali 6/128 GB je ovaj vikend na akciji u oficijelnoj prodavnici i cena je 32.000 RSD. Razmisljam o kupovini ovog telefona, nije mi neophodna verzija 8/256 GB jer koristim 10 PRO model 6/128 koji je i dalje u svojoj klasi sigirno top 3 telefona. Kod 12 PRO modela mi se ne svidja sto maltene nema nikakvu znacajno unapredjenje, cak je i oslabljena 5G verzija u pogledu da nema podrsku za mem. karticu, nema cak ni radio, nesto manja je osvetljenost ekrana... Za 2 verzije unapred ocekujete neko znacajnije unapredjenje ali ocigledno su kod 10 PRO modela ukapirali da su napravili previse dobar telefon i da im se to nikako ne isplati :)",9,"Dužina (>=15 reči), Suprotni veznici, Negacija, Specifikacija"
604,https://mobilnisvet.com/mobilni-komentari/qy8/Xiaomi/15-12GB-256GB-2x-SIM/6,Xiaomi,Xiaomi 15,Ispravka,2025-03-03 16:36:00,"Pozdrav adm. molim Vas ispravite gresku, kapacitet baterije nije 5400 vec 5240 mAh. Ovaj sa 5400 je samo kineska verzija, EU je standardno umanjena.. hvala",6,"Dužina (>=15 reči), Negacija, Specifikacija"
605,https://mobilnisvet.com/mobilni/nxqsb/Xiaomi/Redmi-Note-12-Pro-8GB,Xiaomi,Xiaomi Redmi Note 12 Pro,Nenad,2025-05-06 07:10:00,"Kako da dobijem hyper os 2 vidim po kometarima da su neki dobili jos pre 10-15 dana kod mn nema nista kad kliknem na azuriranje pise da su najnovija vec inatalirana, menjao sam  i region ali nista od toga hyper os 2 nema pa nema. Inace fon sam uzeo kod A1 operatera pocetkom prosle god dal nema mozda to veze gde je kupljen.",8,"Dužina (>=15 reči), Suprotni veznici, Negacija, Motiv kupovine"
606,https://mobilnisvet.com/mobilni-komentari/9573/Samsung/Galaxy-S21-FE-5G/5,Samsung,Samsung Galaxy S21 FE 5G,D,2024-01-16 10:00:00,"Kupio sam nedavno na oglasima za 300 evra solidan telefon ali baterija ocaj, malo potrazim po netu ima dosta tutorijala kako podesiti telefon radi ustede baterije i meni je pomoglo, sa 4.5 sati ukljucenog ekrana do 8, potrebno je podesiti da telefon radi onda kad vam je to potrebno a da stedi kad nije, ukljuciti tamni rezim, podesiti rutine tako da ukljuci stednju baterije kada spavate, aplikacije kojima nije potrebno 120 hz kao youtube i slicne ograniciti na 60hz, podesiti da se wi fi iskljuci kad izadjete iz kuce isl.",10,"Dužina (>=15 reči), Suprotni veznici, Negacija, Specifikacija, Motiv kupovine"
607,https://mobilnisvet.com/mobilni-komentari/9810/Apple/iPhone-SE-2022/5,Apple,Apple iPhone SE 2022,Qw,2022-07-05 01:40:00,Da li vredi uzeti ga po ovoj ceni od 375€?,0,
608,https://mobilnisvet.com/mobilni-komentari/khb/Samsung/Galaxy-S23/16,Samsung,Samsung Galaxy S23,Mihajlo,2023-12-21 21:38:00,Da li uzeti s23 ili iphone 15 pro max.?,0,
609,https://mobilnisvet.com/mobilni-komentari/mgt/Samsung/Galaxy-A54/8,Samsung,Samsung Galaxy A54,Maki,2024-02-15 22:30:00,"Da vas pita.Imam ovaj telefon i zadovoljna sam,jedino što mi Google i Chrom baguju i Koče mnogo.Da li ima još neko taj problem.Bukvalno ne mogu da ih koristim.",4,"Dužina (>=15 reči), Negacija"
610,https://mobilnisvet.com/mobilni/zc6/Honor/Magic-V3-16GB-512GB-2x-SIM,Honor,Honor Magic V3,Nenad,2026-02-03 22:47:00,Koliko vam se dugo puni baterija sa original brzim punjačem?,0,
611,https://mobilnisvet.com/mobilni/9817/Honor/X8,Honor,Honor X8,Ivan,2024-11-19 08:13:00,Imao ga. Mnogo precenjen telefon iako ima dobre specifikacije. Sad imam Samsung A15 koji mi je neuporedivo bolji za manje novca.,5,"Dužina (>=15 reči), Suprotni veznici"
612,https://mobilnisvet.com/mobilni/9sz6d/Apple/iPhone-13-256GB-Red,Apple,Apple iPhone 13,Teodor,2025-10-24 18:55:00,"Imam ovaj telefon skoro godinu i po dana i prezadovoljan sam . Medjutim, pre oko nedelju dana glavna kamera ne moze uopste da izostri bilo sta blize od  10cm. Znam da mi je prethodno telefon pao ali nista ozbiljno, imao je masku i nije mu bio prvi put da je pao. Ima li neko drugi ovakav problem ili je to samo softverski problem.",9,"Dužina (>=15 reči), Suprotni veznici, Negacija, Specifikacija"
613,https://mobilnisvet.com/mobilni-komentari/8239/Samsung/Galaxy-S21-Ultra-5G/7,Samsung,Samsung Galaxy S21 Ultra 5G,Neko,2022-02-05 10:42:00,"Koristim ga nekih 5 meseci, i jedino sto bih izdvojio kao najbolju stvar na ovom telefonu je kvalitet zvucnika i trajanje baterije, zaista sam prezadovoljan, skoro svaki dan mi uvece ostane oko 50%, i izdvojio bih Woow efekat koji se stice kod ljudi kada vide uzivo telefon bez maske, svi se oduseve pa i ja svali put, crna matt boja. Ostalo je sve na nivou najboljih telefona ali ni po cemu nije sad da kazem najbolji, samo je dobar sklad svega dobrog. (Zoom ne racunam zaista je eto u tome bas najbolji na trzistu).",7,"Dužina (>=15 reči), Suprotni veznici, Negacija"
614,https://mobilnisvet.com/mobilni/7177/Apple/iPhone-11-Pro-256GB,Apple,Apple iPhone 11 Pro,Dare,2023-08-17 13:09:00,"Telefon je savrsen imam i 13mini po meni bolji 11pro totalno tel….,tako da ne bih ga menjao ni za jedan od ovih novijih nikakva spektakularna promena…dimenzija telefona najbolja….",4,"Dužina (>=15 reči), Negacija"
615,https://mobilnisvet.com/mobilni/gsmly/Huawei/nova-10-SE-8GB,Huawei,Huawei nova 10 SE,Mikica,2023-04-10 23:46:00,"Uzeo sam ovaj telefon u A1 pre nekih mesec dana,odmah je počeo mikrofon da me zeza jer me niko ništa ne razume kad pričamo.Da li telefon da šaljem u servis ili je neka sistemska greška i da li ima ažuriranje za mikrofon?",5,"Dužina (>=15 reči), Negacija, Motiv kupovine"
616,https://mobilnisvet.com/mobilni/jy9xf/Samsung/Galaxy-A23-5G-128GB,Samsung,Samsung Galaxy A23 5G,Ja,2024-06-16 09:48:00,"Krš. Širokokutna kamera smeće, izlazi iz igrica sam od sebe, brzo se grije pa aplikacije štekaju, tipka za otisak prsta bočno je odvratna i često ni ne reagira. Za pozive i osnovne aplikacije dobar ostalo ajme. Aj aj i baterija 5000mAh može proći ali brzo gubi svojstva.",11,"Dužina (>=15 reči), Suprotni veznici, Negacija, Specifikacija, Sleng"
617,https://mobilnisvet.com/mobilni-komentari/8389/Xiaomi/Redmi-Note-10-Pro/24,Xiaomi,Xiaomi Redmi Note 10 Pro,Evol,2021-11-07 19:51:00,"Posle nekih mesec dana koristenja, prednosti, dobra baterija, dobar ekran, dobra brzina punjenja (sa obzirom na kapacitet baterije), dizajn nije los za telefon od skoro 7 inca, moze se koristiti 1 rukom. Ja nisam imao problema sa proximity senzorom (mada nisam imao ni na proslim Xiaomi uredjajima, koji, isto kao i ovaj, nemaju fizicki, nego ultrasonicni proximity, koji radi preko ziroskopa), povezivanje na wi-fi, traje do 5 sekundi, da je preko toga, nesto nije uredu, bili sa tel ili sa uredjajjem na koji se povezuje, 5ghz radi odlicno. Mane, koliko god bio zanimljiv MIUI, koliko god imao opcija, koliko god radio kako treba (posle hard reseta, naravno), dosadi, jedini razlog zbog cega prelazim na 2 brend, a da nije Xiaomi (MIUI), Huawei (EMUI), Motorola (MyUx), Samsung mobile (ONEUI), jer dosadi sve, a i kako bi nesto novo naucili ako ne probamo, iz recenzija? (: Moja preporuka, evo Note 11 serija je pred vratima, mozda ce glabalne furati i Snapdragon procesore (kojima je MediaTek ostao u losem secanju, iako sada je bolji, dosta), da saceka malo, 15, 20 dana, korisnicima navedenog modela, sve se moze jednim hard resetom resiti, i nije potrebno da se opet radi, dok se ne desi neki problem, citajuci ovde, da pola toga ili ne radi, ili radi kako ne treba, dosta stvari (kao nopr iskljucivanje reklama) na Music, File manager, Downloads, Themes, Security, Cleaner, traje kao ostavljanje prosecnog komentara ovde. Ok, ima i onih koji nemaju pametnija posla, pisu komentare sa lopate za model, koji znaju da nece imati (iz nepoznatog razloga), ali Xiaomi je u top 3 globalno, u EU 2, milioni korisnika su tu, sto vise korisnika, vise se o tome pise i vise toga ne valja, iako za sve ima resenje (:",10,"Dužina (>=15 reči), Suprotni veznici, Negacija, Specifikacija, Motiv kupovine"
618,https://mobilnisvet.com/mobilni-komentari/sgpzy/Xiaomi/Redmi-Note-12-5G-4GB-128GB-2x-SIM/2,Xiaomi,Xiaomi Redmi Note 12 5G,Marko,2023-09-05 08:20:00,Da li se nekom desava da nece da napravi fotografiju/snimak na memorijskoj kartici? Dakle namesteno je da iste cuva na sd kartici...Slika ali slike nema...Memorijska probana u drugom telefonu radi normalno. Cak sam je i formatirao....Telefon je inace osim ekrana krs kao i vecina xiaomija posle redmi 7 serije...,7,"Dužina (>=15 reči), Suprotni veznici, Negacija"
619,https://mobilnisvet.com/mobilni-komentari/9573/Samsung/Galaxy-S21-FE-5G/17,Samsung,Samsung Galaxy S21 FE 5G,Zeljko,2022-08-19 18:33:00,"Ma ok drugari,sve je to ok,malo je zeznuto kad sa p 30 pro na bilo koji uredjaj,ali ni on ne moze večito da bude.Kazite mi ,stavio sam jako dobro staklo od ivice do ivice,ali mi nesto slabije reaguje na dodir i skrol,ne uvek ,ali nekad moram dva puta da dodirnem,dali postoji neko kvalitetno staklo koje je senzitivnije a druga stvar ,punim ga trenutno brzim punjačem od 40w huawei,dali tim unistavam bateriju,fino se puni,naravno ni priblizno ko huawei",9,"Dužina (>=15 reči), Suprotni veznici, Negacija, Specifikacija"
620,https://mobilnisvet.com/mobilni/4qv/Apple/iPhone-15-Pro-Max-8GB-1TB-1x-SIM-1x-eSIM,Apple,Apple iPhone 15 Pro Max,Marija,2026-06-03 18:01:00,"Molim za predlog, da li kupiti 15pro max star 6 meseci ili S24ultra ali dve godine star? Bitne su mi fotografije. Do sada sam koristila ip15pro.",5,"Dužina (>=15 reči), Suprotni veznici"
621,https://mobilnisvet.com/mobilni-komentari/l7m/Samsung/Galaxy-S23-Ultra/34,Samsung,Samsung Galaxy S23 Ultra,Miroslav,2023-07-07 20:33:00,"Imam s23u vec tri meseca i nisam nesto odusevljen verovatno sam previse ocekivao zbog tolikog hajpa i svih specifikacija da na kraju krajeva je sasvim ok telefon nista preterano nista wow , nisam neki ekspert niti zahtevan korisnik ali vidim dosta nedostataka kako u radu samog telefona tako i u kameri i bateriji , secka prilikom prelaska iz app u app , kamera preko dana ok nocu mutna , zoom na 10x ok posle toga i ne bas al aj naspram iphona koji nema neki zoom ovo je nebo i zemlja , Sot uglavnom ne vise od 6-7 sati pritom nista kamera nista pozivi uglavnom yt i surf do duse punim do 85% praznim do 10-15% .. placen 950e da li vredi hmm razmisljam prodati al sta uzeti imao sam iphone 13 pro max nisam hteo na 14 jer je isto sve pa sam hteo da promenim .. svidja mi se google pixel 6pro al se bojim lose baterije ne mogu da visim na punjacu vise nego na telefonu .",10,"Dužina (>=15 reči), Suprotni veznici, Negacija, Sleng, Motiv kupovine"
622,https://mobilnisvet.com/mobilni-komentari/6nv/Xiaomi/Redmi-Note-13-Pro+/7,Xiaomi,Xiaomi Redmi Note 13 Pro+,mare,2024-07-14 09:09:00,imam ga par meseci nemam nekih problema radi ok,0,
623,https://mobilnisvet.com/mobilni-komentari/9841/Samsung/Galaxy-A53-5G/4,Samsung,Samsung Galaxy A53 5G,FIKI,2023-03-15 11:17:00,Imao sam A72. Dve godine je radio super. Sad je vec krenuo da stuca. Zena ima A52s. Ja sam uzeo A53. Posle nekoliko dana koriscenja moji utisci su vise nego pozitivni. Mislio sam da ce biti sporiji od A52s medjutim nije. Mozda pri ucitavanju igrica nesto malo brze otvara A52s ali neznatno. Baterija bolje drzi na A53. Kamere su odlicne. Telefon drzim na 120hz fluidno radi. Brz je. Tanji je od A52s sto mi se dopada. Tako da sve u svemu telefon je za svaku preporuku sto se mene tice.,10,"Dužina (>=15 reči), Suprotni veznici, Negacija, Specifikacija, Motiv kupovine"
624,https://mobilnisvet.com/mobilni/8062/Apple/iPhone-12-mini-128GB,Apple,Apple iPhone 12 mini,12,2023-09-04 13:08:00,"Pozdrav ljudi,ja sam ga uzeo polovnog pre 3 nedelje,predobar je mali kompaktan,64 gb je ali nisam neki korisnik sto snima ili puno fotka,baterija mi izdrzi ceo dan do uvece lagano,ma da i ne koristim ga ekstremno",10,"Dužina (>=15 reči), Suprotni veznici, Negacija, Specifikacija, Motiv kupovine"
625,https://mobilnisvet.com/mobilni-komentari/87w/Honor/400-Pro-12GB-256GB-1x-SIM-1x-eSIM/7,Honor,Honor 400 Pro,Ina,2025-11-13 11:59:00,Honor 400 pro ili Samsung s25?,0,
626,https://mobilnisvet.com/mobilni-komentari/8233/Samsung/Galaxy-S21+-5G/5,Samsung,Samsung Galaxy S21+ 5G,Mladja,2021-08-10 07:56:00,"Ovaj telefon je brutalan. Iako Exynos, niti se greje, niti laguje, baterija traje jako dugo i sporo svlaci procente, iako sam ga stavio na 120Hz, telefon je u svakom smislu babaroga. Ja sam bio skeptican u startu kada sam ga kupio, ali mogu reci da me je ovaj Samsung odusevio, ovo im je bez dileme najbolji uredjaj ikada napravljen. A sto se tice prijema signala ovde gde ja zivim signal je uvek TOP i pun signal bez opadanja. Zvuk i ekran kao i kvalitet izrade o tome nevu trositi reci jer je telefon klasa iznad svih. A 120Hz ostavlja bez daha i sve leti po ekranu. Kipio sam i 25w Samsungov adapter gde se doslovno od 0-100% napuni za 70 minuta okruglo. Jednom recju, prezadovoljan, i planiram se dugo zadrzati na ovom modelu. Toliko od mene.",10,"Dužina (>=15 reči), Suprotni veznici, Negacija, Specifikacija, Motiv kupovine"
627,https://mobilnisvet.com/mobilni-komentari/7179/Apple/iPhone-11-64GB/18,Apple,Apple iPhone 11,Pera Detlić,2021-04-08 19:44:00,Evo šesta godina kako koristim iphone 6 i došlo vreme da menjam. Šta preporučujete 11 ili 12?,2,Dužina (>=15 reči)
628,https://mobilnisvet.com/mobilni/1w6/Samsung/Galaxy-S24-8GB-512GB-2x-SIM-1x-eSIM,Samsung,Samsung Galaxy S24,Nebojsa,2026-06-23 23:01:00,Kod mene samo pocne da se telefon jako greje. Kada kazem jako bas tako i mislim. Ponekad nakon 30 min koriscenja se tako zagreje i najednom pocne strasno da baguje. Jeli samo kod mene tako ili ima jos neko slicnog iskustva.,2,Dužina (>=15 reči)
629,https://mobilnisvet.com/mobilni/9274/Apple/iPhone-13-Pro-512GB,Apple,Apple iPhone 13 Pro,Jovana,2025-08-25 21:38:00,"Imam dilemu... Ne znam da li je bolje uzeti polovan 13 pro od 512gb sa bh 78% i nešto malo izgreban za 480e, ili uzeti 13 ili 14 nov ali od 128gb za približno istu cenu...?",9,"Dužina (>=15 reči), Suprotni veznici, Negacija, Specifikacija"
630,https://mobilnisvet.com/mobilni-komentari/blm/Honor/Magic5-Lite/5,Honor,Honor Magic5 Lite,Milos,2024-01-02 16:05:00,"Sad je kamera jos malo  bolja, otvorite pored istu sliku  sa A54, koju svi hvale, vrlo slicne slike. Ima nesto i do reklame.",2,Dužina (>=15 reči)
631,https://mobilnisvet.com/mobilni-komentari/2wjlc/Xiaomi/13/4,Xiaomi,Xiaomi 13,Nenad,2023-07-04 17:28:00,"Molim za iskrena iskustva. Treba mi telefon koji nije cigla, da ima dobru bateriju i brzo punjenje i dobre kamere. Nisam zahtevan korisnik, igrice ne igram. Muzika, društvene mreže, pozivi i viber/whatsap. Ovaj mi deluje ok, svidja mi se i s23 ali ima manju bateriju i bednih 25w punjenja (već ga imam na s21fe i smešno je za 2023...) dajte neki savet, nisam imao xiaomi do sad a 13 mi deluje dobar.",11,"Dužina (>=15 reči), Suprotni veznici, Negacija, Specifikacija, Sleng"
632,https://mobilnisvet.com/mobilni-komentari/9955/Honor/70/8,Honor,Honor 70,Stefan,2023-07-30 18:01:00,"Nedavno sam prodao pixel 6a i kupio honor 70. Najvise me brinula razlika u kamerama (pixel stvarno ima odlicnu obradu slika) i citav software, google je stvarno po tom pitanju u samom vrhu. Ali smetao mi je po mom misljenju dosadan dizajn pixela, previse kockast i slaba autonomija baterije / sporo punjenje. E sad na honoru, ne da nisam primetio razliku sto se kamere tice, vec sam i u nekim uslovima zadovoljniji (ultrasiroka od 50mp na honoru je po meni bolja nego pixelova od 12). Podrska na googlu jeste bolja i azuriranja dolaze cesce, ali to su ugl. neke manje bitne stavke. Secam se da sam imao problem mesec dana na pixelu da se greje vise pa sam cekao da isprave.. tako da i ta azuriranja nisu uvek samo poboljsanja :) baterija odlicna, izvuce i 10h SoT (kucni uslovi i bez mnogo poziva, ugl.kuckanje) ovako napolju uz mobilni net, ekran na 100% brightness i poneki poziv / slicica izvuce do 7h SoT, meni licno vise nego dovoljno. Nisam imao situaciju da me ""ostavi na cedilu"" i isprazni negde u sred dana :) punjenje 66w i punjac u kutiji su mi bili prijatno iznenadjenje, 20-100% ide za oko 40min. I opet je spreman za akciju. Bagova nisam imao, radi ko sat. Brz, fluidan u radu, ne greje se ama bas nimalo, cak i na punjacu neprimetno topao. Ekran je vrh, imam osecaj da tel.kosta duplo vise. Na suncu odlican pregled, ma sve je top stvarno bombonica tel.za ove pare diskutabilno da li moze bolji. Mono zvuk mi je bio neobican prvih 2 dana, od tada sam se navikao i ne osetim razliku, ugl.samo gledam youtube bez sluski, muziku slusam na sluskama svakako i ne remeti mi nista mono/stereo. Zastitna folija iz m.outfitters, legla ko salivena, koristim i silikonsku maskicu iz paketa koja zadrzava prefinjen izgled bele (crystal) boje odlicno. Svaka preporuka ko god se dvoumi izmedju ovog i bilo kog tel.do 400e. nema greske sa honor 70.",10,"Dužina (>=15 reči), Suprotni veznici, Negacija, Specifikacija, Motiv kupovine"
633,https://mobilnisvet.com/mobilni-komentari/7179/Apple/iPhone-11-64GB/23,Apple,Apple iPhone 11,Miki,2020-10-20 13:58:00,"Imam samsung s10 128 i uphone 11 64gb,kao korisnik androida dugi niz godina sam uzeo iphone i nikad se ne bih vratio na android jer telefon leti baterija izgura 1 dan sa solidnim koriscenjem instagrama youtuba vibera whatsappa itd izuzem igrica to nemam i ne znam kako se ponasa baterija,kamere su neopisivo bolje nocni rezim kida u totalnom mraku kada se ocima jedva vidi dobijes sliku kao da su upaljene sijalice na sve strane brzina otvaranja aplikacija je neopisiva i ne moze da se poredi sa androidom jedini problem je muzika ali to se resi itunsom u tri koraka prebacis pesme instalira se na kompu povezes telefon i prebacujes sa kompa sta god hoces... jedina zamerka na koju jos nisam naviko je back dugme jer ga nema pa  neki put je to sa leva na desno na nekoj stranici je dole itd ali sve u svemu brzina rada telefona kamere fluidnost telefona je savrsena i ne moze da se meri sa androidom,prednost androidu dajem samo sto mozes da promenis izgled telefona pomeras sta gde hoces",10,"Dužina (>=15 reči), Suprotni veznici, Negacija, Specifikacija, Motiv kupovine"
634,https://mobilnisvet.com/mobilni-komentari/f2p/Samsung/Galaxy-S23-FE/3,Samsung,Samsung Galaxy S23 FE,Nenad,2023-12-10 18:24:00,Ovo kao da je telefon sa pocetka 2022 god a ne kraj 2023 god jel je procesor jako star,4,"Dužina (>=15 reči), Negacija"
635,https://mobilnisvet.com/mobilni-komentari/mgt/Samsung/Galaxy-A54/5,Samsung,Samsung Galaxy A54,Milena,2024-05-20 08:16:00,Da li treba koristiti battery gurdian?,0,
636,https://mobilnisvet.com/mobilni-komentari/7179/Apple/iPhone-11-64GB/19,Apple,Apple iPhone 11,Marija,2021-03-14 14:19:00,"Pozdrav 👋🏼 Posto planiram da kupim iphone 11, a čitajući komentare shvatila sam da nisam upućena, da li dobijam punjač i slušalice uz telefon ili ne? Imam punjač iphone 6s tako da ne znam koliko bi bio dobar za 11icu?  I pošto bih kupila nov telefon, da li je sigurno kupiti preko navedenih prodavnica? Hvalaa unapred",4,"Dužina (>=15 reči), Negacija"
637,https://mobilnisvet.com/mobilni-komentari/gwmgy/Xiaomi/12T-Pro/3,Xiaomi,Xiaomi 12T Pro,Joca,2023-06-30 16:04:00,"Imam ovaj telefon 6meseci. Prezadovoljan sam. Baterija je odlična. Zvuk i ekran dobri... Kamera je odlična. Softver ok, ne baguje. Sve u svemu.... Preporuka. Platio sam ga tada 640 eura... Vidim da je sada malo skuplji.",5,"Dužina (>=15 reči), Negacija, Motiv kupovine"
638,https://mobilnisvet.com/mobilni/30j/Honor/Magic8-Lite-8GB-512GB-2x-SIM,Honor,Honor Magic8 Lite,Aca,2026-06-03 10:53:00,"Uzeo sam ga pre dve nedelje i zadovoljan sam...dosta je po hardveru bolji od Honor 6 Lite koji sam imao prethodno,ali mi je 6 Lite...pogotovu u Emerald Green boji koju sam imao daleko lepši telefon...i meni iskreno najlepši telefon ikada napravljen!E sada,zanima me jedna stvar.Oba sam držao na 60 Hz zbog trajanja baterije...mada je razlika ukupna negde oko 1 dan dužeg korišćenja!Konkretno na  Honor Magic 6 Lite sam prvih 6 meseci bio sa prosekom od nekih 2 do 2.5 sati upaljenog ekrana dnevno t.j korišćenja telefona(bez igranja igrica)  i  nekih pola sata do sat razgovora dnevno...izlazio na nekih 4 dana trajanja baterije sa osvetljenjem ekrana na 50%,a ovde pošto je ekran daleko svetliji nego na 6 lite sam osvetljenje spustio malo ispod 50%,recimo nekoh 45% što je i dalje svetlije dosta nego 50% na 6 Lite i baterija mi traje samo 1 duže nego na 6 Lite...dakle negde oko 5 dana!Znači samo nekih 20% ispada jača baterija od Honor Magic 6 Lite...iako ovaj ima 7500 mAh,a 6 Lite 5300 mAh!?Inače sam kupio Honor Magic 8 Lite 3 meseca star...kao nov sa još 21 mesecom pisane garancije...sa nekih 35 ciklusa punjenja!Cenim da je razlog procentualno manje razlike u trajanju baterije u odnosu na veličinu baterije...solidno bolja i jača osvetljenost ekrana!'Kakvi su vaši utisci...t.j. onih koji ga imaju?",10,"Dužina (>=15 reči), Suprotni veznici, Negacija, Specifikacija, Motiv kupovine"
639,https://mobilnisvet.com/mobilni/6718/Huawei/Honor-10-Lite-128GB,Huawei,Huawei Honor 10 Lite,Boban,2020-07-04 11:39:00,Koja je poslednja zakrpa meni je 201,0,
640,https://mobilnisvet.com/mobilni-komentari/7xf/Huawei/P60-Pro/3,Huawei,Huawei P60 Pro,Nix,2024-05-13 14:26:00,"Preporuka za fabricku browser aplikaciju, Edge mi pocepa bateriju. Ovaj fabricki je skroz ok, malo zna da zasteka, ali bar ne troši 500mah po satu i 200 u pozadini",9,"Dužina (>=15 reči), Suprotni veznici, Negacija, Specifikacija"
641,https://mobilnisvet.com/mobilni-komentari/8061/Apple/iPhone-12-mini/2,Apple,Apple iPhone 12 mini,larisica,2022-10-25 07:08:00,Odlican izbor telefona po meni.Brz i jak.,0,
642,https://mobilnisvet.com/mobilni-komentari/rhw/Samsung/Galaxy-A34/5,Samsung,Samsung Galaxy A34,Gotancha,2023-12-02 22:51:00,Da li je svima stigao apdejt na 14?,0,
643,https://mobilnisvet.com/mobilni-komentari/8436/Samsung/Galaxy-A52/6,Samsung,Samsung Galaxy A52,Dejan,2021-09-09 13:50:00,"Uzeo sam juče A52 ,naravno u kutiji je punjač od 15w.E sad kada se punio pisalo je za sat i 25min da će da se napuni i naravno tako je i bilo.Što nije uopšte toliko dugo.Ali me ineresuje da li je neko kupio brzi od25w i koliko je vreme punjenja sa tim punjačem.Hvala za odgovore.",10,"Dužina (>=15 reči), Suprotni veznici, Negacija, Specifikacija, Motiv kupovine"
644,https://mobilnisvet.com/mobilni-komentari/7179/Apple/iPhone-11-64GB/7,Apple,Apple iPhone 11,Zadovoljna,2022-11-23 12:34:00,"iPhone 11 64gb imam tacno 3 godine! Telefon je odlican! Trenutno zdravlje baterije mi 73%, sto je sjajno sa obzirom da mu dusu vadim sa blututom zbog iWatch i koriscenjem i tokom punjenja. Baterija traje otprilike do 21-22h u zavisnosti od koriscenja :) Naravno uvek ga stavim na punjac kada bude oko 15%. Jedina zamerka, ali to prepisujem zdravlju iste, ukoliko dopunim telefon preko 90%, a da je prethodno bilo na 60-70%, procenat baterije se zamrzne bez obzira na to koliko ga trosim nor. stajace 100% i nakon 2h koriscenja, a znamo da to realno nije moguce. To resim tako sto ga ugasim i upalim. IOS verzija mi je 15.6, smatram da ne trebam da predjem na 16 jer nema potrebe. Preziveo je padove, ali mu je samo malo puklo staklo u donjem desnom uglu i tako stoji evo 2 godine! Mana nakon 3 godine mu je zvucnik, bar u mom slucaju, krci ( gornji zvucnik, koji slusi i za pozive ) ali i to prepisujem padovima ili prasini. Ali telefon za svoje godine odlicno radi posao sto se tice brzine, memorije, kamere!",10,"Dužina (>=15 reči), Suprotni veznici, Negacija, Specifikacija, Motiv kupovine"
645,https://mobilnisvet.com/mobilni-komentari/9288/Xiaomi/11-Lite-5G-NE/4,Xiaomi,Xiaomi 11 Lite 5G NE,Ivan,2021-12-06 21:32:00,"kupio ga na popustu sa poklonima,telefon me odusevio,imao sam redmi note 9 pro,ali ovaj je druga prica,ne greje se cak i kad igram vrlo zahtevne igre,kamere odlicne,ekran amoled 90hz boje odlicne pogotovu kad se pusti hdr video,lagan a ja jak.Preporuka svima odlican telefon!",10,"Dužina (>=15 reči), Suprotni veznici, Negacija, Specifikacija, Motiv kupovine"
646,https://mobilnisvet.com/mobilni/7369/Samsung/Galaxy-S10-Lite,Samsung,Samsung Galaxy S10 Lite,!?,2021-05-27 11:24:00,"Jel izdrži 9,10 sati ako ga maksimalno koristis?!",0,
647,https://mobilnisvet.com/mobilni-komentari/9573/Samsung/Galaxy-S21-FE-5G/17,Samsung,Samsung Galaxy S21 FE 5G,M3,2022-08-29 19:16:00,Jel imao neko problem sa slot 1 ..kartica ubacena a pise nema kartice a u slot 2 radi,4,"Dužina (>=15 reči), Negacija"
648,https://mobilnisvet.com/mobilni/y8v/Xiaomi/14-Ultra-12GB-256GB-2x-SIM,Xiaomi,Xiaomi 14 Ultra,Pero,2024-11-17 18:06:00,Xiaomi 14 ultra ili s24 ultra kameree najbitnije?,0,
649,https://mobilnisvet.com/mobilni-komentari/f2p/Samsung/Galaxy-S23-FE/2,Samsung,Samsung Galaxy S23 FE,Zoran,2024-05-01 15:29:00,"Zasto bi neko uzimao ovaj telefon, kad sa dodatnih 50e uzmes full S23.",0,
650,https://mobilnisvet.com/mobilni-komentari/x9p/Samsung/Galaxy-S23+/4,Samsung,Samsung Galaxy S23+,M,2023-05-23 18:22:00,"Pozz da li uzwti s23+ ili s23 ili s22 ultra, cenovno su svi u toj ceni preporuka",2,Dužina (>=15 reči)
651,https://mobilnisvet.com/mobilni/9846/Samsung/Galaxy-A53-5G-8GB-256GB-Dual-SIM,Samsung,Samsung Galaxy A53 5G,Dadić,2026-02-13 23:11:00,Ovaj telefon ili Redmi 10 pro ?,0,
652,https://mobilnisvet.com/mobilni/9894/Honor/Magic4-Lite,Honor,Honor Magic4 Lite,Daša,2023-01-08 15:00:00,"Može li pomoć, shvatila sam da ovaj telefon nema google play prodavnicu niti išta od google-a, kako funkcioniše, tipa mape, aplikacije, pretraga i slično? Ima adekvatna zamena ili? hVala!",4,"Dužina (>=15 reči), Negacija"
653,https://mobilnisvet.com/mobilni-komentari/9573/Samsung/Galaxy-S21-FE-5G/15,Samsung,Samsung Galaxy S21 FE 5G,Zana,2022-10-26 10:16:00,"Hvala vam na pomoći. Još samo jedno pitanje, da li Samsung S21fe ima opciju za slušalice ili idu one bežične.",2,Dužina (>=15 reči)
654,https://mobilnisvet.com/mobilni-komentari/mgt/Samsung/Galaxy-A54/7,Samsung,Samsung Galaxy A54,Sale,2024-03-07 11:12:00,poštovanje ja punim bateriju sa 19 posto na 85 posto da li je to dobro ili od 0 do 100 posto kako je najbolje puniti bateriju srdačan pozdrav za sve,2,Dužina (>=15 reči)
655,https://mobilnisvet.com/mobilni-komentari/pt4qv/Apple/iPhone-14-Pro-Max/5,Apple,Apple iPhone 14 Pro Max,David44,2023-03-26 18:25:00,Telefon je bukvalno bez i jedne mane!,2,Negacija
656,https://mobilnisvet.com/mobilni-komentari/q5v/Honor/X8b/2,Honor,Honor X8b,Mihajlo,2024-02-26 18:44:00,"Evo mojih utisaka posle par sati korišćenja. Uzet telefon danas u Vip-u. 8/256gb. Dobija se kutija, iglica i telefon. Uzeo zelenu boju. Izgled fenomenalan, zadnja strana telefona je na neki nacin gumirana ali vise mi izgleda kao da je koža, ne klizi prosto 10/10. U radu fluidan, nikakva zamerka za sada. Kamera za ovu klasu sasvim zadovoljavajuca, selfi kamera radi posao apsolutno. Igrice jos nisam probao. Za sada svaka preporuka za telefon. Ali me zanima kako promeniti redosled tastera u donjem delu?",10,"Dužina (>=15 reči), Suprotni veznici, Negacija, Specifikacija, Motiv kupovine"
657,https://mobilnisvet.com/mobilni-komentari/7179/Apple/iPhone-11-64GB/11,Apple,Apple iPhone 11,alexa,2022-04-19 04:31:00,"Imao sam samsung s 20 do neki dan ,presao sam na iphone 11, samsung kazu visoka klasa ( ono je uzas ) znaci bateriju 2 puta dnevno punis, 30 minuta na youtubu pregrijavanje je uzas (isto furuna),sada imam iphone 11 stanje baterije 91% lagano 2 dana baterija,fluidnost mobilnok,kamera,ma sve je na strani iphona.",2,Dužina (>=15 reči)
658,https://mobilnisvet.com/mobilni-komentari/9841/Samsung/Galaxy-A53-5G/3,Samsung,Samsung Galaxy A53 5G,Aleksandar,2023-04-24 23:40:00,Da li ima neko da koristi ovaj telefon i koliko traje baterija i kakva mu je kamera,2,Dužina (>=15 reči)
659,https://mobilnisvet.com/mobilni-komentari/8714/Honor/50/6,Honor,Honor 50,Zara,2022-04-19 14:38:00,"Korisnik sam ovog telefona već 5 dana,i do sada mu nisam našao nijednu manu.",0,
660,https://mobilnisvet.com/mobilni-komentari/7651/Apple/iPhone-SE-(2020)/14,Apple,Apple iPhone SE (2020),Martin,2020-06-17 08:02:00,"Najveci problem je sto ljudi komentarisu nesto sto nemaju i sad ko hoce da uzme ovaj tel.udje da procita komentare i vidi sve i svasta, ja recimo planiram da ga uzmem i citajuci ove komentare vidim da 90% pisu negativno i svi kude bateriju. Gledajuci recenzije na YT i komentare na gsm.areni ocigledno je baterija malo oslabljena ali prosecnom korisniku bice dovoljna i daleko od toga da ce da se puni 3-4 puta u toku dana kao sto je ovde neko napisao.Svi uporedjuju ovaj se sa samsungom s10e kao konkurenta ali ja nevidim nista bolje na samsungu od ekrana i meni recimo ne odgovara takav ekran preko celog ekrana da radim spagu prstima itd.baterija na samsungu 3100mah na ajfonu 1821 rekli bi uh duplo bolja na samsungu pogledajte poredjenja na YT bice vam sve jasno.",9,"Dužina (>=15 reči), Suprotni veznici, Negacija, Specifikacija"
661,https://mobilnisvet.com/mobilni/0kw/Honor/200-Lite-8GB-256GB-2x-SIM,Honor,Honor 200 Lite,laki,2024-10-28 22:13:00,video snimanje dali ima stabilizaciju,0,
662,https://mobilnisvet.com/mobilni-komentari/l7m/Samsung/Galaxy-S23-Ultra/25,Samsung,Samsung Galaxy S23 Ultra,miki,2023-11-05 11:45:00,odlican tel svaka preporuka,0,
663,https://mobilnisvet.com/mobilni-komentari/9260/Apple/iPhone-13/10,Apple,Apple iPhone 13,Pomoc,2023-03-01 17:39:00,iPhone 13 ili Galaxy S21 FE? Video sam da su performanse veoma slicne. Zbog cega je mozda bolji ili ne iPhone 13?,5,"Dužina (>=15 reči), Negacija, Motiv kupovine"
664,https://mobilnisvet.com/mobilni-komentari/btp/Samsung/Galaxy-A25/2,Samsung,Samsung Galaxy A25,Stefan,2024-09-02 13:41:00,"Uzeo sam ovaj telefon pre par dana, i sve pohvale telefon je brz kamera odlična u noćnim uslovima sasvim solidna kamera jer koristio sam samsung a51 kamera je bila nikakva, uzeo sam a25 od 8 gb ram i telefon nema da secne, zvučnik jak, priča se dosta o njegovom izgledu ali meni je lakši za držanje ovaj telefon nego a51 pritom lepo izgleda",10,"Dužina (>=15 reči), Suprotni veznici, Negacija, Specifikacija, Motiv kupovine"
665,https://mobilnisvet.com/mobilni-komentari/x9p/Samsung/Galaxy-S23+/3,Samsung,Samsung Galaxy S23+,BaneG,2023-12-04 18:22:00,"Pozdrav ljudi, ima li ko iskustvo prelaska sa 23 Ultra na ovaj plus model, imam Ultru ali mi je baš glomazna, prevelik tel, uzeo bih 23+...imao sam S21+ i sa njim sam bio baš zadovoljan",6,"Dužina (>=15 reči), Suprotni veznici, Motiv kupovine"
666,https://mobilnisvet.com/mobilni-komentari/pt4qv/Apple/iPhone-14-Pro-Max/6,Apple,Apple iPhone 14 Pro Max,Deky AMG////,2023-01-12 18:59:00,"Evo bas juce kupio 14 pro max srebrni, pre njega koristio 13 pro max zatim 12 pro max . i mogu reci 12/pMax na 14pMax vredi preci,  13pMax na 14pMax je samo zelja i TD ali ako vam je dubok dzep zasto da ne..... Jedini razlog samo jedini zasto sam presao / kupio zbog ovod dynamic island . i LTPO i nista vise... Ajfon moj 13 pro max 128 blue USA verzia ovog meseca izlazi garancija kao čaša panzer glas vredi li 900€???",8,"Dužina (>=15 reči), Suprotni veznici, Negacija, Motiv kupovine"
667,https://mobilnisvet.com/mobilni/z9z/Honor/600-Pro-12GB-512GB-2x-SIM-1x-eSIM,Honor,Honor 600 Pro,FuSi,2026-07-16 00:04:00,Antutu mi prvo pokazao ufs 4.1 pa ufs4.0 pa opet ufs 4.1 tako da ti testovi baš i nisu merodavni.Bitno je da fon radi perfektno a što se tiče kamera pa čak iako uslikas loše taj honor ai tajovrealbo ispravi sliku da je to pravo čudo.Ai je svuda oko nas i ne znam što se ljudi bune što imano fon koji na nativnom srpskom jeziku radi perfektno i skroz je integrisan u sistem ali opet nije ništa napadno.Ai dugme mi sluzi da upalim bater lampu kratkim klikom a dugim prebacujem na vibraciju a dva puta klik palim kameru.Cena mu sad u gigatronu i sličnim radnjama ispod 80 hiljada a ja u Joker mobil u NS kupio nov za 66 hiljada i dobio punjac 100w i masku i zaštitno staklo.Garancija je godinu dana.Baterija perfektna.,10,"Dužina (>=15 reči), Suprotni veznici, Negacija, Specifikacija, Motiv kupovine"
668,https://mobilnisvet.com/mobilni-komentari/9654/Samsung/Galaxy-S22-Ultra-5G/4,Samsung,Samsung Galaxy S22 Ultra 5G,Dusan,2024-02-08 17:59:00,Sta uzeti u 2024. S22 ultra ili iphone 14 plus,0,
669,https://mobilnisvet.com/mobilni/rqh/Xiaomi/Redmi-Note-15-5G-8GB-512GB-2x-SIM,Xiaomi,Xiaomi Redmi Note 15 5G,Brane,2026-01-20 19:10:00,"Kod nas u Bih u 8 256gb ovaj telefon je preko 600 maraka, note 15 4g je 400maraka. A ovde ovaj ispadne 200 maraka jeftinije. Ili su ovi nasi prokleti. Pa za 600 maraka sigirno ima boljih telefona i od xiaomija.",4,"Dužina (>=15 reči), Specifikacija"
670,https://mobilnisvet.com/mobilni/30j/Honor/Magic8-Lite-8GB-512GB-2x-SIM,Honor,Honor Magic8 Lite,Aca,2026-06-03 10:51:00,"Uzeo sam ga pre dve nedelje i zadovoljan sam...dosta je po hardveru bolji od Honor 6 Lite koji sam imao prethodno,ali mi je 6 Lite...pogotovu u Emerald Green boji koju sam imao daleko lepši telefon...i meni iskreno najlepši telefon ikada napravljen!E sada,zanima me jedna stvar.Oba sam držao na 60 Hz zbog trajanja baterije...mada je razlika ukupna negde oko 1 dužeg korišćenja!Konkretno na  Honor Magic 6 Lite sam prvih 6 meseci sa prosekom od nekih 2 do 2.5 sati upaljenog ekrana dnevno t.j korišćenja telefona(bez igranja igrica)  i  nekih pola sata do sat razgovora dnevno...izlazio na nekih 4 dana trajanja baterije sa osvetljenjem ekrana na 50%,a ovde pošto je ekran daleko svetliji nego na 6 lite sam osvetljenje spustio malo ispod 50%,recimo nekoh 45% što je i dalje svetlije dosta nego 50% na 6 Lite i baterija mi traje samo 1 duže nego na 6lite...dakle negde oko 5 dana!Znači samo nekih 20% ispada jača baterija od Honor Magic 6 Lite...iako ovaj ima 7500 mAh,a 6 Lite 5300 mAh!?Inače sam kupio Honor Magic 8 Lite 3 meseca star...kao nov sa još 21 mesecom pisane garancije...sa nekih 35 ciklusa punjenja!Cenim da je razlog procentualno manje razlike u trajanju baterije u odnosu na veličinu baterije...solidno bolja i jača osvetljenost ekrana!'Kakvi su vaši utisci...t.j. onih koji ga imaju?",10,"Dužina (>=15 reči), Suprotni veznici, Negacija, Specifikacija, Motiv kupovine"
671,https://mobilnisvet.com/mobilni-komentari/qqy/Xiaomi/13T/3,Xiaomi,Xiaomi 13T,Dalibor,2024-05-26 11:38:00,"Uzeo sam 13T pre neki dan..sve je bilo ok..zadnja dva dana problem sa prednjom kamerom..presporo registruje pokrete,kasni..haos..i onda padne vece...radi bolje..u cemu je problem,da li je bag ili do podesavanja",3,"Dužina (>=15 reči), Motiv kupovine"
672,https://mobilnisvet.com/mobilni-komentari/9955/Honor/70/16,Honor,Honor 70,Nikola,2022-12-24 22:51:00,Iphone 11 nov vakum ili Honor 70 5G isto?,0,
673,https://mobilnisvet.com/mobilni-komentari/btp/Samsung/Galaxy-A25/2,Samsung,Samsung Galaxy A25,David,2024-03-08 16:25:00,"Utisak posle nedelju dana koriscenja, ono sto bih najvise istakao kao pozitivnu stranu ovog telefona jeste baterija(preporucujem da se stavi na 60hz , 120hz i nema toliko smisla jer trosi bateriju, a necete primetiti razlike posle nekog vremena koriscenja) i autonomija, baterija drzi 2 dana uz solidno koriscenje. Ekran dobar, kamera sasvim dobra, video dobar , stabilizacija takodje, procesor nije najbrzi moguc, ali ce zavrsiti posao za skoro sve sto vam treba, osim ako ne igrate neke zahtevnije igrice. Uzeo sam ga za 220 e i mogu reci da je sasvim pristojan telefon za taj novac, iskrena preporuka. (Procesor hoce da se malo zagreje posle nekih zahtevnijih akcija, ali nista strasno)",10,"Dužina (>=15 reči), Suprotni veznici, Negacija, Specifikacija, Motiv kupovine"
674,https://mobilnisvet.com/mobilni-komentari/8233/Samsung/Galaxy-S21+-5G/2,Samsung,Samsung Galaxy S21+ 5G,S21 plus,2023-01-21 14:43:00,Pitanje dali je jos neko dobio dve manje zakrpe za januar za ovaj model danas sam dobio drugu ne znam zbog cega znam da ide jedna za svaki mesec i sa prvom je bilo ok,5,"Dužina (>=15 reči), Negacija, Motiv kupovine"
675,https://mobilnisvet.com/mobilni/cq3/Samsung/Galaxy-A56-12GB-256GB-2x-SIM-2x-eSIM,Samsung,Samsung Galaxy A56,jansupupen,2026-06-21 04:28:00,"Očitavanje palca sporije nego na Redmi Note starom 4 godine. Bruka i sramota. Kamera glavna može da prođe, ostale kamere su tu čisto da popune broj, neupotrebljive. Nije loš za 270e ako nađete, ovo ne vredi 350e koliko traže u radnjama. Za iste novce imate 14T koji je dosta bolji telefon.",4,"Dužina (>=15 reči), Negacija"
676,https://mobilnisvet.com/mobilni-komentari/9622/Xiaomi/Redmi-Note-11-Pro-5G/3,Xiaomi,Xiaomi Redmi Note 11 Pro 5G,Đomla,2022-03-14 17:02:00,"Redmi Note 8 pro, 9 pro, 10 pro i 11 pro- isti telefoni. Razlika u finesama, a osećaj u radu- isto. Neke gluposti koje dodaju i marketinški trikovi mislim da su već provaljeni. Ovaj iako 5g, ima najgori procesor od navedenih tj. u radu korak nazad jer je prcesor motor telefona. A stereo zvuk, Amoled bez Always On displeja, ista kamera bila ona 64 ili 108mp...mogu da stave i 308- prodavanje magle. Ko se iole razume u telefone, zna o čemu se radi",9,"Dužina (>=15 reči), Suprotni veznici, Negacija, Specifikacija"
677,https://mobilnisvet.com/mobilni-komentari/blm/Honor/Magic5-Lite/17,Honor,Honor Magic5 Lite,Miks,2023-03-21 16:52:00,Ovaj telefon ima jednu najbotniju stvar a to je baterija odlicna sto je najbitnije a ove druge stvari u pitanju su nijanse,2,Dužina (>=15 reči)
678,https://mobilnisvet.com/mobilni/sg3/Samsung/Galaxy-A35-8GB-256GB-2x-SIM,Samsung,Samsung Galaxy A35,Sale,2025-06-13 14:28:00,Planiram da kupim bas ovaj mi se svidja A35 nisam zahtevan korisnik ono osnovne stvari go ga koristio kakva je baterija meni ne treba jaci od 6gb ram 128 gb memorije,6,"Dužina (>=15 reči), Negacija, Specifikacija"
679,https://mobilnisvet.com/mobilni-komentari/l7m/Samsung/Galaxy-S23-Ultra/23,Samsung,Samsung Galaxy S23 Ultra,Petar85,2023-11-22 02:59:00,"Ipak vratih se uspesno na 5.1,nekako je stabilniji sa funkcijama koje sam navikao,a i primetna razlika u trajanju baterije jel kod mene na One Ui 6 sa ovom novembarskom zakrpom je trajanje snizilo se za 30% manje nego na 5.1,pa cu cekati vreme kad ce izbaciti neku stabilniju verziju,mozda 6.1 bude pogodak za s23 ultru,a dotle furaj 5.1👍🙂",5,"Dužina (>=15 reči), Suprotni veznici"
680,https://mobilnisvet.com/mobilni/zyk/Samsung/Galaxy-Z-Fold6-12GB-1TB-1x-SIM-1x-eSIM,Samsung,Samsung Galaxy Z Fold6,Sonik,2024-12-28 11:46:00,"Mnogo mi se dopada telefon, ali izgleda da je bolje da se sačeka Z Fold 7, biće bolji od ovog, širi prednji ekran i samim tim i unutrašnji, bolji Fold sistem gde se prelaz neće videti, kao što je na special edition aparatu koji ima samo za JK trzište + kamera kao kod Ultre. Pogledajte kod Unbox Therapy lika što je uradio poređenje.",5,"Dužina (>=15 reči), Suprotni veznici"
681,https://mobilnisvet.com/mobilni/9571/Xiaomi/12-Pro-256GB,Xiaomi,Xiaomi 12 Pro,milan,2024-03-26 17:57:00,"Generalno odlican telefon, sa Hyper Os radi fantasticno, kada se malo podesi sve kako treba baterija veoma dobro drzi, kamere fantasticne nocni mod narocito, testirao sve, brzo punjenje vrh, super, za oko 320-350e za koliko se vec moze naci extra kupovina.",2,Dužina (>=15 reči)
682,https://mobilnisvet.com/mobilni-komentari/l7m/Samsung/Galaxy-S23-Ultra/15,Samsung,Samsung Galaxy S23 Ultra,Mirko,2024-04-05 23:27:00,"Pitanje u vezi sa pretazivacem i otvaranjem stranica preko Google Chrome...meni se cini da baguje?nekad nece stranicu da otvori, nekad jako sporo otvara.. vama?",2,Dužina (>=15 reči)
683,https://mobilnisvet.com/mobilni-komentari/8233/Samsung/Galaxy-S21+-5G/4,Samsung,Samsung Galaxy S21+ 5G,David,2021-12-01 13:36:00,"Koristim trenutno S10e , super telefon ali baterija 3100 mHa i jako brzo ode. Planirao sam da predjem.ma s21+ recite mi da li izdrzi ceo dan bar i koliko u proseku traje baterija ?",5,"Dužina (>=15 reči), Suprotni veznici"
684,https://mobilnisvet.com/mobilni/chk/Samsung/Galaxy-A15-8GB-256GB,Samsung,Samsung Galaxy A15,Verica,2025-02-14 15:28:00,"Neazurirane cene, neazurirana ponuda. Telefon oglasen 125 E je u radnji oko 180 E.",0,
685,https://mobilnisvet.com/mobilni-komentari/gz0/Honor/Magic5-Pro/14,Honor,Honor Magic5 Pro,Ogi,2023-05-06 09:36:00,"Koristio sam P30pro i naručio u A1 Mate 50pro,čekao sam preko dve nedelje i nikako da stigne(nema ga na stanju) . Posle dve nedelje vidim ovaj preorder za Honor + sat i odem u A1 i poručim njega. Stigao mi je na veliko iznenađenje posle dva dana iako su rekli da će biti posle 4.maja. Posle nedelju dana korišćenja mogu reći da sam prezadovoljan, Honor je napravio odličan uređaj! Telefon leti u radu (12Gb + 5Gb ram), kamera je odlična slike su super, sa videom nisam stigao još da eksperimentišem. Baterija je takođe odlična bio sam u šumi 31. od 8h I 1. Do 18h i i izdržao je dok nisam stigao do kuće. Uz slikanje, uključen blutut zbog sata i povremeno čačkanje društvenih mreža. Najviše sam zadovoljan sa ekranom, rezolucija i boje odlično, osvetljenost takođe. To su neki utisci posle nedelju dana, dostojan je naslednik mašine P30pro.",10,"Dužina (>=15 reči), Suprotni veznici, Negacija, Specifikacija, Motiv kupovine"
686,https://mobilnisvet.com/mobilni-komentari/87f/Xiaomi/Redmi-Note-12S/2,Xiaomi,Xiaomi Redmi Note 12S,Mica,2023-08-30 13:11:00,"Da li na ovom telefonu( redmi note 12S)je moguce instalirayi led informacionu lampicu koja  prikazuje ne procitane pozivre a koja se nalazi prednjoj strani yelefona o to kada je zatvoren,",4,"Dužina (>=15 reči), Negacija"
687,https://mobilnisvet.com/mobilni-komentari/7651/Apple/iPhone-SE-(2020)/12,Apple,Apple iPhone SE (2020),Red,2020-08-03 06:49:00,"Ali test telefona je prva liga, nije prvi put da ovaj apple mrzitelj istrese kofu gov...na iphone. Stvarno ste mogli iole objektivniji prikaz da odnekud prilozite jer ovo je tragikomicno. Niko mu nije kriv sto su se tamo u Rusiji stisli za marketing pa im se za Yotafon nije culo dalje od predgradja Moskve.",7,"Dužina (>=15 reči), Suprotni veznici, Negacija"
688,https://mobilnisvet.com/mobilni-komentari/8007/Samsung/Galaxy-S20-FE/9,Samsung,Samsung Galaxy S20 FE,Don Kora,2020-12-11 11:06:00,"Telefon je fenomenalan i vidi se odma da je premium. Veoma je lagan, ali je dosta velik pa treba vremena da se  navikne, pogotovo ako se dolazi sa manjeg telefona. Baterija bez problema izdrzi jedan dan sa normalnom upotrebom Internet, word, exel, fejs, instagram, kamera malo jutjub... Ovi sto govore da je baterija katastrofa nemaju telefon sto posto! Nego su gledali zaludjenike sa jutjuba. Kamera je odlicna, video je vrhunskog kvaliteta, dok je fotografija kompjuterski obradjena i odma se primeti to, sto je mala mana po meni. Telefon jeste izradjen od plastike ali po meni to je ok i nesmanjuje izgled premium telefona. Baterija se napuni preko klasicnog punjaca 15w sto dolazi u paketu od 0 do 100 posto za 1 sat i 15minuta.  Zvucnici su odlicni. Sve u svemu mnogo dobar telefon gde cete imati 3 godine softverske podrske, telefon ima sertifikat IP68, bezicno punjenje i sa adapterom za HDMI, Usb, moze da zameni laptop za obicnog korisnika.",9,"Dužina (>=15 reči), Suprotni veznici, Negacija, Specifikacija"
689,https://mobilnisvet.com/mobilni-komentari/9293/Xiaomi/11T-Pro/2,Xiaomi,Xiaomi 11T Pro,Milos,2023-08-11 06:34:00,Da li je moguće da je ovoliko spor otisak prsta na ovom telefonu?,0,
690,https://mobilnisvet.com/mobilni-komentari/8448/Samsung/Galaxy-A72/8,Samsung,Samsung Galaxy A72,Marko,2021-03-29 10:54:00,Da li vredi uzeti ovaj telefon za ove pare????,0,
691,https://mobilnisvet.com/mobilni-komentari/7xf/Huawei/P60-Pro/2,Huawei,Huawei P60 Pro,Marko,2024-11-28 14:47:00,Da li vredi uzeti ovaj telefon ili Pura 70 pro? Cenovno nije velika razlika po oglasima.,4,"Dužina (>=15 reči), Negacija"
692,https://mobilnisvet.com/mobilni/9569/Xiaomi/12-12GB-256GB,Xiaomi,Xiaomi 12,Sisa,2025-04-16 08:42:00,"Nisam htio odmah da pišem po preuzimanju HO2, ali evo sad posle mijesec i nešto da napišem i kažem da je ovo sad mnogo bolji telefon. Proxymiti sada radi bez greške, sve je nekako mnogo fluidnije i stabilnije iako ni prije nije bio loš uopšte ali sad je top. Samo ta baterija zaista nije dovoljna, jedva 4 sata SoT,jest da mi je većina stvari uključena ali ipak mislim da je to malo iako je mali telefon i kompaktan",7,"Dužina (>=15 reči), Suprotni veznici, Negacija"
693,https://mobilnisvet.com/mobilni-komentari/mgt/Samsung/Galaxy-A54/18,Samsung,Samsung Galaxy A54,Marko,2023-08-19 22:11:00,"Koristio sam 4 godine a20e, kupio a54, potpuno nezadovoljan, na granici da li da ga zadrzim...pretezak, glomazan, plus se greje...baterija je dobra, ali brate, telefon drzim u ruci 4,5 sati, stvarno necu cigle. Nekako je i tezak i sirok, kao cigla...ne kazem, ove ultre, plusevi od s23,22, 21...su izgleda jos teze, ali ja nisam iz ye price. Znaci samsung nema vise telefon srednje kategorije, a da nije glomazan. Neka me neko ispravi, s23 je jedini pristojnih dimenzija, al on nije srednja klasa i kosta skoro 1000e.",10,"Dužina (>=15 reči), Suprotni veznici, Negacija, Sleng, Motiv kupovine"
694,https://mobilnisvet.com/mobilni-komentari/7651/Apple/iPhone-SE-(2020)/4,Apple,Apple iPhone SE (2020),jabucar,2022-01-09 23:21:00,"Planiram da kupim ovaj telefon. Koliko vidim na jutjub otpakivanjima, u kutiji ne stize punjac ali dolazi usb-c - lightning kabl. Da li mogu sa tim kablom da povezem hamin 20W punjac koji ima usb-c ulaz za kabl, i kojom brzinom bi se ajfon punio? Da li je takvo punjenje bez stete za telefon?",9,"Dužina (>=15 reči), Suprotni veznici, Negacija, Specifikacija"
695,https://mobilnisvet.com/mobilni-komentari/7432/Samsung/Galaxy-S20+/2,Samsung,Samsung Galaxy S20+,Nenad,2021-09-14 12:51:00,"Mogu da biram izmedju S20+ i A72.Nije bitna razlika u ceni već koji je bolji a gledajući... Bitno mi je trajanje baterije. Ne igram igrice, slikanje,browser i malo poziva i youtube. Dosta boravka u prirodi te zato dugotrajnost baterije.",4,"Dužina (>=15 reči), Negacija"
696,https://mobilnisvet.com/mobilni-komentari/dd4/Honor/Magic6-Lite/7,Honor,Honor Magic6 Lite,Zoki,2024-06-26 20:40:00,Kod Yettela zeza SMSC u podesavanju poruka ne moze da se podesi bez onog dodatnog broja 145 u servisnom centru treba da bude samo +381100100 a oni su dodali i 145 e to zeza da VoLTE ne funkcionise dobro,4,"Dužina (>=15 reči), Negacija"
697,https://mobilnisvet.com/mobilni-komentari/9835/Samsung/Galaxy-A33-5G/4,Samsung,Samsung Galaxy A33 5G,Ana,2022-06-17 23:50:00,"Gubi i mrezu, nisam zadovoljna",0,
698,https://mobilnisvet.com/mobilni-komentari/9654/Samsung/Galaxy-S22-Ultra-5G/2,Samsung,Samsung Galaxy S22 Ultra 5G,Zoran 023,2024-10-14 01:52:00,"Pozdrav da li je neko imao slican problem? Primetio sam da su mi na s22 ultra 256gb slike malo izduzene izopacene - odnosno  neki detalji izduzeni dosta dodju naspram tela - naime fokus i detalji su dobri ali kad pogledam npr sliku gde stojim - sve je okej dok ne pogledam dole u patike - cipele ispadne kao da nosim 52 broj a ne 42 - ili kad je grupna slika sve nekako rasiri nekad ... bas razocaravajuce... ne znam kako je moguce da se napravi takav propust a ""klasa od telefona"" ... susrecem se prvi put sa ovakvim fotografijama...",9,"Dužina (>=15 reči), Suprotni veznici, Negacija, Specifikacija"
699,https://mobilnisvet.com/mobilni-komentari/8714/Honor/50/7,Honor,Honor 50,Tina,2022-03-02 13:25:00,Da li jos neko ima problem sa malom brzim praznjenjem baterije?,0,
700,https://mobilnisvet.com/mobilni-komentari/mgt/Samsung/Galaxy-A54/27,Samsung,Samsung Galaxy A54,Miljan,2023-04-23 20:55:00,Samsung A54 ili Samsung A34?,0,
701,https://mobilnisvet.com/mobilni-komentari/mgt/Samsung/Galaxy-A54/6,Samsung,Samsung Galaxy A54,Vucic,2024-03-23 14:16:00,Usao sam na s24 ultra sekciju komentara. Ono sto vam mogu reci je da smo mi sa A serijom gospoda za ono tamo.,2,Dužina (>=15 reči)
702,https://mobilnisvet.com/mobilni/4qv/Apple/iPhone-15-Pro-Max-8GB-1TB-1x-SIM-1x-eSIM,Apple,Apple iPhone 15 Pro Max,Kivi,2025-05-25 18:45:00,"Da li kupiti iPhone 15 Pro Max 512gb ili iPhone 16 Pro 256gb? Koliko sam video razlike su da 15pro max je starija serija,jedna od kamera je 12mpix i veća baterija kod 15-tice,dok specifikacije u korist 16pro su novija serija,kamere..telefon se kupuje kao poklon bliskoj osobi koja nije koristili iPhone, a voli lepe fotke i snimke.za koji telefon se odlučiti ? Takodje , 15 pro je u istom cenovnik rangu sa 15pro max tako on otpada",11,"Dužina (>=15 reči), Suprotni veznici, Negacija, Specifikacija, Sleng"
703,https://mobilnisvet.com/mobilni/kvj/Samsung/Galaxy-S25-FE-8GB-512GB-1x-SIM-1x-eSIM,Samsung,Samsung Galaxy S25 FE,Maja,2026-05-27 20:53:00,"Update uništio bateriju, treba ih tužiti za ovo!!!",0,
704,https://mobilnisvet.com/mobilni-komentari/8389/Xiaomi/Redmi-Note-10-Pro/27,Xiaomi,Xiaomi Redmi Note 10 Pro,Taća,2021-09-08 11:30:00,"Imam ovaj telefon vec par dana i okej je zadovoljna sam, sve radi, ne fali mu nista. Samo ne mogu da nadjem nigde u podesavanjima, ne znam da li uopste i postoji da kada kuckate sms sa nekom osobom dodate pozadinu na vasu konverzaciju neku vasu sliku ili tako nesto.. Isto vazi i za sliku kontakata..",4,"Dužina (>=15 reči), Negacija"
705,https://mobilnisvet.com/mobilni-komentari/l7m/Samsung/Galaxy-S23-Ultra/40,Samsung,Samsung Galaxy S23 Ultra,Marko Šekarić,2023-02-17 10:15:00,Bih da poručim iz Amerike s23 ultra.... Zna li neko moze li da se koristi kod nas ??? .. i koja je suštinska razlika?,2,Dužina (>=15 reči)
706,https://mobilnisvet.com/mobilni-komentari/9260/Apple/iPhone-13/15,Apple,Apple iPhone 13,Brzina,2022-02-28 19:56:00,"Da li imate problem sa kamerom? Meni kao da secka kamera ali ne znam zbog cega,i u obicnom kamera modu ali i u videu u 4k 60fps?",10,"Dužina (>=15 reči), Suprotni veznici, Negacija, Sleng, Motiv kupovine"
707,https://mobilnisvet.com/mobilni/3zv/Xiaomi/Redmi-15-4G-8GB-256GB-2x-SIM,Xiaomi,Xiaomi Redmi 15 4G,Dusko,2026-07-27 00:36:00,Spor telefon nisam sporiji video od 15c telefona,0,
708,https://mobilnisvet.com/mobilni-komentari/8055/Apple/iPhone-12/11,Apple,Apple iPhone 12,Nikola,2020-11-07 21:42:00,"Pozdrav, evo ja sam danas uzeo telefon iphone12, do sada sam koristio samo samsung sve do s9 a supruga ima s20  i kontao sam da je sve to manje više isto, pa sam se odličio za iphone. i moram reci da sam prijatno iznenadjen. Telefon radi super i nije toliko komplikovan kao sto sam mislio da će biti posto sam prešao na drugu platformu. Sve u svemu ja sam zadovoljan pozdrav",5,"Dužina (>=15 reči), Negacija, Motiv kupovine"
709,https://mobilnisvet.com/mobilni-komentari/8389/Xiaomi/Redmi-Note-10-Pro/3,Xiaomi,Xiaomi Redmi Note 10 Pro,Bosanac,2023-11-09 13:37:00,Upravo stiglo azuriranje na EU verziju,0,
710,https://mobilnisvet.com/mobilni-komentari/qqy/Xiaomi/13T/6,Xiaomi,Xiaomi 13T,Ćaomi user,2023-10-18 02:46:00,"Uzeh ga u pretprodaju, model sa plavim koznim ledjima. Prva 2 dana baterija ocajna, sad se optimizovala, i posle 7 dana , non stop 4-5g, automatsko osvjetljenje, tik tik, yt, kamera, pozivi, korištenje u fullu, skinem ga sa punjaca ujutro u 9, uveče u 23h imam laganih 30% baterije, ja sam prezadovoljan. Kamera vise nego odlicna, cak i po noci, i fotke i video. Selfi kamera je dobra, ali nista spec.",7,"Dužina (>=15 reči), Suprotni veznici, Sleng"
711,https://mobilnisvet.com/mobilni-komentari/rhw/Samsung/Galaxy-A34/5,Samsung,Samsung Galaxy A34,Djordje Blagojevic,2023-12-03 20:46:00,"Pozdrav svima, uzivanje je citati vase misljenja, savete, predloge.... evo da I ja glasno razmisljam I pitam. Odlucio sam da uzmem A34 8/256 (najvise zahvaljujuci Borisu) ali pri promeni operatera stari operater je ponudio bolje uslove/paket da me zadrze a ponudise I telefon.... A34 6/128 ili A54 8/128. Cena je slicna platio za kes, a ovo je na 2 godine. Cak sam razmisljao da prodam A54 I uzmem A34 8/256..... molim za vasa misljenja oko ovog dvoumljenja tj troumljenja ili da ne tupim i uzmem A54. Hvala unapred",8,"Dužina (>=15 reči), Suprotni veznici, Negacija, Motiv kupovine"
712,https://mobilnisvet.com/mobilni/5n2/Samsung/Galaxy-S24+-12GB-512GB-1x-SIM-1x-eSIM,Samsung,Samsung Galaxy S24+,ste,2025-10-12 07:58:00,"Ljudi skoro sam uzeo ovaj telefon, bukvalno pre nedelju dana, namestio ga i stigao je ovaj oneui 8 i android 16 (nije bilo opcije da se odbije, krenuo je da skida update i sve)",5,"Dužina (>=15 reči), Negacija, Motiv kupovine"
713,https://mobilnisvet.com/mobilni-komentari/pt4qv/Apple/iPhone-14-Pro-Max/3,Apple,Apple iPhone 14 Pro Max,S23 Ultra 256gb,2023-10-13 19:04:00,"Razmisljam da zamenim S23 Ultru za Iphone 14 Pro Max,da li se isplati ?:)",0,
714,https://mobilnisvet.com/mobilni/trxcj/Samsung/Galaxy-Z-Flip4-256GB,Samsung,Samsung Galaxy Z Flip4,Magdalena,2023-08-21 16:10:00,"Da li je neko možda menjao zaštitnu foliju u servisu, meni su iz ProMobi servisa napisali da je prva zamena folije besplatna ukoliko je uredjaj u garanciji proizvodjaca, ja samo nisam sigurna jel jeste ako je kupljen u A1 prodavnici?",2,Dužina (>=15 reči)
715,https://mobilnisvet.com/mobilni-komentari/8448/Samsung/Galaxy-A72/2,Samsung,Samsung Galaxy A72,Mladen,2022-06-02 09:22:00,"Zdravo, koji telefon izabrati izmedju S20 Fe, A52s i A72?",0,
716,https://mobilnisvet.com/mobilni-komentari/9573/Samsung/Galaxy-S21-FE-5G/18,Samsung,Samsung Galaxy S21 FE 5G,Zeljko,2022-07-31 16:01:00,Da li u pakovanju stvarno nema punjaca? Koji punjac odgovara?,2,Negacija
717,https://mobilnisvet.com/mobilni-komentari/8436/Samsung/Galaxy-A52/3,Samsung,Samsung Galaxy A52,nenad,2022-06-12 09:32:00,"Nakon tačno godinu dana A52, 6/128 GB, telefon je fenomenalan za nas obične korisnike. Kamera danju perfektna, noću onako, ali daleko od lošeg. Video klipovi su super. Ne secka, ne koči i ima normalnu brzinu rada .  ( kome smeta sekunda za neku igricu, neka da 500evra više ).  Baterija izgura oko 2 dana normalnog korišćenja, tj oko 5h ekrana za 2 dana ( browswr, insta, FB...)",11,"Dužina (>=15 reči), Suprotni veznici, Negacija, Specifikacija, Sleng"
718,https://mobilnisvet.com/mobilni-komentari/l7m/Samsung/Galaxy-S23-Ultra/21,Samsung,Samsung Galaxy S23 Ultra,Aca,2024-01-07 13:56:00,Dali se isplati prelaziti sa s21 ultre na s23 ultru posto ga koristim vec duze vreme i zadovoljan sam snjim pa pitam da se ne zeznem posto vidim kometare da je kamera losa itd,4,"Dužina (>=15 reči), Negacija"
719,https://mobilnisvet.com/mobilni-komentari/9638/Samsung/Galaxy-S22-5G/6,Samsung,Samsung Galaxy S22 5G,C180,2023-05-27 01:00:00,"Pred ovim tel,imao Iphone 12 ..",0,
720,https://mobilnisvet.com/mobilni-komentari/9272/Apple/iPhone-13-Pro/5,Apple,Apple iPhone 13 Pro,Rok,2022-10-26 18:26:00,Star 3meseca i smako na 99h bateriju ne igram igrice koristim normalno tel i imam org punjač dali je to ok?,4,"Dužina (>=15 reči), Negacija"
721,https://mobilnisvet.com/mobilni-komentari/87w/Honor/400-Pro-12GB-256GB-1x-SIM-1x-eSIM/2,Honor,Honor 400 Pro,H400,2026-05-19 22:46:00,"Pozz. Da li vam Caller ID (Viberova opcija) radi? Meni nekad radi, nekad ne a nekad baguje. Ima li neko isti problem ili možda rešenje?",4,"Dužina (>=15 reči), Negacija"
722,https://mobilnisvet.com/mobilni/g4v/Xiaomi/14T-Pro-12GB-1TB-2x-SIM,Xiaomi,Xiaomi 14T Pro,neo,2026-04-21 09:04:00,"Evo, konacno sam upeo da 'zakljucam' screen refresh rate na, iskljucivo, 90Hz na HOS3.0. Potrebno je da imate instalirane ADB i FastBoot komande, da dozvolite Developer opcije i u njima da odobrite USB Debugging i USB Debugging (security settings). Kada povezete Vas telefon na USB, prvo otvoride Command Prompt (na PCu) kao Adm*nistrator i navedite ga na folder sa ADBom, potom kucate i izvrsavate komandu 'adb devices' dok vam ekran telefona ne iznedri da stiklirate Vas device i na ekranu CMDa ne dobijete poruku 'xxxxxx device' sto znaci da je ADB odobren i prihvacen od sistema telefona. Sledece je kucanje i izvrsavanje ove 3 komande 'adb shell settings put system peak_refresh_rate 90' pa 'adb shell settings put secure miui_refresh_rate 90' i 'adb shell settings put secure user_refresh_rate 90' i tu je kraj! Ekran je zakucao frekvenciju osvezavanja na 90Hz. Po zelji, mozete promeniti vrednost 90 na Vama potrenu i to je to! U developer opcijama mozete odobriti opciju Show refresh rate i u gornjem desnom uglu bice Vam ipisan, zelenom bojom, Vas nivo osvezavanja ekrana (kod mene je to non-stop 90Hz sto sam i zeleo). Ne znam sta bi se desilo kada bi se restartovao sistem (ni ne zelim da znam) ali mislim da se ove komande prilikom apdejta poniste i da ih treba ponovo ukucati (mozda i kada se restartuje fon).",9,"Dužina (>=15 reči), Suprotni veznici, Negacija, Specifikacija"
723,https://mobilnisvet.com/mobilni/9699/Samsung/Galaxy-A03-Dual-SIM,Samsung,Samsung Galaxy A03,Milica,2023-11-03 16:23:00,"Imam ovaj telefon nekoliko meseci. Razmisljam da uzmem iPhone 11, koji je bolji Samsung a03 ili iPhone 11?",2,Dužina (>=15 reči)
724,https://mobilnisvet.com/mobilni-komentari/fbd/Honor/X8a/2,Honor,Honor X8a,Ena,2023-11-28 01:00:00,"Četiri dana imam Honor x8a i već dva puta mi briše sve slike iz galerije. To mi se dešavalo na Huawei telefonu i zato sam kupila novi telefon, ali i na njemu ista priča. Zna li neko o čemu se radi? Da li da ga reklamiram?",5,"Dužina (>=15 reči), Suprotni veznici"
725,https://mobilnisvet.com/mobilni-komentari/8055/Apple/iPhone-12/7,Apple,Apple iPhone 12,milan,2021-09-16 22:31:00,"Malo vise od dva meseca imam tel i nije mi jasno o kakvom pregrevanju grejanu se radi. Verzija sa 128gb. Baterija je dobra, ekran naravno nema sta da stucne tel leti. Ekstra su fotke i video, tacno je da se javlja lens flare pri jacem osvetljenju kad se slika, javljao se i na 7ici koju sam posedovao pre par godina. Izmedju te 7 ice i ove 12 sam koristio note 9 i s10 lite i mislim da se na nima nije javljao lens flare ali opet ne kvari mi to utisak o kameri i ako tel ove cene ne ne bi smeo imati bilo sta za zameriti",11,"Dužina (>=15 reči), Suprotni veznici, Negacija, Specifikacija, Sleng"
726,https://mobilnisvet.com/mobilni-komentari/7369/Samsung/Galaxy-S10-Lite/3,Samsung,Samsung Galaxy S10 Lite,Srdjan,2020-06-04 06:07:00,"Molim za savet. Da li da uzmem s10 plus ili lite? Najvise se dvoumim zbog procesora, zvucnika i kompletnog izgleda tel. Hvala",3,"Dužina (>=15 reči), Motiv kupovine"
727,https://mobilnisvet.com/mobilni-komentari/l7m/Samsung/Galaxy-S23-Ultra/38,Samsung,Samsung Galaxy S23 Ultra,Nemke,2023-04-21 21:35:00,S23 ultra ili 14 Promax?,0,
728,https://mobilnisvet.com/mobilni/sw0/Honor/600-Lite-8GB-256GB-2x-SIM,Honor,Honor 600 Lite,Rudi,2026-04-18 14:30:00,Kupljen 10.04.2026. Prezadovoljan!,0,
729,https://mobilnisvet.com/mobilni/tkw/Honor/600-8GB-256GB-1x-SIM-1x-eSIM,Honor,Honor 600,d,2026-07-02 13:21:00,Sumnjam da bi primetio razliku izmedju ufs 3.1 i 4.1,0,
730,https://mobilnisvet.com/mobilni-komentari/qy8/Xiaomi/15-12GB-256GB-2x-SIM/4,Xiaomi,Xiaomi 15,Igor,2025-06-24 09:44:00,"Desava mi se jedna neverovatna stvar koja niposto ne bi smela. Ukljucim rucno rezim ne uznemiravaj,samo omiljeni kontakti mogu da ga prekinu,tako je namesteno. A desava se da sva obavestenja sa vibera prolaze sa zvukom. Sta se desava ima li neko ideju?",4,"Dužina (>=15 reči), Negacija"
731,https://mobilnisvet.com/mobilni-komentari/blm/Honor/Magic5-Lite/17,Honor,Honor Magic5 Lite,xxx,2023-03-21 08:34:00,"Ljudi ako vam se sviđa ovaj telefon vi ga kupite i nemojte ovde slušati pojedince koji sve najgore pričaju o ovom telefonu a u stvari pojma nemaju. Takvi ljudi obično do podne mrze sebe a od podne ceo svet. Prvo su pričali kako ovaj telefon ima  𝐞𝐌𝐌𝐂 𝟓.𝟏 što nije tačno već ima 𝐔𝐅𝐒 𝟐.𝟐, pa su pričali kako je snapdragon 𝟔𝟗𝟓 veoma slab procesor a u stvari je jači od snapdragona 𝟕𝟓𝟎𝐆 a to možete pogledati i ovde",4,"Dužina (>=15 reči), Negacija"
732,https://mobilnisvet.com/mobilni-komentari/7651/Apple/iPhone-SE-(2020)/3,Apple,Apple iPhone SE (2020),Goran,2022-03-09 19:51:00,Kada bi Samsung ili Sony izbacili ovako nesto ne bi bila bomba nego bombetina!!!,2,Negacija
733,https://mobilnisvet.com/mobilni/6n9/Xiaomi/Redmi-Note-13-Pro-4G-8GB-512GB-2x-SIM,Xiaomi,Xiaomi Redmi Note 13 Pro 4G,Luka,2025-05-11 17:47:00,"Kamera kao 200MP bolje da slikam tosterom nego sa ovim telefonom, kad gledam instagram reels-ove sve baguje isto i za tik tok, o bateriji ni da ne pricam od 8h do 15h ostanem na 25% i to samo dok sam u skoli dok ga ne koristim. Ekran ima senzor za sunce pa se aktivira neki mod za bolju vidljivost i to je ok jedino sve ostalo za bacanje..",9,"Dužina (>=15 reči), Suprotni veznici, Negacija, Specifikacija"
734,https://mobilnisvet.com/mobilni-komentari/9266/Apple/iPhone-13-mini/3,Apple,Apple iPhone 13 mini,Zox,2023-03-21 20:38:00,"Uzeo tel.pre neki dan utisci uglavnom negativni...svetle tacke bih izdvojio odlicne dimenzije i dobru kameru pogotovo snimke koji su extra...e sad idu stavke koje su me razocarale:baterija,zvuk,ekran,prijem signala i wifi signal katastrofa,gde drugu telefoni hvataju signal bez problema ovaj se muci sa jednom crtom ili uopste i nema signal a za wifi je posebna prica treba ga po nekoliko puta ukljuc.iskljuc.dok se poveze mislim stvarno bzv.i glupo ostaje zal za bacene pare tel.kupljen nov kod operatera.",8,"Dužina (>=15 reči), Suprotni veznici, Negacija, Motiv kupovine"
735,https://mobilnisvet.com/mobilni-komentari/9847/Samsung/Galaxy-A73-5G/3,Samsung,Samsung Galaxy A73 5G,Bojan,2022-07-27 04:58:00,Da li se isplati kupovina Samsung a73 telefona?,0,
736,https://mobilnisvet.com/mobilni-komentari/8227/Samsung/Galaxy-S21-5G/4,Samsung,Samsung Galaxy S21 5G,Dare,2022-02-24 10:04:00,Koliki vam je prosečan SOT na ovom telefonu?,0,
737,https://mobilnisvet.com/mobilni-komentari/xnjcm/Xiaomi/Redmi-Note-12-Pro/4,Xiaomi,Xiaomi Redmi Note 12 Pro,srki,2023-12-10 00:44:00,"kanta kao svaka redmi serija,ne znam odakle da pocnem,dva meseca radio da kazes ok,i onda na baguje ne moze da otvori odredjene stranice,ekran se ne gasi kad treba poziv,jedina svetla tacka je kamera al dzabe,kad ostalo manje vise radi,baterija ne bas naj bolja,odavno je ova je redmi serija prestala da biva best bay",9,"Dužina (>=15 reči), Suprotni veznici, Negacija, Sleng"
738,https://mobilnisvet.com/mobilni-komentari/8389/Xiaomi/Redmi-Note-10-Pro/6,Xiaomi,Xiaomi Redmi Note 10 Pro,uki,2023-04-02 16:04:00,nisam trebao azurirati tel.izvadi iz kutije i koristi i nebi bili nikakvih problema.,0,
739,https://mobilnisvet.com/mobilni-komentari/76d/Xiaomi/13T-Pro/2,Xiaomi,Xiaomi 13T Pro,Ivan_CG,2024-07-03 06:02:00,"Definitivno ne vrijedi koristit ovaj punjač od 120w (a to mi je bio glavni razlog zašto sam kupio 13t Pro jer sam lagan korisnik i nisam zahtjevan, treba mi za surf, youtube i flashscore, a to je sve mogao da mi obezbijedi znatno jeftiniji telefon od ovog). Dakle punjenje je solidno brzo (mada ne za 19 minuta kako fabrika tvrdi, ali jeste za jedno 25 min otprilike), ali se zagrijava telefon nenormalno zbog jakog punjenja..  Zato fino koristim stari jedan punjač od Mi Note 10s  koji je snage 33w i zadovoljan sam. Dopunjavam po nekoliko puta dnevno jer se prilično brzo troši baterija. Ostalo sve super kod telefona. Ne koči, ne baguje, radi fino.",10,"Dužina (>=15 reči), Suprotni veznici, Negacija, Specifikacija, Motiv kupovine"
740,https://mobilnisvet.com/mobilni/sgpzy/Xiaomi/Redmi-Note-12-5G-4GB-128GB-2x-SIM,Xiaomi,Xiaomi Redmi Note 12 5G,Somi,2023-11-10 01:04:00,Kupio brat telefon (8+256gb). Za sad sve radi brzo i fluidno bez bagova. Glavni plus mu je lep veliki oled ekran sa 120hz. Plastican je ceo mob sto je dobro jer je lagan za tu velicinu. Jedina slabij tacka za sad mu je kamera ali je i ona prihvatljiva za tu cenu.  preporuka za telefon od mene,10,"Dužina (>=15 reči), Suprotni veznici, Negacija, Specifikacija, Motiv kupovine"
741,https://mobilnisvet.com/mobilni-komentari/9288/Xiaomi/11-Lite-5G-NE/4,Xiaomi,Xiaomi 11 Lite 5G NE,eSim,2021-12-31 17:00:00,Nijedan njihov model nema eSim.,2,Negacija
742,https://mobilnisvet.com/mobilni-komentari/l7m/Samsung/Galaxy-S23-Ultra/26,Samsung,Samsung Galaxy S23 Ultra,Danijela,2023-10-20 09:57:00,"Cao ljudi, imam jedno pitanje. Molim vas za pomoc/savet, ako moze. Uzela sam prekjuce u Mts-u ovaj telefon na ugovor, 256gb. To mi je sasvim dovoljno, nije mi neophodno 512gb. Ali naravno nisam odmah provalila da ima 8gb rama umesto 12gb, dok ga nisam pokrenula i podesila sve. E sad posto kontam da ne mogu da ga zamenim u mts-u za 12gb (mozda ako platim neku ""kaznu""?), kako se vama koji imate ovaj model od 8gb pokazao u radu? Nema bagova, usporenja i tako toga? Meni izgleda ok za sad. Ne igram neke teske igrice, onako one tipa slagalica i druge tako male. I ne otvaram 20 aplikacija istovrememo, dakle ne bas neki ozbiljan multitasking. Ali brinem se kako ce se pokazati na duze staze, kad budu dolazili update-i samog sistema. Hvala puno na odgovoru. Pozdrav.",10,"Dužina (>=15 reči), Suprotni veznici, Negacija, Specifikacija, Motiv kupovine"
743,https://mobilnisvet.com/mobilni/9571/Xiaomi/12-Pro-256GB,Xiaomi,Xiaomi 12 Pro,Zlatko,2025-01-26 14:06:00,Stauzeti: Xiaomi 12 Pro ili Huavei Mate 50 Pro?,0,
744,https://mobilnisvet.com/mobilni-komentari/sgpzy/Xiaomi/Redmi-Note-12-5G-4GB-128GB-2x-SIM/2,Xiaomi,Xiaomi Redmi Note 12 5G,Aca,2023-09-14 18:28:00,Uzo sam note 12 od 8g-256g kao zamenski za poko x3 pro jer u A1 deje uzet televon nisu uspeli da ga poprave pa sam uzo ovaj note na kontu njega i dobar je ali ovaj sa najacom verzijom 8g -256g moja preporuka. Jer ova verzija tek izasla,5,"Dužina (>=15 reči), Suprotni veznici"
745,https://mobilnisvet.com/mobilni-komentari/l7m/Samsung/Galaxy-S23-Ultra/14,Samsung,Samsung Galaxy S23 Ultra,Marko,2024-05-04 12:03:00,"Definitivno najveca mana ovog telefona...losa izrada kucista,boja ili lak sta je vec  se bas lako guli cak i kad imas zastitu",2,Dužina (>=15 reči)
746,https://mobilnisvet.com/mobilni/9848/Samsung/Galaxy-A73-5G-8GB,Samsung,Samsung Galaxy A73 5G,Nikola,2024-04-20 23:22:00,Da li Vam se desava da se na Androidu 14 bluetooth sam ukljucuje?,0,
747,https://mobilnisvet.com/mobilni-komentari/9266/Apple/iPhone-13-mini/2,Apple,Apple iPhone 13 mini,ivan,2023-08-03 19:32:00,da li je ovaj model apple i dalje trazen s obzirom na novije modele?,0,
748,https://mobilnisvet.com/mobilni-komentari/f2p/Samsung/Galaxy-S23-FE/2,Samsung,Samsung Galaxy S23 FE,Sanja,2024-05-15 16:18:00,"Trenutno koristim S21fe nešto više od dve godine i još uvek je odličan. Razmišljam o S23fe, ali bih uzela možda samo zbog bolje kamere jer mi treba za dobre fotke. Da li se baš vidi ta razlika u kvalitetu fotografija? Može i neka preporuka za neki drugi samsung sa dobrom kamerom. Muž ima S22 ultra i razmišljam da uzmem njegov kada on sada bude menjao tel, ako ne nađem neki za sebe koji mi odgovara.",10,"Dužina (>=15 reči), Suprotni veznici, Negacija, Sleng, Motiv kupovine"
749,https://mobilnisvet.com/mobilni/csf/Xiaomi/Redmi-Note-13-Pro+-12GB-2x-SIM,Xiaomi,Xiaomi Redmi Note 13 Pro+,Mario,2026-02-03 15:24:00,"Telefon koridti tačno de godine i nije mi previo problema sve radilo super. Od skoro mi ne radi brzo punjenje,rekao mi lik u servisu da je do kabla?uzeo drugi punjač original 120w i opet puni sporo,ima li neko iskustva sa ovim a ujedno i neki savet? Puni ga punjac ali mu treba bar 3 sata...",10,"Dužina (>=15 reči), Suprotni veznici, Negacija, Specifikacija, Motiv kupovine"
750,https://mobilnisvet.com/mobilni-komentari/5rz/Xiaomi/Redmi-Note-13-Pro-5G/4,Xiaomi,Xiaomi Redmi Note 13 Pro 5G,339,2024-05-12 23:07:00,".. I jos jedna stvar, jer vidimo da se korisnici zale na konekciju, ako nece mob poodaci kako treba ( ili ako je presporo), manuelno se upise APN-prepise, ugasi upali uredjaj i to je to.. isto 3 minuta posla. Inace ove stvari su na Xiaomi uredjajima tj softveru sastavni deo vec najmanje 4+ godine.. Ako nisu do sada to iskljucili (zbog zarade), nece ni od sada, ali bar je ostavljena opcija da korisnik iskljuci sam i podesi",6,"Dužina (>=15 reči), Suprotni veznici, Motiv kupovine"
751,https://mobilnisvet.com/mobilni/wfp/Xiaomi/Redmi-13-4G-8GB-128GB-2x-SIM,Xiaomi,Xiaomi Redmi 13 4G,Katarina,2026-03-20 10:51:00,"Zdravo, molim vas za objasnjenje. Kupili smo pre godinu dana ovo cudo detetu i vidim da mu koci telefon  bilo koju aplikaciju da instalira. Kada skroluje/lista meni, sve onako sa zadrskom, kao da zapne, koci, takodje i igrice neke bezveze, nista zahtevno, bole oci koliko secka. Vidim ima dobru memoriju, ne bi trebalo da tako radi. Ista igrica na nekom telefonu od provajdera sa 2gb memorije radi normalno, a ovo bukvalno kao test za zivce! I da, ekran... Blede boje totalno, koliko god da podesavamo, nikako da se pojacaju boje, totalno su sivkasto blede i crvena i plava i zuta i sve druge. E sad, da li je on fabricki takav ili da ipak to reklamiramo posto je jos u garanciji? Hvala",11,"Dužina (>=15 reči), Suprotni veznici, Negacija, Specifikacija, Sleng"
752,https://mobilnisvet.com/mobilni-komentari/8448/Samsung/Galaxy-A72/8,Samsung,Samsung Galaxy A72,Ghost,2021-04-26 00:12:00,Da li je moguće da i kod A72 krcka kućište i uleže kao kod A52 i krči zvučnik? Neverovatno. Ja ću na kraju da kupim A71 onda.,2,Dužina (>=15 reči)
753,https://mobilnisvet.com/mobilni-komentari/mgt/Samsung/Galaxy-A54/19,Samsung,Samsung Galaxy A54,iggy74,2023-08-18 04:30:00,"Pozdrav svima! Evo i mojih utisaka o A54 5G... Uzeo sam ga pre dva meseca u A1, telefon je najkompletniji u svojoj klasi, odlican displej, baterija odlicna(meni izdrzi skoro 2 dana normalnog koriscenja bez igranja igrica), stereo zvucnici koji su skroz ok(jasni i glasni), IP sertifikat, Gorila glass zastita ekrana, ekran odlican, kamere ce zadovoljiti vecinu korisnika. Postoji neko blago zagevanje ali nista vise od vecine drugih telefona. Sve radi brzo i fluidno bez bagova. Procesor Exynos 1380 koga svi nesto kude (ne znam zasto) ispunjava sve zadatke bez problema. Jeste da mu je punjenje samo 25W ali na to smo vec navikli kod samsunga. Po mom misljenju bolji i kompletniji telefon u ovoj klasi tesko da moze da se nadje. imam varijantu 8/128 SM-A546B/DS Made in Vietnam. Pa eto, ako sam nekome pomogao pri eventualnom izboru telefona...drago mi je :)    (pogotovo sto sad moze da se uzme za 310e na oglasima) pozz",10,"Dužina (>=15 reči), Suprotni veznici, Negacija, Specifikacija, Motiv kupovine"
754,https://mobilnisvet.com/mobilni/fmj/Apple/iPhone-16-Pro-8GB-1TB-2x-SIM,Apple,Apple iPhone 16 Pro,Dragi M,2026-07-24 19:59:00,"U zadnje vreme mi se znalo desiti da se na i16 pro, pojavi preko donjeg dela ekrana, jedna bela blanko traka visine 3-4 cm. Dešava se vrlo retko, ali do sada 3 puta. I onda nestane kada izađem iz trenutne aplikacije ili restartujem telefon. Ne predstavlja mi problem jer se vrlo retko dešava.",9,"Dužina (>=15 reči), Suprotni veznici, Negacija, Specifikacija"
755,https://mobilnisvet.com/mobilni/xrj/Samsung/Galaxy-A15-5G-8GB-256GB-2x-SIM,Samsung,Samsung Galaxy A15 5G,Toxin,2024-07-26 13:07:00,Dobar ekran,0,
756,https://mobilnisvet.com/mobilni-komentari/8239/Samsung/Galaxy-S21-Ultra-5G/8,Samsung,Samsung Galaxy S21 Ultra 5G,Pedja20,2021-12-07 13:35:00,Nakon prelaska sa androida 11 na 12 ponovo se vratilo grejanje ne baš toliko izraženo kao pre a taman su bili ispeglali to grejanje na androidu 11.,4,"Dužina (>=15 reči), Negacija"
757,https://mobilnisvet.com/mobilni-komentari/76d/Xiaomi/13T-Pro/5,Xiaomi,Xiaomi 13T Pro,Ivan_CG,2023-10-25 02:09:00,"Drugari, kupio sam 13t Pro. Kad sam stavio tel na punjač pokazalo se 120W . Onda je gore izašlo obavještenje kako se tel puni brzo kad je isključen ekran i stoji opcija boost. Ja kliknem i onda ide 120W MAX. Pustim neko vrijeme i kliknem opet gore stop. Dje sad mogu da nadjem opet to boost jer ta notifikacija ne izlazi više. Gledao sam u settings/battery ali tamo toga nema",10,"Dužina (>=15 reči), Suprotni veznici, Negacija, Specifikacija, Motiv kupovine"
758,https://mobilnisvet.com/mobilni-komentari/mgt/Samsung/Galaxy-A54/28,Samsung,Samsung Galaxy A54,Marko,2023-04-01 18:29:00,"Neko ko koristi telefon, koliko je veliki uživo taj crni okvir oko ekrana i da li upada previše u oči prilikom korišćenja?",2,Dužina (>=15 reči)
759,https://mobilnisvet.com/mobilni-komentari/9573/Samsung/Galaxy-S21-FE-5G/20,Samsung,Samsung Galaxy S21 FE 5G,S21 fe,2022-05-10 15:54:00,"Ocekivao sam da ce baterija biti slaba ali prijatno me iznenadila. 3 dana koriscenja baterija u proseku ide 12% na 1h, vidljivost odprilike 40% i 120hz. S obzirom da ce se prilagoditi mom koriscenju baterija ce biti jos bolja, kamera je vrh nema dileme tu,a punjenje odprilike 1h 10 minuta treba. sve je glatko i brzo, topla preporuka :)",9,"Dužina (>=15 reči), Suprotni veznici, Negacija, Specifikacija"
760,https://mobilnisvet.com/mobilni/87w/Honor/400-Pro-12GB-256GB-1x-SIM-1x-eSIM,Honor,Honor 400 Pro,Sasa,2026-06-30 21:22:00,"Pala mu cena, i ponovo skocila",0,
761,https://mobilnisvet.com/mobilni-komentari/gwmgy/Xiaomi/12T-Pro/4,Xiaomi,Xiaomi 12T Pro,Marjan,2023-04-02 11:15:00,"E, ovako.telefon sam kupio u preorderu ,oktobra meseca.telefon je ok,ali samo ok...niti je prebrz,niti baguje,kamera mu je prosečna,bez obzira na 200mp...znaci samo prosečna...odziv ekrana neki put hoće čoveka da izbaci iz takta ,tacnije kluknes na opciju a on odreaguje posle recimo 1 sekunde,mozda je to i manje ali činjenica je da ne odreaguje istog momenta.To nije bio slučaj sa 11 t pro koji sam pre toga koristio,pa cak se ne sećam da je tako reagovao i 10 t pro,koji sam koristio pre 11 tice.Ram se često puta desi da koristi i 7gb...jos samo fali da počne da koči i onda je definitivno ćao xiaomi...izrada -pa i nije neka.predhodni modeli si bili sa zadnje strane staklo a ovaj-plastika. Zaštita gorila glass5,serija pre toga victus.a serija pre  gorila glass 6  ,hajde sve i ta zaštita i izrada ali mnogo iritira kada čovek kupi narednu seriju nekog uredjaja u nadi da ce dobiti nešto bolje ,kako bi i trebalo da bude a  ono sem procesora koji je sd8+gen1  i koji za prosecnog pa mozda i malo zahtevnijeg korisnika ne predstavlja nikakvu prednost.",10,"Dužina (>=15 reči), Suprotni veznici, Negacija, Specifikacija, Motiv kupovine"
762,https://mobilnisvet.com/mobilni-komentari/8389/Xiaomi/Redmi-Note-10-Pro/23,Xiaomi,Xiaomi Redmi Note 10 Pro,Mikovan,2021-12-20 04:27:00,"Znali ko kako da na redmi note 10pro isključim sivi ( skoro bez boje) režim rada, uključuje mi se u 22:30 i traje do 7:00? Ne nalazim opciju ni u:Displej ni u Home screen...?",4,"Dužina (>=15 reči), Negacija"
763,https://mobilnisvet.com/mobilni-komentari/8448/Samsung/Galaxy-A72/2,Samsung,Samsung Galaxy A72,Boki,2023-03-14 19:42:00,Pozz svima zanima me vase mišljenje dali da uzmem huawei p30pro 8 256 ili Samsung a72 8 256,2,Dužina (>=15 reči)
764,https://mobilnisvet.com/mobilni-komentari/mgt/Samsung/Galaxy-A54/11,Samsung,Samsung Galaxy A54,Aleksandar,2023-12-09 20:09:00,"Pozdrav,uzeo sam zeni a54 i cesto se desava da je nedostupna kada je zovu,a zatim nakon nekog vremena stignu obavestenja o propustenim pozivima.Signal noramalan.ima li neko taj problem i resenje?užUnapred hvala na odgovoru.",3,"Dužina (>=15 reči), Motiv kupovine"
765,https://mobilnisvet.com/mobilni/q8x/Apple/iPhone-15-6GB-512GB-2x-SIM,Apple,Apple iPhone 15,r,2026-07-14 12:31:00,"kupljen juce za 440e, sa 128gb i 100% bh, kao prinudna zamena za moj stari s22 kome se nadula baterija i koji nije izdrzao ni 2 godine. samsung nije vise bio opcija, xiaomi 15 ili 17 preskupi, a cigle necemo i uzeo sam 15icu kao prvi ajfon. za sada, vidim da su kamera i baterija drasticno bolje, glavna i selfi su bukvalno neuporedivo bolje, siroka je onako al moze da se iskoristi, baterija drzi bas lepo sa prosecnom upotrebom je pao sa 85 na 37 posto sa vise od 4h ukljucenog ekrana, procesor takodje brzi, iako nisam zahtevan korisnik moze da se primeti razlika, iako nije prevelika, i generalno sve deluje bolje, jedino sto ne volim je 60hz ali covek se brzo navikne, a stedi bateriju. Fina kupovina za te pare",10,"Dužina (>=15 reči), Suprotni veznici, Negacija, Specifikacija, Motiv kupovine"
766,https://mobilnisvet.com/mobilni/4pr6v/Xiaomi/13-12GB-256GB,Xiaomi,Xiaomi 13,Goran,2024-11-20 14:42:00,Jel moguće da ovog modela nema u prodaji u Bg?,2,Negacija
767,https://mobilnisvet.com/mobilni-komentari/8233/Samsung/Galaxy-S21+-5G/2,Samsung,Samsung Galaxy S21+ 5G,Sone,2023-10-11 01:34:00,S21+ 8/256 ili sacekati A74 ili neki drugi S u tom cenovnom rangu?,0,
768,https://mobilnisvet.com/mobilni-komentari/l7m/Samsung/Galaxy-S23-Ultra/41,Samsung,Samsung Galaxy S23 Ultra,dm,2023-02-13 09:22:00,"Pozdrav ljudi, telefon je fenomenalan, uzet kod operatera pre 5-6 dana. Kao neko ko menja telefone i ekosisteme na 2god (galaxy s i iphone), izuzetno pozitivno sam iznenadjen! Pre 2god sam sa samsunga presao na 12 pro max, koji sam koristio do pre 3 meseca kada sam presao na 14 pro max. I kako apsolutno nikakvu promenu nisam uocio, osim nesto bolje kamere, odlucio sam da predjem na android. Kada sam odmah nakon izlaska s23 probao uredjaj, odusevio sam se kako odlicno lezi u ruci, mnogo bolje od iphone-a (nikada nisam bio fan ravnih ivica). Sledeca stvar je brzina u svakodnevnom radu, ono sto je uvek vazilo kako je ios miljama daleko, mislim da vise nije slucaj, tek sam sada uocio pravu prednost 120hz jer ovo mi deluje nekako mnogo brze od 14pro (ne mogu da merim niti drugacije da objasnim, samo utisak), tako da dodatna prednost. Procitao sam da je one ui 5.1 dodatno optimizovan, mozda je zbog toga, ali sve radi savrseno. Sledece kamere, meni je zoom gimmick tako da ako nekome treba stvarno jako lepo radi, a kamere daju nesto drugacije slike u odnosu na iphone, ali mislim da su sada na istom nivou kvaliteta. Baterija odlicna, verujem da ce biti jos bolje nakon celih nedelju dana, a punjenje brze. Rad sa satom i slusalicama besprekoran. Ovo su tek prvi dani sa uredjajima i za sada je sve samo za preporuku, buds2 pro, watch 5 (lakse se menjale narukvice na apple watchu, ali ovde za jedno 20% bolja baterija).",10,"Dužina (>=15 reči), Suprotni veznici, Negacija, Specifikacija, Motiv kupovine"
769,https://mobilnisvet.com/mobilni-komentari/8714/Honor/50/3,Honor,Honor 50,Dr. Dragan,2022-11-10 16:20:00,Šta znači 8gb +2gb ram memorije,2,Specifikacija
770,https://mobilnisvet.com/mobilni/34ft0/Xiaomi/12-Lite-8GB,Xiaomi,Xiaomi 12 Lite,J,2023-01-12 20:15:00,"Xiaomi 12 Lite ili Samsung galaxy A53 (skoro ista cena, xiaomi malo jeftiniji)?",0,
771,https://mobilnisvet.com/mobilni/jd1/Samsung/Galaxy-S24-Ultra-12GB-1TB-1x-SIM-1x-eSIM,Samsung,Samsung Galaxy S24 Ultra,Marko jack = degen,2026-06-06 23:01:00,Brao dratere,0,
772,https://mobilnisvet.com/mobilni-komentari/7598/Huawei/P40-Pro/8,Huawei,Huawei P40 Pro,Miki,2020-11-08 14:13:00,Uzeo tel pre mesec dana. Ludilo,1,Motiv kupovine
773,https://mobilnisvet.com/mobilni/9445/Xiaomi/Redmi-Note-11-Pro-4G-6GB-128GB-2x-SIM,Xiaomi,Xiaomi Redmi Note 11 Pro 4G,Mirko,2023-08-16 02:38:00,"Telefon nije bas neki, lepo se brzo puno sa punjnjem od 60+ W, sve to stoji, ali od kada je dosao na njega miui 14 (android 13) telefon je mnogo slabiji, meni neki folderi baguju kad ih otvaram, baterija je slabija, telefon je sporiji, to bib ocekivao od Beta verzija, ali ovo je Global verzija. Kada se doda jedno 2 ili 3 GB RAM-a (ima u podesavanjima) telefon vise koci sa dodatcima nego bez njih... Mikrofon je jako los, pise da je dobrog kvaliteta ali nije, kamera jeste dobra, ali najcesce kad se slika priroda ili tako nesto, nije za unutra. Telefon treba mnogo popravaka. Nadam se ako ste se domisljali za ovaj telefon da vam je ovo od pomoci. Predlazem neke jeftinije, ali dobre telefone: iPhone XR, Honor Magic 5 Lite, Honor 90, Samsung A54, Samsung A14.",9,"Dužina (>=15 reči), Suprotni veznici, Negacija, Specifikacija"
774,https://mobilnisvet.com/mobilni/cbh/Samsung/Galaxy-S23-Ultra-12GB-1TB,Samsung,Samsung Galaxy S23 Ultra,Nemam pojma,2026-06-07 14:23:00,"Ne razumem čemu služe ažuriranja, kada je sve isto od kako sam kupio mobilni. Niti se nešto poboljšalo, niti se nešto pogoršalo, apsolutno sve isto od kada sam ga kupio. Tada je imao android 13 i ne mogu da se setim koji One UI, mislim 6, sada je android 16 i 8.5 i sve je isto...",5,"Dužina (>=15 reči), Negacija, Motiv kupovine"
775,https://mobilnisvet.com/mobilni-komentari/7176/Apple/iPhone-11-Pro-64GB/7,Apple,Apple iPhone 11 Pro,marko,2020-04-10 19:54:00,"Samo da vas podestim da je do skoro iphone prodavao telefone pocevsi od16gb ipak postoji iCloud i kupovina dodatnog prostora, drugo ne kupujem ime vec kvalitet i da se razumemo korisnik sam i drugih Apple proizvoda...",7,"Dužina (>=15 reči), Suprotni veznici, Negacija"
776,https://mobilnisvet.com/mobilni-komentari/9567/Xiaomi/12/5,Xiaomi,Xiaomi 12,MajaNS,2022-12-09 12:57:00,"Uzela sam Xiaomi 12, 256GB, u A1, pre neki dan. I moram da priznam, da umalo nisam uzela telefon, zbog pojedinih komentara i navedenih problema. Ljudi, jasno mi je da svi imamo različite ukuse, dubinu džepa, zahteve i da koristimo mobilne u različite svrhe i potrebe, ali da neki traže baš dlaku u jajetu, to mi nije najjasnije. P.S. da naglasim da to mislim na nas prosečne korisnike i kritike istih. Ali, hajde... 100 ljudi, 100 ćudi. Telefon je super za nas prosečne korisnike. Super je to što je manjih dimenzija, odlično leži u ruci i lagan je. Kamere su dobre, pogotovo na dnevnoj svetlosti, a pri prigušenom ima malo šuma, ali su fotke i dalje veoma pristojne. Baterija je korektna i izdrži mi ceo dan, uz aktivno korišćenje Instagrama i aplikacije za muziku i čitanje knjiga, koji poziv i pretraživanje net-a. Ali to, kao što znamo, zavisi i od nas samih i naših aktivnosti. Logično je da će jedan dan da vam baterija traje duže, jedan dan kraće... Da je mogla da bude malo jača, mogla je, ali dobro. Bilo je i gorih stvari, zamerki i baterija. Na sve se čovek navikne. Ja sam morala svaki telefon koji sam imala do sada, da punim jednom dnevno ili da ga  eventualno dopunim u toku dana... Evo npr., od 07h do 13h, koliko sam bila van kuće potrošilo se 30%, uz uključen mobilni internet i slušanje muzike, plus ovih usputnih aktivnosti, poput poziva i SMS-ova. Naravno da mobilni internet brže troši bateriju i zagreva kućište pri korišćenju. Ali ja stvarno nisam primetila da je to neki problem. Ne igram igrice, tako da u toj sferi ne mogu ništa da komentarišem. Što se tiče zvuka, meni je odličan. A onaj čuveni problem da vam svi čuju sagovornika... Samo je potrebno da smanjite zvuk slušalice kada se javite i to ne mnogo i eto, problem je rešen. Meni se i na Xiaomi Redmi Note 9 Pro čuo sagovornik kada je bilo pojačano na najjače i to kada je oko vas potpuna tišina. Isto tako je i ovde.",12,"Dužina (>=15 reči), Suprotni veznici, Negacija, Specifikacija, Sleng, Motiv kupovine"
777,https://mobilnisvet.com/mobilni-komentari/8436/Samsung/Galaxy-A52/6,Samsung,Samsung Galaxy A52,Dunja,2021-08-23 12:31:00,Da li neko moze da mi objasni kako u posedavanjima da namestim da se telefon ne ukljucuje slucajno na dodir. Hvala.,4,"Dužina (>=15 reči), Negacija"
778,https://mobilnisvet.com/mobilni-komentari/l7m/Samsung/Galaxy-S23-Ultra/36,Samsung,Samsung Galaxy S23 Ultra,BL.....,2023-06-23 23:35:00,"Imao neki xiaomi,svi pišu Samsung najbolji softver u Android O.S..kupim Samsung s20 serija ,bila povoljna cena.ekran amoled ubi oči ne moze se dugo gledati,sistem i aplikacije sa svim ažuriranjima zauzima 53 GB.bez ijedne igrice samo osnovne aplikacije..sam sistem 25 GB a kod aplle 13p max 10GB.kod Xiaomi zauzima sve ukupno oko 35 gb..i kazu da novi xiaomijev MiUi 14 mnogo dobro i brzo radi..  i moje iskustvo xaomi sa sd845 nekako fluidnije radio od ovoga sa sd 865..kamera samo glavna ima kvalitet ostalo srednje u pokušaju..i ako se nastave ova mesečna i velika ažuriranja do isteka podrške napunice svih 128 gb telefona..ima tu jos stvari koje me nerviraju ali morao sam napisati ovde neka moja iskustva .da nije baš sve sjajno kakvim se predstavlja..i definitivno sledeći telefon uzimam Huawei  ili honor možda se i vratim Xaomi_u..mnogi će reći ovde je tema s23 ultra sta ovde pišeš o drugom modelu ali je isto bio premium uredjaj i uopšte pocetna cena nije bila mala i naravno s klasa Samsunga..",9,"Dužina (>=15 reči), Suprotni veznici, Negacija, Specifikacija"
779,https://mobilnisvet.com/mobilni-komentari/7432/Samsung/Galaxy-S20+/4,Samsung,Samsung Galaxy S20+,S20,2020-07-17 10:52:00,"Sa julskim updateom kamera je poboljsana, zum, i baterija, a cini mi se i da se manje greje.",2,Dužina (>=15 reči)
780,https://mobilnisvet.com/mobilni/1w6/Samsung/Galaxy-S24-8GB-512GB-2x-SIM-1x-eSIM,Samsung,Samsung Galaxy S24,Dragana,2025-12-03 10:00:00,Interesujeme da li je okej cena za ovaj telefon 490 e stim sto sam utopila svoj stari i realno me novčano izneo 370 e a imala sam samsung a 54 mozda nije neko pitanje ali me interesuje vase mišljenje i o telefonu generalno .Hvala.,7,"Dužina (>=15 reči), Suprotni veznici, Negacija"
781,https://mobilnisvet.com/mobilni-komentari/n97/Xiaomi/Redmi-Note-12-Pro-4G/3,Xiaomi,Xiaomi Redmi Note 12 Pro 4G,Jova,2023-06-10 14:52:00,Ima li ovaj telefon apdejt na android 13?,0,
782,https://mobilnisvet.com/mobilni-komentari/9847/Samsung/Galaxy-A73-5G/2,Samsung,Samsung Galaxy A73 5G,B12,2022-11-06 18:37:00,Samsung galaxy a73 5g ili s21 fe?,0,
783,https://mobilnisvet.com/mobilni-komentari/8491/Xiaomi/Mi-11-Lite-5G/2,Xiaomi,Xiaomi Mi 11 Lite 5G,Stevo,2022-10-21 22:16:00,"Telefon imam oko pet meseci i uglavnom sam zadovoljan, međutim već par nedelja, na ikonici (fabričkoj) Boost speed mi je konstantno prikazuje 75-85 % opterećenja rama i onda se telefon uspori, ne može da se fotografiše, secka i sl. i predlaže mi da se očisti smeće kojeg uglavnom ima veoma malo jer, niti igram igrice i nije je zatrpan aplikacijama, memorija (ROM) je popunjena tek nekih 20-25%.Restartujem ga, bude dobro neko vreme i onda opet ista priča. Uredno sam skinuo sve update-ve, pa i ovaj zadnji (V13.0.6.0.). Šta je problem?",9,"Dužina (>=15 reči), Suprotni veznici, Negacija, Sleng"
784,https://mobilnisvet.com/mobilni-komentari/6nv/Xiaomi/Redmi-Note-13-Pro+/3,Xiaomi,Xiaomi Redmi Note 13 Pro+,mare,2025-02-23 01:13:00,koristio sam skoro god dana 13 pro +,0,
785,https://mobilnisvet.com/mobilni-komentari/8436/Samsung/Galaxy-A52/11,Samsung,Samsung Galaxy A52,Dijana,2021-04-19 08:07:00,Samsung a52 ili Huawei p40 lite? I,0,
786,https://mobilnisvet.com/mobilni-komentari/7651/Apple/iPhone-SE-(2020)/4,Apple,Apple iPhone SE (2020),Fini,2022-01-13 09:21:00,Posle 5 mjeseci koristenja ovog telefona moj iskren komentar:,0,
787,https://mobilnisvet.com/mobilni/v4w/Xiaomi/13-Pro-12GB-512GB-Dual-SIM,Xiaomi,Xiaomi 13 Pro,Coa,2024-06-04 22:54:00,"Pre nove godine sam uzeo Xiaomi 13 u lepoj beloj boji, top telefon brz, prelep i manjih dimenzija mada mi je to pocelo da smeta pomalo, i uzmem u razmatranje 13 Pro koji je bio dosta skuplji ali sam nasao dobar deal na KP i uz malu doplatu uzeo 13 Pro u crnoj boji, telefon je stvarno savrsen u svakom smislu, ja ga bas mucim pa je baterija od 5 do 6 sati SOT ali je punjenje ekstremno brzo, kamere su vrh iskreno, svaki put kada hocu nesto da slikam iznenadim se kako dobro ispadnu fotke u 90% slucajeva, stabilizacija je top mada je 13 imao bolju mada ne toliko primetno (ali ja uvek trazim dlaku u jajetu pa primetim) cesto koristim reverzno bezicno punjenje imam i slusalice koje to podrzavaju i stvarno radi savrsen posao takodje i nekom ortaku da napunim Ajfon hahahah, sala na stranu telefon je bas Pro (kako mu i stoji u imenu) stvarno je jedan od najboljih telefona 2023 (neko moje skromno misljenje) imao sam prilike koristiti OnePlus 11, 13 Ultra, Magic 5 Pro, X90 Pro i stvarno sam najvise uzivao u mom sadasnjem telefonu (Xiaomi 13 Pro) 13 Ultra je bio bolji ali i nije u isto vreme, jedina zamerka je da glavna kamera moze da snima u 8k 24fps a prednja samo 1080p 30fps, ali dobro nekako sam presao preko toga, nadam se da sam nekome pomogao ili mu dao odgovor na neka pitanja, pozdrav :)",10,"Dužina (>=15 reči), Suprotni veznici, Negacija, Sleng, Motiv kupovine"
788,https://mobilnisvet.com/mobilni-komentari/87w/Honor/400-Pro-12GB-256GB-1x-SIM-1x-eSIM/10,Honor,Honor 400 Pro,Spartak Moscow,2025-08-04 13:34:00,"Zeleo bih da podelim iskustva sa telefonom koji je kod mene prvog dana kad je izasao u prodaji. Uzeo sam ga 23.05 znaci kod mene je nekih 75 dana. Telefon je inzvaredan u svakom pogledu, sve radi savrseno. Sto se tice baterije, za svo vreme koriscenja telefon belezi 37 ciklusa punjenja i praznjenja, sto je inzvaredno. Punjenje sa punjacem od 100W u rezimu brzog punjenja napuni telefon nesto manje od 50%, za pun kapacitet mu treba oko 45minuta na obicnom rezimu punjenja, brzo punjenje punog kapaciteta nisam testirao. Zvucnici su savrseni, dovoljno su glasni, bas odlican. Kamere su sasvim ok, ljudi koji su ranije koristili telefone ovog ili nizeg cenovnog ranga ce biti sasvim zadovoljni, manu ce naci samo neko ko prelazi sa samsungove ultra serije, ostalima ce biti odlicna, slike su odlicne i sve tri kamere su upotrebljive sto nije slucaj kod mnogih telefona gde je sirokougaona samo da popuni mesto, ovde i ta kamera ima svoju funkciju i lepo to radi. Slike sa zumom od x50 sa korekcijom vestacke inteligencije variraju i u nekim slucajevima je bolje ostaviti original. Prednje kamere prave cuda u portret rezimu, u svojoj klasi ne verujem da cete naci bolje. Ekran je posebna prica, sa svim mogucnostima i zastitam za vid, ako sve podesite kako treba nocu pri slabom osvetljenju mozete dobiti prijatan ekran za gledanje na duze vreme. Posebno bih istakao zastitu od kradje koju je honor uveo i uvek mozete biti sigurni da ce vam telefon biti bezbedan-zakljucan i znacete njegovu lokaciju u bilo kom momentu, cak i ako vam neko uzme telefon iz ruke i krene da bezi telefon ce to prepoznati i automatski ce se zakljucati. Odsustvo proksimiti senzora nije toliko strasno, do sad nisam primetio veliku razliku posto se telefon sluzi ostalim sistemima kao sto su ultrazvucni skener, ugao polozaja telefona i jos nekoliko senzora i to radi fino, nekad mozda moze i bolje al radi sasvim korektno. Senzori za osvetljenost ekrana rade odlicno i nemaju tolika kasnjenja kao kod nekih marki telefona. E sad da pređemo na mane, da ne bude da samo hvalim telefon. Sto se tice azuriranja kod honor telefona ona uvak kasne od nedelju dana do mesec-dva od kad izađu i kad ce kome stici to je prava lutrija, komsiji moze danas da stigne a vama za 7dana. Drugo sta su mnogi primetili ako ste u yettel mrezi SMS poruke mogu da kasne sa slanjem i do 2minuta ako je ukljucen VoLTE zbog neke neusklađenosti sa yettel mrezom, sa ostalim operaterima sve radi glatko i ovo vazi samo za SMS poruke. I to je to u glavnom, ako sam nesto zaboravio pisite.",10,"Dužina (>=15 reči), Suprotni veznici, Negacija, Specifikacija, Motiv kupovine"
789,https://mobilnisvet.com/mobilni-komentari/qqy/Xiaomi/13T/2,Xiaomi,Xiaomi 13T,Marko,2024-09-28 21:29:00,"Kako se gase reklame, ako može mala pomoć :D.",0,
790,https://mobilnisvet.com/mobilni-komentari/8436/Samsung/Galaxy-A52/4,Samsung,Samsung Galaxy A52,Ivanhoo11,2022-03-18 16:51:00,"E ovako. Koristim A52s 5G tj kupio sam ga pre nekih 15tak dana u A1 i za sada imam samo reči hvale za njega. Doduše u samom početku prvih dan-dva možda i tri umeo je da kažem pomalo zabaguje tipa da iako sam u stanu on odluči da prebaci sam na mobilne podatke. Drugo, dešavalo se da iako postavim kao primrani SIM1 on prilikom slanja poruke postavi SIM2, i desilo se par puta da isključi SIM1 iz mreže kao da nema kartice. To je sve trajalo kao što sam naveo par dana dok verovatno optimizacija nije učinila svoje tj dok mob sam ne nauči postavke shodno vašem korišćenju. Nakon četvrtog dana telefon funkcioniše odlično. Ekran je odličan pogotovu na 120HZ, a pri tom nisam primetio da troši brže bateriju. Procesor radi kao na S22.  Jedino možda otisak prsta ponekad neće iz prve ali to je tako na svim telefonima. Sve u svemu za ove pare telefon je extra i ne treba ništa skuplje od ovog, bar po meni",10,"Dužina (>=15 reči), Suprotni veznici, Negacija, Specifikacija, Motiv kupovine"
791,https://mobilnisvet.com/mobilni-komentari/pt4qv/Apple/iPhone-14-Pro-Max/2,Apple,Apple iPhone 14 Pro Max,Sale,2024-04-16 21:59:00,"Ja sam sa androida presao na 14 pro max,imao sam Samsung S24 Ultra i resio sam ga se zbog uzasne baterije,na ovom iphonu baterija ubija koliko je dobra,jedino sto sam primetio je da tastatura malo koci i prolazak kroz meni nije toliko fluidan kao da je osvezavanje nize od 120 Hz,sad mozda je do softvera ne znam!",7,"Dužina (>=15 reči), Negacija, Specifikacija, Motiv kupovine"
792,https://mobilnisvet.com/mobilni/y85/Samsung/Galaxy-A14,Samsung,Samsung Galaxy A14,Goran,2023-07-29 06:05:00,"Koristim ga otkad je izašao, baterija iako 5000mah jako slaba, da čovek ne poveruje a u to sam se najviše uzdao. Zadnja zakrpa 1. April tako da toliko o redovnim ažuriranjima. Kamera srednja žalost ali ok za cenu. Zvuk slabiji ali moze proci. Izgled kao cigla kao što je neko vec napisao, ivice ekrana očajne-prevelike. Realno u ovoj ceni nema sta ni očekivati ali ima boljih telefona za te pare...ako ništa bar lepših i bolje baterije.  Uzeo sam ga samo da premostim dok ugovor ne istekne i nikad vise ovakve telefone od 150e neću uzeti, živce mi pojede koliko koči i učitava. Bolje za te pare polovan za klasu više.",12,"Dužina (>=15 reči), Suprotni veznici, Negacija, Specifikacija, Sleng, Motiv kupovine"
793,https://mobilnisvet.com/mobilni/qt4/Samsung/Galaxy-A16-5G-8GB-256GB-1x-SIM,Samsung,Samsung Galaxy A16 5G,Branko,2025-04-10 17:04:00,"Kupio Samsung Galaxy A16 8/256GB. Nije nešto ali za mene dovoljno. Imao sam Honor 8 Lite bio prezadovoljan, ali Android 8 počeo da onemogućava mnoge nove aplikacije i to je jedini razlog što sam ga zamenio. Kod A16 mi nije jasno kako se radi print skrin (snimanje ekrana). Ako neko zna hvala na odgovoru.",10,"Dužina (>=15 reči), Suprotni veznici, Negacija, Specifikacija, Motiv kupovine"
794,https://mobilnisvet.com/mobilni-komentari/rhw/Samsung/Galaxy-A34/4,Samsung,Samsung Galaxy A34,Es88,2024-01-11 00:34:00,"Poz, od kad sam kupio a34 koristio sami ste bezicne slusalice, danas su mi nestale iz ovih zapamcenih uređaja. Cijeli dan pokusavam ponovo skenirati, da vidim da li ce ih uspjeti prepoznati ali bezuspjesno. Nije do slusalica, jer sam probao na drugom mobu i rade. Ako zna ko razlog bio bi zahvalan",8,"Dužina (>=15 reči), Suprotni veznici, Negacija, Motiv kupovine"
795,https://mobilnisvet.com/mobilni/8391/Xiaomi/Redmi-Note-10-Pro-8GB-128GB,Xiaomi,Xiaomi Redmi Note 10 Pro,DekicaD75,2026-03-19 08:48:00,"Mob sam kupio kada se pojavio, mozda par meseci kasnije. Koristim ga vec skoro 5 GODINA i radi kao sam. Kupio bi novi sa 512GB interne ali ne znam sta da kupim. Ne prave vise ovako dobre i ""zaokruzene"" telefone"". Sada su napravili mnogo veliku zbrku oko milion razlicitih modela istog telefona. Pre je bilo mnogo lakse i jednostavnije. i sve pohvale sa RN10Pro. Ej bree, 5 godina i jos radi kao zmaj, pa to vise nepostoji. Zaprepasto sam se kada sam video da sada nov kosta 205e!!! Za 5 god mu je pala cena od par desetina evra! NEVEROVATNO!!!",10,"Dužina (>=15 reči), Suprotni veznici, Negacija, Specifikacija, Motiv kupovine"
796,https://mobilnisvet.com/mobilni-komentari/76d/Xiaomi/13T-Pro/4,Xiaomi,Xiaomi 13T Pro,Lajka,2023-12-06 10:28:00,"Ćao drugari, ortak moj dobio za rođendan ovaj telefon a on ne voli Šaomi (nzm zašto) i nudi mi ga povoljno verzija je 12/512 ona kožna verzija u plavoj boji, e sad interesuje kakav je taj 9200+, čuo sam da je ubica, kakve su kamere, na testovima ih jako hvale, iskreno bitne su mi performanse pošto volim da igram igrice a takođe isto volim i da slikam, punjač 120w mi je takođe do jaja baterija kažu da nije loša ali da 9200+ više srče nego 8gen2 što mi je čak i normalno, kul mi je što ima ip68, pa me ono interesuje ko poseduje ovaj uređaj da mi kaže nešto više, pozdrav",11,"Dužina (>=15 reči), Suprotni veznici, Negacija, Specifikacija, Sleng"
797,https://mobilnisvet.com/mobilni/js0/Samsung/Galaxy-A54-8GB-256GB-Dual-SIM,Samsung,Samsung Galaxy A54,Jelena,2026-01-19 09:47:00,"Ne znam kod vas, ali moje slike zadnjih nekoliko meseci su nekako skroz ""isprane"". Bilo da koristim 50mp ili 12mp. Sta moze da bude razlog?",9,"Dužina (>=15 reči), Suprotni veznici, Negacija, Specifikacija"
798,https://mobilnisvet.com/mobilni-komentari/khb/Samsung/Galaxy-S23/3,Samsung,Samsung Galaxy S23,Dragan,2025-07-08 06:12:00,Ja ne znam sta je svima sa baterijom ja ga koristim prilicno ceo dan sto se tice poziva i interneta fb baterija izgura ceo dan bez ikakvih problema ne znam sta je tu toliko lose bar u mom slucaju za 3900 ona je odlicna,4,"Dužina (>=15 reči), Negacija"
799,https://mobilnisvet.com/mobilni/dd4/Honor/Magic6-Lite,Honor,Honor Magic6 Lite,Tradtra,2025-06-15 21:29:00,"Mislio sam da samo xiaomi ima problema sa nadogradnjom,ali ovaj honor ih je usio i to debelo! Ako koristim viber duze od 15 minuta i to samo pisajuci poruke,teperatura ode na 42 stepene,ne mogu da vjerujem da neko moze ovoliko unistiti telefon,nije ni cudo da prodaju ovako mali broj telefona,a prije sam se pitao zasto,evo mi i odgovora,poluproizvod je honor u srednjoj klasi telefona,cak je i redmi telefon za ovo...",7,"Dužina (>=15 reči), Suprotni veznici, Negacija"
