url,brand,phone,author,date,comment,complexity_score,reasons
https://mobilnisvet.com/mobilni-komentari/8227/Samsung/Galaxy-S21-5G/3,Samsung,Samsung Galaxy S21 5G,BaBaRoGa,2022-08-26 07:17:00,"Verovali ili ne, ali od kako sam iskljucio bixby lokaciju i touch sensitivity. Meni je SOT od 5 do 5,5 sati svaki dan. I procenjeno vreme do kraja 1Dan i 3,4sata. Dok je pre bilo 2,5 do 4 SOT-a i procenjenog vremena oko 20 do 22 sata. Lokacija za google, mape, vreme i kameru radi non stop. Ostatak radi kada se pokrene aplikacija.  120hz, BT, LTE, NFC.. sve je ukljuceno. Probajte. Pozdrav",9,"Dužina (>=15 reči), Suprotni veznici, Negacija, Specifikacija"
https://mobilnisvet.com/mobilni-komentari/8389/Xiaomi/Redmi-Note-10-Pro/4,Xiaomi,Xiaomi Redmi Note 10 Pro,Petar,2023-09-17 17:54:00,"Zaobidjite ovaj telefon po svaku cenu. Koristio sam Redmi note 10 pro 2 godine, pre toga Redmi note 8 pro. Jako losa iskustva: Mnogo softverskih gresaka i bagova. Telefon deluje idealno na papiru ali je u praksi totalno druga prica. Pre svega veliko pregrejavanja pri minimalnom koriscenju, kada podesis na 120Hz on sam vrati podesavanje na do 60Hz, pri pozivu se ukljuci zvucnik sam od sebe i ne dozvoljava da se ugasi, cesto nestane navigaciona traka, zvuk je jako los...",9,"Dužina (>=15 reči), Suprotni veznici, Negacija, Specifikacija"
https://mobilnisvet.com/mobilni-komentari/mgt/Samsung/Galaxy-A54/24,Samsung,Samsung Galaxy A54,Bane,2023-06-18 19:18:00,"Par dana koristim ovaj telefon. Zamenio ga za Nova 10 pro. Nova 10 je u dosta tome bolji ali nije bas lepo oprimizovan. Secka kod nekih aplikacija. Iris i EON seckaju non stop, leđa od čiste plastike, lepo izgleda ali  se na km vidi da je kineska plastika. Ali su zato dizajn i ekran na strani Nova 10 pro.",9,"Dužina (>=15 reči), Suprotni veznici, Negacija, Sleng"
https://mobilnisvet.com/mobilni/gvn/Xiaomi/Redmi-Note-12S-128GB,Xiaomi,Xiaomi Redmi Note 12S,Đole,2025-07-27 14:40:00,Molim za pomoć. Imam varijantu da zamenim svoj Tecno Spark 10 pro za ovaj telefon. Jedino što me tera na razmišljanje je 64gb ROM naspram 128gb kod Tecno. Moj telefon se malo iskrivio ali to ne smeta čoveku sa kojim bih ga zamenio. Tecno je Android 13 a Redmi Android 15,9,"Dužina (>=15 reči), Suprotni veznici, Negacija, Specifikacija"
https://mobilnisvet.com/mobilni/7369/Samsung/Galaxy-S10-Lite,Samsung,Samsung Galaxy S10 Lite,Vlada,2021-11-13 17:41:00,"Hmm, može li neko poređenje ovog modela i s20fe i eventualno a52s? Ne znam kakva je kamera u odnosu na druga dva modela, mada je realno teško naći telefon sa očajnom kamerom. To što ima 60hz osvežavanje je možda mana, ali ako ćemo iskreno, do pre neku godinu svi modeli bili zakucani na 60",9,"Dužina (>=15 reči), Suprotni veznici, Negacija, Specifikacija"
https://mobilnisvet.com/mobilni/p6f/Xiaomi/Redmi-A5-4G-4GB-128GB-2x-SIM,Xiaomi,Xiaomi Redmi A5 4G,James Bond 011,2025-06-18 20:43:00,"Kad pogledam cene za ovaj model sve ispreturano i naopako, te danas kupih uj jednoj radnji misleći da je RAM 4gb a ne pogledavši da je 3gb i odmah pomislih - sada će u najbližu kantu. Međutim...kada sam uključio i obrisao šta mi ne treba a instalirao bukvalno dve,tri aplikacije jer ovo mi je pomoćni tel i  uz jedno ažuriranje, sve izgleda bolje od minimuma kakav sam očekivao. Čist android 15, pogođen procesor da to tera solidno brzo i sa siromašnih 3gb. Može Nova launcher prime sa sve gestovima jer srećom nije MIUI i HyperOS u  pitanju i mislim da će mi telefon poslužiti bolje nego što sam očekivao.",9,"Dužina (>=15 reči), Suprotni veznici, Negacija, Specifikacija"
https://mobilnisvet.com/mobilni-komentari/8389/Xiaomi/Redmi-Note-10-Pro/29,Xiaomi,Xiaomi Redmi Note 10 Pro,Pljeki,2021-08-18 01:40:00,"Uzmi Redmi 10 note pro. Slični su u radu ali redmi ima 3.5 ulaz, slot vise za sim ili memoriju, 8 GB RAMa neuporedivo je lepši, manji otvor kamere napred i 120hz ekrana. Trebaće ti malo vremena da ga kastomizuješ ili prilagodiš sebi nakon toga ces biti pre pre zadovoljnas. Nije tačno da sams bolje lezi u ruci. Predebeo je.",9,"Dužina (>=15 reči), Suprotni veznici, Negacija, Specifikacija"
https://mobilnisvet.com/mobilni-komentari/x9p/Samsung/Galaxy-S23+/2,Samsung,Samsung Galaxy S23+,Dex,2024-03-04 21:56:00,"Super telefon,konacno Samsung da napravi telefon koji je kompletan,predobra baterija,taman manji od ultre da ne bude cigla,brzina i softver sada na najboljem nivou,sanpradagon,kamere dosta dobre ali pixel i iohone neato bolje….po meni bolja kupovina od s24,jedina mana mi je sto nemam neki premijum osecaj u ruci kao sa iphone,mozda ako nadjem neku koznu masku",9,"Dužina (>=15 reči), Suprotni veznici, Negacija, Sleng"
https://mobilnisvet.com/mobilni-komentari/8436/Samsung/Galaxy-A52/10,Samsung,Samsung Galaxy A52,Jaksa,2021-05-13 06:33:00,"Za ove koji postavljaju pitanja koji je bolji ovaj A52 ili A71 imate na yt test, ovaj VS a71. I na bchmrk testu A71 ima dosta bolji score od a52. I chrome i sve ostalo otvara brze A71 od A52. I poredjenje fotki ima i ispadaju bolje na a71. Za nijansu su lepse ali eto kao malo bolje ipak. Meni je isto lepsi a71 i oblik i sto je tanak i veci ekran ima ali mislio sam bice malo jaci a52 kad ono ne da nije jaci nego slabiji. Plus ovo sto pisu za punjac 25w i slusalice da nema uz ovaj a ima uz onaj e pa znaci ja kupujem A71.",9,"Dužina (>=15 reči), Suprotni veznici, Negacija, Specifikacija"
https://mobilnisvet.com/mobilni-komentari/khb/Samsung/Galaxy-S23/19,Samsung,Samsung Galaxy S23,boki,2023-10-28 08:53:00,"da li se vama greje telefon kada ga spojite na brzi punjac? Kada iskljucim brzo punjenje nema grejanja ali se onda puni 2h, ako ukljucim cak i na punjacu od 15w telefon bude vruc, na 25w bi se verovatno zapalio O.O, kako je kod vas?",9,"Dužina (>=15 reči), Suprotni veznici, Negacija, Specifikacija"
https://mobilnisvet.com/mobilni-komentari/khb/Samsung/Galaxy-S23/19,Samsung,Samsung Galaxy S23,V.,2023-10-15 11:52:00,"Odličan telefon u svakom pogledu osim kamere. Tu ga ipak recimo običan Ajfon, ne pro, šije značajno. Fotke u svim uslovima kad se zumiraju su mutne i imaju dosta šuma. Da je bolja kamera bio bi savršen telefon",9,"Dužina (>=15 reči), Suprotni veznici, Negacija, Sleng"
https://mobilnisvet.com/mobilni-komentari/9573/Samsung/Galaxy-S21-FE-5G/7,Samsung,Samsung Galaxy S21 FE 5G,Snup,2023-10-21 02:08:00,"S21FE imam nešto više od godinu dana. Nosio sam ga sve vreme bez maske i dodatnog stakla za ekran. Ovo je veoma bitno a tiče se izdržljivosti telefona. Telefon je dosta izdržljiv, pogotovo na padove. Victus staklo odlično, jako.Plastika iza je takođe i kvalitetna i ona je otporna na padove. Što se tiče softvera sve radi glatko kao i prvog dana, uz redovno održavanje uređaja. Odličan procesor sg888 ali samo 6gb,bar ovaj koji ja imam. Kamera odlična(pogotovo dnevne fotografije), radi brzo i glatko osim u nekim zahtevnijim igrama gde se na visokim podešavanjima oseti nemanje 2gb rama Sigurno bio vredan kupovine. Koristiću ga sigurno još par godina.",9,"Dužina (>=15 reči), Suprotni veznici, Negacija, Specifikacija"
https://mobilnisvet.com/mobilni/9283/Apple/iPhone-13-Pro-Max-1TB,Apple,Apple iPhone 13 Pro Max,DREMIX,2025-12-28 00:22:00,Ljudi imam ponudu iphone 13 pro max 128gb mozda je malo ali ima 94% original nije nikad promenjena sve radi nema mane 400e cjena . Sta vi mislite?,9,"Dužina (>=15 reči), Suprotni veznici, Negacija, Specifikacija"
https://mobilnisvet.com/mobilni/9274/Apple/iPhone-13-Pro-512GB,Apple,Apple iPhone 13 Pro,Jovana,2025-08-25 21:38:00,"Imam dilemu... Ne znam da li je bolje uzeti polovan 13 pro od 512gb sa bh 78% i nešto malo izgreban za 480e, ili uzeti 13 ili 14 nov ali od 128gb za približno istu cenu...?",9,"Dužina (>=15 reči), Suprotni veznici, Negacija, Specifikacija"
https://mobilnisvet.com/mobilni-komentari/xnjcm/Xiaomi/Redmi-Note-12-Pro/3,Xiaomi,Xiaomi Redmi Note 12 Pro,Deki,2024-02-22 21:52:00,Telefon je odlican u svemu ja ne znam sta ljudi kukaju i zale sa na bateriju telefon za ovu cenu i vise nego dobar ko se ne skida sa telefona normalno da trosi ne postoji telefon koji moze izdrzati dva dana nemoj da se lazemo svaki nov telefon sada izdrzi dan do dan ipo max koriscenja ali to je bas teze a pritom imamo brzi punjac 67w napuni se dok popijete kaficu malo iskulirate baterija je puna ja licno nemam zamerke za ovaj model.,9,"Dužina (>=15 reči), Suprotni veznici, Negacija, Specifikacija"
https://mobilnisvet.com/mobilni-komentari/khb/Samsung/Galaxy-S23/27,Samsung,Samsung Galaxy S23,Dzoni,2023-03-10 01:29:00,"Evo i mojih utisaka,imam tel dve nedelje pre toga sam imao s22 ultra,s22plus,s21,s20ultra,s10,s8+,s8,s7edge,s6egde,s6,s4,s3,s2,s1. Bilo je tu i p30 pro,p20 pro,mate,iphone 6s i tako tih stvari ali to nije tema tema je samsung..Tako da mislim da sam kompetentan da komentarisem. Telefon je savrsenoh dimenzija sa ljude koji zele da koriste telefon jednom rukom,savrseno se snalazim sa njim,stavim ga u koji god dzep..prelep je uzivo,imam zelenu boju,kamere kidaju,tu necu puno da tupim,prebrz je,oseti se novi procesor,nema grejanja uopste cak i pod igricama,otisak prsta je dosta unapredjen nego na 22,radi u mili sekundi,face id je realno njesra,tu se jedino nisu popravili od s8 ja mislim..Najveca boljka samsunga je do SADA bila baterija i punjenje,punjenje je i sada reapno njesra ali meni ne smeta jer ga punim na 10w bezicno i on se tokom noci napuni i cao..Ali najbitnija stvar je da mu j.b.m kevu ceo dan i na u 00 imam 30-40%,znaci procesor je uradio svoje..ni jedan dan nije bio da sam morao tokom dana da ga dopunim,znaci ujutru u 9 ga sikad i u 00 prosek 30% a ceo dan ga gazim valjano. Dosta je poboljsan i zvucnik,bas bas se oseti jaci bas u odnosu na 22. Eto to je od prilike moja recenzija😀",9,"Dužina (>=15 reči), Suprotni veznici, Negacija, Specifikacija"
https://mobilnisvet.com/mobilni-komentari/8061/Apple/iPhone-12-mini/4,Apple,Apple iPhone 12 mini,Olena,2021-10-28 18:57:00,"Je l moze neko da mi kaze koliko je normalan battery health posle godinu dana koriscenja 12 mini 64? Meni je sad 91% i kako sam se update-ovala na 15 baterija mi se mnogo brze trosi. Ne igram igrice, ne koristim youtube i ne slusam muziku, jedino pogledam seriju ili citam knjigu i posle godinu dana 91%. Ne znam sta bi bilo da sam radila sve od navedenog. Sa adroida (motorole x4) sam presla na iphone, jer nisam htela da nosim ciglu od telefona i mogu slobodno da kazem da me telefon nije odusevio, jedino mogu slike da pohvalim, ali na miniju je senzor svetlosti katastrofa ili je to samo kod mene. Na kraju sam shvatila kada ovaj telefon koristim samo za poruke, pozive, povremeno drustvene mreze, fotografiju samo ponekad i nista drugo telefon je sjajan. Posto je cena kao da je od zlata videcemo koliko ce i izdrzati, jer su izbacili 64 Gb iz upotrebe, normalno i logicno kad sada iSO zauzima podosta mesta na telefonu i baterija tesko da ce preziveti 2 godine upotrebe pa mi nije jasno kako su ljudi koji su imali iphone vec 3,4 godine uspeli da ga koriste. Bateriji su sigurno posle 1-2 morali da kupe novu i zamene",9,"Dužina (>=15 reči), Suprotni veznici, Negacija, Specifikacija"
https://mobilnisvet.com/mobilni-komentari/9272/Apple/iPhone-13-Pro/6,Apple,Apple iPhone 13 Pro,Korisnik,2022-09-11 18:44:00,"Pozdrav ljudi, razmisljam da uzmem iphone 13 pro ili pro max, nije mi do razlike u cijeni ali mi je 13 pro max zaista prevelik i pretezak, pogotovo poslije ovoga iphone 8 koji koristim 🙈 moje pitanje je, da li postoji neka znacajna razlika izmedju ta dva modela osim u trajanju baterije sto znam da je plus kod pro max modela? I da li je 256gb dovoljno memorije za nekog prosjecnog korisnika? Znam da je to individualno i da mi ne moze niko dati tacan odgovor ali eto da cujem misljenja. hvala!",9,"Dužina (>=15 reči), Suprotni veznici, Negacija, Specifikacija"
https://mobilnisvet.com/mobilni-komentari/9260/Apple/iPhone-13/6,Apple,Apple iPhone 13,Janko,2024-03-28 23:07:00,"Zdravo. Prijateljica ima Iphone 13 256gb, koriscen maksimum 7 dana i onda je joj stajao u ladici jedno godinu dana jer nije mogla da se za tih 7 dana navikne na Ios i sve ne bi da ga proda ali dzabe stoji tako ne koriscen. Da li neko ima predlog koliko bi trebala da stavi cenu i koliko bi ljudi platili za takav telefon? Da vidi da li joj se isplati",9,"Dužina (>=15 reči), Suprotni veznici, Negacija, Specifikacija"
https://mobilnisvet.com/mobilni-komentari/8389/Xiaomi/Redmi-Note-10-Pro/15,Xiaomi,Xiaomi Redmi Note 10 Pro,Jovan_147,2022-05-18 01:17:00,Telefon je mnogo dobar i jak.Al na njemu se teško snaći i naći nešto Najviše mi se svidja kod njega jer ima dobru kameru.Al ovaj telefon nije za gaming jeste da malo secka telefon.Huawei je dobar telefon i jak i lako se snaći na njemu i dobar je za Gaming,9,"Dužina (>=15 reči), Suprotni veznici, Negacija, Sleng"
https://mobilnisvet.com/mobilni/cgw/Honor/200-Smart-4GB-256GB-2x-SIM,Honor,Honor 200 Smart,B,2025-04-19 02:01:00,"Telefon, iako kosta 130. evra (barem je tako navedeno), sa TFT ekranom cija vidna oblast nije 6.8. incha, vec je rec o dimenzijama celokupnog zaobljenog ekrana, dugorocno nije dobra kupovina. Pogotovo kada se uzme u obzir ovih 4GB radne memorije, dok se sa 6/8. nigde ne moze pronaci. Verovatno je rec o 4+4 (po cetiri fizickih i virtuelnih) GB. Nemojte tek tako davati novac. Istrazite malo. Dugorocno se vise isplati dati 50. evra vise za kompletniji uredjaj istog ili drugog brenda.",9,"Dužina (>=15 reči), Suprotni veznici, Negacija, Specifikacija"
https://mobilnisvet.com/mobilni/r05/Samsung/Galaxy-S26-Ultra-16GB-1TB-2x-SIM-2x-eSIM,Samsung,Samsung Galaxy S26 Ultra,Maćoni,2026-07-16 07:36:00,"Uzet 12.7 jel moguce da se ovaj telefon toliko brzo prazni i kad se ne koristi posto i kad stoji skida procente baterije,sve aplikacije sem banke i jos jedne stavljene u potpuno mirovanje iskljucena upotreba podatka u pozadini na svakoj cak i na sistemskim apl ekran na 120Hz tamni rezim lokacija off,jel ima neko iskustva sa ovim modelom kako se ponasao u pocetku sto se tice baterije ali po meni ovo za ovih 2 dana ne deluje nista bolje cak od moje s 24 ultre koja je stara godinu i 8 mes",9,"Dužina (>=15 reči), Suprotni veznici, Negacija, Specifikacija"
https://mobilnisvet.com/mobilni/g4v/Xiaomi/14T-Pro-12GB-1TB-2x-SIM,Xiaomi,Xiaomi 14T Pro,neo,2026-04-21 09:04:00,"Evo, konacno sam upeo da 'zakljucam' screen refresh rate na, iskljucivo, 90Hz na HOS3.0. Potrebno je da imate instalirane ADB i FastBoot komande, da dozvolite Developer opcije i u njima da odobrite USB Debugging i USB Debugging (security settings). Kada povezete Vas telefon na USB, prvo otvoride Command Prompt (na PCu) kao Adm*nistrator i navedite ga na folder sa ADBom, potom kucate i izvrsavate komandu 'adb devices' dok vam ekran telefona ne iznedri da stiklirate Vas device i na ekranu CMDa ne dobijete poruku 'xxxxxx device' sto znaci da je ADB odobren i prihvacen od sistema telefona. Sledece je kucanje i izvrsavanje ove 3 komande 'adb shell settings put system peak_refresh_rate 90' pa 'adb shell settings put secure miui_refresh_rate 90' i 'adb shell settings put secure user_refresh_rate 90' i tu je kraj! Ekran je zakucao frekvenciju osvezavanja na 90Hz. Po zelji, mozete promeniti vrednost 90 na Vama potrenu i to je to! U developer opcijama mozete odobriti opciju Show refresh rate i u gornjem desnom uglu bice Vam ipisan, zelenom bojom, Vas nivo osvezavanja ekrana (kod mene je to non-stop 90Hz sto sam i zeleo). Ne znam sta bi se desilo kada bi se restartovao sistem (ni ne zelim da znam) ali mislim da se ove komande prilikom apdejta poniste i da ih treba ponovo ukucati (mozda i kada se restartuje fon).",9,"Dužina (>=15 reči), Suprotni veznici, Negacija, Specifikacija"
https://mobilnisvet.com/mobilni/q8x/Apple/iPhone-15-6GB-512GB-2x-SIM,Apple,Apple iPhone 15,Fffff,2025-11-25 12:57:00,"Da li je bolje kupiti ovaj model sada (od 256GB memorije dok se još nije rasprodalo) ili čekati još malo do novogodišnjih popusta, ako ih uopšte bude u ovim prodavnicama sa ove liste? Da li su prošle godine davali popuste na iphone telefone pred Novu godinu?",9,"Dužina (>=15 reči), Suprotni veznici, Negacija, Specifikacija"
https://mobilnisvet.com/mobilni-komentari/9260/Apple/iPhone-13/15,Apple,Apple iPhone 13,taj_srbin,2022-02-11 09:24:00,"Od skoro imam 13 obican. Imam utisak kao da kamera secka, kao da nije fluid kako sam gledao po klipovima sa yt. Koristio sam kamere na ozbiljnim android telefonima, snimanja 4k, ali ovde nesto nije namesteno. Postoje li neka podesavanja dodatna ili po difoltu on snima najbolje sto moze cim se kamera pokrene? Izabrao sam vec u kameri 4k 60fps, a probao i 1080 60fps. Hvala",9,"Dužina (>=15 reči), Suprotni veznici, Negacija, Sleng"
https://mobilnisvet.com/mobilni-komentari/5rz/Xiaomi/Redmi-Note-13-Pro-5G/2,Xiaomi,Xiaomi Redmi Note 13 Pro 5G,M,2024-12-15 14:00:00,"Pozdrav svima - meni note 13 pro 4g secka i to najvise kod kucanja poruka i komentara sto me bas izludjuje - tipa otkucam 3-4 reci, on ih tek tada prikaze u poruci sve odjednom. Isto me zanima kako da ga ogranicim da ne puni bateriju do 100% - nasla sam u setovanjima da se podesi da puni do 50% i ukljucila, ali on i dalje puni do čepa 🙄 Isto oko alarma, uopste ne pokazuje da li je nastelovan da zvoni, nego moram da udjem da proverim - tek sat vremena pre nego sto ce se oglasiti alarm on izbaci obavestenje - ovo je bas naporno s obzirom da radim po smenama, pa moram stalno da proveravam. Ima jos nekih takvih gluposti koji su mi na starim telefonima normalno radile i prosto mi je neverovatno da ovaj telefon te neke stvari koje se podrazumevaju ne radi kako treba. Citam Draganov komentar i zanima me ako neko zna da li ovaj 4g ima tu developer opciju?",9,"Dužina (>=15 reči), Suprotni veznici, Negacija, Sleng"
https://mobilnisvet.com/mobilni/g4v/Xiaomi/14T-Pro-12GB-1TB-2x-SIM,Xiaomi,Xiaomi 14T Pro,neo,2025-09-21 06:40:00,"Samo jedan kratak rezime. Paralelno sam koristio Mi 14 i Mi 14T Pro. Sto se potrosnje baterije tice, oba su ista i jako, jako slicna, ali sto se opste brzine tice 14T Pro razvaljuje i ostavlja ovaj 14 u prasini. Koliko sam video i kamera mi se vise svidja na 14T Pro. Da li je do softvera ili ne znam cega, u glavnom fotke na 14T Pro su mi za nijansu boje i lepse. Igrice nikada ne igram! Uzivajte!",9,"Dužina (>=15 reči), Suprotni veznici, Negacija, Sleng"
https://mobilnisvet.com/mobilni/flw/Honor/90-Lite-4GB-256GB-2x-SIM,Honor,Honor 90 Lite,Jole,2024-08-28 15:54:00,"Meni je telefon super. Jedino što neće brzo punjenje, probao sam punjačima od redmi note 12 33w i od motorole g32, al ništa, a znam da redmi i motorolu pune za pola sata.  Ne smeta mi, ali ako neko ima neki savet... Sve ostalo, moja preporuka",9,"Dužina (>=15 reči), Suprotni veznici, Negacija, Specifikacija"
https://mobilnisvet.com/mobilni/q8x/Apple/iPhone-15-6GB-512GB-2x-SIM,Apple,Apple iPhone 15,Sila,2026-06-15 21:18:00,"Imam ovaj tel godinu dana, baterija jako loša, rkran 60 Hz skroz bezveze, telefon se pregrejava a ios sistem je to se već zna zatvoren i glup, jedino što na telefonu nije loše ne kažem da je  dobro nego nije loše to je kamera i apsolutno ništa više pokušavala sam da ga prodam ali nažalost ne mogu za njega da dobijem ni 350 evra  plaćen je 720 e",9,"Dužina (>=15 reči), Suprotni veznici, Negacija, Specifikacija"
https://mobilnisvet.com/mobilni-komentari/6c6/Xiaomi/Redmi-Note-13-5G-6GB-128GB-2x-SIM/2,Xiaomi,Xiaomi Redmi Note 13 5G,Goran,2024-05-09 12:25:00,"Sve radi ok dok se ne apdejtuje na Hyper OS a onda - pakao. Usporio, secka po aplikacijama. baterija kraće traje, čini se i ekran nešto tamniji. Naravno odradio factory reset i opet sve isto - loše. Zamenio za Samsung A35 jer ko da čeka ažuriranje da se sve zabrlano ispravi a nešto drugo pokvari.",9,"Dužina (>=15 reči), Suprotni veznici, Negacija, Sleng"
https://mobilnisvet.com/mobilni/pwjx5/Apple/iPhone-14-Pro-Max-1TB,Apple,Apple iPhone 14 Pro Max,Andjela,2026-01-29 16:17:00,"Pozdrav, zelim da prodam svoj iphone 14 pro max 256gb. U odlicnom je stanju, sve je ispravno, bh 86% (izdrzi dan ipo-dva, zavisi koristenja). Dobila sam novi na poklon i to je jedini razlog zasto ga prodajem. Koja je realna cena koju mogu traziti? Ne zelim da budem “bezobrazna” sa cenom, ali ne zelim ni da ga prodam za “male” pare.",9,"Dužina (>=15 reči), Suprotni veznici, Negacija, Specifikacija"
https://mobilnisvet.com/mobilni-komentari/mgt/Samsung/Galaxy-A54/27,Samsung,Samsung Galaxy A54,Panter,2023-04-14 02:00:00,"Sad već vidim i veće mane ovog modela. Kasne poruke na Instagramu što meni smeta, ne uvek ali često. Whats App ne radi normalno, tačnije nema obaveštenja za pristiglu poruku dok se ne uđe u aplikaciju. Kamera je dobra ali sada kada je sve više koristim vidim velike nedostatke. Ne znam od čega zavisi, ali desi se da napravi blede fotke i pored odličnog dnevnog svetla. Jedino lepo što ne štuca u radu.",9,"Dužina (>=15 reči), Suprotni veznici, Negacija, Sleng"
https://mobilnisvet.com/mobilni-komentari/9622/Xiaomi/Redmi-Note-11-Pro-5G/3,Xiaomi,Xiaomi Redmi Note 11 Pro 5G,Đomla,2022-03-14 17:02:00,"Redmi Note 8 pro, 9 pro, 10 pro i 11 pro- isti telefoni. Razlika u finesama, a osećaj u radu- isto. Neke gluposti koje dodaju i marketinški trikovi mislim da su već provaljeni. Ovaj iako 5g, ima najgori procesor od navedenih tj. u radu korak nazad jer je prcesor motor telefona. A stereo zvuk, Amoled bez Always On displeja, ista kamera bila ona 64 ili 108mp...mogu da stave i 308- prodavanje magle. Ko se iole razume u telefone, zna o čemu se radi",9,"Dužina (>=15 reči), Suprotni veznici, Negacija, Specifikacija"
https://mobilnisvet.com/mobilni-komentari/8360/Samsung/Galaxy-A32/4,Samsung,Samsung Galaxy A32,1,2021-07-03 22:06:00,"Dobio sam telefon na poklon. Posle par dana utisci su sledeci: telefon odlicno radi, dosta brz, sve ucitava bez problema, nista ne secka, ne koci. Kamere po danu jako dobre, ali ono cime sam prilicno razocaran jeste da telefon nema autofokus (?!) sto je bas lose i dosta kvari celokupan utisak. Kad se snima video, toliko ume da zamuti da je to strasno, isto i kad se slika, mora da se ceka par sekundi da se procisti slika da biste mogli da napravite fotografiju. Nocu nisam zadovoljan slikama ni videom, cak ni nocnim rezimom, nisu jasne slike, ima mutnog kad se zumira. Tako da kome kamere nisu bas vazne sve preporuke, ali kome jesu, idite na jace modele, A52 i A72, kao i na Redmi Note 10 Pro.",9,"Dužina (>=15 reči), Suprotni veznici, Negacija, Sleng"
https://mobilnisvet.com/mobilni/9b8/Samsung/Galaxy-S26-12GB-512GB-2x-SIM-2x-eSIM,Samsung,Samsung Galaxy S26,Anonymous80,2026-07-11 21:19:00,"Imam s26 512gb već 3 meseca i stvarno sam zadovoljan njime. Imao sam iphone 17 pre njega ali nisam mogao da se naviknem na ios. Ako bih uporedio ova dva, kamera na iphone 17 je nijansu bolja, ali meni to nije značilo jer je Android dosta upotrebljiviji, bar za mene. Baterija kako god da sam ga koristio izdržala je jedan dan. Posto vidim da ima telefona sa boljom baterijom, moja logika je bila da ni jedan ne moze dva dana, a ne znaci mi to sto ce neki gurati sutra do podne, a navikao sam se na s seriju. Jedno bih izdvojio, ekran, boje, kontrasti mislim da je najbolji u klasi.",9,"Dužina (>=15 reči), Suprotni veznici, Negacija, Specifikacija"
https://mobilnisvet.com/mobilni/nqk/Samsung/Galaxy-A05s-4GB-128GB-2x-SIM,Samsung,Samsung Galaxy A05s,Realno,2024-04-28 10:56:00,"Procesor stariji ali skroz solidan po brzini i glatkoći rada, uostalom proveren na niz modela pre ovoga. Ekran ok, nije Samsungova specijalnost IPS LCD ali je čitljiv i dovoljno svetao. Kome treba bolji neka dodatno iskešira za npr OnePlus CE 3 lite i imaće IPS LCD u kvalitetu OLED ekrana. Telefon na androidu 14 radi sa 6gb RAM sasvim dobro jer je i softver  odlično optimizovan. Kamera, da prosek, ko želi bolju - google cam skine sa neta. Baterija 10 dana??? Malo se saberite pre nego što počnete da pišete komentare. Ovde je odnos cena kvalitet skroz u redu. Inače nema NFC kome je to od životnog značaja :)",9,"Dužina (>=15 reči), Suprotni veznici, Negacija, Specifikacija"
https://mobilnisvet.com/mobilni-komentari/2wjlc/Xiaomi/13/3,Xiaomi,Xiaomi 13,Бата,2023-12-07 00:56:00,"Imam izuzetnu nedoumicu, 13t pro ili 13,sa cenom su negde tu pa mi je onda baš teško da odlučim, interesuju me performanse i kamera, igrice volim igrati a takođe volim i da slikam, kakav je 9200+ u poređenju sa 8 gen 2 da li je razlika velika, čuo sam da 13t pro nije tako ekonomičan što se tiče baterije (9200+) naspram 13 (8 gen 2) bežično punjenje mi iskreno nije prioritet ali kul je što ga ima i ultra je brzo ali mogu živite i bez njega iskreno, 13 ima malo ""lošiji"" ekran u odnosu na 13t pro, oba su ip68 što mi je iskreno top, 13 ima malo više ""premijum bild"", a kul mi je i ona 13t pro verzija kožna u plavoj boji, 13t pro je 6.67 naspram 13 koji je 6.36 inča što mi iskreno i nije tako bitno, takođe mi se sviđa što obs imaju ravan ekran jer nisam neki ljubitelj zakrivljenih ekrana, 13 ima (barem kod nas) 8/256 a 13t pro 12/(256)512, da li je to neki veliki skok ili ipak ne,za 256 nisam siguran takođe sam video negde i verziju od 1tb što je po meni ""overkil"" šta će nekome toliko memorije ali dobro, oba imaju ufs 4.0 što je super brzo, ovo bi mi bio prvi ""jači"" telefon tako da ne znam zato je bolje da ovde pitam , da li ih je neko testirao međusobno, imam ovaj Huavej koji polako riknjava a treba mi novi telefon, radujem se odgovorima i nadam se da će te mi pomoći :)",9,"Dužina (>=15 reči), Suprotni veznici, Negacija, Specifikacija"
https://mobilnisvet.com/mobilni-komentari/khb/Samsung/Galaxy-S23/23,Samsung,Samsung Galaxy S23,Nenad,2023-07-04 17:34:00,"Imam s21fe, ok je za moje potrebe ali baterija loša i veoma sporo punjenje 25w mi se smucili.. e sad treba mi tel koji nije glomazan, s23 običan je super ali opet 25w punjenje uhh🙄🙄 razmatram xiaomi 13 i ima sve što mi treba (brzo punjenje, dobra baterija, dobar procesor i kamere, ip 68) sve što mi treba. E sad kad bi s23 samo imao to brzo punjenje.. možda neki treći tipa zenfone 10.. nisam pametan..inace važi za SVE marke danas a to je prenapucana cena i nista novo u moru dosadnih telefona i cigli..",9,"Dužina (>=15 reči), Suprotni veznici, Negacija, Specifikacija"
https://mobilnisvet.com/mobilni-komentari/n97/Xiaomi/Redmi-Note-12-Pro-4G/2,Xiaomi,Xiaomi Redmi Note 12 Pro 4G,Sindarela,2023-11-12 03:52:00,"Telefon sam uzela pre par dana i jako sam zadovoljna... S tim da sam uzela samo jači 8gb/256. Što se osvetljenja tiče, lupate gluposti. Isključite automatsko osvetljenje i neće vam se pomerati. A i logično je da radi na senzor, toplo, hladno. Čitam komentare i ne verujem koliko ste svi ""pametni."" Nisam stručnjak, ali za ove pare telefon je odličan. A vi profesionalci uzmite telefon od 1000-2000e i mirna  Bačka.",9,"Dužina (>=15 reči), Suprotni veznici, Negacija, Specifikacija"
https://mobilnisvet.com/mobilni-komentari/9573/Samsung/Galaxy-S21-FE-5G/18,Samsung,Samsung Galaxy S21 FE 5G,Slavisa,2022-07-30 06:44:00,"Juče kupljen u Yettel-u. Prvi utisci su da je veoma brz i sve glatko radi.Nisam imao samsung sigurno 7 godina i ono što nisu popravili je baterija koja zaista kratko traje. Napunjena do 90 % i 3 sata koriscenja interneta bez gledanja video zapisa,baterija na 65%. Kamere su na prvi utisak odlicne,cekam noc pa cu videti kakva je tu situacija.Imao sam utisak da je malo veci telefon,ali lepo lezi u ruci i brzo sam se navikao iako sam pre njega ima Redmi note 9pro koji je dosta veci. Dolazi sa android 12 i ima kako rekose podrsku do androida 15. Ekran je zaista odlican,a boje lepo uklopljene i uz 120hz osvezenje ekrana,pravo je zadovoljstvo za koriscenje.  Igrice slabo igram,pa tu cu tek videti utiske. Ono sto sam primetio je da dok je na punjacu ima vecu temperaturu i kada ga prislonite na uvo nije nimalo prijatno koliko je topao. Uglavnom prvi utisci su ok,pa ukoliko zelite dobar uredjaj sa dobrim karakteristikama,moja preporuka je za ovaj model. Naravno cena je previsoka i dalje,s obzirom da ce jos malo izaci S23.",9,"Dužina (>=15 reči), Suprotni veznici, Negacija, Specifikacija"
https://mobilnisvet.com/mobilni-komentari/l7m/Samsung/Galaxy-S23-Ultra/36,Samsung,Samsung Galaxy S23 Ultra,BL.....,2023-06-23 23:35:00,"Imao neki xiaomi,svi pišu Samsung najbolji softver u Android O.S..kupim Samsung s20 serija ,bila povoljna cena.ekran amoled ubi oči ne moze se dugo gledati,sistem i aplikacije sa svim ažuriranjima zauzima 53 GB.bez ijedne igrice samo osnovne aplikacije..sam sistem 25 GB a kod aplle 13p max 10GB.kod Xiaomi zauzima sve ukupno oko 35 gb..i kazu da novi xiaomijev MiUi 14 mnogo dobro i brzo radi..  i moje iskustvo xaomi sa sd845 nekako fluidnije radio od ovoga sa sd 865..kamera samo glavna ima kvalitet ostalo srednje u pokušaju..i ako se nastave ova mesečna i velika ažuriranja do isteka podrške napunice svih 128 gb telefona..ima tu jos stvari koje me nerviraju ali morao sam napisati ovde neka moja iskustva .da nije baš sve sjajno kakvim se predstavlja..i definitivno sledeći telefon uzimam Huawei  ili honor možda se i vratim Xaomi_u..mnogi će reći ovde je tema s23 ultra sta ovde pišeš o drugom modelu ali je isto bio premium uredjaj i uopšte pocetna cena nije bila mala i naravno s klasa Samsunga..",9,"Dužina (>=15 reči), Suprotni veznici, Negacija, Specifikacija"
https://mobilnisvet.com/mobilni-komentari/8497/Xiaomi/Mi-11i/2,Xiaomi,Xiaomi Mi 11i,Fily,2021-11-12 17:51:00,"Nekoliko dana posedujem ovaj telefon. Utisci su dobri. Mozda sam previse ocekivao, ali generalno je ok. Najveca prednost je CPU, SD 888 je i dalje jedan od najjacih procesora, te se to u radu itekako primeti. Sto se tice baterije, ne ocekujte autonomiju vecu od jednog dana, ako ga koristite intenzivnije, i ako vam je pritom ukljucen refresh rate na 120hz, sto bi trebalo biti. Kada govorimo o ekranu, utisci su mi pomesani, da ne kazem da sam zbunjen. Prilicno je automatizovan, po meni svetlina nije bas najjaca, kada poterate skalu do kraja. Da li ce se to poboljsati u nekim kasnijim update-ovima, ne znam. Kamere su dobre, shodne ceni modela. Istina, njima sam se najmanje zabavljao. Sve u svemu, mora se reci da vredi te pare. Flagship performanse za ispod 500eur.",9,"Dužina (>=15 reči), Suprotni veznici, Negacija, Specifikacija"
https://mobilnisvet.com/mobilni-komentari/l7m/Samsung/Galaxy-S23-Ultra/34,Samsung,Samsung Galaxy S23 Ultra,Petar85,2023-07-03 04:40:00,"nema to neke razlike i u fotografijama,samo se vama cini i necete sebi da priznate,sve je isto,nista huavei nema ni cistiju nu detaljniju fotografiju,samo razlika je u tome sto tih 200MP su totalna laz kao da je 50MP,ljudsko oko ima oko 576MP sto bi de reklo da tih 200 mora da ima ostrinu extra ali i polu corav covek vidi da od toga nema nista,jos mi nismo dostigli vise od 50MP,,,jedino sto mogu izdvojiti da je vrlo dobra stvar je taj zum,dakle ne odlicna ali vrlo dobra stvar",9,"Dužina (>=15 reči), Suprotni veznici, Negacija, Specifikacija"
https://mobilnisvet.com/mobilni-komentari/9654/Samsung/Galaxy-S22-Ultra-5G/2,Samsung,Samsung Galaxy S22 Ultra 5G,Zoran 023,2024-10-14 01:52:00,"Pozdrav da li je neko imao slican problem? Primetio sam da su mi na s22 ultra 256gb slike malo izduzene izopacene - odnosno  neki detalji izduzeni dosta dodju naspram tela - naime fokus i detalji su dobri ali kad pogledam npr sliku gde stojim - sve je okej dok ne pogledam dole u patike - cipele ispadne kao da nosim 52 broj a ne 42 - ili kad je grupna slika sve nekako rasiri nekad ... bas razocaravajuce... ne znam kako je moguce da se napravi takav propust a ""klasa od telefona"" ... susrecem se prvi put sa ovakvim fotografijama...",9,"Dužina (>=15 reči), Suprotni veznici, Negacija, Specifikacija"
https://mobilnisvet.com/mobilni/6n9/Xiaomi/Redmi-Note-13-Pro-4G-8GB-512GB-2x-SIM,Xiaomi,Xiaomi Redmi Note 13 Pro 4G,Luka,2025-05-11 17:47:00,"Kamera kao 200MP bolje da slikam tosterom nego sa ovim telefonom, kad gledam instagram reels-ove sve baguje isto i za tik tok, o bateriji ni da ne pricam od 8h do 15h ostanem na 25% i to samo dok sam u skoli dok ga ne koristim. Ekran ima senzor za sunce pa se aktivira neki mod za bolju vidljivost i to je ok jedino sve ostalo za bacanje..",9,"Dužina (>=15 reči), Suprotni veznici, Negacija, Specifikacija"
https://mobilnisvet.com/mobilni/9sz6d/Apple/iPhone-13-256GB-Red,Apple,Apple iPhone 13,Teodor,2025-10-24 18:55:00,"Imam ovaj telefon skoro godinu i po dana i prezadovoljan sam . Medjutim, pre oko nedelju dana glavna kamera ne moze uopste da izostri bilo sta blize od  10cm. Znam da mi je prethodno telefon pao ali nista ozbiljno, imao je masku i nije mu bio prvi put da je pao. Ima li neko drugi ovakav problem ili je to samo softverski problem.",9,"Dužina (>=15 reči), Suprotni veznici, Negacija, Specifikacija"
https://mobilnisvet.com/mobilni/nc2/Samsung/Galaxy-A25-8GB-256GB,Samsung,Samsung Galaxy A25,Miki,2024-10-31 21:45:00,"Radio odlično pola godine, sad jako sporo. Šta može biti razlog? Od 128gb zauzeto manje od 60gb. Ram od 6gb zauzeto 3,4gb, čistim keš stalno, ali ne vredi. Šta još mogu da mu uradim da ne bude toliko spor i da radi kao u početku?",9,"Dužina (>=15 reči), Suprotni veznici, Negacija, Specifikacija"
https://mobilnisvet.com/mobilni-komentari/f2p/Samsung/Galaxy-S23-FE/3,Samsung,Samsung Galaxy S23 FE,Milan,2023-12-11 18:25:00,"Ne znam zasto vecini problem predstavlja brzina punjenja? Razmislite sta radi punjac od 120w bateriji posle 6 meseci upotrebe? Tehnologija je ostala ista i niko nista tu jos nije promenuo a da ne naskodi trajnosti baterije. I onako vam proizvodjaci daju garanciju od 6 meseci na fabricku bateriju i ako je na ostatak telefona 2 godine. Ako neko ne moze ostaviti 2 sata telefon na punjacu, tj sporom punjenju i da ga ne cacka, po meni bi trebao ozbiljno da razmisli o poseti doktoru. Imam na samsungu opciju za brzo punjenje koju naravno drzim iskljucenom, cak je i sam Samsung jedan period kroz apdejte iskljucivao sam to. Ali su skontali da im je opala prodaja rezervnih baterija. Takodje imate skriveni bezbedonosni protokol koji otkucava broj brzih punjenja i broj sporih punjenja, sto vise energije ""provucete"" kroz bateriju ona zakljucava svoj kapacitet. Vama pise na telefonu da je napunjena 100% a zapravo koristi 70% prvobitnog kapaciteta. Cak ovlasceni servisi u Srbiji nemaju alat da to resetuju i kad stave novu bateriju. Tako da pamet u glavu i sto manje punjenja ako hocete da Vam telefon duze traje.",9,"Dužina (>=15 reči), Suprotni veznici, Negacija, Specifikacija"
https://mobilnisvet.com/mobilni/sfg/Honor/X6c-8GB-256GB-2x-SIM,Honor,Honor X6c,Realno,2026-05-17 01:43:00,"honori, pa cak i ovaj jeftini imaju dobre fotografije ali losiji crop. Dakle fotke izgledaju dosta dobro ako ih ne povecavate previse, a i video je ok.",9,"Dužina (>=15 reči), Suprotni veznici, Negacija, Sleng"
https://mobilnisvet.com/mobilni/sfg/Honor/X6c-8GB-256GB-2x-SIM,Honor,Honor X6c,Surfer,2025-08-28 12:26:00,"Ne znam koliko je kod vas ali u Eu trenutno kosta 99 Eura.  I malo sam ga provjeravao i nisam zadovoljan sto se tice fotografija videa i ekrana , inace mobitel je stvarno  lijep. Sto ne valja kod kamere, brzo gube ostrinu kad ih se zumira u galeriji nakon fotkanja. A sto je jos cudnije fotke u punoj rezoluciji imaju jos manje detalja. Video isto ima los zum kad  se snima. Ekran je samo hd rezolucije sto mu je po meni velika mana.  Realno ne isplati ga se kupiti jer se za isti novac 99 e moze kupiti Samsung A05s koji pravi daleko bolje fotografije i ima full hd ekran. Inace ako usporedimo neke od novih Redmi mobitela poput Redmi a5 , Redmi 13 c , Redmi 14 c ovaj honor ipak ima bolju kameru, dakle kameru mu nije toliko losa, ali Samsung ima bolju. Eto nadam se da sam nekom pomogao u odluci sto da kupi.",9,"Dužina (>=15 reči), Suprotni veznici, Negacija, Sleng"
https://mobilnisvet.com/mobilni-komentari/gzw/Honor/Magic8-Pro-12GB-256GB-1x-SIM-1x-eSIM/4,Honor,Honor Magic8 Pro,Stefan,2026-04-28 08:06:00,"Zdravo svima, koristio sam mnogo androida do sada, od Xiaomija do Honora i Pixela (Samsung nisam za sada). Trenutno imam iphone 16 pro max, ne patim od brendiranja, ljubitelj sam tehnologije i vjerujem da svaki brend ima nesto dobro da ponudi. Telefone mjenjam na nekih godinu - dvije, zavisi od situacije i potrebe. Planirao sam da uzmem novi, i sada se dvoumim. Izbor se sveo na honor magic 8 pro i xiaomi 17 ultra. Da li neko moze da mi kaze pluseve i minuse oba modela, onako u kratkim crtama? Najbitnije stvari su mi ekran (znam da je tu honor u prednosti), kamere (tu bih rekao da je gusto, ali xiaomi ima autenticnije fotke sa manje AI) i baterija, sto znam da varira na oba telefona kad je EU verzija u pitanju. I da oba modela rade na eSim, ne koristim fizicku SIM karticu. Svaka povratna informacija je dobrodosla. Hvala unaprijed, pozdrav",9,"Dužina (>=15 reči), Suprotni veznici, Negacija, Sleng"
https://mobilnisvet.com/mobilni-komentari/blm/Honor/Magic5-Lite/11,Honor,Honor Magic5 Lite,Coja,2023-09-18 12:02:00,"Za ove pare nov tel bolji nema.Baterija sa ful forsiranje dan lagano , ekran na pola pojacan vidi se napolju odlicno , velika memorija 8 ram .. Jedino sto mi se ne svidja tolko je kamera ali sluzi posoo..",9,"Dužina (>=15 reči), Suprotni veznici, Negacija, Specifikacija"
https://mobilnisvet.com/mobilni-komentari/7651/Apple/iPhone-SE-(2020)/5,Apple,Apple iPhone SE (2020),Nina Pančić,2021-07-16 21:18:00,"Evo već mesec dana koristim ovaj telefon, ima 64gb i odlican je! Baterija mu izdrzava 5 sati, a ukoliko imate 18w punjac napuni ga za sat ipo vremena, sto je neverovatno! Kamere su mu odlicne uhvate stvarno sve detalje, a zadnja kamera snima odlican video. Definitivno bih preporucila telefon, pogotovo onima koji zele iphone po upola cene. Jedina mana je sto nema opcije za srpski i bosanski jezik, a engleski mi bas i ne ide pa sam prinudjena da koristim hrvatski, ali ne smeta mi.",9,"Dužina (>=15 reči), Suprotni veznici, Negacija, Specifikacija"
https://mobilnisvet.com/mobilni/y11/Apple/iPhone-17-8GB-512GB-2x-eSIM,Apple,Apple iPhone 17,МП,2026-05-12 00:17:00,"Nisam merio vreme punjenja, ali se brzo napuni telefon. Mislim da nema neke razlike u vremenu kao kod originalnog punjača od 40W. Sa tim od 20W ćeš dobiti verovatno malo duže vreme punjenja. A šta je tačno bolje nemam pojma. Na sajtu za Anker piše da odgovara za Iphone, poznata su firma, tako da...",9,"Dužina (>=15 reči), Suprotni veznici, Negacija, Specifikacija"
https://mobilnisvet.com/mobilni-komentari/xnjcm/Xiaomi/Redmi-Note-12-Pro/5,Xiaomi,Xiaomi Redmi Note 12 Pro,Saša,2023-09-21 16:06:00,"Ja sam prilično nezadovoljan update sa 12 na 13 android. Dok je bio na 12 baterija duže trajala, i nisam imao potrebe da podesavam ekran na 120hz sad moram non stop da drzim na 120hz,,(posle update tel je sam podesio na 120hz) jer kad podesim na 60hz ekran kao da radi na 30hz katastrofa,ladno se mute ikone kad pomeram užas živi... Generalno tel je ok ne greje se,doduše nije kupljen u Srb dali ima neke razlike ne znam. Valjda ce nešto srediti po pitanju ovog osvežavanja ekrana nekim novim update. Ja ne preporucujem update sa 12 na 13,da sam znao da ce ovako biti ne bih nikad update.",9,"Dužina (>=15 reči), Suprotni veznici, Negacija, Specifikacija"
https://mobilnisvet.com/mobilni-komentari/khb/Samsung/Galaxy-S23/7,Samsung,Samsung Galaxy S23,Stefan,2024-11-03 11:39:00,"Jel ima neko problem da mu se brzo trosi baterija? Ne znam sve je super, ali meni nekako baterija se brzo trosi, jedva izdrzi ceo dan iz dodatno punjenje, jeste mi ukljucen na 120hz osvezavanje ekrana, i imam belu temu, svetlo ekrana mi je ispod pola skoro na minimumu,jer je dobro osvetljenje,ali to ne bi sad trebalo toliko da utice na rad baterije",9,"Dužina (>=15 reči), Suprotni veznici, Negacija, Specifikacija"
https://mobilnisvet.com/mobilni-komentari/9622/Xiaomi/Redmi-Note-11-Pro-5G/3,Xiaomi,Xiaomi Redmi Note 11 Pro 5G,Marko,2022-03-23 12:48:00,"Nema potrebe preterivati, može se reći da nema velike razlike u odnosu na Redmi Note 10 Pro ali je pogrešno reći da je gori nego Redmi Note 10 Pro. Na strani ovog modela je 5G podrška, svetliji ekra, duplo brže punjenje i duplo brži punjač, kao i noviji čipset koji bi trebao uticati na duže trajanje baterije. Na strani Redmi Note 10 Pro modela je u suštini 4K podrška za snimanje i 5MP Macro kamera dok je kod ovog modela 2MP. Jedan i drugi čipset imaju identične rezultate sa razlikom da je ovaj efikasniji i noviji. Tako da se ne može reći da je ovaj model lošiji , već se može reći da je bolji, iako nema velike razlike, najveća razlika je 5G naravno. Što se tiče poređenja sa Redmi Note 9 Pro, slične stvari kao i sa poređenjem sa Redmi Note 10 Pro, sa ogromnom razlikom što se tiče ekrana, AMOLED ekran sa 120Hz pravi osetnu razliku uodnosu na IPS sa 60Hz.",9,"Dužina (>=15 reči), Suprotni veznici, Negacija, Specifikacija"
https://mobilnisvet.com/mobilni-komentari/khb/Samsung/Galaxy-S23/8,Samsung,Samsung Galaxy S23,A,2024-10-11 22:07:00,Htela sam da kupim s23 256gb ali ga iz nekog razloga trenutno nema u prodaji ne znam da li trajno ili...? Interesuje me da li bih poglesila ako uzmem s24 256gb jer vidim da se mnogi zale na bateriju i zagrevanje ili da sacekam da vidim da li ce se s23 pojaviti?,9,"Dužina (>=15 reči), Suprotni veznici, Negacija, Specifikacija"
https://mobilnisvet.com/mobilni-komentari/8239/Samsung/Galaxy-S21-Ultra-5G/2,Samsung,Samsung Galaxy S21 Ultra 5G,S21ultra,2024-05-26 22:07:00,Sa ovim 6.1 koji nista nije novo dobijeno a potroseno 2.5gb sem da mi je unisten  mobilni trosi bateriju kao nenormalan dva puta ga punim na dan dok je bio na 6.0 sve mi bilo super,9,"Dužina (>=15 reči), Suprotni veznici, Negacija, Specifikacija"
https://mobilnisvet.com/mobilni-komentari/9955/Honor/70/5,Honor,Honor 70,danilo,2023-12-10 01:16:00,"opa odavno nisam naiso na nesto ovako dobro za ovaj iznos recimo do nekih 320e nov,neko kao neko ko menja mobilne na dva tri meseca svasta mi proslo kroz ruku,ovo jako dobro brzina,ekran predivan,kamera jes bez ois al brzo okida fotke ni treba,video stabilizacija radi i na 60fps i na 4k sto je pradaox jer na nekim koji imaju ois ne radi na 4k i 60fps,tolko o tome kolko je kvalitetan uredjaj,jako prijatno iznanedjen,nije mi bio u pocetku privlacan jer kad se pojavio bio nesto skup,velika preporuka ko zeli dobar stabilan uredjaj sa recimo skoro fleg ship kamerama i dobrom baterijom koja traje nekad i dva dana,napred honor veliko postovanje",9,"Dužina (>=15 reči), Suprotni veznici, Negacija, Sleng"
https://mobilnisvet.com/mobilni/nqk/Samsung/Galaxy-A05s-4GB-128GB-2x-SIM,Samsung,Samsung Galaxy A05s,Silver,2024-08-17 06:51:00,"Ovako.... ovaj mobitel ima losu kameru kad je mrak. Pa ubacite gcam camera  aplikaciju.  Gcam mu znacajno popravi fotografije po mraku. Koristite Gcam i kad je oblacno. Ako hocete da vam selfiji budu puno bolji isto koristite gcam. I napravite cete duplo pa cak i troduplo bolje selfije. Na Gcam obavezno ukljucite hdr+, bez toga su fotke nikakve.  Ali kad je suncano i vedro vrijeme koristite Samsungovu tvornicku kameru u nacinu 50 mpx jer je odlicna. Ovaj Samsung po suncanom vremenu pravi stvarno dobre  fotke.. Ali u nacinu kamere 50 mox , 13 mpx je premalo za fotografije sa puno detalja. Video nisam uspio  poboljsati. Mozete snimati i video od cak 120 slika u sekundi preko apk trece strane ali ne dobijate na kvaliteti snimke.  Ako vam se pojave crte na nebu kad fotkate onda prebacite kameru u nacin 50 mpx format 16 9 i crte ce nestati, ili fotkajte sa nekom drugom camera apk. To se ponekad dogodi ali ne precesto. Sve u svemu za ovaj novac koliko kosta ovaj Samsung ima dobru kameru koja ima i mana ali njih ispravite ovako kako sam vam iznad napisao i biti ce ok.",9,"Dužina (>=15 reči), Suprotni veznici, Negacija, Sleng"
https://mobilnisvet.com/mobilni/nqk/Samsung/Galaxy-A05s-4GB-128GB-2x-SIM,Samsung,Samsung Galaxy A05s,Super kamera,2024-05-17 01:08:00,Sta sve necu procitati u komentarima. Kamera prosjecna losa ???? A imate li vi ljudi ovaj telefon. Ako ga imate onda upalite kameru.  Pa prebacite na nacin  50 mpx. I po suncanom danu uslikajte pcelu na cvijetu. I onda idite u galeriju pa zumirajte fotku. I kad povecate tu pcelu na cijeli ekran onda napravite screenshot pa spremite tu fotku pcele. I pokazite svima tu fotku pcele. Znate sto ce vam ljudi reci ? Da je nemoguce da ste tako dobru fotku pcele napravili sa telefonom . Da ih lazete i da ste tu fotku ili skinuli sa interneta ili uslikali  sa nekim dobrim fotoaparatom. Toliko o kameri na ovom telefonu. Kamera je fantasticna.  Ko zeli dobru kameru a za mali novac neka trci po ovaj telefon. Jedino po mraku ne radi dobre fotke ali to isprave aplikacije drugih kamera koje mozete instalirati.,9,"Dužina (>=15 reči), Suprotni veznici, Negacija, Sleng"
https://mobilnisvet.com/mobilni-komentari/8227/Samsung/Galaxy-S21-5G/2,Samsung,Samsung Galaxy S21 5G,Maja,2023-02-12 21:34:00,"Pozz ekipo, negde je pisalo ali ne nalazim, gde je najbolje kupiti samsung punjac i da li je bitno i koji je kabl ili samo da je recimo original adapter ili i to moze zamenski bilo koji od recimo 25w? Hvala",9,"Dužina (>=15 reči), Suprotni veznici, Negacija, Specifikacija"
https://mobilnisvet.com/mobilni-komentari/9955/Honor/70/10,Honor,Honor 70,Jole,2023-06-07 10:29:00,"Motorola je izbacila Edge 40 model sa sjajnim performansama ima IP68, aluminijumski ram i bezicno punjenje,dobar procesor Dimensity 8020 koji je bolji od 778G+ sto je na sedamdesetici i OIS na kameri sto je za srednji rang veliki iskorak,malo pre sam pogledao recenziju ali meni licno minus dajem Stock androidu koji ne volim jer mi vizuelno klasican i bzv mada i to moze da se koriguje sa temama,cekam Honor 90 da se pojavi kod nas pa ako mu ne bude visoka cena i bude negde kao Motorola do 60.000 onda cu njega uzeti. Uzimam preko operatera i ne zelim da dam sve sa paketom vise od 4000 mesecno aj maks 4500 ali moram bas bas da se zagrejem za neki uredjaj da bi dao tolike pare ako gledamo za taj vremenski raspon od 2 godine. Jasno je meni da je sve poskupelo ali to je ipak telefon i jeftiniji uredjaji zavrsavaju sve poslove (drustvene mreze,gejming,snimanje,slikanje,pozivi,poruke,surf po netu...). Tako da ono sto je sada na trzistu u toj srednjoj klasi telefona ova dva modela aj 3 sa Honor 70 su mi skrenuli paznju i privukli. Koristim Poco F3 i zavrsavam sa njime bez problema sve dnevne zadatke odradjuje tako da bi presao na neki mora da bude bolji ili ti da opravdava prelazak sa ovog na taj a 70 je onako tu negde nista specijalno. Posto uzimam uz paket preko operatera cena ce odrediti koji uredjaj da uzmem za sada Motorola Edge 40 je favorit dok ne dodje Honor 90 a u A1 je 3800 uz paket sa 24 gb neta ako Honor kao sto zna digne dosta cenu tipa da izadje 4500 i vise dobro cu razmisliti jer ne zelim vise da dajem puno para za telefon jer i ovaj sad zadovoljava sve moje kriterijume.",9,"Dužina (>=15 reči), Suprotni veznici, Negacija, Specifikacija"
https://mobilnisvet.com/mobilni-komentari/blm/Honor/Magic5-Lite/9,Honor,Honor Magic5 Lite,djole,2023-10-30 16:12:00,Pozdrav drugari mene verovatno više neće biti na ovom forumu jer mi sutra stiže novi telefon OnePlus Nord 3 danas sam ga poručio za 450€ verzija 16/256gb a ovaj ću verovatno da prodam ali i dalje stojim uz to da je ovo jedan od najboljih telefona što se tiče baterije ali me je malo smorio sa apdejtima i nema još androida 13 dok ovaj Nord 3 dolazi sa androidom 13 u kutiji i što je mene još važnije dobija se adapter za punjenje u kutiji. Znam da je Nord 3 dosta bolji a i skuplji zato što dolazi sa Flegšip procesorom ali ću doći ponovo na ovaj forum samo da napišem kakav je Nord 3 ako nekoga zanima da predje na njega i to je to od mene.,9,"Dužina (>=15 reči), Suprotni veznici, Negacija, Specifikacija"
https://mobilnisvet.com/mobilni/sw0/Honor/600-Lite-8GB-256GB-2x-SIM,Honor,Honor 600 Lite,Bojana,2026-07-03 11:05:00,"Taman odlucim da kupim honor 600 lite, vec narucim maske i stakla, on pojeftini (19.176 dinara) ali ne samo on nego i samsung A56 (31.176 dinara), a izmedju ta dva sam se i lomila. Odmah za A56 po ceni je honr 600 256GB (43.176). Evo ne znam, pametna nisam. U principu mi treba fina kamera i dobra baterija jer dosta slusam you tube ali me sikira ovo da honor nema stabilizaciju, a nisam sigudna koliko to utice na kvalitet fotografije. Hvala svima na odgovorima.",9,"Dužina (>=15 reči), Suprotni veznici, Negacija, Specifikacija"
https://mobilnisvet.com/mobilni/dd4/Honor/Magic6-Lite,Honor,Honor Magic6 Lite,Dž,2025-03-26 11:02:00,"Posle 245 dana korišćenja da iskomentarišem ovaj model,baterija je nikakva kao na početku kao sada,radio i factory reset,ne vredi možda je u praksi samo ta jačina baterije,više bih rekao da je 4.000Mah zatim video snimanje je jako jako jako loše,selfie kamera je dobra,zadnja glavna kamera je dobra,kažem dobra ne odlična,desi se tu i tamo neki bag,seckanje,ne postoje niti zelene niti crvene niti linije,niti mrlje,ne igram igrice,isključivo društvene mreže tik tok,fb,ig. Za ovu cenu za koju se sada nudi od oko 200€ nov je best buy telefon. Android 15 nema niti će ga biti na ovom modelu,stižu bezbdenosne zakrpe ali to je u suštini sve.",9,"Dužina (>=15 reči), Suprotni veznici, Negacija, Specifikacija"
https://mobilnisvet.com/mobilni-komentari/87w/Honor/400-Pro-12GB-256GB-1x-SIM-1x-eSIM/11,Honor,Honor 400 Pro,Aleksa,2025-07-10 14:11:00,"Primetio sam jako cudnu stvar kod ovog telefona i njegovog punjenja. Dok sam punio na zeninom punjacu (honorov od 66w) telefon bez ukljucivanja brzog punjenja punio za 40-42minuta, sad kad mi je stigao od 100w telefon se puni za 48minuta. Jel zna neko kako je ovo moguce?",9,"Dužina (>=15 reči), Suprotni veznici, Negacija, Specifikacija"
https://mobilnisvet.com/mobilni-komentari/9573/Samsung/Galaxy-S21-FE-5G/19,Samsung,Samsung Galaxy S21 FE 5G,Helios,2022-05-26 17:58:00,"Moram priznati da je od poslednjeg ažuriranja telefon dosta hladniji dok radi na 120hz. Ono što je svakako boljka je što ekran nije adaptivan i dosta vuče baterije. Međutim, našao sam rešenje. Pošto tako visok stepen osveženja nije potreban za yt, tik tok, zatim dok slušate muziku, u većini igara.....zadao sam mu zadatak u Bixby-ju da kada su pokrenute aplikacije u kojima ne igra nikakvu ulogu visok stepen osveženja, da ga spušta na 60hz. Tako da je baterija ok, obzirom da se ne troši previše tamo gde nije potrebno. Čak i da ima adaptivno osveženje, ovo je bolje rešenje.",9,"Dužina (>=15 reči), Suprotni veznici, Negacija, Specifikacija"
https://mobilnisvet.com/mobilni-komentari/7651/Apple/iPhone-SE-(2020)/10,Apple,Apple iPhone SE (2020),Apfel,2020-10-28 05:45:00,"Telefon je zvecarka otvara sve bez greske,kamera dobra,baterija moze jedan dan normalno koriscenje sto je meni dovoljno da pricam o razlikama izmedju androida i ios je glupo baterija jeste mogla da bude veca ali ko uzima ovaj tel ako se malo razume da 1821mAh nije dosta za nekoga ko siluje yt i snima sa njim,ekran dobro prikazuje boje zadovoljan sam,zvucnik prva liga igrice jos nisam probao ali ne sumnjam u A13 jer je u samom vrhu 7nm cipova ako ne i najjaci.Svaka preporuka",9,"Dužina (>=15 reči), Suprotni veznici, Negacija, Specifikacija"
https://mobilnisvet.com/mobilni-komentari/9573/Samsung/Galaxy-S21-FE-5G/19,Samsung,Samsung Galaxy S21 FE 5G,B.,2022-06-27 07:01:00,"#miki 02,ako si podesio rutine i iskljucio 120hz moze da traje dan ipo ali cemu onda ovaj tel sve dobro radi ali samsung uvek soalamudi sa baterijom,neko se zali na grejanje kod mene se nije grejao nikada ali igrice neigram",9,"Dužina (>=15 reči), Suprotni veznici, Negacija, Specifikacija"
https://mobilnisvet.com/mobilni-komentari/9573/Samsung/Galaxy-S21-FE-5G/23,Samsung,Samsung Galaxy S21 FE 5G,Marko,2022-01-21 22:22:00,"Ne ispati se Kupiti sada s21 fe bolje da prodje par meseci i onako izlazi s22 ali se Trend manjih displeja vraca na s22 displej 6,06 inča što znaci opet ce doci vreme kompaktnih telefona.",9,"Dužina (>=15 reči), Suprotni veznici, Negacija, Specifikacija"
https://mobilnisvet.com/mobilni-komentari/7651/Apple/iPhone-SE-(2020)/4,Apple,Apple iPhone SE (2020),jabucar,2022-01-09 23:21:00,"Planiram da kupim ovaj telefon. Koliko vidim na jutjub otpakivanjima, u kutiji ne stize punjac ali dolazi usb-c - lightning kabl. Da li mogu sa tim kablom da povezem hamin 20W punjac koji ima usb-c ulaz za kabl, i kojom brzinom bi se ajfon punio? Da li je takvo punjenje bez stete za telefon?",9,"Dužina (>=15 reči), Suprotni veznici, Negacija, Specifikacija"
https://mobilnisvet.com/mobilni-komentari/8239/Samsung/Galaxy-S21-Ultra-5G/12,Samsung,Samsung Galaxy S21 Ultra 5G,Honda,2021-02-17 19:16:00,"Posle par nedelja korišćenja mogu da kažem da je tel brutalan,za dve klase bolji od Huawei p30 pro kojeg sam imao 2 god. Iako ima punjač od 25w puni veoma brzo,za nijansu sporije od p30 pro koji je imao punjač od 45w skoro ne primetna razlika. Android radi u fulu,ni trunku ne baguje sve radi glatko i brzo,kamera takođe odlična. Od mene svaka preporuka,tel trenutno najbolji na tržištu.",9,"Dužina (>=15 reči), Suprotni veznici, Negacija, Specifikacija"
https://mobilnisvet.com/mobilni-komentari/9573/Samsung/Galaxy-S21-FE-5G/22,Samsung,Samsung Galaxy S21 FE 5G,eki,2022-03-09 17:24:00,"Planiram da kupim ili A52s ili S21 FE razlika je nekih 170 eura,e sada citajuci zakljucio sam da mnogi navode kao problem bateriju na S21 fe,je li bas toliko slaba baterija na S21 fe ,maltene ispada da ne mogu ni ceo dan izguram .Koristim .face,viber,vhatsapp,instag.i citanje novina ,pomalo Y.Tube.A cena je bas povoljna .za koliko se puni telefon sa ovim punjacem od 25v, i mogu li menjati 120 hz na manje ili je zakovano na 120 hz.Da cekam ovaj A53 novi ne bih,bice im skoro ista cena,i da jasne su mi razlike izmedju serije A i S,ali eto povukle me cene ..",9,"Dužina (>=15 reči), Suprotni veznici, Negacija, Specifikacija"
https://mobilnisvet.com/mobilni/r6z/Samsung/Galaxy-S25-Ultra-12GB-1TB-1x-SIM-2x-eSIM,Samsung,Samsung Galaxy S25 Ultra,Ista pesma,2026-07-11 18:21:00,"Posle update-a na ONE UI 8.5, kreće katastrofa. Kamera softver je usporen, stabilizacija pogoršana (i za fotku i za video) . AI podrška za trenutnu obradu fotografije dodatno usporena. Sistem previše štedi bateriju, sve više smanjujući refresh rate sa 120hz na 50-60hz, ne bi li baterija duže trajala. Optimizacija ekrana, konkretno automatska svetlina je uvek na 20%,a  nekada i na 15%, kada god je malo mračnije u prostoriji, suviše zatamnjuje ekran, kada god u prostoriji nema svetlosti. Time on opet maximalno štedi bateriju, iako mu to niko nije tražio. Sve je podredjeno nekoj nasilnoj uštedi energije. Dok je bio stariji sistem ONE UI 8.0, sve je bilo perfektno. Brzina kamera, procesuiranje slika, cak i optimizacija baterije. Ja se nadam da će sve ovo softverski ispeglati, u suprotnom, ovaj telefon nije za preporuku.",9,"Dužina (>=15 reči), Suprotni veznici, Negacija, Specifikacija"
https://mobilnisvet.com/mobilni/9873/Honor/X7,Honor,Honor X7,Stefan,2023-05-31 19:02:00,Pozdrav ljudi evo da se javim nakon 10 meseci koriscenja honor x7 telefona odlično se pokazao ima veliki ekran od 90hz sto je meni bitno kamera nije bas najbolja ali je ok za fotografije procesor je super mada mislim da za jos bolji novac moze da se nadje neki drugi sto se tice baterije odlična je 5000mAh izdrži 2 dana ja ga koristim stalno pa mi drzi 1 dan softver je super magic ui jako lep skin sve u svemu odličan telefon zadovoljan sam,9,"Dužina (>=15 reči), Suprotni veznici, Negacija, Specifikacija"
https://mobilnisvet.com/mobilni/rp21x/Honor/X6-128GB,Honor,Honor X6,Đorđe,2023-03-09 20:32:00,"Kupljen pre tri dana. Prvi Android sa kojim sam 100%zadovoljan. Odlikuje ga moderan dizajn i strašno dobar meni,kao i baterija od 5000mAh. Takođe, nudi kristalno jasnu sliku. E sad, nisam neki dan slikanja telefonom, ali prosto ne mogu da izdržim da ne slikam bar par puta dnevno. Jer ovaj telefon ima tri kamere,jedna je 50mPx, makro 2mPx i mikro 2mPx. U kombinaciji su jako moćni. Kamere mu imaju oznaku AI(ARTIFICIAL INTELEGENCE). Funkcije ima napredne iako je Android 12, ali to se kod Huawei Honorar ne oseća jer ne odustaju od launchera koji su pustili kada su izbacili Android 6, samo su od tada napumpali funkcije telefona. Prelep dizajn,odlično mu stoji PVC maska, punjač 10W mada ga punim sa starim od 18W. Toliko, ako mi ne verujete, pogledajte recenziju na YouTube. Toliko. Pozdrav svz",9,"Dužina (>=15 reči), Suprotni veznici, Negacija, Specifikacija"
https://mobilnisvet.com/mobilni/9873/Honor/X7,Honor,Honor X7,Dalibor,2023-04-18 11:26:00,"Telefon je extra...imam model 4/128 gb već oko 3 mjeseca...ni jednog trena nije zakočio...baterija mu je ok, kamere isto...instalirao sam gcam što daje još bolje fotografije...hd plus ekran, ali se ne primijeti razlika u odnosu na fullhd....ima sam xiaomi telefone ranije, ali nisam bio zadovoljan jer su često zezali sa ažuriranjima...topla preporuka svima....Lp",9,"Dužina (>=15 reči), Suprotni veznici, Negacija, Specifikacija"
https://mobilnisvet.com/mobilni-komentari/9817/Honor/X8/5,Honor,Honor X8,Kiklop,2022-08-02 00:48:00,"Telefon je sprdnja i ne vredi ni 50evri kamera očajna ako si pijan ili ti se tresu ruke zaboravi na fotkanje i u kući su fotke mutne i tamne ako slikas po mraku onda je to komendija, vidljivost ekrana na suncu minus beskonačno inače i displej nije oled, ima dovoljno memorije ali ako igraš igrice bices veoma razocaran, izgled telefona je ok ali najviše me razočaralo saznanje da kinezi imaju mogućnost da nadgledaju i slušaju tvoje razgovore i sms kao i internet browser, a još gore je što je moguće da su kamera i mikrofon u svakom trenutku upaljeni i da te nadziru i slušaju bez tvog znanja, ali najgore od svega je to što imaju potpunu kontrolu nad svim aplikacijama u telefonu i nadgledaju galeriju tako da mogu da ti pokupe intimne fotke ili video zapise i na taj način možda si već uveliko zvezda nekog porno sajta u kini a da toga nisi ni svestan!!! Inače telefon je extra ako ćeš da ga bacis u wc šolju da se udavi u ga jer za bolje nije, bzv bačena lova... Jadno je šta sve uvaljuju i 99% sam siguran da telefon koji je kupljen nov nije bio nov jer su u njega ubacili delove od drigih modela koje su reciklirali. Očaj tuga i žalost iskreno vracam se na stare modele telefona jer ovi nisu vredni moje pažnje i zašto bi bilo ko plaćao da ga špijuniraju stranci?",9,"Dužina (>=15 reči), Suprotni veznici, Negacija, Sleng"
https://mobilnisvet.com/mobilni/c9y6l/Apple/iPhone-14-Plus-256GB-Red,Apple,Apple iPhone 14 Plus,Žorž,2026-06-03 15:43:00,"Imam ovaj 14 plusa od 128gb, batery 90%, ali ne mogu ja sad na ios nikako, a imam i Apple Watch Nike+ Series 4  i air pods 2 slusalice, koji Samsung mogu tražim u zameni?",9,"Dužina (>=15 reči), Suprotni veznici, Negacija, Specifikacija"
https://mobilnisvet.com/mobilni-komentari/9622/Xiaomi/Redmi-Note-11-Pro-5G/3,Xiaomi,Xiaomi Redmi Note 11 Pro 5G,Đorđe,2022-02-05 22:37:00,"Redmi Note 11 Pro 5G je čist promašaj, toliko sam se nadao da će kineska verzija biti i globalna.. Ali morali su da naprave posebnu verziju koja ne donosi ništa novo, baš sam se radovao dobrim performansama, JBL zvučnicima i da ne nabrajam sve. Zato ću ovu kupovinu zaobići i čekam Realme 9 Pro Plus, koji ima Dimensity 920, mnogo bolji i čistiji softver, Sony kameru od 50Mp sa optičkom stabilizacijom, naravno nije savršen ekran je 90Hz amoled ali ja smatram da je to zlatna sredina i ima adaptivni refrešrejt, što je mnogo bolje od recimo 120Hz jer crpi bateriju. Dugogodišnji sam korisnik Xiaomija i Redmi telefona, ali ove godine prelazim na Realme, ne znam koliko su glasine tačne ali verzija od 8/128 će koštati manje od 300€, što je i dalje bolje od Redmi Note 11 Pro 5G.",9,"Dužina (>=15 reči), Suprotni veznici, Negacija, Specifikacija"
https://mobilnisvet.com/mobilni-komentari/9654/Samsung/Galaxy-S22-Ultra-5G/12,Samsung,Samsung Galaxy S22 Ultra 5G,Maksimilijan,2022-03-13 05:12:00,"Vec dve nedelje koristim S22 ultra, 12gb/256. Kupljen u Francuskoj. Ali nisam zadovoljan. Jednog dana je zabagovao. Zamrzla se slika. Morao sam ga resetovati. Desava se da izgubi mrezu. I onemoguceno je trazenje mreze. Pa ga ili ukljucim-iskljucim. Ili prebacim na avio mode i vratim. I primetio sam da u toku razgovora da se izgubi veza na par sec i za to vreme sagovornik cuje deformaciju zvuka. I to samo pri iskljucenom ekranu. Kada ostavim ukljucen ekran, to se ne desava. Pomislio sam da ima neka podesavanja u opcijama. Ali nisam nasao. Inace cesto menjam mreze po Evropi. Vozac sam. I u Nemackoj od pre par dana na 5g mrezi su pocele te smetnje. Od prvog prijema 5g mreze. A par dana pre toga je normalno radio. Bas sam razocaran. Prosli moj tel je bio Samsung s10. Nikada za 2,5god nije zabagovao.",9,"Dužina (>=15 reči), Suprotni veznici, Negacija, Specifikacija"
https://mobilnisvet.com/mobilni-komentari/9570/Xiaomi/12-Pro/2,Xiaomi,Xiaomi 12 Pro,Ivan,2023-03-24 01:22:00,"Ja imam Mi Note 10 ..  evo gura četvrtu godinu bez ikakvih problema. Po cio dan gledam youtube na njemu, ne koči sem rijetko (jednom ili dva puta godišnje)..  Samo bih volio da je brži punjač, ali i ovo je odlično (30w)",9,"Dužina (>=15 reči), Suprotni veznici, Negacija, Specifikacija"
https://mobilnisvet.com/mobilni/2mf/Samsung/Galaxy-S23-FE-1x-SIM-1x-eSIM,Samsung,Samsung Galaxy S23 FE,Igor,2026-02-16 11:01:00,"E ovako. Pre ovog sam imao a72 koji je dobro radio dok se nije razbio 2x ekran menjao. Itd krenuli su problemi sa ekranom i odlučim posle par god da kupim drugi. I hteo sam s24fe 8/256 ali nisam našao tad i uzmem ovaj sa 256gb. Dobar je tel koristim ga već dve nedelje brz izuzetno, kamere vrh AI funkcije top. Baš nema razlike u brzini u poređenju sa običnim s23. Punim ga svako veče.(svaki dan) Očajna baterija mrtvi exynos jede bateriju. Skinem ga sa punjača kad idem na posao oko 06:30 i na poslu sam do 16h a u 13-14 već baterija padne na nekih 50tak % što mi se na starom nikad nije dešavalo. Užasna baterija pa ću ga verovatno prodati i kupiti s24 fe ili s24+",9,"Dužina (>=15 reči), Suprotni veznici, Negacija, Specifikacija"
https://mobilnisvet.com/mobilni/2mf/Samsung/Galaxy-S23-FE-1x-SIM-1x-eSIM,Samsung,Samsung Galaxy S23 FE,Lniljana,2024-08-27 07:38:00,"Samsung galaxy S23 FE - slazem se sa svima da je baterija veoma loša ali ja imam  veći problem sa kamerom. Prilikom snimanja kamera mi ""secka"" tako da dobijam prilično neupotrebljive snimke. Snimak ne ide fluidno ravno već upadljivo secka - ne znam da li još neko ima ovakav problem pošto ne vidim da se iko žalio na kameru. Meni je glavni fokus kamera zato što dosta putujem i volim sve da snimim i zabeležim. Ali snimci su katastrofalni...",9,"Dužina (>=15 reči), Suprotni veznici, Negacija, Sleng"
https://mobilnisvet.com/mobilni/md63z/Apple/iPhone-14-512GB-Dual-SIM,Apple,Apple iPhone 14,Aleksandar,2025-08-27 22:45:00,"Pozdrav, treba mi pomoc… imam 14cu vec godinu dana i sve je full. Ali telefon ne mogu da koristim na punjacu, secka mi tj baguje, ne znam kako da vam objasnim. Ne mogu nigde da udjem.. probao sam svoj punjac na drugi tel i radi bez problema. Na svom telefonu sam cistio ulaz, konekciju od punjaca i dalje je sve isto. Pa ako ima neko neki savet, i da li uopste u telefonu ima neka opcija za to, da telefon ne moze da se koristi dok se puni. Hvala unapred",9,"Dužina (>=15 reči), Suprotni veznici, Negacija, Sleng"
https://mobilnisvet.com/mobilni-komentari/8389/Xiaomi/Redmi-Note-10-Pro/32,Xiaomi,Xiaomi Redmi Note 10 Pro,Zumer,2021-07-12 12:34:00,"Telefon je klasa za sebe,toliko komentara,i oprečnih stavova,svaka čast za kompaniju šaomi. Nijedan samsung mu nije ni prineti....jes da ima botova ali i njihovo će proći jednostavno ovaj uređaj je top",9,"Dužina (>=15 reči), Suprotni veznici, Negacija, Sleng"
https://mobilnisvet.com/mobilni-komentari/7432/Samsung/Galaxy-S20+/2,Samsung,Samsung Galaxy S20+,Realno,2021-07-04 11:11:00,"Imam s20 plus skoro godinu dana i iskreno razocarao sam se mozda cak i previse tolike pare sam dao tj. jos ga otplacujem i iskreno nista sad spektakularno nisam dobio. Uopste nisam neki zahtevan korisnik znaci samo pozivi, poruke, net povremeno i slikanje retko, skroz neka srednja varijanta koriscenja. Ne igram igrice, ne gledam filmove, itd. Upaljeno je 120 hz i radi na FHD plus rezoluciji, net palim povremeno a sve ostalo mi je ugaseno baterija oko 2 dana. Ono sto me jako nervira i sto je jako iritantno je grejanje telefona, znaci razgovor 10 min i telefon je kao pegla usijan, slikas vise slika on se usija, pogledas klip na yt on se ispece. Nisam verovao da je taj prokleti exynos takav dok se i sam nisam uverio koliko je to pa malo je reci sve najgore o tom procesoru. Sve u svemu kao korisnik i kao veran fan samsunga jako sam razocaran i vec razmislja o prodaji telefona, i naravno SD ili ni jedan drugi verujte na rec.",9,"Dužina (>=15 reči), Suprotni veznici, Negacija, Specifikacija"
https://mobilnisvet.com/mobilni-komentari/9272/Apple/iPhone-13-Pro/5,Apple,Apple iPhone 13 Pro,Marko,2022-11-19 21:57:00,"Pozdrav, imam 13 pro 256gb i posle dva meseca korišćenja sam primetio dve linije preko ekrana koje se primete kada je telefon ugasen ili zakljucan..(jedva da se vide ali vide se), kada je upaljen ekran tada ih nema..da li je to normalno ili ne??",9,"Dužina (>=15 reči), Suprotni veznici, Negacija, Specifikacija"
https://mobilnisvet.com/mobilni-komentari/l7m/Samsung/Galaxy-S23-Ultra/10,Samsung,Samsung Galaxy S23 Ultra,Shazalakazu1979,2024-09-24 22:07:00,"Drugari pozdrav, pošto razaram telefon i ne dam mu da diše što poruke, mejlovi, društvene mreže i naravno posao ovaj telefon jednostavno ne možeš da unistis. Baterija je extra i punim je jednom dnevno na pola sata i izdrži lagano ceo dan i noć... ne znam sta vi radite i kako ga koristite ali bih svakako preporučio svima... naravno punjac je 25w mada je bolji 45w koji cekam da stigne ali sve pohvale za ovaj model... pozdrav",9,"Dužina (>=15 reči), Suprotni veznici, Negacija, Specifikacija"
https://mobilnisvet.com/mobilni-komentari/9280/Apple/iPhone-13-Pro-Max/5,Apple,Apple iPhone 13 Pro Max,Zeka,2022-03-22 22:31:00,"Ovo mi je prvi iphone u zivotu.odusevilo me trajanje baterije.ako iskljucite 20tak opcija ista traje i 4 dana.tek se navikavam na interfejs.storige od 5 gb vec pun.moracu da kupim onaj od 50, zato cim ga uzmete idite na youtube da pogledate trikove i savete.kamera odlicna.gomila gegeta, a pricali mi da je dosadan.svasta ima u sebi.do duse ima neke i mane, ali je sve to sitno i stvar navikavanja. Nisam jos nasao foru za promenilu home screenatastatura je bez brojeva i znakova, vec se prebacujemalo je tezi ali lepo lezimalo je lepse kod androida favorite osobe prikazanenervira me komplikovana promena osnovnog zvona u neko po tvom nahodjenju,malo tastatura i interfejs zezaju na punjacu, tj ne odgovaraju na komande bas najboljekoliko vidim guraju neke svoje foreali sve u svemu, top stvarimam s10plus koji mi sad izgleda i oseca ko igracka.",9,"Dužina (>=15 reči), Suprotni veznici, Negacija, Specifikacija"
https://mobilnisvet.com/mobilni/0l8/Samsung/Galaxy-S23+-512GB,Samsung,Samsung Galaxy S23+,Zoran,2025-04-27 19:39:00,"Zaista sam iznenađen da ovakav telefon pogotovo zato što je plus model, nema 12Gb ram memorije. To za sada nije problem ali posle ažuriranja od 5 gb na novi OS, slobodni ram će se vremenom smanjivati, tako da to što oni nama daju sedam godina ažuriranja je po meni dobar marketinški fazon. Ljudi se već sada žale da imaju malo slobodnog rama a šta će biti posle prelaska na treće ili četvrto ažuriranje ostaje da vidimo.",9,"Dužina (>=15 reči), Suprotni veznici, Negacija, Specifikacija"
https://mobilnisvet.com/mobilni-komentari/7179/Apple/iPhone-11-64GB/27,Apple,Apple iPhone 11,metodije,2019-10-05 07:06:00,"Eee,ali zato dark mode izuva :) napravili ljudi davno zakucani IOS, hermetican ali stabilan brz i gladak pa samo sminkaju kamerice i dodaju GB RAM a zanimljivo mi je da jedna te ista IOS verzija skroz dobro sljaka i na 2 i na 6GB RAM sa slabijim i jacim procesorima. Znaci ko ne voli da malo cacka i eksperimentise imace jedan te isti OS za sve vise i vise novca koga to smara u avanture sa androidom i to je to ako iskljucimo psihicke poremecaje kompleksa nize i vise vrednosti na kakvim je iphone prodao od kad postoji pola svog kontigenta.",9,"Dužina (>=15 reči), Suprotni veznici, Negacija, Specifikacija"
https://mobilnisvet.com/mobilni-komentari/mgt/Samsung/Galaxy-A54/10,Samsung,Samsung Galaxy A54,Djola,2024-01-08 18:15:00,Najbolji telefon A serije ubedljivo. Koristim ga od izlaska i opravdao je sva ocekivanja. Kamera je odlicna ali barem kod mene mora se prebacivati stalno sa sirokougaone na ovu od 50 mp. Mnogi to ne znaju i porede ovu sirokougaonu od 12 mp sa redmi note 8 od 64 mp i onda im je bolja na redmi. Ukljucite lepo ovu od 50 mp pa da vidimo koja je bolja u rangu do 400 eur...,9,"Dužina (>=15 reči), Suprotni veznici, Negacija, Specifikacija"
https://mobilnisvet.com/mobilni-komentari/pt4qv/Apple/iPhone-14-Pro-Max/5,Apple,Apple iPhone 14 Pro Max,Pavle,2023-04-25 17:43:00,"Da li je 128gb dovoljno ili ipak bolje 256, za slike i videe da ostanu na telefonu, jer uvek moram da prebacujem na laptop sa telefona, da bih imao memorije, do sada sam imao model sa 64gb i to mi nije bilo dovoljno, pa me zanimaju iskustva i misljenja 128 ili 256?",9,"Dužina (>=15 reči), Suprotni veznici, Negacija, Specifikacija"
https://mobilnisvet.com/mobilni/kvj/Samsung/Galaxy-S25-FE-8GB-512GB-1x-SIM-1x-eSIM,Samsung,Samsung Galaxy S25 FE,Tjaka Ns,2026-07-02 09:02:00,"Koji Samsung iz S klase vredi uzeti, nisam zahtevan korisnik, bez igrica, minimalno drustvene mreze, da dobro sluzi baterija i da je dobra kamera. Do 400e. Ovaj mi deluje sasvim ok. Da li vredi uzimati 128/8 gb , s obzirom da je razlika u ceni (ali inace sve od vise od godinu dana ne drzim na telefonu, prebacujem na eksterni hard) Hvala",9,"Dužina (>=15 reči), Suprotni veznici, Negacija, Specifikacija"
https://mobilnisvet.com/mobilni/kvj/Samsung/Galaxy-S25-FE-8GB-512GB-1x-SIM-1x-eSIM,Samsung,Samsung Galaxy S25 FE,flapszaps1,2026-05-22 17:51:00,"pozdrav, ja samo da pomeneem da telefon imam od 2.novembra 2025.godinee, i ajde iskreno prvo am bio neizmerno zadovoljan pa je nesto krenuo da baguje ikreno ne znam zasto prvo sam sumljao na exynos i optimizaciju tog procesora plus 8gb rama. Ali nakon azuriranja na one ui 8.5, ljudi to je drugi telefon to nema sta da secne vise baterija ostala ista taman jedan moj dan korisćenja max 6sati sot sto je meni top. Sve ostalo je bilo i ostalo isto- taman za cenu(naravno ne onu odd operatera nego onu kad mu je pala na oglasima :) )",9,"Dužina (>=15 reči), Suprotni veznici, Negacija, Specifikacija"
https://mobilnisvet.com/mobilni/8233/Samsung/Galaxy-S21+-5G,Samsung,Samsung Galaxy S21+ 5G,Mikky,2025-10-07 16:34:00,"Koristim ovaj telefon već od januara 2023,ali ga je 6 meseci koristio moj tata pa ga je dao meni.Verzija koju imam je 500 evra(8gb/128gb).Telefon je nakon 2,5 godine korišćenja idalje predobar.Vodootporan je(bio je u vodi 30 min i nije mu bilo ništa.I takođe ekran je baš jak(pao je sa 4. sprata na beton i nije ni ogrebotinu imao).Takođe je i odličan za gejming,ima 117fps i 120Hz.",9,"Dužina (>=15 reči), Suprotni veznici, Negacija, Specifikacija"
https://mobilnisvet.com/mobilni-komentari/9654/Samsung/Galaxy-S22-Ultra-5G/3,Samsung,Samsung Galaxy S22 Ultra 5G,Stefan92,2024-08-16 22:25:00,Evo nakon korišcenja mog telefona starog 7 meseci koji koristi Snapdragon Gen 1 procesor  sa AOD upaljenim stalno i svim temama zivim SOT baterije mi je 6h i 15 m do 20% punim ga na 45w uvek do 100 posto telefon je fenomenalan ne znam na sta se ljudi zale ali ovo je najiskrenije da baterija drzi odlično a o ekranu i da ne pricam o bojama i tonovima koji su fantastični.Jedina zamerka za ovakav telefon u zadnje vreme fokus kamere brljavi a sto ne znam .Od Azuriranja,9,"Dužina (>=15 reči), Suprotni veznici, Negacija, Specifikacija"
https://mobilnisvet.com/mobilni-komentari/9654/Samsung/Galaxy-S22-Ultra-5G/3,Samsung,Samsung Galaxy S22 Ultra 5G,Negro,2024-05-07 17:03:00,"Imam ponudu da uzmem S22 Ultru 12/256gb Exynos za 540-550e,star 10-tak dana (kupljen je inace u januaru 23' racun i garanc 24m,ali je bio predmet nekog spora i nije se koristio)u perfektnom stanju sto sam i video uzivo.....vredi li dati te pare sada?",9,"Dužina (>=15 reči), Suprotni veznici, Negacija, Specifikacija"
https://mobilnisvet.com/mobilni-komentari/7651/Apple/iPhone-SE-(2020)/12,Apple,Apple iPhone SE (2020),SRĐAN,2020-08-02 11:16:00,"E ovako ljudi, hteo sam da kupim iphone 7 32 gb koji bi me kostao 50-ak hiljada, jednostavno sam video da mi telefon odgovara kompaktan je naspram ovih danasnjih, znam da nema ekran od ivice do ivice ali ja sam staromodan i tako mi se i svidja, da predjem na stvar... Video sam ovaj iphone se 64 gb koji kosta 65000 i on mi je takodje simpatican, ali zanima me da li se isplati razlika od 15000,i neko ko se razume po mogucnosti ako ima ovaj telefon da mi objasni sta to dobijam za 15000 vise i da li bi trebalo da uzmem ovaj ili iphone 7 32 gb",9,"Dužina (>=15 reči), Suprotni veznici, Negacija, Specifikacija"
https://mobilnisvet.com/mobilni/8715/Honor/50-8GB-256GB,Honor,Honor 50,goroPad,2023-10-18 20:26:00,"Koristim vec neko vreme ovaj telefon i mogu reci da sam jako zadovoljan. Izuzetno je fluidan i bez bugova. Ekran je sjajan. Baterija mu definitivno nije jaca strana za razliku od drugih telefona iz Honora koji se izdvajaju bas u ovom segmentu, ali nije tako losa i puni se brzinom svetlosti. Telefon je pri normalnom koriscenju, pa cak i punjenu (sporijem) hladan kao led. Jedva primetno zagrevanje sam zabelezio samo pri brzom punjenju. Kamera sasvim korektna i sasvim dovoljna za lepe i detaljne uspomene. Ko zeli profi fotke, od H50 ih nece dobiti. Sve u svemu, jedan jako stabilan i kvalitetan uredjaj koji prosecnom korisniku moze potrajati i lepo posluziti vise godina.",9,"Dužina (>=15 reči), Suprotni veznici, Negacija, Sleng"
https://mobilnisvet.com/mobilni-komentari/rhw/Samsung/Galaxy-A34/9,Samsung,Samsung Galaxy A34,Durdubak,2023-04-13 11:15:00,Kupiš TECNO Pova ili Cammon 18 sa 6GB/90Hz refresh rate i osetiš šta je pravi fon a ne ovi Šljamsung plastikanerčići. Istope se u rukama dok odigraš neku malo složeniju igricu. I dokle ćete više da objavljujete recenzije ovog ruskog tipusa koji nije trebao da mrda dalje od Nokia 3310 (stare verzije) koliko se dobro razume u telefone?!,9,"Dužina (>=15 reči), Suprotni veznici, Negacija, Specifikacija"
https://mobilnisvet.com/mobilni-komentari/7432/Samsung/Galaxy-S20+/4,Samsung,Samsung Galaxy S20+,Timber,2020-06-30 11:33:00,"Od nedavno sam i ja vlasnik ovog uređaja. Utisci su da je telefon zadovoljavajući. Ali ne vredi tog novca ni prelaska sa nekog prošlogodišnjeg flegšipa, razlike u svakodnevnom korišćenju nema. Baterija ok, izgura dan. Kamere odlične, ali opet nema neke razlike u odnosu na s10, p30 i sl. Pregrejava se i to prilično, prilikom bilo koje iole zahtevnije radnje tipa kamera, igrica, uključen 120hz odziv i sl.",9,"Dužina (>=15 reči), Suprotni veznici, Negacija, Specifikacija"
https://mobilnisvet.com/mobilni-komentari/9955/Honor/70/19,Honor,Honor 70,Dare,2022-09-29 10:41:00,"Koristim Honor 70 vec 2 sedmice. Moj lični utisak o ovom modelu. Dizajn jako dobar, lep, dobro izrađen. U ruci imate osećaj premijum telefona, to kakav je ram da li plastika ili metal niko nece primetiti, da kazete da je metal ne bi znali razliku. Ekran jako dobar solidno svetao na suncu, 120hz sve je ok. Da naglasim pre ovog sam imao P30 Huawei. Zvuk kao zvuk meni ne smeta sto nije stereo iskreno koristim slusalice a ovaj jedan je dovoljno glasan. Baterija dva dana ali malo sutra, sa ukljucenim mobilnim prenosom podataka, gledanjem klipova na youtube, surfovanjem na društevnim mrežama ili par aplikacija nema priče da traje više od jednog dana, dan će izdržati i nista vise od toga. Da naglasim igrice ne igram. Brz je stvarno, ko igra igrice moze reći ima bržih ali ovo je više nego dovoljno, brzo puni takođe i punjač dođe u pakovanju. Mane kao moje najveće razocarenje. IP sertifikat nije iskreno ne planiram se kupati sa njim i znao sam da ga nema. Kamere su blago receno očajne. P30 bolje kamere ima potpisujem. Upalite kameru o gledate na ekranu pa sta je ovo je li moguće, okinete sliku i kad je želite otvorite pise učitajem sliku nakon 2s slika se ispadne mnogo bolje nego sto se videli prilikom slikanja ali nista posebno čak preterano veštački izoštrena kao da bi imala što više detalja. Selfi kamera očaj jedan, ja ne znam da li je mog modela ali ivice fotografija imaju neku senu koja kao sto je i za glavnom kada se otvori posle fotografisanja malo to sredi ali opet postoji, obučete tamnu odecu i jasno se vidi svetla sena. Moja topla preporuka zaobići ovaj model i Honor telefone kopiju Huawei telefona, to je to kopija. Kupite S21 Fe koji osim očajne baterije nema ni jedan veći nedostatak. Ovo je moj prvi i zadnji Honor. Pozdrav",9,"Dužina (>=15 reči), Suprotni veznici, Negacija, Specifikacija"
https://mobilnisvet.com/mobilni-komentari/gz0/Honor/Magic5-Pro/3,Honor,Honor Magic5 Pro,Milos,2024-07-16 10:35:00,"Imam trenutno magic 4 pro. Planiram preci na magic 5 pro. Zanima me koliko drzi bateriju i koliko se dugo puni telefon. Ali iskreni. Posto ovaj 4 pro ima punjac od 100w i puni 45 minuta. Imao sam razme telefone pa sam malo i razocaran. Pre njega sam imao mate 40 pro i punio je za 35 ninuta. Drze isto bateriju, ne mogu da izguraju dan. Razmialjam da li da se vratim na xiaomi ili da uzmem magic 5 pro.",9,"Dužina (>=15 reči), Suprotni veznici, Negacija, Specifikacija"
https://mobilnisvet.com/mobilni/8508/Samsung/Galaxy-A52-5G-8GB-Dual-SIM,Samsung,Samsung Galaxy A52 5G,Robi,2021-04-06 15:06:00,"Ja bi Samsung Galaxy A52 5G 8GB, 256GB, Dual SIM ,ali nema da se kupi. :(",9,"Dužina (>=15 reči), Suprotni veznici, Negacija, Specifikacija"
https://mobilnisvet.com/mobilni-komentari/8360/Samsung/Galaxy-A32/2,Samsung,Samsung Galaxy A32,Jels,2022-05-15 12:20:00,Čitala komentare l sad sam  zaista zbunjena ja sam mislila da ovaj telefon trebao da bude super sa ovim specifikacijama. Lično sam kupila samsung a13 3g  4/128gb  i nezadovoljan sam ekranom moj telefon ima neki Bedni PLS ekran koje proizvodi samsung a platila ga 200 evra nema ni punjac ni slušalice u pakovanju! Bolje da sam dodala 5 hiljada I uzela ovaj na popustu čula da amoled ekrani ne mogu da se porede sa bednim ips i pls jako me zamara ekran telefona koji kupila ali znam da ako to navedem kao razlog da ga vratim neće mi uvažiti :(,9,"Dužina (>=15 reči), Suprotni veznici, Negacija, Specifikacija"
https://mobilnisvet.com/mobilni-komentari/8360/Samsung/Galaxy-A32/2,Samsung,Samsung Galaxy A32,Pjer,2022-04-22 17:01:00,Ne kupujte ovaj telefon. Na stranu los dizajn i debljina to je subjektivan osecaj ali sporiji telefon jos od a20 nisam video. I ono sto primetih svakim novim apdejtom kojih ima koliko hoces telefon je sve sporiji. Da ga nisam dobio besplatno kao sluzbeni davno bih ga se resio. Ovako moram da ga trpim sledece dve godine. Jedina dobra stvar je baterija koja je korektna ali je zato punjenje iste uzasno sporo. Realna vrednost a32 je 120e i to sa verzijom od 128gb a ne duplo koliko kosta po radnjama. Tu razliku u ceni placamo samo na ime tj brend. Realme zakon za ovo.,9,"Dužina (>=15 reči), Suprotni veznici, Negacija, Specifikacija"
https://mobilnisvet.com/mobilni/wfp/Xiaomi/Redmi-13-4G-8GB-128GB-2x-SIM,Xiaomi,Xiaomi Redmi 13 4G,Pjer,2024-06-16 15:06:00,"Sve sve ali ekran od skoro 6.8 i još ips ne može nikako da prođe. Zašto su svi proizvođači toliko gluvi, hoćemo svi telefone odnosa strana kao nekada 16÷9 a ne ovih rogobatnih 20÷9 kao asov i lopata. Hocemo maksimalno 5.7 do 6.1 inča i težine do 160 grama a ne ove tablete i fablete.",9,"Dužina (>=15 reči), Suprotni veznici, Negacija, Specifikacija"
https://mobilnisvet.com/mobilni-komentari/7179/Apple/iPhone-11-64GB/9,Apple,Apple iPhone 11,Aleksa,2022-09-17 08:17:00,"Zeleo bih preko MTS uz paket da uzmem neki iphone, i trenutno za moj paket u ponudi imaju i iphone 11,12 i 13 i sve njihove verzije. Planirao sam da uzmem ip 13, ali sam onda video da ima za jeftiniju mesecnu ratu ip 11 64gb. Zanima me da li ce to biti dovoljna memorija? Ne igram igrice nikakve, od aplikacija koristim drustvene mreze i slikam i snimam. I takodje me zanima da li je baterija izdrzljiva? Drugar ga ima neko kratko vreme i kaze da je zadovoljan. Ceo zivot sam koristio Samsung i Android pa jos uvek nisam upucen u sve oko Iphone-a 😀",9,"Dužina (>=15 reči), Suprotni veznici, Negacija, Specifikacija"
https://mobilnisvet.com/mobilni-komentari/l7m/Samsung/Galaxy-S23-Ultra/17,Samsung,Samsung Galaxy S23 Ultra,Maja,2024-03-25 10:17:00,"Dvoumim se izmedju s23 ultra, a54 ili novi a55. Bitna mi je kamera (i selfi), baterija, da ne secka....Da li se isplati davati vise novca za S? Uzimam telefon da mi dugo traje..... Imam trenutno a71, bio mi j je odlican ali od skoro je poceo da baguje. Kod njega nisam zadovoljna selfi kamerom, npr. kod suncanog vremena plavo nebo postane belo na slikama,",9,"Dužina (>=15 reči), Suprotni veznici, Negacija, Sleng"
https://mobilnisvet.com/mobilni-komentari/9573/Samsung/Galaxy-S21-FE-5G/20,Samsung,Samsung Galaxy S21 FE 5G,Ja,2022-05-13 23:21:00,"Ovaj telefon ima neke dobre ali i neke jako lose strane.Kome god treba telefon za neke zahtenije stvari igrice isl ne preperucujem da se uzima.U tim situacijama moje misljenje je da 888 procesor nije za ovaj telefon,i kada su ga vec stavili mirali su da stave vise rama.Ovako prilikom nilo kog zahtevnijeg zadatka telefon se greje prilicno i obara radni takt cpu uz smanjenu tj manju kolicinu rama dovodi do toga da telefon pocinje da secka koci isl,greje se jako cak i prilikom gledanja npr nekog filma preko hno maxa,gledanja npr tik toka isl.Takodje rezolucija ekrana nije prilagodjena igricama i vrlo cesto se vrh ili dno neke igrice tj ekrana u igri ne vidi celo i lepo sto je meni bar mana",9,"Dužina (>=15 reči), Suprotni veznici, Negacija, Sleng"
https://mobilnisvet.com/mobilni-komentari/9288/Xiaomi/11-Lite-5G-NE/3,Xiaomi,Xiaomi 11 Lite 5G NE,X,2022-07-21 18:17:00,"Odlican fon. Za ovih 2 dana koliko ga koristim sve je kako treba. Senzor blizine radi uglavnom dobro, kamera je solidna za ovu klasu, izrazena je expozicija, a dinamicki raspon nije bas dobar. Rad samog telefona je fluidan, uglavnom brzo reaguje na zadato, bez puno razmisljanja. Amoled je dobar, svetao, sa izrazenim kontrastom i bojama. Osvetljenje drzim na 60-70%, a na suncu se i tako vidi sasvim solidno. Posebno cenim mali okvir oko ekrana, a 90hz radi posao bez mikrolagova tokom skrolovanja. Ugasio sam MIUI optimizaciju, pa Always On radi duze od 10 sek. Ugasi se jedino kada se ne koristi neko vreme, ali se upali kada se dodirne ekran. Baterija nije losa, moze da izgura dan-dan i po, meni ne izdrzi jedan ceo dan jer stalnom cackam nesto + igrice itd. Uostalom, pravi sud o bateriji realno je dati nakon 7-10 dana od pocetka upotrebe, tako da je jos rano zakljuciti, ali za sada obecava. Brzo se dopuni, a prazna baterija se napuni za manje od 1h. Dizajn je lep i elegantan. Moj model je crne boje, 8/128. MIUI 12.5.5 Ima azuriranje na noviju verziju, ali trenutno ne planiram update jer ovako radi sve kako treba, cak i virtuelni proxy ne pravi tolike probleme kao sto su neki pisali. Od igrica COD, Asfalt 9 rade bez problema. I Genshin radi bez dropanja, sve je ok. Za sada sam zadovoljan, nadam se da ce i ostati tako.",9,"Dužina (>=15 reči), Suprotni veznici, Negacija, Specifikacija"
https://mobilnisvet.com/mobilni-komentari/8491/Xiaomi/Mi-11-Lite-5G/2,Xiaomi,Xiaomi Mi 11 Lite 5G,Stevo,2022-10-21 22:16:00,"Telefon imam oko pet meseci i uglavnom sam zadovoljan, međutim već par nedelja, na ikonici (fabričkoj) Boost speed mi je konstantno prikazuje 75-85 % opterećenja rama i onda se telefon uspori, ne može da se fotografiše, secka i sl. i predlaže mi da se očisti smeće kojeg uglavnom ima veoma malo jer, niti igram igrice i nije je zatrpan aplikacijama, memorija (ROM) je popunjena tek nekih 20-25%.Restartujem ga, bude dobro neko vreme i onda opet ista priča. Uredno sam skinuo sve update-ve, pa i ovaj zadnji (V13.0.6.0.). Šta je problem?",9,"Dužina (>=15 reči), Suprotni veznici, Negacija, Sleng"
https://mobilnisvet.com/mobilni-komentari/l7m/Samsung/Galaxy-S23-Ultra/34,Samsung,Samsung Galaxy S23 Ultra,Slash,2023-07-03 00:57:00,"@Vule,verovatno cu i da kupim fotoaparat,ali ja sam baš navikao na Huawei-Honor i tu da se ne lažemo,nema boljih tel koji prave fotke kao oni.Al baš...",9,"Dužina (>=15 reči), Suprotni veznici, Negacija, Sleng"
https://mobilnisvet.com/mobilni/9812/Apple/iPhone-SE-2022-256GB,Apple,Apple iPhone SE 2022,Dejan,2024-10-27 02:09:00,Da li cu da ostetim bateriju sa punjacem od 15w ili ipak da ne rizikujem i da ostanem na 5w.?,9,"Dužina (>=15 reči), Suprotni veznici, Negacija, Specifikacija"
https://mobilnisvet.com/mobilni-komentari/9573/Samsung/Galaxy-S21-FE-5G/2,Samsung,Samsung Galaxy S21 FE 5G,Najgori Samsung fe,2024-11-12 12:26:00,"Ikada napravljen... Ekran kanta, kamera kao na A55, baterija najgora ubedljivo od svih telefona, ali srecom pa imamo jos sporije punjenje! Uzas od telefona, 200e ne vredi.",9,"Dužina (>=15 reči), Suprotni veznici, Negacija, Sleng"
https://mobilnisvet.com/mobilni-komentari/mgt/Samsung/Galaxy-A54/15,Samsung,Samsung Galaxy A54,Milan,2023-10-05 20:19:00,"Danas sam ga kupio A54 5g od  8 gb rama bele boje,u opste se ne greje ceo dan ga cackam i igram igrice ne secka u opste. Sasvim pristojan telefon do duse malo tezi i deblji sa ekranom od 120 hz koji glatko radi. Azuriran na svim aplikacijama,brdo opcija i sto je najbitnije dobra je baterija od 5000 mah i dolazi sa Androidom 13.",9,"Dužina (>=15 reči), Negacija, Specifikacija, Sleng, Motiv kupovine"
https://mobilnisvet.com/mobilni/6c6/Xiaomi/Redmi-Note-13-5G-6GB-128GB-2x-SIM,Xiaomi,Xiaomi Redmi Note 13 5G,Vlajko,2025-02-18 12:46:00,"Koristim ovaj telefon nedelju dana. Pre njega sam ima Xiaomi Redmi 10 i dobro me je sluzio. Sto se tice RN13, uzeo ga u mts-u, sa 29000 spusten na 25000, dao sam 3 stara telefona (eko popust) tako da je telefon na kraju izasao 10000. E sad telefon je extra. Kad sam ga upalio bio je na MIUI14 pa odmah update na HyperOS 1 pa sutra dan na HyperOS 2.0.7.0. Prezadovoljan sam radom telefona i ako ga vecina pljuje. Baterija gura dva dana koriscenja, ekran odlican, boje i svetlina extra. Stereo zvuk full. E sad sto se tice kamera, nemam primedbi. 108mpx fotke su odlicne, naravno na dnevnom svetlu bolje. Sto se tice nocnih fotografija, kao i sa aparatima bez stativa nista. Jedina zamerka sto na YT nema reprodukciju u 4k a moj R10 je ima. Senzor otiska na ekranu brz kao munja. Telefon je u verziji 8+8/256 i radi glatko. Vise aplikacija otovoreno i sve gura bez ikakvog seckanja. Klinac igre neke igrice i vidim da se ne zali i da je zadovoljan. Sve u svemu odlican i brz telefon, lepo lezi u ruci a u pakovanju maska, punjac od 33w koji napuni bateriju od 0-100 posto za 1h:10min bez zagrevanja telefona, baterije i punjaca. E sad losih iskustava sigurno ima, moja su za sad odlicna.",9,"Dužina (>=15 reči), Negacija, Specifikacija, Sleng, Motiv kupovine"
https://mobilnisvet.com/mobilni-komentari/8239/Samsung/Galaxy-S21-Ultra-5G/7,Samsung,Samsung Galaxy S21 Ultra 5G,Sasa,2022-01-28 19:25:00,"Da li se nekom desava problem od kada sam dobio azuriranje sa januarskom zakrpom da pada refresh rate povremeno,iako mi je telefon podesen da bude stalno na 120hz iz cista mira prebaci na 60hz.Ne desava se stalno,povremeno.",9,"Dužina (>=15 reči), Suprotni veznici, Negacija, Specifikacija"
https://mobilnisvet.com/mobilni/9337/Samsung/Galaxy-M52-5G,Samsung,Samsung Galaxy M52 5G,JovanPFK,2023-02-12 15:09:00,"Pozdrav,razmisljam uzeti m52 5g ili a52 5g,meni je m52 licno mnogo vise primamljiv pogotovo jer je ko i a52 snapdragon/adreno ali je cena bolja tj. 255e.Samo na nekim mestima sam procitao da mu je slab maksimalni zvuk zvona pa ne znam,a cak bi i dodao  jos 2-3 crvene za 8gb verziju",9,"Dužina (>=15 reči), Suprotni veznici, Negacija, Specifikacija"
https://mobilnisvet.com/mobilni-komentari/l7m/Samsung/Galaxy-S23-Ultra/4,Samsung,Samsung Galaxy S23 Ultra,Veljko,2025-06-14 11:25:00,"Kakav je sistem 7.0? Odavno mi je stiglo ažuriranje od 5GB ali još uvek nisam započeo.Prebacio sam se sa 5.1 na 6.1 pre  mesec dana, i baterija je katastrofa nakon ažuriranja, korišćenjem snapchata, instagrama, tiktoka, wa, vibera, SOT mi je max 3,5 sata , umereno/  normalno korišćenje. Možda je i do toga što je telefon star 2 godine, a možda i ne, pa me zanima da li 7.0 će mi poboljša bateriju?",9,"Dužina (>=15 reči), Suprotni veznici, Negacija, Specifikacija"
https://mobilnisvet.com/mobilni/tkw/Honor/600-8GB-256GB-1x-SIM-1x-eSIM,Honor,Honor 600,Ogi,2026-07-03 16:30:00,"Pitanje za vlasnike H600 da li im se telefon greje  pri brzom punjenju. Posedujem H400 i telefon se ne greje samo sa sporim i univerzalnim punjačima. Cim ga stavim na original Samsung 25w ili honor 66w punjac  detektuje super charge, duplo brze puni ali i greje i telefon i sam punjac i to prilično. Ne znam vise sta da radim jer ovi spori punajci ga pune tacno 2.5 sata sto mi je vremenski neprihvatljivo. Nemam vremena toliko da ga čekam. Hvala svima.",9,"Dužina (>=15 reči), Suprotni veznici, Negacija, Specifikacija"
https://mobilnisvet.com/mobilni/8364/Samsung/Galaxy-A32-Dual-SIM,Samsung,Samsung Galaxy A32,Pjer,2023-05-06 20:07:00,"Čitam komentare i ne verujem šta čitam.  Poseban biser je ovaj dole što kaže da je ovo telefon više srednje klase. Dakle imam trenutno tri telefona. Ovog nesrecnika, samsung a71 i realme 7 pro. Dok se za druga dva može reći da su telefoni srednje klase ovaj telefon ne zaslužuje prefiks A uopšte. Diskutabilan je čak i za M klasu. A32 ima korektan samo ekran od 90hz  i bateriju i apsolutno ništa više. Sporiji telefon davno nisam video još od A20e gde sam takođe vidjao slične i dijametralno suprotne komentare. Pošto sam i a20e i a32 dobio kao službene telefone, počinjem da sumnjam da operateri i samsung namerno uvaljuju firmama krš i primerke druge klase a na uštrb cene i masovnosti narudžbi. Kao da ima 2 vrste a32 modela jedan za slobodnu prodaju a drugi za firme. Otisak prsta malo malo moram da brišem pa ponovo aktiviram koliko je neprecizan. U toku rada sa njim zna odjednom da izbaci iz aplikacije pa morate ponovo da uđete u istu. I da, tel mi je skoro prazan, igrice ne igram i skoro sva količina ram i rom memorije mi je slobodna. Kamere namerno ni ne spominjem je su danas lose kod svih proizvođača. Jednom rečju UZAS OD TELEFONA.",9,"Dužina (>=15 reči), Suprotni veznici, Negacija, Specifikacija"
https://mobilnisvet.com/mobilni/8364/Samsung/Galaxy-A32-Dual-SIM,Samsung,Samsung Galaxy A32,Sale,2022-12-01 00:48:00,"Odlican telefon. Baterija mi traje 2 dana bez ikakvog problema. Zvuk je odlican - pozivi ili muzika. Fotke su super, ali nesto losije po mraku. Ekran je prelep, jasnih i jakih boja. Za svoju cenu uredjaj pruza vise nego dovoljno. Gorila-glass 5 je samo plus za ovaj model. Imam ga pola godine, ma nigde ogrebotine.",9,"Dužina (>=15 reči), Suprotni veznici, Negacija, Sleng"
https://mobilnisvet.com/mobilni/tqv/Samsung/Galaxy-S25-12GB-512GB-1x-SIM-2x-eSIM,Samsung,Samsung Galaxy S25,Lane,2026-07-18 17:19:00,"Tanko kuciste je zlo u letnjim mesecima... Jeste osecaj u ruci odlican, zgodno za koriscenje ali cim se malo duze koristi napolju, ukljuci video snimanje, zagreje se kao ringla, pocinje da secka jer zastita radi svoje da se ne ostete komponente i baterija. Ovaj telefon kao da uopste nema hladnjak, o cemu su razmisljali?!",9,"Dužina (>=15 reči), Suprotni veznici, Negacija, Sleng"
https://mobilnisvet.com/mobilni-komentari/xnjcm/Xiaomi/Redmi-Note-12-Pro/4,Xiaomi,Xiaomi Redmi Note 12 Pro,srki,2023-12-10 00:44:00,"kanta kao svaka redmi serija,ne znam odakle da pocnem,dva meseca radio da kazes ok,i onda na baguje ne moze da otvori odredjene stranice,ekran se ne gasi kad treba poziv,jedina svetla tacka je kamera al dzabe,kad ostalo manje vise radi,baterija ne bas naj bolja,odavno je ova je redmi serija prestala da biva best bay",9,"Dužina (>=15 reči), Suprotni veznici, Negacija, Sleng"
https://mobilnisvet.com/mobilni-komentari/9288/Xiaomi/11-Lite-5G-NE/2,Xiaomi,Xiaomi 11 Lite 5G NE,stevo,2022-10-23 01:26:00,"Telefon imam oko pet meseci i uglavnom sam zadovoljan, međutim već par nedelja, na ikonici (fabričkoj) Boost speed mi je konstantno prikazuje 75-85 % opterećenja rama i onda se telefon uspori, ne može da se fotografiše, secka i sl. i predlaže mi da se očisti smeće kojeg uglavnom ima veoma malo jer, niti igram igrice i nije je zatrpan aplikacijama, memorija (ROM) je popunjena tek nekih 20-25%.Restartujem ga, bude dobro neko vreme i onda opet ista priča. Uredno sam skinuo sve update-ve, pa i ovaj zadnji (V13.0.6.0.). Šta je problem",9,"Dužina (>=15 reči), Suprotni veznici, Negacija, Sleng"
https://mobilnisvet.com/mobilni-komentari/7432/Samsung/Galaxy-S20+/3,Samsung,Samsung Galaxy S20+,Savan,2021-01-05 12:08:00,"Vidim da se vecina ljudi zali na bateriju. Da li neko moze da mi odgovori ima li poboljsanja nakon apdejta i podesavanja telefona na srednju ustedu uz 120Hz? Prosecan korisnik, drustvene mreze, viber, youtube, povremeno fotkanje, ne igram igrice.. Moze li da izgura dan bez punjenja? Iako izlazi uskoro serija S21, mislim da je ovo ipak telefon za mene.. druga opcija je S20FE, ali jednostavno za cenu od nekih 460e ne daje mi osecaj premijum uredjaja i pored dobrih karakteristika..",9,"Dužina (>=15 reči), Suprotni veznici, Negacija, Specifikacija"
https://mobilnisvet.com/mobilni/kvj/Samsung/Galaxy-S25-FE-8GB-512GB-1x-SIM-1x-eSIM,Samsung,Samsung Galaxy S25 FE,Foxy,2026-07-10 22:31:00,"Očajna baterija na 8.5, ne može dan da izgura ako se telefon malo intenzivnije koristi. Ekran nema oštrinu, zum kamera skoro neupotrebljiva osim u idealnim dnevnim uslovima. Procesor je ok, multitasking lagano odrađuje ali 8gb rama postaje usko grlo, aplikacije se gase u pozadini. Ne vredi više od 400e.",9,"Dužina (>=15 reči), Suprotni veznici, Negacija, Specifikacija"
https://mobilnisvet.com/mobilni-komentari/mgt/Samsung/Galaxy-A54/26,Samsung,Samsung Galaxy A54,Nenad,2023-05-02 22:46:00,"Kod mene baterija prosečan SOT izgura 7-8 sati, za sada sve radi kako treba, nemam nekih većih problema pri otvaranju raznih aplikacija, ekran veoma dobar, osvetljenje ekstra ne bledi ni na suncu sve se jasno i čitko vidi(Samsung verovatno ima najbolje ekrane na svetu), kamera je korektna, nije naravno kao flagsip modeli ali zadovoljavajuća je i za zahtevne korisnike, e jedino malo dizajn tu su mogli da se potrude, debele ivice izgleda kao cigla(sve je to stvar ukusa, lično mi ne smeta). Sve u svemu dobar telefončić za 350 evra sada može da se uzme 8/128, ko hoće doda još 30e i uzme najjaču verziju, svakako sa A54 dobijate 4 godine ažuriranja i 5 godina zakrpu. Pozdrav svima!",9,"Dužina (>=15 reči), Suprotni veznici, Negacija, Sleng"
https://mobilnisvet.com/mobilni-komentari/6714/Huawei/Honor-10-Lite-4GB-64GB/2,Huawei,Huawei Honor 10 Lite,Huawei korisnik.,2019-08-08 16:55:00,"Telefon koristim vec 6 meseci, i moram da kažem da je stvarno specifičan i odličan. Kamera je perfektna, dobra je i zadnja, ali je jos bolja prednja od 24MP. Otisak prsta radi brzo, tu je i opcija prepoznavanja lica koja  je isto brza. Veličina je super, meni odgovara. Brzina otvaranja aplikacija je isto brza, kao i rad zahtevnijih igrica  kao PUBGa. Memorija od 3 GB rama i 32GB interne memorije je sasvim dovoljna, ali kada sam ubacio memorijsku karticu od 4GB i od 16GB nije htelo da očita, razlog mi nije poznat. Baterija traje dugo. Zvučnik je dosta jak. Huawei honor 10 lite sadrži mnogobrojne opcije, i pruža razlicite mogućnosti korisniku. Jedina mana koju bih izdvojio je ta da je ekran preterano osetljiv. Imao sam jaku masku, imao sam zaštitno staklo, i pored svega toga pri trčanju mi je ispao iz džepa, pao na beton, udario u lajsnu i polomio se, nije mu pomoglo ni staklo ni maska... Trazio sam na netu koliko kosta popravka i rekli su mi da je oko 60 evra, i da na Huawei honor 10 lite ne moze da se menja samo lcd ekran, vec mora i lcd ekran i touch screen zajedno i to je oko 60 evra.",9,"Dužina (>=15 reči), Suprotni veznici, Negacija, Specifikacija"
https://mobilnisvet.com/mobilni/8508/Samsung/Galaxy-A52-5G-8GB-Dual-SIM,Samsung,Samsung Galaxy A52 5G,Djole,2021-05-06 18:53:00,"Ja imam a52 8/128gb steta nije bio pre mesec dana 5g model,ali moj drugar ima 5g model i minimalna je razlika,90hz i 120hz nije velika razlika ali izmedju 60hz i 90hz je ogromna primetna razlika.",9,"Dužina (>=15 reči), Suprotni veznici, Negacija, Specifikacija"
https://mobilnisvet.com/mobilni-komentari/8007/Samsung/Galaxy-S20-FE/4,Samsung,Samsung Galaxy S20 FE,Arsa,2021-11-12 01:06:00,"Pozz svima, telefon imam vec 2 nedelje...generalno uzet u A1 SD verzija, baterija SOT 6-7h sa ukljuceni BT i Lokacijom(povezan sa smart watch-om, AOD, 120hz...), greje se, ali ne preterano(sa igranjem igrica), youtube, drustvene mreze itd...ekran je solidan amoled(nista wauuu ali za prosecnog korisnika fenomenalan). Sto se same izrade telefona tice po meni zaista odlicno odradjen(ne koristim masku niti zastitno staklo-izdrzljiv). Kamera sto se tice dnevnih fotki je odlicna/nocu je solidna...stereo zvuk je fenomenalan... Sve u svemu za nekog prosecnog korisnika je fenomenalan tel, uz paket kod nekih od operatera...ili za kes od 350-400eur. Ko god da se dvoumi da uzme ovaj model tel sada, iskreno nece pogresiti jer ispunjava sve zahteve prosecnog/jaceg korisnika.",9,"Dužina (>=15 reči), Suprotni veznici, Negacija, Specifikacija"
https://mobilnisvet.com/mobilni-komentari/8239/Samsung/Galaxy-S21-Ultra-5G/10,Samsung,Samsung Galaxy S21 Ultra 5G,Neko,2021-09-22 07:17:00,"Iako sam cuo dosta losih komentara, odlucio sam da moj oneplus 8 Pro zamenim za S21 ultru. Vodio sam se time da je prosto nemoguce da telefon ove klase iz samsunga koji je ispeglao sve nedostatke prethodnika bude los. I tako je, bar za sada. Brzo to sve radi, glatko, ne greje se, dobar zvuk extra ekran, lepo bas izgleda.. Kamera nije nista bolja od Oneplus 8 Pro sem zooma naravno. Baterija je takodje dobra time sam isto zadovoljan. Jedino sto sam ocelivao vise je od kamere. Sve u svemu sasvim ok. Model je 2100 exynos, 128gb",9,"Dužina (>=15 reči), Suprotni veznici, Negacija, Specifikacija"
https://mobilnisvet.com/mobilni/mhj/Xiaomi/14-12GB-512GB-2x-SIM,Xiaomi,Xiaomi 14,Uros,2025-08-20 13:06:00,"Telefon je top, za 540e varijanta 12/512GB, brz dobra baterija kamere odlicne, zagreje se malo dok se koristi kamera ali nista strasno, igrice nisam probao ali verujem da bi radila svaka bez problema, svaka preporuka za telefon!",9,"Dužina (>=15 reči), Suprotni veznici, Negacija, Specifikacija"
https://mobilnisvet.com/mobilni/khc/Apple/iPhone-15-Pro-8GB-1TB-1x-SIM-1x-eSIM,Apple,Apple iPhone 15 Pro,Dragan,2025-03-07 19:36:00,Imam jeftinu ponudu za 15 pro al me brine 128gb memorije.. Iz cg samm i kazu da nije problem memorija i da moze da se placa icloud 3e mesecno za 200gb...,9,"Dužina (>=15 reči), Suprotni veznici, Negacija, Specifikacija"
https://mobilnisvet.com/mobilni-komentari/8491/Xiaomi/Mi-11-Lite-5G/3,Xiaomi,Xiaomi Mi 11 Lite 5G,Hellbound,2022-03-04 20:19:00,"Imam Mi 11 Lite 5G skoro 7 meseci, stigao mi je nov MIUI 13.0.3 sistem. Uopšte nisam zadovoljan baterijom, 1h i 45 minuta uključenog zaslona baterija je na 59%. Napominjem da ne igram igrice, telefon koristim isključivo za dopisivanje, društvene mreže i yt. Posle ovog ažuriranja telefon ću morati da punim sigurno 2 puta na dan, brzo se puni to je okej ali nije normalno da se baterija tako brzo prazni. To je jedina boljka ovog telefona, vidim da neki imaju problema sa senzorom otiska prsta. Ja takvih problema nemam, učitava otisak iz prve. Ekran je odličan, zvučnici su dosta glasni i kvalitetni, procesor nije efikasan što se tiče potrošnje baterije, kamere su skoro pa savršene za ovu cenu. Skoro u svakom segmentu je telefon dobar, ali baterijom me je razočarao jer moram sad telefon da koristim na 60Hz..",9,"Dužina (>=15 reči), Suprotni veznici, Negacija, Specifikacija"
https://mobilnisvet.com/mobilni-komentari/8389/Xiaomi/Redmi-Note-10-Pro/2,Xiaomi,Xiaomi Redmi Note 10 Pro,Anavi,2024-02-19 20:46:00,"Hej,imam Xiaomi note 10 pro dve godine i četiri meseca i super je...I kako sam htela sa zanovim telefon kupim isti model samo u drugoj boji i sa memorijom 8GB/128GB...Ali kamera na novom telefonu ni blizu kao na starom...I ako sam sva podešavanja namestila kao i na predhodnom ne pravi slike veće od 5MB,a stari telefon bas suprotno ne pravi slike manje od 5MB...Slike imaju ostrinu bolji kontrast boja ma vidno bolje definitivno...E sad zna li neko sta moze biti ili je prosto do serije telefon? Da naglasim oba telefona su EU verzija...S tim da noviji ima Android 14...Bas sam razočarana...",9,"Dužina (>=15 reči), Suprotni veznici, Negacija, Specifikacija"
https://mobilnisvet.com/mobilni-komentari/8389/Xiaomi/Redmi-Note-10-Pro/2,Xiaomi,Xiaomi Redmi Note 10 Pro,LvSee,2024-01-13 13:47:00,"Ćao ljudi, da li još neko ima problem da mu je mnogo fotografija oštećeno ili dobiju poruku ""Format fajla nije podržan ili su fajlovi oštećeni""? Nikada nisam imao ovakav problem kod drugih brendova (samsung, honor, Huawei, Sony itd.). Znam da Šaomi nema naročito stabilan softver ali ovo je užas.",9,"Dužina (>=15 reči), Suprotni veznici, Negacija, Sleng"
https://mobilnisvet.com/mobilni-komentari/8007/Samsung/Galaxy-S20-FE/9,Samsung,Samsung Galaxy S20 FE,Don Kora,2020-12-11 11:06:00,"Telefon je fenomenalan i vidi se odma da je premium. Veoma je lagan, ali je dosta velik pa treba vremena da se  navikne, pogotovo ako se dolazi sa manjeg telefona. Baterija bez problema izdrzi jedan dan sa normalnom upotrebom Internet, word, exel, fejs, instagram, kamera malo jutjub... Ovi sto govore da je baterija katastrofa nemaju telefon sto posto! Nego su gledali zaludjenike sa jutjuba. Kamera je odlicna, video je vrhunskog kvaliteta, dok je fotografija kompjuterski obradjena i odma se primeti to, sto je mala mana po meni. Telefon jeste izradjen od plastike ali po meni to je ok i nesmanjuje izgled premium telefona. Baterija se napuni preko klasicnog punjaca 15w sto dolazi u paketu od 0 do 100 posto za 1 sat i 15minuta.  Zvucnici su odlicni. Sve u svemu mnogo dobar telefon gde cete imati 3 godine softverske podrske, telefon ima sertifikat IP68, bezicno punjenje i sa adapterom za HDMI, Usb, moze da zameni laptop za obicnog korisnika.",9,"Dužina (>=15 reči), Suprotni veznici, Negacija, Specifikacija"
https://mobilnisvet.com/mobilni/mhj/Xiaomi/14-12GB-512GB-2x-SIM,Xiaomi,Xiaomi 14,A,2025-06-10 21:31:00,"Interesuje me za Xiaomi Redmi Note 14 pro, da li je kvalitetna kamera? Trenutno imam Xiaomi Poco X3 NFC, gde je ultrawide 13 MP, dok je na modelu 14 pro ta kamera 8 MP. Naravno, wide kamera je na 14 pro znatno bolja, ali ne znam koliko je ultrawide bitna.",9,"Dužina (>=15 reči), Suprotni veznici, Negacija, Specifikacija"
https://mobilnisvet.com/mobilni/6718/Huawei/Honor-10-Lite-128GB,Huawei,Huawei Honor 10 Lite,Čarapan,2020-11-02 15:21:00,"Imam telefon godinu ipo dana, nije ništa posebno, radi na androidu 10,ali mene nervira Huaweiev sistem, pa to sredim preko CPL launchera, sve u svemu sada jako loša kupovina, star je oko dve godine, kamera ni prosečna rekao bih, selfi kamera odlična za razliku od primarne koja ima samo 13mph, 32 gb skladišta je malo za mene koji sam prosečan korisnik i ne igram igrice,  pa sam za slike morao da kupim Sd karticu, baterija skromna(ako se aktivira režim uštede energije), 3gb rama je ok za normalan rad, ali zna on kočiti i dok sam na Google-u (redovno održavam telefon), dizajn je dobar bio tada ali već sada zastareo, ne preporučujem ovaj model u 2020/2021 jer stvarno nema smisla kupovati telefon koji je star dve godine, savetujem neki Xioami jer su vrlo dobri i pouzdani, HUAWEI/HONOR NIKAKO!, moja najveća greška je bila prelazak na ovaj telefon, jer ja znam šta je dobar telefon, imao sam Samsung telefone sresnje klase 5 godina, pre toga El dži, a sa Samsunga sam prešao na ovo, ne kajem se jer je moj Samsung zastareo, ali da mi operater nije nametnuo izbor između 2 telefona(Honor 10 lite i P Smart 2019) nikad ne bih koristio ni Honor ni Huawei jer ima mnogo boljih kupovina, osim za one Honor i Huawei fanove, jer njima je Huawei najbolji, pozdrav od jednog poznavaoca telefona☺️",9,"Dužina (>=15 reči), Suprotni veznici, Negacija, Specifikacija"
https://mobilnisvet.com/mobilni-komentari/9835/Samsung/Galaxy-A33-5G/3,Samsung,Samsung Galaxy A33 5G,MilanVG,2022-10-25 11:08:00,"A33 je jedan od potcenjenijih telefona na tržištu. Telefon je suštinski identičan A53G, isti gabariti, isti hardver. Jedina razlika u osvežavanju ekrana 90Hz vs 120Hz i u kameri - 48 MPx vs 64MPx, ali opet sa optičkom stabilizacijom. Sam telefon je brz, fluidan u radu. Kamera čak i u uslovima slabijeg osvetljena daje dobre slike (zbog optičke stabilizacije). Baterija traje komotno dan. Dva dana ako koristite samo za pozive, sms i malo čačkanja po ekranu. A53 je skuplji oko 60eu. Razliku u ekranu i fotkama teško ćete primetiti pa sami procenite da li Vam je neophodan A53 5G.",8,"Dužina (>=15 reči), Suprotni veznici, Specifikacija, Motiv kupovine"
https://mobilnisvet.com/mobilni-komentari/9288/Xiaomi/11-Lite-5G-NE/2,Xiaomi,Xiaomi 11 Lite 5G NE,Marko,2023-04-02 14:29:00,"Od instaliranja najnovijeg apdejta (MIUI 14, Android 13), već dobrih mesec dana, imam problem sa pristizanjem poruka u Viber aplikaciji. Naime, nema trenutnog prispeća Viber poruka, već Viber poruke koje vam prijatelji šalju možete da uočite tek kada uđete u Viber aplikaciju i tek vam tada poruke budu dostupne, iako su ranije poslate, pre npr. 2, 3 sata. Ovo je veliki nedostatak najnovijeg apdejta, jer se ovo ranije uopšte nije dešavalo dok je bio MIUI 13. Telefon imam godinu i po dana i ovih poslednjih mesec dana su razočaravajući zbog opisanog problema. Da li vam se to dešavalo i kako ste rešili taj problem? Pozdrav svima",8,"Dužina (>=15 reči), Suprotni veznici, Negacija, Motiv kupovine"
https://mobilnisvet.com/mobilni-komentari/8491/Xiaomi/Mi-11-Lite-5G/2,Xiaomi,Xiaomi Mi 11 Lite 5G,Perica,2022-04-05 07:53:00,Da li je bolja opcija za  kupovinu ovaj model ili 11 lite 5g NE?  Znam da ovaj ima procesor koji je na 5nm izrade..kamere su  iste ali ne znam da li to pravi razliku u praksi?  Ekran ima  i dolbyvison kod NE modela...koliko je to bolje u praksi od ovog 5g modela koji ima samo  Hdr ekran?  Verujem da je brzina rada gotovo ista kao i osecaj u ruci zbog male mase...Da  li ima ikakvih kvarova i mana kod ova dva modela?  Pitam jer kod 11 lite 4g modela bilo.je navodno prituzbi na neke probleme sa ekranom...?,8,"Dužina (>=15 reči), Suprotni veznici, Negacija, Motiv kupovine"
https://mobilnisvet.com/mobilni-komentari/l7m/Samsung/Galaxy-S23-Ultra/40,Samsung,Samsung Galaxy S23 Ultra,Nemanja,2023-02-13 22:10:00,"Evo kao sto sam i obecao, posle nesto vise od 24h koriscenja da podelim svoje iskustvo na sajtu. I dalje onaj stari poznati problem sa lagovanjem kada se izlazi ili ulazi u meni ili u programe, zatim kamera laguje a i video uprkos najnovijem SD 8 Gen 2 i dalje nije ni blizu po kvalitetu videa na iPhone-u. Baterija solidna i sasvim prosecna, nista vise od toga, izvlacim oko 5.5-6h sota a uz podesavanja stednje baterije max 6.5h i nista preko toga, ipak je ovo Samsung, tu iPhone i dalje ima ogromnu prednost i sumnjam da ce ga ikada stici a jos manje prestici bilo koji android telefon pa makar bio i Flagship model. Iskreno, ekran takodje TOP i tu nemam zamerke. U toku duzeg gledanja videa na YT ili koriscenja kamere za slikanje telefon postaje vruc. Dok se snima sa njim telefon se toliko ugreje da postane vreo i neprijatno ga je drzati u ruci. Iskreno, ovo je i dalje onaj stari problem koji Samsung ima jos od davnih dana i ne znam kako to nisu uspeli da rese. Iako volim Samsung ipak bih blagu prednost dao iPhone-u jer mu je baterija TOP i fluidnost je na njegovoj strani, to je ono sto Samsung nazalost nikada nece imati. Osecaj u ruci je izuzetan ali opet ovde dajem prednost iPhone-u koji jedini ostavlja taj premium osecaj u ruci zbog nacina izrade. Na kraju, kao najvecu manu ovog telefona izneo bih njegovu previsoku cenu, ovo je zaista bolesno sto je Samsung uradio ove godine. Ubaci nam Snapdragon i odmah 200€ poveca cenu, mislim sta ako je Snapdragon unutra, sto se mene tice ovaj telefon ne bi smeo vise od 1000€ da kosta, ali sta je tu je. Ko hoce da ga poseduje zna onu izreku: ""Plati pa klati"" jer da se ne lazemo, ovaj telefon nije za svakog bas zbog te cene koju ima. Ovo je bilo tek nakon skoro 24h koriscenja, javljam se sa malo detaljnijom recenzijom kada ga budem malo duze koristio. Nadam se da sam nekome ovim pomogao.",8,"Dužina (>=15 reči), Suprotni veznici, Negacija, Motiv kupovine"
https://mobilnisvet.com/mobilni-komentari/khb/Samsung/Galaxy-S23/17,Samsung,Samsung Galaxy S23,Cuki,2023-11-26 11:57:00,"Iskreno, razočarana sam ovim Samsungom. Baterija je u redu ali mislim da za ovu cenu ovakvi bagovi sa kamerom ne smeju da se dešavaju. Mutan tekst u uglovima kamere i seckanje pri pokretanju video zapisa su stvarno ogromni minusi. Imala sam veća očekivanja od ovog modela za koji sam se odlučila prvenstveno zbog dimenzija.",8,"Dužina (>=15 reči), Suprotni veznici, Negacija, Motiv kupovine"
https://mobilnisvet.com/mobilni-komentari/blm/Honor/Magic5-Lite/7,Honor,Honor Magic5 Lite,Vele Bg,2023-11-21 13:45:00,"Kupio sam ga pre 3 dana.Baterija dobra,odlican displej,sve ok i fluidno funkcionise,jako lep telefon,odlicno lezi u ruci. Za tu neku cenu do 30.000 dinara,bolji telefon necete naci. Kamere su ok,po dnevnom svetlu su fotografije zaista i vise nego dobre. Sa nocnim modom slikanja sam se zaista iznenadio,pravi takodje sasvim dobre slike. Sto se snimanja video zapisa tice,tu je ogranicen. Video nema neki kvalitet,ali je upotrebljiv...",8,"Dužina (>=15 reči), Suprotni veznici, Negacija, Motiv kupovine"
https://mobilnisvet.com/mobilni-komentari/8239/Samsung/Galaxy-S21-Ultra-5G/10,Samsung,Samsung Galaxy S21 Ultra 5G,Nabore,2021-09-21 21:48:00,Uuuu koliko sam se razocarao u ovaj telefon kupio sam verziju 16 512 debelo platio nakon mjesec dana koristenja sam primjetio da imam problema sa fokusom kamere dok ma kraju u konacnici nije crko sad da bi to rijesio trebam kupit citav modul kamera nikad vise samsung necu uzet mada ga u zadnje vrijeme bas i ne simpatisem al ovo je strasno samo iphone stari moj,8,"Dužina (>=15 reči), Suprotni veznici, Negacija, Motiv kupovine"
https://mobilnisvet.com/mobilni/6l6/Xiaomi/Redmi-A3-4GB-128GB-2x-SIM,Xiaomi,Xiaomi Redmi A3,Dragan Kg,2025-02-21 13:16:00,"Ja sam se, za oca, dvoumio između ovog modela i Infinix Smart 8. Direktni konkurenti i po specifikacijama dosta slični - ekrani, baterija, brzina punjenja... Ali Infinix ima za 50% brži čipset i uz telefon se dobija i punjač i silikonska maskica i folija na ekranu, za razliku od A3 koji ide klot i za koji je sve to potrebno dokupiti. Dodatno što sam Infinix uzeo preko oglasa nov vakum pakovanje za 6000 din. Da se razumemo, oba su telefona bukvalno entry level telefoni, najniža budžet klasa. Ali za osnovne potrebe poput vibera, fejsa, čitanja novina i sl. sasvim dovoljni. Ocu bio dovoljan i Redmi Note 8T dok ga nije spucao. Tako da sam mu ovim fonom zamenio dotični.",8,"Dužina (>=15 reči), Suprotni veznici, Negacija, Motiv kupovine"
https://mobilnisvet.com/mobilni-komentari/7xf/Huawei/P60-Pro/4,Huawei,Huawei P60 Pro,Beli,2024-02-24 19:51:00,Posle P50 pro ( kojeg i dalje imam) sam uzeo P60 pro. Mogu da kazem da sam oduševljen kako je sve ispeglano i kako lepo radi. Sve je za nijansu bolje i to je dovoljno. Telefon savršeno lezi u ruci. Kamera ubija ( nisam verovao da od P50 pro moze biti bolje ali sam se razuverio). U App galeriji ima sve sto je potrebno a tu je i Gbox ukoliko nekom treba playstore. Zivot bez googla je itekako moguc.,8,"Dužina (>=15 reči), Suprotni veznici, Negacija, Motiv kupovine"
https://mobilnisvet.com/mobilni-komentari/xnjcm/Xiaomi/Redmi-Note-12-Pro/8,Xiaomi,Xiaomi Redmi Note 12 Pro,David,2023-06-11 09:03:00,Uzeo sam telefon ovaj odlican kamera sve je top ali mi se cini kao da je baterija losa primer napunio sam ga u 22 uvece i ujutru u 7 baterija je sa 100 posto spala na 94 posto imao sam xioami redmi note 9 pro 2 ipo god star kad ga napunim na sto.posto padne baterija na 97 mozda je do sistema ali mi se baterija uopste ne svidja ali inace telefon kao telefon odlican samo me je baterija malo razocarala,8,"Dužina (>=15 reči), Suprotni veznici, Negacija, Motiv kupovine"
https://mobilnisvet.com/mobilni-komentari/xnjcm/Xiaomi/Redmi-Note-12-Pro/8,Xiaomi,Xiaomi Redmi Note 12 Pro,Dejan,2023-05-21 20:56:00,"Uzeo sam ovaj telefon pre par dana.. Ne znam da li je kod ostalih tako, ali, brzo mi se troši baterija, iako ne igram igrice niti bilo šta zahtevno.. Malo surfovanja po netu i brzo se skida baterija.. Takođe, odjednom mi se pojavilo da od za sada 2 ljudi mi ne pišu propušteni pozivi, a od ostalih sve normalno..",8,"Dužina (>=15 reči), Suprotni veznici, Negacija, Motiv kupovine"
https://mobilnisvet.com/mobilni-komentari/xnjcm/Xiaomi/Redmi-Note-12-Pro/8,Xiaomi,Xiaomi Redmi Note 12 Pro,Dule,2023-05-12 10:45:00,"Kupih ovaj telefon pre dva dana između ostalog zbog dobre baterije ali mi ista izdrži dan ipo računjajući i noć kada ga ne koristim. Običan sam korisnik, ne igram igrice, ne gledam tiktok, ne koristim instagram i fejs i ona se brzo isprazni.  Ima li neko saznanje zašto je to tako.",8,"Dužina (>=15 reči), Suprotni veznici, Negacija, Motiv kupovine"
https://mobilnisvet.com/mobilni-komentari/l7m/Samsung/Galaxy-S23-Ultra/39,Samsung,Samsung Galaxy S23 Ultra,Vuk86,2023-04-08 15:08:00,"Telefon  sam uzeo pre 10 dana, trazio sam verziju  12/512 ali nije je bilo na stanju pa sam uzeo 8/256... za sada je ok. Prvog dana i prvo punjenje telefon se grejao i to me je iznerviralo ali vec sledeceg dana je to nestalo. Pre ovoga sam imao s 22 ultra 12/256. Smem reci da u rukama s23 ultra deluje zverski ali videcemo, jos je rano davati komentare. Baterija mi drzi bolje na s23 nego na s22. Lep rad zaista. Naravno mene nervira sto je 8/256 i nije mi jasno zasto su stavili to u s23 ultra ali videcu vremenom o cemu se radi. Sve u svemu, ko voli velike telefone, smem reci da nije los izbor. Bateriju skinem sa punjaca ujutru u 5 i 20 ,stavim je uvece u 00 ili 01h, naravno aktivirana opcija za cuvanje baterije na 85% punjenja....",8,"Dužina (>=15 reči), Suprotni veznici, Negacija, Motiv kupovine"
https://mobilnisvet.com/mobilni-komentari/mgt/Samsung/Galaxy-A54/5,Samsung,Samsung Galaxy A54,.....,2024-05-15 13:00:00,"Ljudi.Js sam prodao ovaj telefon zbog raznih problema koje sam imao od početka.Reklamirao ga i menjali matičnu ploču i ništa nije vredelo uzeo Honor 90 i odmorio se od muka.Prvo sam mislio da uzmem a55,ali kada sam video kod druga da je isti problem kao na a55 predomislio sam se i uzeo H90 i nisam se pokajao.Homor 90 za a55 i a54 je mašina",8,"Dužina (>=15 reči), Suprotni veznici, Negacija, Motiv kupovine"
https://mobilnisvet.com/mobilni-komentari/mgt/Samsung/Galaxy-A54/5,Samsung,Samsung Galaxy A54,Mire,2024-05-01 09:35:00,"Ja sam sa ovim telefonom imao mnogo problema godinu dana. 2 put sam ga reklamira i problem nije rešen. Što se mene tiče najgori telefon, ali opet kažem što se mene tiče. Poštujem druga mišljenja. Na sreću prodao sam ga i uzeo drugi telefon. Neću ovde da ga reklamiram i hvala bogu radi EXTRA.E da još nešto. Moj kolega na poslu isto ima a54 i njemu stvarno radi bez greške. Malo je mlake, ali moj je bio bukvalno vreo, a o bagovanju da ne pričam",8,"Dužina (>=15 reči), Suprotni veznici, Negacija, Motiv kupovine"
https://mobilnisvet.com/mobilni-komentari/8389/Xiaomi/Redmi-Note-10-Pro/22,Xiaomi,Xiaomi Redmi Note 10 Pro,Miss,2022-01-06 23:30:00,"Ljudi što se tiče problema sa signalom, stvar je u tome što je telefon za Indijsko tržište i hvata samo tzv Band 3 a ne Band 20 signal što se tiče LTE.  Ja sam pogresio sto sam uzeo verziju Made in India. Telefon na 4g i malo malo pa nije dostupan čim se izgubi 4g dok traži 3g. Da li će problem biti rešen ukoliko kao periferiranu mrežu stavim 3g? Video sam da je to neko to pisao.",8,"Dužina (>=15 reči), Suprotni veznici, Negacija, Motiv kupovine"
https://mobilnisvet.com/mobilni-komentari/8389/Xiaomi/Redmi-Note-10-Pro/22,Xiaomi,Xiaomi Redmi Note 10 Pro,Alex,2022-01-11 21:38:00,Uzeo sa rn 10 pro u mtsu i prodao sam ga posle mesec dana... Baterija nije mogla da sastavi jedan dan i to uz minimalno koriscenje... Tel se preterano grejao... U dzepu je i osetim da je vreo... evo prosao je drugi mrsec i tel je zavrsio na reklamaciji... Riknula mu je maticna... To je moje iskustvo sa tim telefonom... Inace tel je veoma lep [ bar meni] ima odlican ekran dobre zvucnike dobre kamere brz je.... Ali ja nisam imao srece sa njim,8,"Dužina (>=15 reči), Suprotni veznici, Negacija, Motiv kupovine"
https://mobilnisvet.com/mobilni-komentari/9288/Xiaomi/11-Lite-5G-NE/3,Xiaomi,Xiaomi 11 Lite 5G NE,Nikola83,2022-03-01 18:29:00,"Evo par mojih zapazanja,posle nekih skoro 3 meseca koriscenja,lagan,elegantan,tanak,pomalo zenski telefon,e sad,par minusa: meni baterija jedva izvuce dan koriscenja(pozivi,viber,internet,tube),proximity senzor (ako ga uopste ima) zeza prilikom poziva tj.obavezno se nesto ispritiska uvetom tokom razgovora,otisak prsta na nezgodnom mestu,ipak je bolje po mom misljenju kad je u displeju nego sa strane jer se npr. slucajno pritisne i otkljuca ekran prilikom vadjenja iz dzepa,ekran i pri 100% osvetljenja slabiji nego moj prethodni Samsung A51 na nekih 80% osvetljenosti,kamere solidne,ali ocekivao sam vise,pogotovo za selfi kameru koja je prosek..sve u svemu onako,nije me kupio..",8,"Dužina (>=15 reči), Suprotni veznici, Negacija, Motiv kupovine"
https://mobilnisvet.com/mobilni-komentari/9288/Xiaomi/11-Lite-5G-NE/3,Xiaomi,Xiaomi 11 Lite 5G NE,Dex,2022-03-03 21:53:00,"Uzeo ga prekjuče, maltretirao sam ga od jutros, baterija mu je na 10%, pravi dobre slike pride sam instalirao gcam, isprobao sam par igrica, glatko sam im pokrenuo,a zamislite plus amoled je lep, nikakvih bagova nema, predhodni tel je imao problem sa signalom (motorola one vision) a ovaj je baš ok,verzija je sa 8/128 memorije, nisam povatao jo sve opcije ali upamtite da su ovi tel sa otljkučanim boot loaderom, imate uputstvo za custom rom, samo pratite na youtube kako promeniti os i to je to, javljam za par dana o pstalim utiscima i sl.",8,"Dužina (>=15 reči), Suprotni veznici, Negacija, Motiv kupovine"
https://mobilnisvet.com/mobilni-komentari/l7m/Samsung/Galaxy-S23-Ultra/37,Samsung,Samsung Galaxy S23 Ultra,DR,2023-05-18 00:23:00,Evo ga i ja uzeh konacno...Presao sam sa s10+ koji me je sluzio perfektno preko 3 godine.Najvise me odusevi sto sam samo u dva klika sa s10+ sve  prebacio na 23ultru cak su i slike  na ekranu koje su mi bile na s10+ same se postavile na ultri mislim na slike od moje dece koje stoje kad odkljucam telefon i cuvar ekrana slika...sitnica ali znaci kad ne morate da se cimate oko toga i raznih podesavanja trazenja  aplikacija meilova i td...Sve je ko da nisam mijenjao tel...E sad sto se tice telefona 1200e sam platio s10+ kad je izasao ovaj sam isto toliko platio dobio sam u radnji gratis punjac masku i zastitu...Skup jeste ali sam svakako mnogo vise sad dobio za iste pare nego kad sam uzimao s10+ posebno sto su tad vise vrijedjele 1200e nego sada.Toliko sto se tice cijene.Definitivno mislim da sam napravio pravi potez sto sam preskocio 20 21 22 jer 23u je stvarno kompletan telefom steta samo sto nije istih dimenzija ko s10+ al dobro navikao sam se za 1 dan.Kamera i video sta da kazem mene od ovoga vise ne treba i 10+ mi je bio top a ovo je vec druga dimenzija.Olovka mi znaci puno i to je velika prednost kao i memorija uzo sam 512giga memorije.Najbitnije od svega je baterija ful dan izgura i to je to sto mene licno treba 20% da mi ostane za sutra ne znaci mi nista jer svakako je bolje da ide uvece na punjac i onda sutra ceo dan miram.tako sam i sa a10+ svaku noc sam ga punio za ove 3 i vise godine sad ide na zasluzen odmor ne prodajem ga nisam ni modele pre njega svi su puni slika podataka i td..Na kraju krajeva platis tel 1200 sta ti znaci da ga sad prodas za 200 neka ga.Sve u svemu meni je jak i dobar telefon  neophodan jer mi donosi na neki nacin novac i zato 23ultru vrijedi kupiti i naredne 3 do 4 godine zaboravite na drugi telefon.Pozdrav za sve citaoce.,8,"Dužina (>=15 reči), Suprotni veznici, Negacija, Motiv kupovine"
https://mobilnisvet.com/mobilni/9125/Huawei/P50-Pro-256GB,Huawei,Huawei P50 Pro,Cobi,2023-12-19 10:12:00,"Pozdrav ljudi kupio sam polovan p50 pro, telefon sto se tice brzine kamere i fluidnosti je top. Telefon ima bh 98% ali se baterija nenormalno brzo prazni tj 3-4 sata ekran ukljucen i tjt, kako da resim taj problem? Ne igram igrice, koristim telefon za drustvene mreze samo fb insta i viber odradim po neku sliku i tjt",8,"Dužina (>=15 reči), Suprotni veznici, Negacija, Motiv kupovine"
https://mobilnisvet.com/mobilni-komentari/khb/Samsung/Galaxy-S23/17,Samsung,Samsung Galaxy S23,Darko,2023-11-14 10:18:00,"Pozdrav,kupio sam s23 pre medec dana i stigla mi je poruka za potvrdu o poklonu za s21 fe,ali jos mi nije stigao,da li neko zna koliko se ceka i preko koje brze poste salju posto posta strajkuje pa me interesuje da li zbog njih kasni dostava telefona?",8,"Dužina (>=15 reči), Suprotni veznici, Negacija, Motiv kupovine"
https://mobilnisvet.com/mobilni-komentari/l7m/Samsung/Galaxy-S23-Ultra/17,Samsung,Samsung Galaxy S23 Ultra,Boki,2024-03-10 19:05:00,"U poslednje vreme se desava nesto.. model 12/512gb, zauzeto svega 85gb prostora, znaci maltene prazan fon, godinu dana ni da stucne, a sada se par puta u toku dana desi da kad krenem da radim na fonu nesto pocne da secka kao da je namesten na 20 herca ekran a ne na 120. I posle 10ak sekundi drndanja krene normalno sve fluidno...",8,"Dužina (>=15 reči), Negacija, Specifikacija, Sleng"
https://mobilnisvet.com/mobilni-komentari/5rz/Xiaomi/Redmi-Note-13-Pro-5G/3,Xiaomi,Xiaomi Redmi Note 13 Pro 5G,IgiD,2024-11-29 10:22:00,"Pozdrav svima! Kupio sam sinoć ovaj telefon, da promenim Redmi Note 11S. Nisam stigao sve da pregledam, niti da probam...Ono što sam mogao od aplikacija, prebacio sam sa starog telefona preko MI mover-a. Evo glupog pitanja: Kako da namestim drugačiji zvuk za poruke i zvuk za recimo meil kada stigne. Na starom sam mogao da namestim različite, ali ove nekako ne mogu. I još nešto: Da li je normalno da se i telefon i punjač greju dok je tel na punjaču. Sa starim telefonom nisam imao taj problem?",8,"Dužina (>=15 reči), Suprotni veznici, Negacija, Motiv kupovine"
https://mobilnisvet.com/mobilni-komentari/8389/Xiaomi/Redmi-Note-10-Pro/9,Xiaomi,Xiaomi Redmi Note 10 Pro,Bojan,2023-01-05 13:41:00,"Imam 15 meseci telefon, uzeo sam ga u Mts-u. Ali telefon zabada nekoliko puta mesecno u sred aplikacije, zamrzne se ekran i ne mogu nista da uradim, izadjem, zakljucam, ugasim. Drzim dugme 10 sek i on ga restartuje sam. Od pocetka sam ga jednom mesecno restartovao a evo u zadnja 3 dana cak 4 puta je zablokirao. Sta mislite da se desava?",8,"Dužina (>=15 reči), Suprotni veznici, Negacija, Motiv kupovine"
https://mobilnisvet.com/mobilni-komentari/qqy/Xiaomi/13T/3,Xiaomi,Xiaomi 13T,M...,2024-03-23 09:15:00,"Zna li neko zbog čega na Xiaomi 13t modelu i na MIUI i na Hyper OS app vault ne može da se postavi umesto Google discover, dok recimo na Redmi note 13 pro plus može?",8,"Dužina (>=15 reči), Suprotni veznici, Negacija, Motiv kupovine"
https://mobilnisvet.com/mobilni-komentari/swk/Xiaomi/13-Lite/3,Xiaomi,Xiaomi 13 Lite,Krle,2023-04-03 12:43:00,"I da raščistimo dilemu -  Xiaomi 13 lite što dolazi u paketu operatera ima eSIM varijantu ali ja nemam želju da probam varijantu sa 3 kartice (2 ""fizičke"" + eSIM ako je tako zamišljeno) zbog (ne)trajanja baterije :)",8,"Dužina (>=15 reči), Suprotni veznici, Negacija, Motiv kupovine"
https://mobilnisvet.com/mobilni-komentari/5rz/Xiaomi/Redmi-Note-13-Pro-5G/3,Xiaomi,Xiaomi Redmi Note 13 Pro 5G,Dzoni,2024-09-11 20:05:00,"Kupio pre 2 dana i mogu reci da sam za sada zadovoljan,ekran je odlican. kamera je sasvim ok,generalno je brz sve aplikacije koje ja koristim rade smooth (ne znam za neke teske igrice i td. To ne koristim) .odmah instalirao hyper os,prilicno je lak za svoju velicinu tako da dobro lezi u ruci.vidim da se neki zale za poximity senzor meni licno on radi bez problema,izgleda kako kome koja serija zapadne.ima dobre glasne zvucnike jedan gore i jedan dole.malo me nervira sto su ove kamere malo ispupcene pa kad stavite na ravnu povrsinu uredjaj je pod nagibom.takodje za sada mi deluje  da je baterija za nijansu slabija nego sto sam ocekivao ali sa prosecnim koriscenjem bez problema pregura dan i srecom brzo se napuni za nekih pola sata od nule do sto posto.sve u svemu za ovu cenu sam apsolutno zadovoljan.",8,"Dužina (>=15 reči), Suprotni veznici, Negacija, Motiv kupovine"
https://mobilnisvet.com/mobilni-komentari/7179/Apple/iPhone-11-64GB/18,Apple,Apple iPhone 11,Ivica,2021-04-13 18:16:00,"Pozdrav, treba mi mala pomoć. Uzeo sam iphone11, kada mi zvoni telefon jedva se cuje, u podesavanjima je sve na max. Ringer je na max i kad to proverim sve je ok ali poziv je bas utisan, ne znam kalo pojacati zvono. Pojacano je i sa strane(volume)",8,"Dužina (>=15 reči), Suprotni veznici, Negacija, Motiv kupovine"
https://mobilnisvet.com/mobilni/f0f/Samsung/Galaxy-A34-8GB-256GB,Samsung,Samsung Galaxy A34,Dejan,2026-05-19 12:43:00,"Telefon je kupljen pre tri godine. Pre pola godine sam pao sa telefonom u zadnjem džepu i od tada je malo iskrivljen, ali je radio bez problema. U poslednje vreme se iznenada gasi nekada i po 3-4 puta u kratkom periodu. Nakon ponovnog paljenja radi nekad ceo dan, a nekad samo par minuta. Nošen u servis 2 puta (zbog toga što je malo iskrivljen morao sam da potpišem da se odričem prava na reklamaciju), ali posle par dana isti problem. Mislim da mu je došao kraj, ali ipak da pitam da li je neko imao sličan problem.",8,"Dužina (>=15 reči), Suprotni veznici, Negacija, Motiv kupovine"
https://mobilnisvet.com/mobilni-komentari/8061/Apple/iPhone-12-mini/5,Apple,Apple iPhone 12 mini,Valexa,2021-06-17 06:21:00,"Pre mesec dana sam ga uzeo,nisam bio neki ljubitelj iPhone, ali me je telefon odusevio. Mislim da nema neku posebno slabu tacku, ono sto mu mnogi zameraju je duzina trajanja baterija, meni uopste ne stoji, normalnim koriscenjem izgura dan i po. E,sad ako je nekome normalno da visi na ekranu telefona vise od 5-6 sati na dan (sto garantovano sa svojim on screen time moze da izgura lagano), onda razumem da mu ne ispunjava ocekivanja. Meni savrsen.",8,"Dužina (>=15 reči), Suprotni veznici, Negacija, Motiv kupovine"
https://mobilnisvet.com/mobilni-komentari/gz0/Honor/Magic5-Pro/3,Honor,Honor Magic5 Pro,Beks - NUFC,2024-06-11 15:20:00,"Za sve one koji kukaju mesecima i traže nadogradnju. Na današnji dan, posle dugog čekanja i puno negativnih komentara, Honor je pustio nadogradnju na Android 14. Sad se malo pritajite, ali znam da nećete. Neće proći nedelju dana a vi ćete tražiti i izvoljevati Android 15. Meni ovo ništa ne znači, ali mi drago zbog vas.",8,"Dužina (>=15 reči), Suprotni veznici, Negacija, Motiv kupovine"
https://mobilnisvet.com/mobilni-komentari/mgt/Samsung/Galaxy-A54/26,Samsung,Samsung Galaxy A54,Strahinja Todorović,2023-05-14 21:53:00,"Imam problem sa a54 i ja i moja devojka, kupili smo nove telefone ali kada ja hoću nju da pozovem ne mogu da je dobijem, a ona mene može. A kada mene neko hoće da pozove dešava se da ne može da me dobije isto tako i kod nje, zvao sam Samsung oni kažu da je problem operater, uzeo sam nove kartice i opet nije rešilo problem. Na prošlom telefonu takav prob nisam imao(a52s), neka pomoć jer ne želim da se majem sa reklamacijom?",8,"Dužina (>=15 reči), Suprotni veznici, Negacija, Motiv kupovine"
https://mobilnisvet.com/mobilni-komentari/x9p/Samsung/Galaxy-S23+/4,Samsung,Samsung Galaxy S23+,Niški,2023-08-15 15:58:00,"Drugari,kupio sam samaung buds pro 2,ali avaj,baterija mi drzi svega 3 sata aktivnog slušanja muzike,bez ukljucenog ANC,a piše u specifikacijama da drze 7sati aktivnog bez ANCa i 5 sa ukljucenim ANC....Da li treba da prodju par punjenja da bi se formirala baterija ili mi se zapale sluške sa lošom baterijom...Dajte neke savete,iskustva...Ili da ih reklamiram...Bukvalno 5 dana ima kako sam ih kupio",8,"Dužina (>=15 reči), Suprotni veznici, Negacija, Motiv kupovine"
https://mobilnisvet.com/mobilni-komentari/dd4/Honor/Magic6-Lite/10,Honor,Honor Magic6 Lite,Ben,2024-03-06 17:09:00,"Koristim telefon mesec dana, pre njega sam imao S klasu Samsung, evo ovako... Baterija fenomenalna, za prosecnog korisnika, kada sam aktivno koristio telefon, sa svim mogucim aplikacijama, igrama zahtevnijim itd, trajala je jedan dan, ali uz max koriscenje tokom bolesti. Brz telefon, sve funkcionise, ekran jako dobar, kamera nije losa, iskreno, ali meni ne smeta, ima neku fabricku zastitu preko ekrana, receno je da ne mora staklo, a ukoliko se odlucim da mora ono skuplje od nekih 4000 dinara, zbog zakrivljenosti. Maska obicna neka silikonska sa ispupcenjima na coskovima. Bio sam jako skeptican da li pravim pametnu odluku prelaskom sa S klase, doduse starije, na Honor, ali nema greske. Zvuk u slusalici u kombinaciji sa VolTe je fenomenalan, onaj drugi sa zvucnika nije los, glasno se cuje, ali imam utisak kao da je malo ""supalj"". Licno misljenje, za prosecnog korisnika telefon je vise nego odlican.",8,"Dužina (>=15 reči), Suprotni veznici, Negacija, Motiv kupovine"
https://mobilnisvet.com/mobilni-komentari/9573/Samsung/Galaxy-S21-FE-5G/3,Samsung,Samsung Galaxy S21 FE 5G,Igor,2024-05-27 18:31:00,"Kupio sam s21 fe, ali me zanima da li smem da ga punim Honor punjacem od 22.5w ili realme punjacem od 30w. Probao sam i jedan i drugi ga pune. Da li mora originalni Samsungov ili mogu i ovi?",8,"Dužina (>=15 reči), Suprotni veznici, Specifikacija, Motiv kupovine"
https://mobilnisvet.com/mobilni-komentari/9573/Samsung/Galaxy-S21-FE-5G/3,Samsung,Samsung Galaxy S21 FE 5G,Miks,2024-06-28 17:18:00,"Kupio sam polovan s21 i telefon je odlican , to ste se tice baterije nije bas istina promenio sam neznam koliko telefona i ova baterija je jedna od boljih , neznam kako ljudi porede telefone i baterije , normalno ako ima veliku bateriju i jadan procesor kao p30. 30 lite , 5 lite , normalno da ce da traje duze , ipak se ovde radi o ozbiljnijoj masini i ona dosta trosi bateriju",8,"Dužina (>=15 reči), Suprotni veznici, Negacija, Motiv kupovine"
https://mobilnisvet.com/mobilni/0kw/Honor/200-Lite-8GB-256GB-2x-SIM,Honor,Honor 200 Lite,Nenaa,2024-09-14 16:45:00,"Da, uzela sam danas 200 lite ipak, noviji model, ipak bolje u svakom slučaju. Usput uslikala, nije loše,videćemo. Uglavnom sa Honor telefonima sam uvek bila zadovoljna. Dok sve sredim proba Macro kamere, zvuk i lagano da piči 200 lite 😃 Jedino moram masku uzeti još 😁",8,"Dužina (>=15 reči), Suprotni veznici, Negacija, Motiv kupovine"
https://mobilnisvet.com/mobilni-komentari/khb/Samsung/Galaxy-S23/9,Samsung,Samsung Galaxy S23,Čukam,2024-09-06 20:30:00,"Pre 3 dana sam kupio novi s23 i ja sam pre zadovoljan. Kamere odlične, video super.  Baterija dobra mnogo bolja nego na s21 koji sam koristio do skoro, još uvek uči moj način korišćenja.. Igrice gura bez problema ali zna da se zagreje. Sve u svemu mnogo je bolji nego s21.",8,"Dužina (>=15 reči), Suprotni veznici, Negacija, Motiv kupovine"
https://mobilnisvet.com/mobilni-komentari/gz0/Honor/Magic5-Pro/12,Honor,Honor Magic5 Pro,Mare1995,2023-08-04 19:24:00,"Evo i malog apdejta u vezi Honor Magic5 Pro. Jutros sam kupio ovaj telefon, napunio ga na 100%, koristio ga normalno u toku dana i evo ovog trenutka on je v3ć morao na punjač sa 8% baterije, SOT samo 5h22min. Ovo je više nego razočaravajuće. Ako se ovo ne bude popravilo nekim apdejtom ili samo od sebe definitivno prelazim na Samsung Galaxy S23 Ultra. Razočaran...obzirom koliko košta nije opravdao moja očekivanja, plus toliko pohvala ovde na njegov račun i čovek bi pomislio da je savršen telefon ali kako stvari stoje u praksi, očigledno da je daleko od toga. Kamere ništa posebno, previše neprirodnih boja na slikama, video zapia blago rečeno užas, ume da se zagreje previše za vreme korišćenja kamere a baterija za to vreme bukvalno curi.. Ne znam šta su mislili ovi iz Honora dok su pravili ovaj telefon. U ruci deluje nekako jeftino i kineski, nema onog premium osećaja kako je to kod Samsung S23 Ultra ili iPhone 14 Pro Max. Sve u svemu, zasad nisam oduševljen. Vratiću se posle nekoliko dana korišćenja sa novim informacijama u vezi iskustva korišćenja ovog telefona.",8,"Dužina (>=15 reči), Suprotni veznici, Negacija, Motiv kupovine"
https://mobilnisvet.com/mobilni-komentari/mgt/Samsung/Galaxy-A54/25,Samsung,Samsung Galaxy A54,Jovan,2023-05-23 08:59:00,Razmisljao sam da uzmem ovaj fon u yettle na pretplatu ako ne bude velika tarifa jer zelim da se vrstim na samsung jer prosle godine uzeo sam redmi note 11 pro 4g i bolje da sam tada uzeo samsung sada da se ne vracam na stare modele ja bih ovaj a 54 al ne znam,8,"Dužina (>=15 reči), Suprotni veznici, Negacija, Motiv kupovine"
https://mobilnisvet.com/mobilni-komentari/7598/Huawei/P40-Pro/2,Huawei,Huawei P40 Pro,Bojana99,2022-09-28 22:16:00,"Zdravo, htjela bih uzeti ovaj telefon međutim u nekim radnjama su mi rekli da ga nemaju zbog toga što su s mnogi žaliti kako im ništa ne funkcioniše, kako pola aplikacija ne radi i vraćali su telefone. Pa me zanima kakva su iskustva sa tim pošto ne bih da dam toliki novac a da ne mogu telefon normalno da koristim.",8,"Dužina (>=15 reči), Suprotni veznici, Negacija, Motiv kupovine"
https://mobilnisvet.com/mobilni-komentari/7598/Huawei/P40-Pro/2,Huawei,Huawei P40 Pro,Nikola,2023-02-02 20:23:00,"Instalirao GMS i GS uz pomoc instrukcija x**d**a. Telefon sam spustio na emui 10 i tek se tu vidi napredak ovog telefona u odnosu na period kada sam ga kupio. Instalacija nije bas jednostavna ali se moze snaci prosecan korisnik. Mana je samo jedan G nalog. Nakon instalacije update na emui 12. Tek tada ovaj telefon ima pun sjaj. Jedina stvar koju nisam namestio jeste Gpay, ne prolazi validaciju dodavanja kartice, inace ostalo u Gpay radi. Razmisljao sam se o prelasku na Mi12ultra ali sada mi na pamet ne pada.",8,"Dužina (>=15 reči), Suprotni veznici, Negacija, Motiv kupovine"
https://mobilnisvet.com/mobilni-komentari/9654/Samsung/Galaxy-S22-Ultra-5G/5,Samsung,Samsung Galaxy S22 Ultra 5G,Milos,2023-06-02 07:16:00,"Koristio sam s22 ultra exynos verziju (128/8gb) koju sam prodao a potom uzeo snapdragon verziju od 12/256gb, snapdragon verzija je toliko bolja u svemu da je to fakticki drugi telefon, od trajanja baterije, zagrevanja, fluidnosti i raznih sitnica koje se osete u radu. Tako da ako kupujete s22 ultra gledajte da to ipak bude snapdragon verzija cipseta.",8,"Dužina (>=15 reči), Suprotni veznici, Specifikacija, Motiv kupovine"
https://mobilnisvet.com/mobilni-komentari/8389/Xiaomi/Redmi-Note-10-Pro/33,Xiaomi,Xiaomi Redmi Note 10 Pro,Dušan,2021-07-08 13:35:00,"Preključe sam kupio nov mobilni iaomi redmi note 10 pro. Zaista lepo radi i ništa mi ne fali, ali imam od ranije Xiaomi redmi note 6 pro. Pa nisam prometio značajnu razliku. Nisam još koristio foto, pa tu sam siguran da će biti vidne razlike, ali sve ostalo bez pbzira što ovaj prvi ima dva GB RAMa više, nekako mi je isto. I jedan i drugi su jako dobri. Ispravite me ako nešto nisam dobro primetio.",8,"Dužina (>=15 reči), Suprotni veznici, Negacija, Motiv kupovine"
https://mobilnisvet.com/mobilni-komentari/khb/Samsung/Galaxy-S23/9,Samsung,Samsung Galaxy S23,Predrag Mijacic,2024-09-09 00:52:00,"Najgori telefon u istoriji covecanstva. Jos nisam ni ljudski dosao u Grcku, vec je prijavio 'problem sa vlagom"". Ne moze da se puni, ispraznio se. I naravno celo leto bez telefona ( dok se ne vratim u Bg). Od kada se pojavio galaxy model samo njega kupujem, ali ovo je zadnje sto sam kupio u Samsungu. Teska prevara i krs",8,"Dužina (>=15 reči), Suprotni veznici, Negacija, Motiv kupovine"
https://mobilnisvet.com/mobilni-komentari/7598/Huawei/P40-Pro/2,Huawei,Huawei P40 Pro,Skabo,2023-02-24 19:16:00,"Ljudi uzeo sam huawei p40 pro znaci neznam kako da ga stavim na fabricka podesavanja jer sam uzeo polovan ali nemam sifru od predhodnog lika ne znam da li postoji neki nacin ako neko zna super, još sto je najgore pre ovog moba sam imao samsung razlika je nebo i zemlja nemogu da ga skapiram a mrzi me da ga provaljujem ako ne mogu da ga stavin na fabricka podesavanja opet ako neko zna foru",8,"Dužina (>=15 reči), Suprotni veznici, Negacija, Motiv kupovine"
https://mobilnisvet.com/mobilni-komentari/mgt/Samsung/Galaxy-A54/25,Samsung,Samsung Galaxy A54,Marvel,2023-05-30 20:39:00,"Ako može da mi odgovori neko ko koristi A54, Uzeo sam juče kod operatera A54. Telefon deluje jako dobro ali me zanima ovo što se grejanja tiče. Dok sam ga podešavao, osetno je bilo grejanje, nakon update-a, vrlo blago, skoro i da se ne oseća. Interesuje me da li je ono prisutno još kod nekih vlasnika i da li se to može srediti nekim narednim updateom? Nije da mi smeta ovo...imao sam ranije LG koji je goreo, ali recimo imao sam A5 (2017) koji je takođe bio Exy i kod njega toga nije bilo.",8,"Dužina (>=15 reči), Suprotni veznici, Negacija, Motiv kupovine"
https://mobilnisvet.com/mobilni-komentari/gz0/Honor/Magic5-Pro/12,Honor,Honor Magic5 Pro,Tole,2023-08-01 17:42:00,"2 meseca koristim telefon, preplatio sam ga, vidim da su sada dosta pale cene. Ali dobro nije ni važno. Utisci... dobri. Koristio sam P30 pro više godina i sada mogu da vidim kakav je to telefon bio, aždaja stara 4 godine... Magic - softverski loš, sms poruku šalje ceo minut kada je uključen volte, Yettel je u pitanju. Testirao sam ga najjačim igrama, ne oseća ih, a zabode na nekoj gluposti koju pokreće bilo koji telefon od 100 E. Kamere odlične. Ipak, ne svidja mi se prelamanje svetlosti na jakom dnevnom svetlu na prednjoj kameri. Zadnja kamera takodje odlična, ali hvatam lica ljudi na slikama izveštačena. Kada zumiram sliku, kao lice izgleda kao da je robot ili mumija u pitanju. Možda je do podesavanja, nisam siguran niti sam mnogo isprobavao da podesim. Noćne slike odlične, video dobar. Zvuk jasan i čist. Kupio sam preko Alia 5-6 silikona ali nijedan ne stoji kao fabrički iz kutije. Ekran fenomenalan, automatsko osvetljenje super optimizovano. Face ID bez greske, otisak dobar.  Baterija dobra. P30 pro je imao brze punjenje ako uporedim, ali slično trajanje kod oba telefona. Manu koju sam takodje primetio je lokacija. Gubi se kada koristim Google mape, pa se vrati posle par minuta ili kad restartujem aplikaciju.  Sve u svemu dobar telefon, ali sa dosta skrivenih gluposti koji znaju da nerviraju, možda ih reši neki update, a  ako neko zna rešenje za navedeno neka piše. Generalno, update u odnosu na P30 pro, ali ne ne znam koliki, ili sam ja ipak baš previše očekivao.",8,"Dužina (>=15 reči), Suprotni veznici, Negacija, Motiv kupovine"
https://mobilnisvet.com/mobilni-komentari/7651/Apple/iPhone-SE-(2020)/6,Apple,Apple iPhone SE (2020),Ognjen,2021-04-23 15:01:00,"Ovaj komentar pišem u nadi da će pomoći onima koji ne mogu da se odluče da li da kupe ovaj model. Jako dugo sam se dvoumio da li da kupim ovaj telefon zbog raznih negativnih komentara vezanih za bateriju, međutim na kraju sam rešio da takoreći rizikujem i uzmem ga. Koristim ga ativno 2 i po meseca (to mi je jedini telefon) i, istina, ne mogu reći da je baterija odlična ali daleko od toga da je katastrofa. Screen time mi je u proseku 5-7 sati dnevno a dnevna potrošnja baterije u proseku oko 80% što bi značilo da bi u principu mogao da mi izdrži od ujutro do uveče ako krenem sa 100%. Međutim, ja ga uvek punim kad spadne na 30-40% do 80-90% jer kažu da baterija tako manje propada (ne znam koliko je tačno ali ništa me ne košta da pokušam) battery health je i dalje 100% (iOS 13). Ne igram igrice ali sam gotovo konstatno na društvenim mrežama. Moj lični utisak što se tiče baterije je - okej je. Sve ostale performanse su me oduševile (brzina rada, kamera...), telefon je zaista odličan (s obzirom na cenu u odnosu na ostale iphone modele) i nimalo nisam zažalio što sam se na kraju odlučio za njega.",8,"Dužina (>=15 reči), Suprotni veznici, Negacija, Motiv kupovine"
https://mobilnisvet.com/mobilni/lf3/Honor/Magic6-Pro-12GB-512GB-2x-SIM,Honor,Honor Magic6 Pro,Zanzibar,2026-06-18 04:25:00,"Meni je nekoliko puta pao na beton i nista, jos uvek je citav. I to sve zahvaljujuci Nilkin maski koju sam platio 2500-3000-3200 dinara, zavisi gde je kupujes. Maska vredi svaki dinar. Ako sam vec dao tolike pare za telefon pa onda cu dati i 30-40 pa cak i 50 evra za dobru masku. Ako vec nisam stedeo za dobar telefon sigurno necu stedeti i za dobru masku. Primetio dam da dosta ljudi gleda kako ce maska da im izgleda, oblik, kakva je boja, hoce li imati sliku ili ne, ali malo ko gleda da li ce im ta maska zastititi telefon, i to sto uzmu bolje ista nego nista, ali ako vec dajes tolike pare za telefon onda daj i malo vise para za masku. Ako vec dajes tolike pare za telefon onda nemoj da stedis na dobroj i kvalitetnoj maski, opremi za telefon. Nema kako mi nije telefon pao na beton, uvek je pao na ugao, cosak telefona i na ledja telefona, zahvaljujuci maski. Nilkin maska je jedna od najboljih maski i zatita za telefon -",8,"Dužina (>=15 reči), Suprotni veznici, Negacija, Motiv kupovine"
https://mobilnisvet.com/mobilni-komentari/y94s0/Apple/iPhone-14-Pro/5,Apple,Apple iPhone 14 Pro,Vlado,2023-04-08 11:02:00,"Ljudi kupio sam 14 pro juce, imao sam 13 pro max , i vec sam ruku odmorio. Sto se tice novog update 16.4.1 gledao sam na yt novine , i vidim da u baterry helat and charging, ima nova opcija clean energy battery, ali ja to kod sebe nemam. Druga stvar sto se tice mag safe, masku sam kupio verovatno koja nije original kod lokalaca jer nisam imao izbor , jel se to negde aktivira ili? Znam da kad sam jednom probao na proslom modelu, kada stavim masku na telefon, on mi pokaze krug onaj kao mag safe na telefonu, sada to ne radi. Hvalaaa unapred svima",8,"Dužina (>=15 reči), Suprotni veznici, Negacija, Motiv kupovine"
https://mobilnisvet.com/mobilni-komentari/7179/Apple/iPhone-11-64GB/27,Apple,Apple iPhone 11,Jo,2019-11-18 13:11:00,"m4r se zove format koji iphone poznaje za melodiju zvona, postoji prgoram waltr2 se zove program instalira se besplatna verziji i samo tu melodiju prevuces kroz program i ona direktno odlazi u ringtones na iphone telefonu, drugo melodija mora da bude do 30 sekundi trajanja jer je tako namesteno na iphone telefonima. Prvo za ovo priv put cujem, nije tacno da se nece moci koristiti telefoni, to je glupost, 3,4,5 i 5s vise ne dobijaju nadogradnju za sw ios 13 sto je i za ocekivati jer su ipak stari telefoni po 7,8,9 godina u nazad, trece ako mislis na to sto pricas jeste stvar menjanja baterije u neovalscenim servisima, da ce odredjene funkcije biti onemogucene jer sa novim sw svaka baterija ne originalna nece imati svoj kod i sam sw ce je prepoznavati kao malver i zato nece dozvoljavati koriscene pojedinih fukncija, drugo to vise i nema veze jer je tim telefonima davnih dana istekla svaka moguca garancija pa nije ni bitno. Drugo m ja ne lupam, vec pricam iz licnog iskustva a mislim da si iphone telefon uzeo da koristis cisto a bi mogao da kazes da jesi. Nema veze, samo ti to koristi tj pokusaj ili vec malo proguglaj pa ce ti biti jasno sta je i kako je a nije tesko, makar meni, jednostavno, prosto, fluidno, ne vredjaj, ja tebe nisam, a ako bas zelis tako nesto, nije ni vreme ni mesto. pozdrav....",8,"Dužina (>=15 reči), Suprotni veznici, Negacija, Motiv kupovine"
https://mobilnisvet.com/mobilni-komentari/mgt/Samsung/Galaxy-A54/10,Samsung,Samsung Galaxy A54,Novi vlasnik,2024-01-01 22:25:00,"Kupio telefon pre nekoliko dana, generalno je dobar. Međutim, gomila aplikacija koje sam imao na Redmi Note 8pro ovde neće da nađe na Play prodavnici. Kada nađem neku od tih aplikacija na Guglu i pokušam da je instaliram, stoji onako sivo i piše ""nije moguće instalirati na ovom uređaju"". Ne znam o čemu se radi",8,"Dužina (>=15 reči), Suprotni veznici, Negacija, Motiv kupovine"
https://mobilnisvet.com/mobilni-komentari/mgt/Samsung/Galaxy-A54/10,Samsung,Samsung Galaxy A54,nik,2024-01-08 16:45:00,"Ovaj telefon je kupljen u tehnomaniji pred novu godinu za 49999din,( al im je akcija ubilo se:) Uzeo sam majci (namerno nisam hteo da joj dam moj koji je Redmi Note 8 Pro).U poredjenju sa Xiomijem koji imam i koristim, ima bolji ekran (naravno), zvuk i nocno snimanje.Na moje iznenadjenje Redmi Note 8 Pro ima bolju-ostriju dnevnu kameru (radjeno na preko 20 uporednih dalekometnih snimaka).sumarnoi senzor koji je svojevremeno stavljen u moj telefon, to je 64Mpx je izuzetan i posle 3 godine.Baterija na a54 sa minimalnom upotrebom gura 48 sati (bez YT i igrica).Updejtom na UI6 A54 je za jedno 5% sporiji, sto me i ne cudi, tako svaki updejt bilo cega opterecuje sistem, nista strasno ali znam kako je bio brzi 5.1 UI.Ukratko A54 je dobar telefon, ali se meni licno vise svidja MIU operativan sistem, u kuci imam oba dva i sasvim imam vremena da se sa njima igram.Generalno ne znam za Xiomi druge telefone ali se ovaj moj posle 3.5 godine pokazao neverovatno stabilan, dobar i solidno brz telefon,sa padom kapaciteta baterija za nekih 25%, sto se da resiti novom baterijom.U estetskom smislu Xiomi je DAAALEKO LEPISI telefon, Samsungov dizajn je siromasan i obican (zalepljene dve ravne staklene ploce, sa ivicama koje su cak i malo starije od povrsina na A54, po tom pitanju A52S izgleda kvalitetnije od A54).",8,"Dužina (>=15 reči), Suprotni veznici, Negacija, Motiv kupovine"
https://mobilnisvet.com/mobilni-komentari/xnjcm/Xiaomi/Redmi-Note-12-Pro/4,Xiaomi,Xiaomi Redmi Note 12 Pro,Đurđa,2023-12-08 12:25:00,"Uzela sam Redi Note 15 pro 5g u septembru i sve je skoro OK...ali....telefon non stop nudi neke aplikacije koje nisam instalirala (wolt, neke igrice....) a File menager je prepun reklama, bukvalno se u svom File menager-u ne snalazim, a tako najčešće tražim skinuta dokumenta sa mail-a! To nije neka zamerka za kvaliete, ali da smara smara ( skoro kao YT). Ako neko zna rešenje HVALAAAA!! PozdraV",8,"Dužina (>=15 reči), Suprotni veznici, Negacija, Motiv kupovine"
https://mobilnisvet.com/mobilni/0rk/Apple/iPhone-17e-8GB-512GB-1x-SIM-2x-eSIM,Apple,Apple iPhone 17e,17e,2026-04-01 18:22:00,"Sviđa mi se ovaj opšti minilizam nema klackanja po stolu zbog kamera ne preferiram megsejf punjenje, ne smetami mala voltaža   punjača jer nijedan telefon nisam punio sat ipo vremena nego 45 minuta toliko mu zapravo treba od 20 do 80%. Videću u a1 nudega za 3300 DIN mesečno uz reciklažu starog uređaja.svakako ajfon nije upotrebljiv 85% bez interneta mogu poziv i poruke ali to mogu i sa nokiju 3310.😀",8,"Dužina (>=15 reči), Suprotni veznici, Negacija, Motiv kupovine"
https://mobilnisvet.com/mobilni/0rk/Apple/iPhone-17e-8GB-512GB-1x-SIM-2x-eSIM,Apple,Apple iPhone 17e,Vlada,2026-04-24 09:14:00,"Pozdrav svima,evo par utisaka,koristim 3 pune godine S 23 Ultra,(zeleni),po meni skoro savrsen,ako ne i najlepsi i dalje,i sad jelte izlaze novi modeli koji ne mogu da pruze nista sto bi me odvojilo od njega.Kada je izasao 16e privukao me je zbog svog minimalizma ,sacekao sam malo i uzeo 17e kao 2. Telefon za pocetak.Nisam nikada ranije koristio I phone pa je i to bio jedan od razloga za kupovinu.Elem evo vec 2.mesec koristim oba istovremeno,utisci su sledeci,opsti utisak premijum telefon ,osecaj u ruci bas kakav treba da bude ,ne klizi,zvuk stereo ,bolji nego na s23 Ultra,baterija bolja,brzina slicna ,bolje radi na dobroj 5g mrezi operatera nego na wi fi,zavisi i od wi fi ja naravno,ekran je odlican ali ipak bolji kod s23 ultra,zasicenije boje ,ono najvaznije😁,selfi kamera i sam selfi nema niko kao I phone ,tako da je bolji od s23 ultra,zadnja kamera takodje odlicna ali naravno s23Ultra je bolji tu .Eto imajte u vidu da sam poredio najskuplji Samsung d pre 3 gidine koji je i dalje sam vrh sa najjeftinijim I Phone om ali najnovijim.Zakljucak telefon je odlican,ja licno od I Phona bih probao Air,konstantni se vrti polemika jos 200€pa kupis 17 ali meni je 17e daleko lepsi telefon.Pozdrav svima",8,"Dužina (>=15 reči), Suprotni veznici, Negacija, Motiv kupovine"
https://mobilnisvet.com/mobilni-komentari/8055/Apple/iPhone-12/5,Apple,Apple iPhone 12,Iva,2022-05-27 13:49:00,"Pozdrav, zanima me da li baterija može da izdrži jedan ceo dan kod jednog prosečnog korisnika? Ne igram igrice, koristim društvene mreže i bitna mi je dobra kamera, ne znam da li se isplati pre uzeti ipak 12 nego 11 konkretno zbog trajanja baterije..",8,"Dužina (>=15 reči), Suprotni veznici, Negacija, Motiv kupovine"
https://mobilnisvet.com/mobilni/8508/Samsung/Galaxy-A52-5G-8GB-Dual-SIM,Samsung,Samsung Galaxy A52 5G,jan,2022-06-13 17:13:00,"ja baš ovog a52 5g uzeo,oprostio sam mu nemanje info led diode a kad sam ga lepo raspakirao i detaljno razgledao shvatio sam da nema ni fm radio,,dodjemi da ga prodam,,sve drugo je perfektno,ali mi ovo dvoje fali...",8,"Dužina (>=15 reči), Suprotni veznici, Negacija, Motiv kupovine"
https://mobilnisvet.com/mobilni-komentari/gz0/Honor/Magic5-Pro/3,Honor,Honor Magic5 Pro,Tex Viller,2024-07-25 21:43:00,"Kod mene baterija izdrzi dan ipo - dva kao dobar dan! Ovi sto kazu da baterija izdrzi jedva dan to kazu ekstremniji korisnici koji jasu telefon po ceo dan, npr, Facebook i Messenger, WhatsApp, Viber, TikTok, Snapchat, YouTube i ostale aplikacije, gledanje uzivo zadruge 24/7 svaki dan celi dan i celu noc zajase telefon i neskida se sa zadruge-moj kolega recimo koji nezna sta je dan a sta noc zbog zadruge koju prati na telefonu koji je nonstop na punjacu i za sat vremena mozes kajganu na njemu napraviti ali ne marion za to sto mu se telefon usijao, on i dalje nastavlja da jase telefon 24/7, idt, itd.  Prve dve app koje sam naveo oni su poznati po usisavanju baterije, radne memorije, CPU i tako dalje, to su dve najgore napravljene aplikacije pa onda svi ostali, realno govorim istina je, sto jeste jeste. Pozdrav",8,"Dužina (>=15 reči), Suprotni veznici, Negacija, Motiv kupovine"
https://mobilnisvet.com/mobilni/8364/Samsung/Galaxy-A32-Dual-SIM,Samsung,Samsung Galaxy A32,Milan,2023-04-26 12:26:00,"Dobar telefon. Posedujem ga oko 7 meseci, nikada nije bagovao, preterano usporavao, pregrevao se i slicno, iako zbog posla i licnih potreba imam na njemu prilican broj razlicitih aplikacija. Ovo je telefon vise srednje klase po meni, sasvim dovoljan, cak mogu reci odlican za korisnike koji nisu previse zahtevni. Sto rece moj kolega, ako hoces da igras igre a ti brate kupi novi komp, umesto sto dajes po hiljadu ili dve evra za telefon. Ovaj model savim opravdava svoju cenu.",8,"Dužina (>=15 reči), Suprotni veznici, Negacija, Motiv kupovine"
https://mobilnisvet.com/mobilni-komentari/8682/Samsung/Galaxy-A22/2,Samsung,Samsung Galaxy A22,Lena,2022-07-26 09:56:00,"Uzela sam 4/128 verziju, telefon za ove pare je sasvim okej, imam ga oko mesec dana skoro, baterija lagano može izdržati 2 dana, sa brzim punjenjem napuni se za 2h. Što se tiče igrica, može sve pokrenuti ali ne u jakoj grafici (znači na low/medium podešavanjima) Ekran je top, za sad meni je okej i nemam nikakvih problema",8,"Dužina (>=15 reči), Suprotni veznici, Negacija, Motiv kupovine"
https://mobilnisvet.com/mobilni-komentari/gwmgy/Xiaomi/12T-Pro/3,Xiaomi,Xiaomi 12T Pro,Ivan,2023-04-18 16:14:00,"Pozdrav, kupio sam telefon i zadovoljan sam generalno ali desava mi se da kada sam 15 minuta bez razloga prestanem da se cujem i tako bilo koga da pozovem ili mene neko pozove isto se desava, nakon 15 minuta se vise ne cujem, da li neko imao ovakav problem ?",8,"Dužina (>=15 reči), Suprotni veznici, Negacija, Motiv kupovine"
https://mobilnisvet.com/mobilni/9873/Honor/X7,Honor,Honor X7,Dinaa,2024-12-12 23:30:00,Imam honor magic 4 lite 5g uzela sam ga na starom sa jedna tocka na stranom zelim da ga zamenim sa honor x7 isto takodje na starom ali nov u kutii dali je pametno to da uradim zelim neko da mi kaze plus na magic 4 lite vidim da ekran mu je lepen mislim da ne gubim nista jer ako uzmem x7 ipak iako je malo slabiii ipak mislim da je novo novo,8,"Dužina (>=15 reči), Suprotni veznici, Negacija, Motiv kupovine"
https://mobilnisvet.com/mobilni/8715/Honor/50-8GB-256GB,Honor,Honor 50,Ivan,2023-10-05 05:42:00,"Pozdrav za sve. Elem, kupio HONOR 50 8/256 pre skoro 2 god. Ja sam prezadovoljan. U ovoj klasi bez premca. Baterija 2 dana, brzo punjenje, upadate na vreme, brz, pregledan, na netu odličan. Na svim terenima ima prijem neta dometa isl. Kamera nije nesto posebno ali može da odgovori na neke normalne prohteve. Jednostavno preporuka, telefon je vrh u klasi. Da, kupljen u Yetel.. Nadam se da će nekom pomoći komentar radi odluke...",8,"Dužina (>=15 reči), Suprotni veznici, Negacija, Motiv kupovine"
https://mobilnisvet.com/mobilni-komentari/blm/Honor/Magic5-Lite/4,Honor,Honor Magic5 Lite,Šćepan,2024-01-21 15:06:00,Kupio sam Honor magic 5 lite pre dva dana ali ne mogu nigde da nadjem org punjac nece da mi radi brzo punjenje je l ima neko iskustva tel se puni po 2.5h,8,"Dužina (>=15 reči), Suprotni veznici, Negacija, Motiv kupovine"
https://mobilnisvet.com/mobilni-komentari/8227/Samsung/Galaxy-S21-5G/2,Samsung,Samsung Galaxy S21 5G,Ni,2022-10-21 22:00:00,"Jaoj ljudi, jel taj exynos stvarno toliko losiji od snapdragona? Mnogo mi se svidja ovaj telefon ali ne znam zbog tog procesora da li da ga uzimam. Ili je bolje da uzmem Xiaomi 12 ili 12x?",8,"Dužina (>=15 reči), Suprotni veznici, Negacija, Motiv kupovine"
https://mobilnisvet.com/mobilni/7181/Apple/iPhone-11-256GB,Apple,Apple iPhone 11,Алас,2025-04-02 18:58:00,"Pozdrav ljudi,kupio sam ajfon 11 ćerki prije 3 god polovan,prije mjesec sam joj kupio 13 običan,nov,a ja sam uzeo 11,nikad prije nijesam koristio ajfon samo samsung i huaveij,koji su odlični,imao sam a 55 i dao sam ga sinu,a imam i p40 lite koji je još uvjek mašina,i sad u 2025,ali mi se ova 11stica mnogo sviđa jer je lagan i prelijep tel posebno za posao gdje mi ne smeta,i ovoliko star je mašina još uvjek,staklo nazad i aplov znak ga čine prelijepim,mogu da kupim s24 ultra ali neću dok god me bude služio ovaj ajfon 11,baterija je slaba tačka ali izdrži cio dan,kad ne bude mogao da funkcioniše kupiću neki ultra jer je za mene to čudo tehnike,drugi ajfoni nemaju oblik kao 11 i neću više koristit njihove telefone,ali do tada samo 11,veliki pozdrav",8,"Dužina (>=15 reči), Suprotni veznici, Negacija, Motiv kupovine"
https://mobilnisvet.com/mobilni-komentari/gzw/Honor/Magic8-Pro-12GB-256GB-1x-SIM-1x-eSIM/4,Honor,Honor Magic8 Pro,Marko,2026-04-05 18:51:00,"Sto se baterije tice, vidim dosta vas upoređuje Samsung s24ultra s25ultra sa magic 6 magic 7 magic 8 iz iskustva mogu da kažem da je Magic6 bolji od s24ultra. Drugar i ja imali u isto vreme. Doduše on ga je kupio kad je izašao, ja sam magic 6 uzeo posle nekoliko meseci od kad je izašao.  On je uvek kukao na s24ultra zbog baterije. Ja na magic 6 pro do sad nisam kukao. Iako je star 17 meseci i dalje drži dan bez problema. Punim ga svako jutro pre posla. Do 20% dodje max, zavisno od korišćenja. Ali uglavnom i preko 20%",8,"Dužina (>=15 reči), Suprotni veznici, Negacija, Motiv kupovine"
https://mobilnisvet.com/mobilni-komentari/9570/Xiaomi/12-Pro/2,Xiaomi,Xiaomi 12 Pro,/////AMG,2023-05-03 10:28:00,"Telefon mi sluzi samo zbog igrica i YouTube gledanje filmova,a inače iPhone mi je fan. Koliko sam primetio ne baguje ne koci savršeno funkcionise ne greje se u toku igara ponasa se kao i sto treba..Dizajn perfektan,baterija 🔋 koliko sam primetio cvrsta i ne troši je tako brzo...jedina zamjerka kamera iako ne koristim znaci perfektna je ali kada zumiram do pola počne da gubi tu cistinu sto je možda i normalno drugo jacina stereo zvučnici nisu toliko glasni sve ostalo funkcionise max,jedino nisam testirao zvuk slušalica tokom razgovora posto pojedini kazu da se cuje bas tokom privatnog razgovora...ali ja nekoristim pozive na ovom uredjaju iPhone mi fan posto vidim cena je spala preporučujem ga ostalim fanovima ! Samo ako im ne smeta to sto sam nabrojao i najbolje sami da se uvere, Topli pozdrav drugari/drugarice",8,"Dužina (>=15 reči), Suprotni veznici, Negacija, Motiv kupovine"
https://mobilnisvet.com/mobilni-komentari/7432/Samsung/Galaxy-S20+/4,Samsung,Samsung Galaxy S20+,Milos,2020-10-20 13:20:00,"Telefon sam ostavio na servisiranju jer gubi mrezu (prvenstveno mislim na internet). Naravno preporuke tipa airplane mode ukljuci pa iskljuci, reset network settings i ostalo nisu pomogle. Pored toga telegon se zagreje brze od predhodnih modela. Svako ko misli da treba da plati premijum cenu telefona a zatim da pravi kompromise, radi update, resava probleme, saka mu cast. Ovo je poslednji Samsung koji sam kupio, regularno uz racun i garanciju, od S7 do s10 su dobro sluzili, ali je s20 + ispod ocekivanja. Can Honor 8X koji koristim kao drugi telefon, sa istom karticom ne gubi mrezu i ne pregreva se tokom razgovora. Bateriju ne bih pominjao",8,"Dužina (>=15 reči), Suprotni veznici, Negacija, Motiv kupovine"
https://mobilnisvet.com/mobilni-komentari/gz0/Honor/Magic5-Pro/4,Honor,Honor Magic5 Pro,Pop,2024-05-01 12:58:00,"Na zalost,ja sam se danas rastao sa svojim primerkom. Nije preziveo pad niz stepenice,a sve zbog spustanja obavestenja od vrha ekrana (naravno,nisam dobio update jos uvek),i izmigolji se iz ruke i niz 15-tak stepnica,i ekran a i poledjina u komadice. Sluzio je vrhunski do sada,ali sam siguran da Honor vise ne uzimam dok ne promene nesto sa politikom azuriranja. Hvalio sam ga dole uvek,i dalje stojim iza svojih reci,ali podrska,hm... Motorola i Honor,nema dalje. Od mene pozdrav za sve dobre ljude ovde,do nekih lepsih vremena (valjda).",8,"Dužina (>=15 reči), Suprotni veznici, Negacija, Motiv kupovine"
https://mobilnisvet.com/mobilni/sw0/Honor/600-Lite-8GB-256GB-2x-SIM,Honor,Honor 600 Lite,Lena,2026-05-19 11:30:00,Videla ovaj model kosta samo 30k i to u radnjama kao gigatron koje naduvaju cene i po meni deluje da specifikacije izgled i dizajn koji ovaj model ima daju vrednost za taj novac ako uporedimo da samsung za 33 hiljade prodaje recimo a26 proslogodisnji model a a27 kad izadje ko zna koliko ce biti sigurno barem 45 - 50 hiljada za vecu memorijsku varijantu a govori se da ce imati bedmi snapdragon 6. 1 sto za te pare ne vredi placamo 20k vise čisto samo za brend.. da li je neko kupio ovaj honor 600 lite kako zaista telefon radi dal su fotografije okej i duzina trajanja baterije . Odgovara mi da ga kupim za 30k ali se jos lomim mislim da za te pare kod nijednog brenda nema ovih specifikacija hvala.,8,"Dužina (>=15 reči), Suprotni veznici, Negacija, Motiv kupovine"
https://mobilnisvet.com/mobilni-komentari/gwmgy/Xiaomi/12T-Pro/3,Xiaomi,Xiaomi 12T Pro,Nino,2023-07-05 15:32:00,"Telefon ako zanemarimo izradu srednje klase ima sve odlike najačih modela.Kamera je perfektna ko zna da slika,ko ne zna DSLR mu daj i opet će da maši.Baterija je savršena kao i brzo punjenje od 120w,Ekran lijep,dobre boje i dobar odziv pri dodiru kao i otisak,slabija je vidljivost na suncu u odnosu na druge modele.Procesor je zmaj,štedljiv a brz kao infrakt.Zvuk čist i glasan.Jedina zamerka na update,ja ga koristim mjesec dana i još je na Androidu 12/MIUI 13.Ovi što pominju a54 sigurno su plaćeni botovi,jer poredjenje ovog zmaja sa telefonom koji imao kvalitet kao kanta od polikolora je smiješno",8,"Dužina (>=15 reči), Negacija, Specifikacija, Sleng"
https://mobilnisvet.com/mobilni-komentari/87w/Honor/400-Pro-12GB-256GB-1x-SIM-1x-eSIM/4,Honor,Honor 400 Pro,Hidro,2026-01-14 15:03:00,"Zavisi kako se gleda, ja sam IMAO telefon od 1360e pa je opet nedostajao jezik u telefonu. Nije ni sada preveden i sa 26 verzijom. Kupio ovaj Honor 400 Pro za 450 evra i ima jezik i ne nedostaje mi bukvalno nista. Zavisi sta su prioriteti bilo kome od nas ali dok se ne proba.. Treba probati sve ko moze.",8,"Dužina (>=15 reči), Suprotni veznici, Negacija, Motiv kupovine"
https://mobilnisvet.com/mobilni/tqv/Samsung/Galaxy-S25-12GB-512GB-1x-SIM-2x-eSIM,Samsung,Samsung Galaxy S25,S25,2026-07-02 08:28:00,Gledam da li da uzmem ovaj s25 nakon a54 jer nista od ovih novih mi se ne svidja ne dopada plus veci ekran a zelim manji i da probam tu s seriju plus ima snapdragon procesor znaci hteo sam s23 al tada nisam mogao uzmem s24 nmg na rate s26 veliki i ne svidja mi se ostaje mi s25 pa kako bude to bi mi vrv bio poslednji na rate kasnije bih samo uzeo neki za kes najbolji moguci i to je to jer a 54 je trebao da bude zadnji ali jbg tkd najbolje uzimati na kes i starije modele,8,"Dužina (>=15 reči), Suprotni veznici, Negacija, Motiv kupovine"
https://mobilnisvet.com/mobilni-komentari/9567/Xiaomi/12/3,Xiaomi,Xiaomi 12,Miso,2023-02-14 21:01:00,"Kupio sam ovaj telefon pre par dana i do sad je utisak odlican telefon je jako kvalitetan u ruci daje premium osecaj sve je na odlicnom nivou vibracija zvucnici ekran,baterija izgura 5.5-6 sot sa svim potrosacima 120herca navigacija,uvek ukljuceni podaci,tako da je solidna baterija punjenje jako brzo,kamere dosta dobre i jako dobre nocne fotografije,prednja prosek i nista vise od togaj,a sam telefon dobio sa miui14 tako da mozda je nesto ispravljeno ali za sad me nije razocarao.",8,"Dužina (>=15 reči), Suprotni veznici, Negacija, Motiv kupovine"
https://mobilnisvet.com/mobilni-komentari/9817/Honor/X8/5,Honor,Honor X8,Fox Mulder,2022-08-15 22:33:00,"Uzeo sam telefon pre 10 dana, prvi utisak je bio oduševljenje, dizajn je fantastičan, ekran je delovao zadovoljavajući, a i kamere su obećavale... Posle par dana, prvo baterija traje max dan i po ako se ne koristi telefon uopšte, znači jedva jedan dan ali jedva ako se koristi solidno, punjenje baterije je takodje sporo, ne verujem da mi  na starijem p40 lite puni za 20min 80%,ovde za 30-40min. Zatim su počeli sitni bagovi tipa navigacija zakuca i ne moze da se isključi, konzola kada se spušta zna da takodje malo zakoči, brojeve iz imenika zna da proguta prvi pa da poziv onda nije ni moguć. Što se tiče kamere, baš ništa posebno iako sam imao utisak da će me oduševiti, ali iskreno stvarno čim malo pomeriš ruku slika se muti. Autofokus zna da uspori i onda sporo raguje na pokrete i stvarno ispada loš kvalitet slike. Ekran na dnevnim svetlu je užas, kontrast mi je tada na max i opet se ne vidi, a vidim da se i ovde dosta ljudi žalilo na to. Mnogo mi je krivo što ću vratiti telefon u radnju, jer mi je na prvo oko baš delovao kao nešto što će me oduševiti sa performansama a u srednjem rangu što se tiče cene. Šta da vam kažem, ako hoćete da imate telofon samo da bi lepo izgledao uzmite ga, ako vam ipak sve ovo znači zaobidjite ga u širokom luku...",8,"Dužina (>=15 reči), Suprotni veznici, Negacija, Motiv kupovine"
https://mobilnisvet.com/mobilni-komentari/8149/Samsung/Galaxy-A12/2,Samsung,Samsung Galaxy A12,Pametnjakovic,2022-02-15 22:52:00,Garantiram vam da uz samsung a20e ovaj samsung moze da kandidira za najgore potrosen novac na mob.  Samsung a20e je bio teska katastrofa a ni ovaj nije puno bolji. Tft ekran niske rezolucije. Tezak je previse. Karakteristike nikakve. Kamera prednja losa straznja kao da ima 13 ne vise mpx. Moram pohvaliti videokameru koja je jako dobra ali video se previse trese. Baterija ok. A gledanje videa sa interneta uzasno zbog stvarno loseg ekrana koji nema ni ostrinu a ni boje. Realno redmi 9 puno bolji izbor .,8,"Dužina (>=15 reči), Suprotni veznici, Negacija, Motiv kupovine"
https://mobilnisvet.com/mobilni-komentari/fbd/Honor/X8a/3,Honor,Honor X8a,Jelena,2023-07-21 15:56:00,"Kupila sam honor x8a 18.07. Za sada je dobar ja sam prosecan korisnik,samo surf i par aplikacija,baterija mi je trajala dan i po prosecne potrosnje,kamera je na dnevnom svetlu dobra,za noc i nije bas sjajna ali koliko para toliko muzike,ne svidja mi se zvucnik,jeste glasan ali tonovi nisu to to,mozda ima neko podesavanje,mogli su da ugrade slot za memorijsku ali sta je tu je,za slusalice moze i bluetooth slusalice,sve u svemu ako ste prosecan korisnik bicete zadovoljni,telefon je kostao 22000 na akciji",8,"Dužina (>=15 reči), Suprotni veznici, Negacija, Motiv kupovine"
https://mobilnisvet.com/mobilni-komentari/9272/Apple/iPhone-13-Pro/5,Apple,Apple iPhone 13 Pro,R. Đ.,2022-09-19 14:29:00,"Pozdrav. Je l moze neka preporuka za telefon? Koristio sam Huawei P10 pa sam presao na Huawei p30. Njega koristim vec 3 godine, baterija mi i dalje izdrzi ceo dan. Planiram da ga zamenim ali ne bih uzimao telefon vecih dimenzija od P30. Bitno mi je da telefon ima dobru bateriju i kameru. Igrice ne igram, uglavnom mi je ceo dan ukljucen internet, preko aplikacija kontaktoram sa ostalima i obavim 10 ak poziva u toku dana. Imao sam i Iphone 5s, tu sam se prevario posto sam uzeo model sa malo memorije, a kasnije mu je baterija oslabila pa sam ga punio 5 puta na dan. Je l moze neka preporuka za telefon kome baterija moze da izdrzi bar ceo dan bez problema a da nije vecih dimenzija od 6,1?",8,"Dužina (>=15 reči), Suprotni veznici, Negacija, Motiv kupovine"
https://mobilnisvet.com/mobilni-komentari/8448/Samsung/Galaxy-A72/7,Samsung,Samsung Galaxy A72,Pg,2021-05-09 09:47:00,E ovako ja sam prije 3 dana uzeo ovaj telefon nema bagova baterija dobra dan ipo. Za ove sto pisu da je baterija losa oni i nemaju ovaj tel jedina zamjerka mu je za ove pare su mogli da stave staklo a ne ovu plastiku koja se uvija cim se upre ali sto je tu je u masku i to je to. Telefon za preporuku kad pogledam sa se uporedjuje sa nekim saomi nije mi jasno nebo i zemlja ipak samsung je ime za juceranje brendove,8,"Dužina (>=15 reči), Suprotni veznici, Negacija, Motiv kupovine"
https://mobilnisvet.com/mobilni-komentari/blm/Honor/Magic5-Lite/9,Honor,Honor Magic5 Lite,Zorana,2023-10-30 11:36:00,"Još jedno pitanje vezano za bateriju... Ali volela bih da napišete potpuno iskrene odgovore... Šta konkretno koristite na telefonu da vam baterija traje dva dana... Evo, ja imam telefon od maja meseca... Nema šanse da izvuče dva dana osim ukoliko uopšte ne gledam tel. u toku dana, osim eventualno za viber, whatsup poruke l, eventualno neki poziv.... Ukoliko je uključen bluetooth zbog smartwatcha, igrice, instagram, poneki video, meni može da izdrži 1 dan i to je to... Hvala na iskrenim odgovorima...",8,"Dužina (>=15 reči), Suprotni veznici, Negacija, Motiv kupovine"
https://mobilnisvet.com/mobilni-komentari/blm/Honor/Magic5-Lite/9,Honor,Honor Magic5 Lite,Anđelija,2023-10-31 03:19:00,"Telefon imam par meseci. Na pocetku je bilo sve ok, a sada toliko blokira i koči da je to katastrofa. Mnogo je spor postao. Baterija se upropastila ne izdrži mi ni dan kako treba. Kamere užas. Generalno pokajala sam se što sam ga uzela. Dok moj brat koji ima Honor 90 lite je i dalje prezadovoljan i isto radi kao i prvog dana kad ga je kupio🤷🏽‍♀️",8,"Dužina (>=15 reči), Suprotni veznici, Negacija, Motiv kupovine"
https://mobilnisvet.com/mobilni-komentari/8491/Xiaomi/Mi-11-Lite-5G/5,Xiaomi,Xiaomi Mi 11 Lite 5G,Milica,2021-11-03 10:56:00,"Kupila sam pre 3 nedelje Xiaomi 11 lite 5G i bilo je sve ok dok mi se nije desilo to, da kada sam stavila telefon na originalni turbo punjac, poceo je da baguje i nisam mogla vise da ga upalim do danas. Da li neko zna u cemu je problem i da li se isto nekom desilo.",8,"Dužina (>=15 reči), Suprotni veznici, Negacija, Motiv kupovine"
https://mobilnisvet.com/mobilni-komentari/l7m/Samsung/Galaxy-S23-Ultra/25,Samsung,Samsung Galaxy S23 Ultra,Ajna,2023-11-07 12:37:00,"Imam 5.1,da li je to najnovija verzija kupila sam polovan pa ne znam .Kada izlazi nova verzija videla sam negde 6.0 ne znam da li sam gledala pravu stvar po forumima.Za sada je sve ok ali od kamere se očekivalo dosta vise,hardver je najbolji na svetu ali softver treba to sve da utegne kako treba.Kad izlazi nova verzija softvera i da li vredi update?",8,"Dužina (>=15 reči), Suprotni veznici, Negacija, Motiv kupovine"
https://mobilnisvet.com/mobilni-komentari/7179/Apple/iPhone-11-64GB/27,Apple,Apple iPhone 11,Qq,2019-09-29 16:34:00,"Ja skoro uzeo iphone i nije los za neke stvari. Ali prosto ne mogu da verujem kako je nesto lose uradjeno. Bukvalno za neke stvari mi treba 30 sekunde da uradim dok sam na androidu to za 3 sekunde radio. Zadnji iphone koji sam imao je bio 4s i sada sam uzeo xs i bas bas malo su napredovali tj ios je malo napredovao. Android je od 2011. Do danas nebo i zemlja koliko je napredovao. Ne znam ali razocaran sam, previse korisnih stvari nema.",8,"Dužina (>=15 reči), Suprotni veznici, Negacija, Motiv kupovine"
https://mobilnisvet.com/mobilni-komentari/2wjlc/Xiaomi/13/2,Xiaomi,Xiaomi 13,Vlada,2024-03-26 18:49:00,"Uzeo ga za 580e pre 3 dana i sve vreme se razmisljam preskup telefon za mene, da uzmem nesto jeftinije jer ipak ne moze on da ti pruzi toliko koliko je to doplata veca od prosecne kupovine od tioa 300e. Ali kako vreme prolazi zaista uvidjam da je ovo baaaas klasa iznad i sve mi se vise i vise svidja, kamere, ui, brzina rada, displej, NE GREJE nigde,baterija 6+ sati SOT ...zalicu taj novac ali kako vreme prolazi verovatno cu ga zadrzati.",8,"Dužina (>=15 reči), Suprotni veznici, Negacija, Motiv kupovine"
https://mobilnisvet.com/mobilni-komentari/8007/Samsung/Galaxy-S20-FE/3,Samsung,Samsung Galaxy S20 FE,Paja,2022-02-09 02:02:00,"Ljudi...bat je stvarno horor...od prvog dana kada je izasao sam ga kupio...sve je ok...ali sot ne prelazi 4.5 sata,nema sanse...nemojte da lazete ljude da gura 7,8 sati...to su gluposti(pricam za exynos verziju)SD je druga prica...meni je sve upaljeno,120,GPS.. ekran na 50%...AOD...igrice ne igram...neki put pubg ali retko...",8,"Dužina (>=15 reči), Suprotni veznici, Negacija, Motiv kupovine"
https://mobilnisvet.com/mobilni-komentari/8061/Apple/iPhone-12-mini/5,Apple,Apple iPhone 12 mini,Igor,2021-02-06 10:41:00,"Ovako, telefon je zaista savrsen, sve je na mestu i utegnuto. Medjutim imam problem koji nisam ocekivao, nakon nekoj vremena gledanja u telefon oci mi se zamaraju i glava pocinje uzasno da me boli. Na stranim recenzijama sam primetio da mnogi ljudi imaju isti problem zbog tehnologije ekrana koju ovaj iphone koristi. I sad posle dve nedelje koriscenja ne znam sta da radim, zao mi je da ga se odreknem jer je zaista savrsen telefon u svakom smislu, ali zbog zdravlja nisam siguran..",8,"Dužina (>=15 reči), Suprotni veznici, Negacija, Motiv kupovine"
https://mobilnisvet.com/mobilni-komentari/blm/Honor/Magic5-Lite/3,Honor,Honor Magic5 Lite,Z,2024-01-29 21:48:00,"Kupio sam ovaj model 8/256 i za ove pare i sam sam se iznenadio kakav je mobilni. Prvo što na prvi pogled odaje utisak mnogo skupljih telefoba sa zakribljenim ekranom, drugo posle Poco X3 Pro koji mi majstor u servisu na zameni stakla unakazio da je sve u njemu zamenio i crkao posle 3 dana, pa sam našao ovaj, koji bez seckanja radi na igricama iako je povo stariji ali je procesor na 2,9. Međutim spletom nesrećnih okolnosti je ispao i gornji levi deo radi na touch ali je crna mrlja i staklo napred napuklo.zanima me da li neko pouzdano zna nekog ko menja staklo i stavlja originalni ekran i koja je cena, jer ovo ne ovde da se ja pitam zbog uništavanja moba koji dve godine nije štucnuo, mi upropastio, ne radim nigde bez preporuke ili mi isplativije da kupim drugi, jer mob mi zadovoljava sve potrebe i ne bih da ga menjam, a baterija mu je extremno jaka. Ili možda ako nađem da neko prodaje kome je crkla matična ili tako nešto pa da kupim ako su ekran i staklo čitavi pa dam na zamenu. Inače jedina mana, bar po meni je, nema drugi zvučnik.",8,"Dužina (>=15 reči), Suprotni veznici, Negacija, Motiv kupovine"
https://mobilnisvet.com/mobilni-komentari/8149/Samsung/Galaxy-A12/2,Samsung,Samsung Galaxy A12,Goran,2022-04-19 06:51:00,"Ja ovaj telefon imam godinu dana i sve je ok,4/64gb,android 12 je i sve radi kako treba.Platio sam ga 21000 dinara I nežalim.Sve je ekstra,baterija izdrži ceo dan ali bukvalno oko 12-13 sati ga koristim.Jedino što kad snimas video moraš imati mirnu ruku.Ostalo je sve ok,čak operem i ekran vodom i sve radi.",8,"Dužina (>=15 reči), Suprotni veznici, Specifikacija, Motiv kupovine"
https://mobilnisvet.com/mobilni-komentari/7426/Samsung/Galaxy-S20/2,Samsung,Samsung Galaxy S20,Kristijan,2021-05-03 05:50:00,"Imam problem,kupio sam pre 10-tak dana s20 nov,i sve je bilo super,baterija extra,igrice igram,telefon se ne greje na ultra postavkama,ali sve sam to radio preko kućno wifi-ja,posle nekoliko dana sam ubacio karticu i telefon je počeo skoro drugačije da se ponaša,greje se nenormalno,baterija je slabija,može li mi neko reci  koji je to problem,da ne bih nosio sada odmah u servis gde sam ga kupio i gde imam garanciju,zbog toga pitam vas.",8,"Dužina (>=15 reči), Suprotni veznici, Negacija, Motiv kupovine"
https://mobilnisvet.com/mobilni/nww/Apple/iPhone-Air-12GB-1TB-2x-eSIM,Apple,Apple iPhone Air,18+,2026-01-26 22:29:00,"Koristim ga 2 nedelje. Odlican telefon. Ekran svetli,ubija. Nema ono smanjivanje osvetljenja na suncu karakteristicno za sve iphone,baterija bolja nego sto sam ocekivao. Jedna kamera nije nikakav minus ali zvuk je malo bzvz ko vise koristi speaker. Nisam ga uporedjivao sa samsung edge posto samsung ne koristim i ne planiram. 900€ je mnogo veliki novac za srbiju ali u usa je kod operatera 1000$ na 24 rate po 41$ minus zamena stari za novi telefon,tako da mene kosta 15 $ mesecno sto je za prihode u ovoj zemlji nista. Sve u svemu za mene odlicna kupovina. Nisam se odlucio za pro max zbog velicine.",8,"Dužina (>=15 reči), Suprotni veznici, Negacija, Motiv kupovine"
https://mobilnisvet.com/mobilni-komentari/8007/Samsung/Galaxy-S20-FE/5,Samsung,Samsung Galaxy S20 FE,Milke,2021-10-12 18:09:00,"Čitam ovde komentare i vidim da je SOT 4-6h. Ja koristim p30 pro, i meni je SOT 6h, na 15% baterije. I prilično sam koristio društvene mreže i jutjub, jer sam zbog korone u izolaciji. A star je  dve ipo godine, odmah sam ga kupio. E, sad, planirao sam da pređem na Samsung, ali ovaj je koliko vidim, za izbeći. SD verziju ne želim, jer kupujem kod ovlašćenih prodavaca, da li može neko da mi preporuči na koji Samsung da pređem? Da l se isplati s21, s21 plus? Ili da čekam s22? S20 ultra mi nije interesantan, a s21u preskup. Menjao bih Huawei, jer će ostati na Android 10, mada sam prezadovoljan njime, a ujedno mi i ugovor na a1 uskoro ističe. Samo ozb odgovore molim",8,"Dužina (>=15 reči), Suprotni veznici, Negacija, Motiv kupovine"
https://mobilnisvet.com/mobilni-komentari/6nv/Xiaomi/Redmi-Note-13-Pro+/12,Xiaomi,Xiaomi Redmi Note 13 Pro+,Sofronije,2024-01-28 16:03:00,"Cinjenica je da zivimo u Srbiji i naspram nasih plata bilo bi idealno da telefon kosta 200e....ali... Sve je poskupelo duplo, pogotovo u radnjama sto se tice osnovnih namirnica. Poenta je da svi koji ocekuju da ovaj fon kosta 300e , mozda treba da se zamisle. Imate jeftinije modele koji verujem da obavljaju svakodnevne potrebe korisnika odlicno za 15000k dinara. Ako krenemo od ekrana , baterije ,punjenja, kamere, ip 68, 12 rama , 512 skladista i jos kojesta sto ovaj fon ima, mislim da je cena korektna. Ako poredite ovaj fon sa samsungom u istom cenovnom rangu, videcete da pruza vise. NE, NISAM PLACEN da hvalim caomi kako ga ja zovem , jednostavno mislim da pored svih poskupljenja koja su skoro pa duplo u ovoj nasoj divnoj drzavi, nerealno je ocekivati da telefon kao sto je ovaj kosta duplo jeftinije. Cak iako se radi o redmi telefonima. Opet ,ne znaci da sam ja u pravu, ovo je moje misljenje. Kad sam kupio RN10P rekao sam da fon nije doneo nista novo i da nisam trebao da ga kupim. Ovde vidim veliki napredak. UVEK ali UVEK ce biti onih sto kazu bolje da si kupio ovo ili ono.... Ali sto se mene tice bolje da dam 450e za caomi nego da toliko ili vise para dajem za samsung gde uglavnom placam ime brenda. (Ne racunam premijum telefone samsunga koji su vrh). Svako dobro...",8,"Dužina (>=15 reči), Suprotni veznici, Negacija, Motiv kupovine"
https://mobilnisvet.com/mobilni-komentari/7651/Apple/iPhone-SE-(2020)/5,Apple,Apple iPhone SE (2020),Radisav,2021-05-17 12:58:00,"Uzeo sam telefon pre par nedelja, telefon je odlican, ali kada prstima tapkam iza kod kamere cuje se neko zveckanje kao da nesto unutar kucista telefona nije pritegnuti, zanina me da li jos neko ima ovaj problem?",8,"Dužina (>=15 reči), Suprotni veznici, Negacija, Motiv kupovine"
https://mobilnisvet.com/mobilni-komentari/7426/Samsung/Galaxy-S20/4,Samsung,Samsung Galaxy S20,Aca,2020-04-03 23:48:00,"Posle s9 sam presao na s20 zbog velicine i nadajuci se boljoj bateriji ali uzalud. Blago rečeno katastrofa,uz malo intezivnije koriscene nema sanse da izdrzi dan. Sramota sta nam uvaljuju od procesora na evropskom trzistu...",8,"Dužina (>=15 reči), Suprotni veznici, Negacija, Motiv kupovine"
https://mobilnisvet.com/mobilni-komentari/7598/Huawei/P40-Pro/7,Huawei,Huawei P40 Pro,Ilija Milanovic,2021-03-23 14:22:00,"Da li telefon vredi ovih para i da li cu se pokajati ako ga kupim. Imao sam iPhone, ali mi se jako svidja P40... malo sam skeptican zbog kupovine jer nije iPhone... sta mi preporucujete",8,"Dužina (>=15 reči), Suprotni veznici, Negacija, Motiv kupovine"
https://mobilnisvet.com/mobilni-komentari/9654/Samsung/Galaxy-S22-Ultra-5G/8,Samsung,Samsung Galaxy S22 Ultra 5G,Kidy23,2022-12-11 15:59:00,"Kupio sam ovaj telefon iako sam hteo 13 Pro Max( nigde nisam mogao da nadjem iPhone), ali definitivno sd nisam pokajao. Kamere su izvrsne( sve), ekran najbolji koji postoji uz iPhone 14 Pro Max, dizajn najlepsi, baterija bolja nego sto sam ocekivao i vremenom je sve bolja i bolja, sistem upeglaniji nego ikada. Jedina mana je sto preko noci potrosi 7-9% baterije dok se ne koristi i sa iskljucenim always on ekranom, sto mislim da je malo previse, sve ostalo je vrh. Vibracija bi mogla biti mozda malo jaca, ali kvalitetna je i ne zveci sto mi je najbitnije",8,"Dužina (>=15 reči), Suprotni veznici, Negacija, Motiv kupovine"
https://mobilnisvet.com/mobilni-komentari/9570/Xiaomi/12-Pro/2,Xiaomi,Xiaomi 12 Pro,Nenad,2022-06-20 06:12:00,"Uzeo tel.preko A1. Prvi utisci su pomesani. Prethodni tel. mi je bio Huawei P20 PRO, nakon 7 dana mogu reci da je softverski neuporedivo bolji Huawei.  Od prvog dana imam problem da neke app nece da se ucitaju, ne znam razlog, ali kada kliknem na ikonicu app pocne da se otvara i zamrzne se, onda spustim prozor i odmah ga podignem i tek tada se ucita. Ako neko zna resenje neka pise. Pored toga nervira me Xiaomi galerija, jer se uvek otvara All Photos, ne mogu da podesim da se otvara menu sa folderima. Baterija je ispodprosecna, ali se brzo puni. Kamera dosta dobra, za telefon odlicna, brza, malo nekad promasi fokus, kada se zuri, ali je zaista dobra. Malo su veci fajlovi, slika bude 7-8MB. Ako neko zna resenje za galeriju neka pise. Generalno, sada bih dao ocenu 8 od 10. Mozda se popravi, nadam se da se nece pokvariti utisak. Ima tu jos nekih decijih bolesti, ali sve sam manje-vise resio uz pomoc google-a.",8,"Dužina (>=15 reči), Suprotni veznici, Negacija, Motiv kupovine"
https://mobilnisvet.com/mobilni-komentari/xnjcm/Xiaomi/Redmi-Note-12-Pro/3,Xiaomi,Xiaomi Redmi Note 12 Pro,Peđa,2024-03-05 13:17:00,"Imam ga par meseci,sve ok ali sam razočaran lošom optičkom stabilizacijom zbog koje sam ga i uzeo umesto 4g varijante koja nema ois. Znam da radi samo na 30fps ali i tu je loša,čak mogu reći da je bolje snimke pravio moj prethodni redmi note 10 pro",8,"Dužina (>=15 reči), Suprotni veznici, Negacija, Motiv kupovine"
https://mobilnisvet.com/mobilni-komentari/l7m/Samsung/Galaxy-S23-Ultra/8,Samsung,Samsung Galaxy S23 Ultra,Marquez,2025-01-07 17:09:00,"Doslo se do nivoa gde su inovacije svedene na minimum pa gde prodje prica prodje, zarada im je uvek najvaznija pa posle toga tek korisnici, ja sam preko oglasa uzeo s23 ultru kad je izasla i nemam nameru neko vreme da je menjam sve dok ne krene da koci ili baterija bude bas losa. Svaka nova serija donosi minimalne napretke, pogotovo kada su u pitanju dva najprodavanija brenda. Moj savet je uvek gledajte sta vam je najpovoljnije i ustedite a pustite druge da se rasipaju i pune tudje dzepove. Uvek je bolje ostaviti jos neki dinar pa dodati za bolji tv, bolji krevet, neki potreban kucni aparat ili sta god drugo da ne odem sad predaleko :)",8,"Dužina (>=15 reči), Suprotni veznici, Negacija, Motiv kupovine"
https://mobilnisvet.com/mobilni-komentari/8360/Samsung/Galaxy-A32/4,Samsung,Samsung Galaxy A32,aca,2021-08-28 19:37:00,"Ja cu posle samsung s10e uzeti ovaj,zbog velike baterije,samsung s10e ima uzasnu bateriju,jeste bolji telefon,ali me vise to uopste nije briga,ovaj ima super amoled ekran sa full hd rezolucijom sto je odlicno i dovoljne performanse,ovo je pun pogodak",8,"Dužina (>=15 reči), Suprotni veznici, Negacija, Motiv kupovine"
https://mobilnisvet.com/mobilni-komentari/7598/Huawei/P40-Pro/7,Huawei,Huawei P40 Pro,Jadranka,2021-02-09 19:45:00,"Molim vas, moze li pomoc nekoga ko se razume u telefone. Obozavam Huawei, i P40 pro sam uzela zbog odlicne kamere i dosta memorije, misleci da cu moci funkcionisati bez Google Play , ali nakon vise meseci vise ne mogu. I po prvi put bih da uzmem Samsung neki, a ovaj da prodam. Pa ako bi mi neko dao savet koji Samsung po kameri, memoriji i bateriji moze da zameni ovaj. Hvala",8,"Dužina (>=15 reči), Suprotni veznici, Negacija, Motiv kupovine"
https://mobilnisvet.com/mobilni-komentari/khb/Samsung/Galaxy-S23/24,Samsung,Samsung Galaxy S23,Dusan,2023-06-08 19:40:00,"Danas sam dobio S23 ( uredjaj na rate ), ubacio sam 2 sim kartice, instalirao svoje aplikacije i obavio dva poziva a potom ga napunio do kraja. Nisam ga bukvalno koristio vise od 20 min. Nakon par sati cuo sam zvuk kao da mi je dosla poruka, uzeo telefon u ruke prevukao prstom da ga ukljucim ali se nista nije desavalo ekran je ostao potpuno crn. Pokusao sam vise puta ON/OF ali nije dalo rezultata. Racunar ga prepoznaje kao Samsung android ali nikakve vidne opcije ne daje da bih mogao uci u njega. Ne znam da li je ovo prvi slucaj da se ovo desava sa S23 serijom.",8,"Dužina (>=15 reči), Suprotni veznici, Negacija, Motiv kupovine"
https://mobilnisvet.com/mobilni-komentari/9280/Apple/iPhone-13-Pro-Max/5,Apple,Apple iPhone 13 Pro Max,Milica,2021-12-23 01:22:00,"Moj dečko mi je juče kupio ovaj fon za godišnjicu.Sve radi besprekorno a posebno kamera koju i najčešće koristimo.Sve mi je top.Nisam mu našla nikakvu manu, ali baš nikakvu.Nema boljeg telefona.Preporučujem svima da kupe.",8,"Dužina (>=15 reči), Suprotni veznici, Negacija, Motiv kupovine"
https://mobilnisvet.com/mobilni/8684/Samsung/Galaxy-A22-6GB-128GB,Samsung,Samsung Galaxy A22,Zverka,2022-10-11 20:28:00,"Pozdrav, imam ovaj Samsung A22 bit će godinu dana sada u 11.mj. Kamera mi je preko noći prestala funkcionirati prije kojih mj dana, nekada se želi otvoriti, ali samo zadnja i to par slika uspijem napraviti i kad izađem i ponovno uđem više ne radi, kad pokušam okrenuti na prednju automatski me izbacuje iz kamere. Ne znam zašto se to dešava,  nigdje nisam pronašla odgovore, također mi piše kad me izbaci da se kamera ne može istodobno koristiti u više aplikacija, a ne koristim je i ne razumijem što bi to trebalo značiti. Resitirala sam kameru, očistila predmemoriju, uklonila memorijsku (da nije slučajno zbog previše slika), resetirala mobitel, uredno je sve ažurirano i dalje ne radi.. Jel imao itko sličnu situaciju? Hvala.",8,"Dužina (>=15 reči), Suprotni veznici, Negacija, Motiv kupovine"
https://mobilnisvet.com/mobilni-komentari/9573/Samsung/Galaxy-S21-FE-5G/14,Samsung,Samsung Galaxy S21 FE 5G,Rade,2022-10-29 22:00:00,"Pitanje za sve dosadašnje korisnike.Pre par dana sam kupio ovaj model i pokušao sam da slušam muziku oeeko žičnih slušalica,usb C adapter i starog Xioamia,ali na telefonu je izašlo obaveštenje da ne podržava usb uredjaj.Pitanje za sve vas da li je to telefona ili je do adaptera zato što nije Samsungov?Da li je neko umao iskustva",8,"Dužina (>=15 reči), Suprotni veznici, Negacija, Motiv kupovine"
https://mobilnisvet.com/mobilni-komentari/7176/Apple/iPhone-11-Pro-64GB/5,Apple,Apple iPhone 11 Pro,Nino,2020-12-07 00:12:00,"Stabilan ios, a kvarovi i to koliko brzo vek baterije opada, to se jamo laz da je uos stabilan. I njihove aokikacije imanu bagove, ko i svaki teelfon... Drugo na dxomark p40pro je kud i kamo daleko sto s ekamera tice i sposobnosti svega, a najgore od svega je sto sve radis preko itunsa, i muzika... Pa da namestis neku pesmu moras je tamo kratiti pa oremestati u komp... Koja logiga??? Dok na android prevuces sta oces i slusas... A 3 stvar je sto avi koriste i kuouju telefone od 30 don50 eira iznjakane,,, vidim kao ide prodaja na fejsu i kava je moc kupovine... Ima ljudi koji imaju i love. Ali vecina kupuje najgore... Tako da kad jednom kupis p40pro od 1000e nema bagova nema kocenja nema nista. A ujedno dobijes pro kamere slike fantasticneja sam kupio 11pro i zamenio za hiawei p40pro hvala bogu prezadovoljan sam",8,"Dužina (>=15 reči), Suprotni veznici, Negacija, Motiv kupovine"
https://mobilnisvet.com/mobilni-komentari/9654/Samsung/Galaxy-S22-Ultra-5G/12,Samsung,Samsung Galaxy S22 Ultra 5G,Nemanja,2022-03-30 11:18:00,"Ja posedujem verziju 12/256, kupio ga u maloprodaji u pretprodaji, stigao istog dana kada je i izasao u slobodnu porodaju. Od samog starta su se javili problemi sa mrezom. Prekine se poziv i na ekranu pise da sam van mreze, cesto u toku poziva ne cujem na par sekundi nista pa se poziv nastavi a i uspostava veze nekad traje po dvadesetak sekudni. Takodje sam cesto nedostupan i stizu mi poruke o propustenim pozivima. Pisao sam Samsungu i predlozili su mi da zamenim karticu, uradio sam to i problem se nastavio, posto je dual sim odlucio sam da kupim karticu drugog operatera ( yettel ) ali sa njom jos gore radi. Cim uspostavim vezu ona se prekine posle desetak sekundi. Pa sam im ponovo pisao i predlozili su mi da stavim telefon u bezbedonosni rezim tako sto cu telefon restartovati drzeci power dugme i dugme za smanjivanje zvuka dok se telefon ne restartuje i kada krene da se pokrece da pustim power ali da i dalje drzim dugme za smanjivanje zvuka dok se ne pokrene. Tako se telefon stavlja u bezbedonosni rezim ( ugase se sve naknadno instalirane aplikacije. Ali ni to nije pomoglo. Sledeci njihov savet je da uradim fabricki reset sto nisam uradio a i necu posto vidim da se svi redom zale. Takodje zabaguje jednom dnevno na po 2-3 nekad i dvadesetak sekudni. Kamera,ekran i osvetljenje vrhunski. Generalno PREZADOVOLJAN!!!",8,"Dužina (>=15 reči), Suprotni veznici, Negacija, Motiv kupovine"
https://mobilnisvet.com/mobilni-komentari/8714/Honor/50/6,Honor,Honor 50,Molan,2022-03-21 07:42:00,"Znaci ne mogu da verujem da ima apsolutno isti bag kao honor 8x,a jos manje mogu da verujem da posle tacno 3 GODINE,nisu uspeli da ga rese.A to je,kada razgovarate preko messengera(zbog prirode posla neophodan,ne zivim u Srbiji) i pozove me neko preko mobilnog,naravno messenger prekine i posle toga,svi klipovi koje gledam ili bilo sta sto bi trebalo da pusti zvuk preko zvucnika telefona,pusta zvuk preko slusalice telefona jedva cujno.Jako iritantno.Jednom nisam obratio paznju,jedva me probudio alarm jer je necujan.A sa honorom 8x,sam svake noci pre spavanja pustao neki klip da vidim odakle se telefon cuje.Jako iritantno,iako je nov,letece 100%zbog ovog baga.Prosto neverovatno,3 godinee,pa nije to 3 meseca pa da taj bag ne moze da se otkloni.Kako ga drugi nemaju.Nosio sa 6 meseci samsung pre njega,a verujte mi da preko 10 god.nosim samo huawei i honor,ali sa njim nisam imao tih problema.",8,"Dužina (>=15 reči), Suprotni veznici, Negacija, Motiv kupovine"
https://mobilnisvet.com/mobilni/9571/Xiaomi/12-Pro-256GB,Xiaomi,Xiaomi 12 Pro,Patrick,2024-08-20 07:39:00,"Kupio ga pre par dana u Njemačkoj za 230e polovan. Mogu reći da je telefon fantazija šta sve nudi , jako dobra glavna kamera, brz, fantastičan ekran, zaista nemam reči... Svima bih preporučio ovaj telefon ako ga mogu naći poslovnog da je očuvan a da dodam da imam najnoviju verziju softvera i malo se greje ako se optereti ali u maskici ne osetim jedino bez maske malo je vruć ali to me iskreno i ne zanima . Pri normalnom korištenju nema zagrevanja , baterija gura ceo dan a prednost brzog punjenja je za svaku pohvalu, ujutru pre posla ga stavim na punjač i dok popijem kafu on je pun. Sve pohvale za Xiaomi",8,"Dužina (>=15 reči), Suprotni veznici, Negacija, Motiv kupovine"
https://mobilnisvet.com/mobilni/8491/Xiaomi/Mi-11-Lite-5G,Xiaomi,Xiaomi Mi 11 Lite 5G,Peco93,2023-02-27 16:29:00,"Telefon je blagi uzas,ne preporucujem nikome. Dugme za otkljucavanje ne radi od prvog dana. Baterija ne moze da izdrzi vise od 5 sati ako je telefon u pokretu. Kamera izbledila,ne hvata focus,pri tome strasno laguje ako se imalo pomera dok slika. Izvlacenje tastature kad se pise poruka traje i do 3 sekunde. Svakako najgori telefon koji sam ikad kupio. Veliki pozdrav",8,"Dužina (>=15 reči), Suprotni veznici, Negacija, Motiv kupovine"
https://mobilnisvet.com/mobilni-komentari/khb/Samsung/Galaxy-S23/27,Samsung,Samsung Galaxy S23,hadžija,2023-02-05 07:54:00,"bio u maloprodaji, gledao i malo se 'igrao' odlično. medjutim, povećanje baterije se odrazilo na debljinu telefona. meni se ne svidja sadašnji izgled. znam da je lepota u oku posmatrača, ali ima estetiku panja. zbog toga sam odustao. kada dajem tolike pare, barem mora da mi se bar malo svidja",8,"Dužina (>=15 reči), Suprotni veznici, Negacija, Motiv kupovine"
https://mobilnisvet.com/mobilni/qt4/Samsung/Galaxy-A16-5G-8GB-256GB-1x-SIM,Samsung,Samsung Galaxy A16 5G,Aca,2025-04-09 21:20:00,"Kupio A16 8/256, neznam kako je kod drugog modela ali ovde morate izabrati varijantu da li hocete staviti drugu sim karticu ili sd karticu jer nema slota za dve sim i sd zajedno.bas sam se zacudio .moze varijanta sim+ sd ili sim+sim.",8,"Dužina (>=15 reči), Suprotni veznici, Negacija, Motiv kupovine"
https://mobilnisvet.com/mobilni-komentari/8714/Honor/50/5,Honor,Honor 50,Black Noir,2022-06-11 11:14:00,"O ukusima ne treba raspravljati,dok nisam uzeo u ruke ovaj telefon mi 11 lite mi je bio najlepši od androida,ali cena ga ubija,a i smešno je da nema stereo zvučnike.",8,"Dužina (>=15 reči), Suprotni veznici, Negacija, Motiv kupovine"
https://mobilnisvet.com/mobilni/pw57w/Samsung/Galaxy-A03-Core-3GB,Samsung,Samsung Galaxy A03 Core,Trkač,2022-05-14 13:07:00,"Kupio sam ovaj telefon pre 3 dana i zadovoljan sam. Imao sam u planu da kupim Xiaomi Redmi 9a ali odustao sam od redmi telefona jer sam koristio malo očev redmi 9 kod koga sam odmah primetio zamor vida. Na stranim forumima sam našao podatke o žaljenju korisnika na ekran redmi telefona koji zamara vid i pored raznoraznih podešavanja ekrana koje su korisnici redmi telefona i pojedinih drugih modela primenili. Smartfon ne nosim sa sobom već ga koristim kući za surfovanje a sa sobom nosim klasični telefon, tako da mi smartfon dugo traje jer je teže u tom slučaju da se fizički ošteti. Imam jednu Lumiu 520 očuvanu, kupljenu u nekorišćenom stanju koja i dan danas radi kao nova ali je zastarela i operativni sistem nije u funkciji. Performanse prikazane na mobini svet su malo preuveličane u odnosu na one sa gsm arenena mobilni svet redmi 9a 8 jegra 2 ghz, na gsm arena 4x2 ghz+4x1,5ghz. Pre ovog telefona sam koristio Huawei P8 lite-polovan a pre toga Samsung galaxy core prime-polovan. Core prime je imao lošiju bateriju od P8 lite ali i pored manje ram memorije je radio bez bagova u odnosu na P8lite koji je često bagovao ali mu je baterija trajala neuporedivo duže.",8,"Dužina (>=15 reči), Suprotni veznici, Negacija, Motiv kupovine"
https://mobilnisvet.com/mobilni-komentari/6nv/Xiaomi/Redmi-Note-13-Pro+/9,Xiaomi,Xiaomi Redmi Note 13 Pro+,Alex,2024-04-19 11:46:00,Kupio ga u februaru. Baterija se praznila nenormalno toliko da u nocnom modu nekoriscenja sa 25% ujutro bude ugasen.. mislio sam da to tako treba dok mi nije pukao film i odneo ga u servis nemoguce da ne mogu da sastavim ni 4 sata sa tel. Nekad sam ga punio po 3x dnevno uz prosecno koriscenje. Sad me zvali iz servisa gotov telefon navodno softverska greska.. nadam se da je tako. Inace na sve ostalo bez mane perfektno. Ljubitelj sam samsunga i prethodni mi je bio a52 reko malo da promenim. Nadam se da nece morati na prodaju žaoMi 😀,8,"Dužina (>=15 reči), Suprotni veznici, Negacija, Motiv kupovine"
https://mobilnisvet.com/mobilni/y11/Apple/iPhone-17-8GB-512GB-2x-eSIM,Apple,Apple iPhone 17,Miki,2026-06-14 07:09:00,"I dosad su bile i dešavale se ponekad fabricke greske u kina fabr ali sad kad sele fabriku u indiji bice propast. Sa novom 18 verzijom bice grešaka ko zna koliko. Jer kako rekli da bi ispunili normu,uzimace radnike sa sela sezonske i studente za sklapanje,jer moraju da ubrzaju proizvodnju ne znam koliko hiljada miliona mesecno. Jeste da ce oni da prođu neku obuku od par dana ali ipak..rekoše i da ce da olabave kontrolu kvaliteta da bi sto vise napravili. Ocekujte greske vise no ikad. Ja 16ku otvorio vakum i nakrivo zavijen sraf i guljeno malo. Ali to se tolerise. De zbog toga da zaustave traku i da izgube stotine hiljada eura zbog jednog. Norma im je jedan tel u 60 sek da urade",8,"Dužina (>=15 reči), Suprotni veznici, Negacija, Motiv kupovine"
https://mobilnisvet.com/mobilni/9qc/Apple/iPhone-17-Pro-12GB-1TB-2x-eSIM,Apple,Apple iPhone 17 Pro,Miki,2026-06-14 07:08:00,"I dosad su bile i dešavale se ponekad fabricke greske u kina fabr ali sad kad sele fabriku u indiji bice propast. Sa novom 18 verzijom bice grešaka ko zna koliko. Jer kako rekli da bi ispunili normu,uzimace radnike sa sela sezonske i studente za sklapanje,jer moraju da ubrzaju proizvodnju ne znam koliko hiljada miliona mesecno. Jeste da ce oni da prođu neku obuku od par dana ali ipak..rekoše i da ce da olabave kontrolu kvaliteta da bi sto vise napravili. Ocekujte greske vise no ikad. Ja 16ku otvorio vakum i nakrivo  zavijen sraf i guljeno malo. Ali to se tolerise. De zbog toga da zaustave traku i da izgube stotine hiljada eura zbog jednog. Norma im je jedan tel u 60 sek da urade",8,"Dužina (>=15 reči), Suprotni veznici, Negacija, Motiv kupovine"
https://mobilnisvet.com/mobilni/nmf/Xiaomi/Redmi-12C-3GB-64GB-2x-SIM,Xiaomi,Xiaomi Redmi 12C,Jasmin,2024-09-21 21:52:00,"Ja sam kupio Redmi 12 c prije godinu dana 6 giga ram interna 128 baterija traje ali ako se ne igraju igrice to je tačno da moze dan i po sigurno,ali pošto igram igricu NBA live baterija mi traje oko 6-7 sati i to je to",8,"Dužina (>=15 reči), Suprotni veznici, Negacija, Motiv kupovine"
https://mobilnisvet.com/mobilni/nww/Apple/iPhone-Air-12GB-1TB-2x-eSIM,Apple,Apple iPhone Air,Rastko,2026-04-17 22:08:00,"Bio bih zahvalan ko ga stvarno ima da mi javi kakav je zvuk sagovornika u slušalici, da li se greje nazad ili samo okvir telefona tokom korišćenja I koliko zaista mogu očekivati trajanje baterije? Znaci molim one koje telefon stvarno  koriste kao smartphone , neću da gasim promotion, GPS, Bluetooth, za 5g me zabole, ali ne bih da dam 800+€ ako ne moze bar smenu na poslu da mi izdrži. Kameru skoro i da ne koristim osim za skeniranje, vikend telefon za to mi je Huawei. Ovaj isključivo želim da probam zbog fizičkog izgleda, probao sam ga, stvarno prelepo lezi u ruci i jako lep na oko.",8,"Dužina (>=15 reči), Suprotni veznici, Negacija, Motiv kupovine"
https://mobilnisvet.com/mobilni/nww/Apple/iPhone-Air-12GB-1TB-2x-eSIM,Apple,Apple iPhone Air,Nikola,2026-05-24 10:18:00,"imam ovaj telefon,ios 26 je bas unistio optimizaciju sistema,sistem radi kao na android telefonu od 150€,prednost ovog telefona iako je mono zvuk,nema vibracija telefona od zvucnika,to mi uzasno smeta,kako god zadovoljan sam telefon,lak je i dovoljno je velik ekran,moj je sa 1tb memorije trebalo mi zbog muzike visokog kvaliteta...",8,"Dužina (>=15 reči), Suprotni veznici, Negacija, Motiv kupovine"
https://mobilnisvet.com/mobilni-komentari/9567/Xiaomi/12/4,Xiaomi,Xiaomi 12,Srdjan,2023-01-12 09:59:00,"Uzeo bih ovaj telefon u A1 ali me zanima da li se pregreva, gledao sam par recenzija na Youtube  gde se pominje da se baš pregreva što bi mi smetalo sigurno, a dosta ljudi ovde kaže da nema taj problem...",8,"Dužina (>=15 reči), Suprotni veznici, Negacija, Motiv kupovine"
https://mobilnisvet.com/mobilni/9699/Samsung/Galaxy-A03-Dual-SIM,Samsung,Samsung Galaxy A03,Milan,2023-02-27 22:26:00,"Kupio sam nov u julu 2022 super je radio al evo vec drugi put mi zablokirao ovih dana,jedva sam ga ugasio jer zakoci i nijedno dugme ne reaguje,kad se ponovo upali radi normalno",8,"Dužina (>=15 reči), Suprotni veznici, Negacija, Motiv kupovine"
https://mobilnisvet.com/mobilni/0l8/Samsung/Galaxy-S23+-512GB,Samsung,Samsung Galaxy S23+,Rade,2025-04-27 20:52:00,u pravu si Zoki meni je ovaj model u pola sekunde otvarao sve sto pokrenem velikom brzinom sad polako primecujem manju brzinu i to na mnogo jakom wi fi vrv zbog rama ne znam ali odlican telefon iskreno,8,"Dužina (>=15 reči), Suprotni veznici, Negacija, Motiv kupovine"
https://mobilnisvet.com/mobilni-komentari/8239/Samsung/Galaxy-S21-Ultra-5G/9,Samsung,Samsung Galaxy S21 Ultra 5G,Dejan,2021-11-01 08:04:00,"Ovako posle duze vremena testiranja telefon a resih da napisem nesto. Vlasnik sam Samsunga od S3 pa na dalje skoro svih modela. Zadnji je bio note 10+, neprevazidjeni model - menjao Sam ga posle dve godine posto je baterija pocela da traje ispod 10 sati dnevnog koriscenja. Uzeo sam s21 ultra Snapdragon, Cena je bila nesto veca Ali nisam se pokajao. Telefon je odlican, pravi sasvim dobre slike u svim uslovima. Baterija odlicna, meni Koji Sam da kazem zahtevniji korisnik.. Koristim tel od 7 ujutru do 23 h uvece baterija izdrzi I ostane na 30% uvece. Nema grejanja telefon a, nikakvih bagova.. Sve za preporuku. Probao Sam pre 3 meeca Note 20 ultra I nije bio OK. Grejanje telefona, los makro mod u kameri itd. To je meni zasmetalo. I krace trajanje baterije. To su evidentno resili u ovoj seriji. Tako da preporuka za ovaj model.",8,"Dužina (>=15 reči), Suprotni veznici, Negacija, Motiv kupovine"
https://mobilnisvet.com/mobilni-komentari/gzw/Honor/Magic8-Pro-12GB-256GB-1x-SIM-1x-eSIM/4,Honor,Honor Magic8 Pro,Pera,2026-04-12 08:09:00,Uzeo sam konacno telefon i sad ga prvi put punim punjacem od 45w koji sam koristio na Samsungu ali vise od 70% nece da puni iako sam poiskljucivao sva smart podesavanja za bateriju. Jel moguce da moram da nabavljam jaci punjac?,8,"Dužina (>=15 reči), Suprotni veznici, Specifikacija, Motiv kupovine"
https://mobilnisvet.com/mobilni-komentari/khb/Samsung/Galaxy-S23/26,Samsung,Samsung Galaxy S23,Dexter,2023-04-11 08:39:00,"Pozdrav. Koliko vam traje baterija na obican Samsung S23? Da li koristite onaj rezim performansi lagano ili standardno? Ja sam ga kupio odlican je to mobilni ali na 120 herca i standardni rezim performansi baterija ne traje bas kako treba pogotovo kada sam napolje 3 ili 4 sata ekrana je neki maksimum, a kada se prebaci rezim performansi na lagano tada dobijem još nekih sat a moze i sat i po vise trajanje baterije a ne primecujem nikakve promene u radu telefona. Ako na to sve oborim i herce na 60 onda dobijem bas dobru bateruju sa preko 7h ukljucenog ekrana sto je za ovako mali telefon jako dobro. Zakljucak-Ako hocu da uzivam u svemu sto mi telefon pruza mora da se spremim na jako cesta punjenja telefona.",8,"Dužina (>=15 reči), Suprotni veznici, Negacija, Motiv kupovine"
https://mobilnisvet.com/mobilni-komentari/8389/Xiaomi/Redmi-Note-10-Pro/31,Xiaomi,Xiaomi Redmi Note 10 Pro,Lazar,2021-07-31 18:31:00,Telefon mi je jutros samo buo flekav ekran plavom i crnom bojom zna li neko sta je nije pao nije udaran ali je dobio fleke po displeju ako moze neko da mi pomogne mogu i slike da posaljem ne znam sta je u pitanju nemam ga ni mesec dana uzeo sam nov ..,8,"Dužina (>=15 reči), Suprotni veznici, Negacija, Motiv kupovine"
https://mobilnisvet.com/mobilni-komentari/8448/Samsung/Galaxy-A72/3,Samsung,Samsung Galaxy A72,Milan,2022-02-10 20:20:00,"Koristim ovaj tel,do skoro sam imao samsung note 8,A72 je jako prostog izgleda ,primecuju se bagovi,kamera i nije nista bolja od note 8,jednostavno sam se pokajao sto sam uzeo telefon,za ove novce preskup,jedino moze baterija da se pohvali ceo dan se maltretira,a baterija na 58%,dok se note brzo isprazni",8,"Dužina (>=15 reči), Suprotni veznici, Negacija, Motiv kupovine"
https://mobilnisvet.com/mobilni-komentari/9654/Samsung/Galaxy-S22-Ultra-5G/11,Samsung,Samsung Galaxy S22 Ultra 5G,Marko 89,2022-06-16 17:40:00,"Još prošle godine želeo sam da probam ultru 21 ali onaj dizajn i sporo punjenje me je odbilo...ove godine je sve onako kao što sam želeo... i kupim ja ultru prodam huawei p40 pro jer sam vec bio uništio displej inace savršen telefon... i kupim mix 4 prodam nešto kasnije i uzmem ultru 22... prvi put samsung posle s2 modela... i telefon je stvarno dobar, moćan onako bas elegantan... baterija i punjenje slabije što nisam navikao s obzirom da sam uvek imao brže punjace telefone ali dobro..inace veliki fan huawei od modela p9,p10, p20 pro, p30 pro, p40 pro.. uzeo bi i ove godine p50 pro ali dizajn me razočarao. A jedino ono što me je ns ovom telefonu razocaralo i nekako smorilo bas je to sto sam ga uzeo i kod mene je skoro dva meseca,  i pre neki dan se budim pošto mi telefon stoji na onom stalku krećem na posao i čuje se nešto...ja ga malo drmnem opet.. ja zenemeo. Niti mi pao telefon niti bilo sta slično i ladno se čuje nešto pozadi kao da se pomera u kamerama.. da je to bilo tako od početka pa ok ali odjednom..smor i razočaranje. Sto je bitno telefon i kamere rade isto na netu sam našao da je to jer deo neki nije fiksiran i ono kad telefon ne koristi kameru on kao slobodno seta pri nekom pomeranju seckanju onako na sitno... i eto smor..inače je telefon brutalan od sistema, rada  kamera i svega... kamere su mali prostije jer sam navikao na huawei ali kvalitet je top... nije u rangu kao što bi to bilo ja mislim na p50 pro ali je odlično...ako neko zna nesto o ovome ili ima neko slično iskustvo jer vidim da je to i pre na telefonima se dešavalo voleo bih da napiše... hvala i izvinjavam se na opširnom pisanju 🤗🤗🤗",8,"Dužina (>=15 reči), Suprotni veznici, Negacija, Motiv kupovine"
https://mobilnisvet.com/mobilni-komentari/dd4/Honor/Magic6-Lite/8,Honor,Honor Magic6 Lite,Sasa,2024-06-02 17:26:00,Ljudi ja imam ovaj telefon vec tri cetri dana ali ne razumem zasto se greje na primer kad igram na netu slot igre? I baterija nije nesto zadovoljavajuca pola dana a nov sam kupio,8,"Dužina (>=15 reči), Suprotni veznici, Negacija, Motiv kupovine"
https://mobilnisvet.com/mobilni-komentari/7369/Samsung/Galaxy-S10-Lite/2,Samsung,Samsung Galaxy S10 Lite,Nemanja,2021-03-22 04:39:00,"Pozdrav svima! Koristim Samsung S10 Lite već 5 meseci, za fih 5 meseci koliko i imam ovaj telefon ja sam oduševljen. Pre S10 lite imao sam iPhone XS MAX vrh telefon bio, ali smorio jer dugo koristim iPhone pa sam prešao na Samsung, a verujte da ovaj model telefona opasno može da parira i nekim jačim iPhone modelima. Igram dosta jake igre, sve radi na ultra grafiku, gledam po par filma na telefonu u slobodno vreme, bukvalno se ne gasi meni telefon menja sve uređaje po kući i ni jednom nikada nije ukočio. Ko god se reši za ovaj model, bez razmišljanja preporučujem! Ja sam uzeo kao test da koristim pa kupim najnoviji iPhone, ali posle ovog telefona već razmišljam za Samsung S21.",8,"Dužina (>=15 reči), Suprotni veznici, Negacija, Motiv kupovine"
https://mobilnisvet.com/mobilni-komentari/l7m/Samsung/Galaxy-S23-Ultra/23,Samsung,Samsung Galaxy S23 Ultra,Kadiii,2023-11-18 21:23:00,"Uzeo pre neki dan posle 3 godine korišćenja p40 pro i to neplanirano jer sam polomio stari tel.Nikada nisam voleo Samsung ali Note seriju sam gotovo, pošto je Ultra naslednik ajde da probam i reci cu samo ovo .Huawei  p4o pro koji je 3 godine star tel je svemirski brod za ovo Prvo što mi bode oci je očajan otisak prsta, prepoznavanje lica .Otkljucavanje je ponekad nemoguće ili sam ja navikao na savršeni p40 pro koji mi je  bukvalno u sekund u mrklom mraku lice prepoznavao .Ekran je odličan to stoji .Kamera dobra ali ne kap što pričaju. Bukvalno p40 pro ima bolju kameru, stojim iza ovog što kažem.Definitno ide na zamenu za p60 pro",8,"Dužina (>=15 reči), Suprotni veznici, Negacija, Motiv kupovine"
https://mobilnisvet.com/mobilni-komentari/mgt/Samsung/Galaxy-A54/24,Samsung,Samsung Galaxy A54,Tamara,2023-06-04 23:43:00,"Zdravo ljudi, čitam komentare i idalje ne mogu da se odlučim izmedju Samsung s21 FE i A54. Da li je po vašem iskustvu baterija na s21 fe zaista toliko loša? Moj trenutni telefon koji imam 4 godine je A70, isto 4500 mili amper sati kao i s21fe koliko vidim, nikad nisam imala problema sa lošim trajanjem baterije, čak šta više. Volela bih s21 fe zbog bolje kamere ali ako je baterija zaista tako loša radije ću izabrati A54.",8,"Dužina (>=15 reči), Suprotni veznici, Negacija, Motiv kupovine"
https://mobilnisvet.com/mobilni-komentari/7598/Huawei/P40-Pro/7,Huawei,Huawei P40 Pro,Nelexije,2021-02-10 21:16:00,"Preko mesec dana koristim ovaj telefon i veoma sam zadovoljan. Godinama sam veran HUAWEI korisnik: P7 - HONOR 8 - Mate 20 Pro - P40 pro. Može se bez Google servisa - a šlašio sam se da li ću moći. Jedina stvar koja mi nedostaje je stalna sinhronizacija konatakata. Zbog posla četo puta kontakt unesem na računaru, a ponekad na telefonu. Dok sam koristio prethodne telefone koji su imali Google servise, to je super radilo jer se sve istovremeno sinhronizovalo. E sada sam malo u problemu. Da li je neko našao rešenje za ovo, odn. da li postoji mohgućnost da se preko nekog naloga koji radi na huawei telefonima ovakva sinhronizacija non stop vrši?",8,"Dužina (>=15 reči), Suprotni veznici, Negacija, Motiv kupovine"
https://mobilnisvet.com/mobilni-komentari/8007/Samsung/Galaxy-S20-FE/5,Samsung,Samsung Galaxy S20 FE,S20fe 5G,2021-09-23 10:06:00,"Da li je neko kupio 5G verziju ovog telefona? Ako jeste, neka mi objasni kako je to uradio. Gledao sam da uzmem S20 FE 5G koji ima Snapdragon procesor ali ne znam gde to može da se kupi u Srbiji. Molim vas neka mi neko napiše.",8,"Dužina (>=15 reči), Suprotni veznici, Negacija, Motiv kupovine"
https://mobilnisvet.com/mobilni-komentari/7176/Apple/iPhone-11-Pro-64GB/5,Apple,Apple iPhone 11 Pro,Ivan,2020-10-26 19:45:00,"Neko ko bi prvi put kupio iphone moze li da proveri da li je aktiviran kucanjem IMEI broja, ili kako vec dok ga ne upalim, da vidim na licu meata. Kupio bih u balkanskoj.",8,"Dužina (>=15 reči), Suprotni veznici, Negacija, Motiv kupovine"
https://mobilnisvet.com/mobilni-komentari/7176/Apple/iPhone-11-Pro-64GB/5,Apple,Apple iPhone 11 Pro,Maroon,2020-11-28 20:24:00,Ja sam danas kupio bas ovaj model. Dvoumio sam se izmedju 12ce i ovog modela i presudila je treca kamera za telephoto. Nemam sta da kazem osim da je bas premium. Uzeo sam ga iskljucivo iz stabilnosti iosa i kamere ali moram da priznam da mi je glupo da ljudi vide koji telefon imam jer je bas skup. Ljudima je to wow i boom sto mi se ne svidja. Odlican stvarno. Nema tu sta da se dodaje ni da se pita. Platis ali znas da si dobio bembaru.,8,"Dužina (>=15 reči), Suprotni veznici, Negacija, Motiv kupovine"
https://mobilnisvet.com/mobilni-komentari/8233/Samsung/Galaxy-S21+-5G/4,Samsung,Samsung Galaxy S21+ 5G,Aco,2021-12-22 22:09:00,"Uzeo nov tel, ali ne radi otisak prsta, vjerovatno zbog  stakla koje je stavljeno. Ne želim ga skidati, ionako mi ne treba ta funkcija. To ne šteti telefonu?",8,"Dužina (>=15 reči), Suprotni veznici, Negacija, Motiv kupovine"
https://mobilnisvet.com/mobilni-komentari/mgt/Samsung/Galaxy-A54/27,Samsung,Samsung Galaxy A54,xmob,2023-04-15 17:54:00,"sa 500 na 360e,na onom sajtu mig,mig...;)ima ga za 360e,ice jos to malo dole i onda se moze reci da je za nekih 340,350e skroz korektan mob,sigurno je unapredjenje sto se tice kamera jedino 4k treskav,mozda se sredi to nekim update ne znam,ne bi trebo da vas brine ozloglaseni exynos sto se tice baterije,6,7SOT je skroz dobro to je nekom i dva dana koriscenja,xiaomi redmi note 12 pro konkurent,i jeftiniji ali losija kamera,imate direktno poredjenje pa pogledajte,a da ne pricam o sad vec izlizanoj temi njihovog softerskog problema,kojeg rn 12 pro mozda nece imati ko zna...sve u svemu a54 ce biti sigurno jedan od besat bay modela u 2023,znam da su svi poceli odma da laju zbog cene al tako je uvek,ja sam odma reko samo treba sacekati koji mesec i da ce to doci na svoje mesto,kolko tolko je to danas u ovom ludilu cena moguce",8,"Dužina (>=15 reči), Suprotni veznici, Negacija, Motiv kupovine"
https://mobilnisvet.com/mobilni-komentari/7xf/Huawei/P60-Pro/2,Huawei,Huawei P60 Pro,Aleksandar,2024-09-12 22:46:00,"Posle mate 50 pro sam uzeo p60 pro. Utisci sledeci: Kod p60 pro kamera telefoto ubija koliko je dobra, prvenstveno u losim svetlosnim uslovima,podrzava i makro rezim,selfi takodje malo bolja,glavne kamere su tu negde,ultrasiroke potpuno iste. Punjac ima jos brze punjenje. S druge strane Mate 50 pro dominira u polju video snimanja. Snima sa svim kamerama u 4k i 60fps dok kod p60 pro serije ultrasiroka ne moze da snima u 60 fps. Mate ima opciju pracenja subjekta i usporen snimak sto p60 pro nema. Performanse iste,trajanje baterije slicno. Sve u svemu, veoma sam zadovoljan sa p60 pro i preporucujem ga svima koje zele telefon sa odlicnim kamerama.",8,"Dužina (>=15 reči), Suprotni veznici, Negacija, Motiv kupovine"
https://mobilnisvet.com/mobilni-komentari/l7m/Samsung/Galaxy-S23-Ultra/27,Samsung,Samsung Galaxy S23 Ultra,Синиша,2023-10-13 08:38:00,"E ovako,kupio s22 ultru,koristio godinu dana i svi oko mene,počev od sina kupi iphone 14 pro max,i ja tako i uradim,prodam 22 ultru i kupim 14 pro max,i tu sam se z....o kao niko.14 pro max nije loš tel.ali da se ne lažemo samsung ga šije i to dobro,elem,koristio ga 1 nedelju i jedva čekao da ga promenim,čekao sam da stigne 23 ultra.Što se tiče 23 ultre prezadovoljan.Toliko.",8,"Dužina (>=15 reči), Suprotni veznici, Negacija, Motiv kupovine"
https://mobilnisvet.com/mobilni/59f/Huawei/Pura-80-Pro-12GB-512GB-2x-SIM,Huawei,Huawei Pura 80 Pro,Borko,2026-03-17 08:56:00,"Pozdrav, kupio sam telefon pre 2 dana, nisam stigao ni da ga otpakujem još. Ako neko ima živaca, zamolio bih ga da mi objasni kako se tačno instalira MicroG? To su koliko sam video, u pitanju nekoliko fajlova koji se instaliraju, pa ako vam nije teško, napišite šta treba redom. Gledao sam nešto na YT, ali nisam baš skapirao čini mi se, a malo sam stariji čovek, pribojavam se da nešto ne zeznem. Hvala puno unapred!",8,"Dužina (>=15 reči), Suprotni veznici, Negacija, Motiv kupovine"
https://mobilnisvet.com/mobilni-komentari/mgt/Samsung/Galaxy-A54/12,Samsung,Samsung Galaxy A54,Miško Zemun,2023-12-03 01:21:00,"Imao sam A51 koji je stvarno odlično radio pa skoro 4 godine ali je odjednom zabagovao tj.crklo je napajanje pa sam morao da ga bacim jer servis nije bio moguć Sada bih kupio weki telefon ponovo iz A serije pa sam razmišljao o ovom A54 ali prateći ovu polemiku dole postao sam neodlučan. Ima li ko obzirom da se svakako bvolje razumete od mene da mi kaže da lim uzeti A54 ili neki drugi m odel iz A serije...Hvala unapred,",8,"Dužina (>=15 reči), Suprotni veznici, Negacija, Motiv kupovine"
https://mobilnisvet.com/mobilni-komentari/9955/Honor/70/14,Honor,Honor 70,DBoss,2023-03-29 16:23:00,"Danas sam se prenovio i kupio sebi ovaj telefon. Za sada je sve top. Kamera meni nije naročito bitna, a za moje kriterijume je odlična. Meni je bitan multitasking i ""skakanje"" iz aplikacije u aplikaciju, a to je neverovatno brzo. Bitna mi je i baterija, a to ću tek da vidim,ali za sada i to je vrh. Malo mi treba da se prešaltam sa Xiaomia na Honor, ali sve u svemu prezadovoljan sam telefonom.",8,"Dužina (>=15 reči), Suprotni veznici, Negacija, Motiv kupovine"
https://mobilnisvet.com/mobilni-komentari/dd4/Honor/Magic6-Lite/4,Honor,Honor Magic6 Lite,Dušan,2024-10-13 23:22:00,"Kupio sam telefon za dostave. Baterija odlična, brzina dobra kao i kamera. Pao mi je 5-6x bez maske. Telefon ni ogrebotinicu nema. Međutim kada mi pokisao jedan dan. Telefonu prvo nije radila jedna kartica, zvučnik je najbeao i dugme za gašenje se pritiskalo samo od sebe. Kartica i zvučnik su proradili ali dugme za gašenje nije, međutim ne pritiska se samo od sebe više.",8,"Dužina (>=15 reči), Suprotni veznici, Negacija, Motiv kupovine"
https://mobilnisvet.com/mobilni/9817/Honor/X8,Honor,Honor X8,Maki,2023-10-01 20:41:00,Moze neko molim vas da odgovori imam honor x8 od kako je izasao kupio sam fotrolu u mobilmaniju 500 dinara i zastitno staklo 1500 dinara od Samsung ali uklapa se na honorx8 sve super do sada pocelu su da mi se pojavljuju neke roze linije na telefonu kao da je slomljen a nikad nije pao zastitno staklo nije slomljeno nego na ekran roze linije sarene plasim se ljudi neke male linije. Nek neko odgovori,8,"Dužina (>=15 reči), Suprotni veznici, Negacija, Motiv kupovine"
https://mobilnisvet.com/mobilni/9817/Honor/X8,Honor,Honor X8,Maki,2023-10-01 20:43:00,Telefon je kupljen odma kad je izasao. Kupio sam zastitno staklo 1500 dinara od Samsung ali uklapa se ne honor i sad su mi se pojavile neke male linije sarene na ekran kao da je slomljen a zastitno nije kako,8,"Dužina (>=15 reči), Suprotni veznici, Negacija, Motiv kupovine"
https://mobilnisvet.com/mobilni/9817/Honor/X8,Honor,Honor X8,Vladimir,2023-11-12 21:29:00,"Imam problem sa SMSom za plaćanje parkinga, i bilo kojim koji se plaća. Jel ima neko rešenje i kako to da sredim? Inače da ne bi ste pisali, provereno sa operaterom iako je broj služben i koristim uslugu oduvek, a problem je tek odkada sam uzeo ovaj telefon pre 10tak dana.",8,"Dužina (>=15 reči), Suprotni veznici, Negacija, Motiv kupovine"
https://mobilnisvet.com/mobilni/t05/Xiaomi/Redmi-13C-4G-8GB-256GB,Xiaomi,Xiaomi Redmi 13C 4G,Iskrena recenzija,2024-12-03 07:05:00,"Ovako stvari stoje. Ekran ok iako je mracan i samo hd rezolucije. Izgled moze proci. Brzina za te pare ok. Baterija malo slabija nego sto bi trebala da traje na redmiju sa takvom baterijom. Zvuk na xvucniku ocajan. E sada dolazimo do glavnog problema. Kamera je doslovno uzasna. Bez imalo pretjerivanja. Toliko je losa da telefon uopste ne koristim, stoji u ladici. Kupio sam za skoro isti novac drugi telefon koji ima daleko bolju kameru. Eto ljudi nadam se da sam nekome pomogao pa da zna kakvu kameru ce imati ako kupi ovaj redmi. Daleko bolju kameru je imao stari redmi 8a kojeg sam imao kad se tek pojavio od ovog i 13c z 2024 godine.",8,"Dužina (>=15 reči), Suprotni veznici, Negacija, Motiv kupovine"
https://mobilnisvet.com/mobilni-komentari/8389/Xiaomi/Redmi-Note-10-Pro/15,Xiaomi,Xiaomi Redmi Note 10 Pro,Sofronije,2022-05-22 12:08:00,"Evo i ja da podelim utiske posle 15 dana koriscenja. Generalno sam zadovoljan telefonom , ne baguje ne trokira ,sve radi kako treba , ali... Uvek postoji ono ali. Na ovaj telefon sam presao sa redmi note 8 pro i da budem iskren ne vidim bas neku razliku, sem u izgledu.  Pre nego sto dezurni pljuvaci pocnu da me ubedjuju kako je bolji ekran ,bolje osvezavanje itd... , pri svakodnevnom koriscenju ( youtube ,zvanje ,poruke ,viber , surfovanje) , znaci nesto sto 90 % korisnika i radi sa fonom, uz neke igrice naravno, apsolutno ne vidim razliku u telefonu. Ne kazem da je telefon los , jednostavno kao neko ko je presao sa rn8p na rn10p ne vidim neke bitne razlike. Cak i baterija koja je slabija na 8 traje mi skoro isto, dal zbog osvezavanja ili zbog cega vec... Ponavljam , telefon je dobar ali mozda sam trebao cekati neki rn12pro pa onda odraditi prelazak. 11 sam preskocio jer tek tu ne vidim neka preterana poboljsanja, hteo sam bas 10.  Vreme ce pokazati ali za sada mislim da sam trebao ostati na rn8p. Ne znaci da sam u pravu, ovo je samo moj utisak i moje vidjenje pri svakodnevnom koriscenju.",8,"Dužina (>=15 reči), Suprotni veznici, Negacija, Motiv kupovine"
https://mobilnisvet.com/mobilni/7425/Samsung/Galaxy-S20-Dual-SIM,Samsung,Samsung Galaxy S20,Anonymous40,2021-10-26 21:30:00,"Pre 2 meseca prešao sa S10 na S20. U početku sam se uplašio zbog baterije jer bi jedva izgurala dan ali već posle 5 dana se to promenilo, zadovoljan sam i baterijom. Ustajem oko 06,30, do 23,00h bez problema gura, ostaje između 10 i 30% uz oko 20-40 razgovora, oko 50 poruka što sms što viber ili druge aplikacije, interneta između 1 i 3 sata i poneka igrica. Ergonomski odličan, veličina za moj pojam savršena, kamera bomba. Ni jednom za ovo vreme mi nije ni zastucao, radi bukvalno fluidno. Iskreno, je mogu da mu nađem neku manu koju bih istakao. Pre kupovine sam se premisljao između S20 I iphone 12 mini I nisam se pokajao izborom S20. Nadam se da sam nekome pomogao u izboru.",8,"Dužina (>=15 reči), Suprotni veznici, Negacija, Motiv kupovine"
https://mobilnisvet.com/mobilni-komentari/8007/Samsung/Galaxy-S20-FE/6,Samsung,Samsung Galaxy S20 FE,Дејан,2021-08-14 20:28:00,"Telefon sam kupio preko mts-a u novembru 2020. Za ovih devet i po meseci korišćenja jedino loše iskustvo imam sa baterijom, koja je ako je za utehu nešto bolja od one na S20. E sad, s obzirom da sam nešto zahtevniji korisnik to zna kako da iritira i tu činjenicu treba imati na umu prilikom kupovine. Tačno je da se telefon greje i to nekome može da smeta, meni lično to ne predstavlja problem, ali kad na drugi tas vage stavim ono što je dobro kod ovog te",8,"Dužina (>=15 reči), Suprotni veznici, Negacija, Motiv kupovine"
https://mobilnisvet.com/mobilni-komentari/blm/Honor/Magic5-Lite/11,Honor,Honor Magic5 Lite,Nikola,2023-09-18 13:53:00,"Telefon nema ulaz za slušalice!!! Ne znam da li sam ja lud, il šta je, ali kad se nisam šlogirao, nikad neću. Tek što sam kupio telefon. Nije mi na pamet palo da to proveravam.",8,"Dužina (>=15 reči), Suprotni veznici, Negacija, Motiv kupovine"
https://mobilnisvet.com/mobilni/lsg/Honor/X8c-8GB-256GB-2x-SIM,Honor,Honor X8c,Mišo,2026-02-17 13:34:00,"Kupio nov za 100 preko oglasa, prezadovoljan, telefon je zaista odličan, nema vrhunski chipset, nije za igranje ali sve ostalo je više nego dobro, i ekran, i baterija, i zvuk.",8,"Dužina (>=15 reči), Suprotni veznici, Negacija, Motiv kupovine"
https://mobilnisvet.com/mobilni-komentari/8491/Xiaomi/Mi-11-Lite-5G/4,Xiaomi,Xiaomi Mi 11 Lite 5G,Marko,2021-12-29 12:39:00,"Ljudi za sve one koji imaju nedoumice oko ekrana,ekran na 5g verziji je bolji i nema tih felera koji se pojavljuju samo na slabijoj verziji bez 5g oznake,ja sam kupio ovaj tel pre par meseci i mogu vam reci da radi sasvim dobro,ne koci ne baguje sve radi super,nekad u razgovoru hoce da zeza senzor blizine pa ne iskljuci ekran ali ponekad ne stalno,sve ostalo radi lepo,baterija se dosta brzo puni i nemam zamerki ni na sta,i sama traje sasvim solidno iako je malo slabija,novi miui ce ispraviti sve one sitne bagove koji ima svaki tel,a taj update ce biti uskoro.",8,"Dužina (>=15 reči), Suprotni veznici, Negacija, Motiv kupovine"
https://mobilnisvet.com/mobilni-komentari/8389/Xiaomi/Redmi-Note-10-Pro/4,Xiaomi,Xiaomi Redmi Note 10 Pro,Nikola,2023-08-18 14:24:00,Ja sam kupio nov ovaj telefon i ubrzo prodao nekako mi radio usporeno spor je jako nema brzinu ostalo nije lose ali nije brz procesor snapdragon 732 nekako sve radi kilavo ko je navikao na brze telefefone bolje da zaobidje ovaj model kome ne smeta neka kupi.,8,"Dužina (>=15 reči), Suprotni veznici, Negacija, Motiv kupovine"
https://mobilnisvet.com/mobilni-komentari/8389/Xiaomi/Redmi-Note-10-Pro/4,Xiaomi,Xiaomi Redmi Note 10 Pro,Allez,2023-08-24 07:15:00,"Telefon sam kupio pre malo više od 2 godine i utisci su mi sledeći. Baterija solidno drži i posle 2 godine, čak i nakon što je malo oslabila ne oseti se toliko jer se ista stvarno brzo napuni. Procesor je pre 2 godine bio solidan, sada ga je malo već pojelo vreme i ne možete očekivati neke vau performanse, ali ako ne igrate igrice ili ne obavljate neke druge zahtevnije radnje nećete imati nikakav problem sve radi fluidno. E sad bagovi sa kojima sam se ja susretao je da prilikom otvaranja aplikacije kamere istu jednostavno neće da otvori već traži restartovanje uređaja što je ispravljeno sa miui 14. Zatim tokom video poziva iz nepoznatog razloga samo isključi mikrofon i opet je potrebno restartovati telefon što ni dan danas nije popravljeno. Slike su sasvim solidne, čak je i selfi kamera ok s obzirom na reputaciju selfi kamere kod xiaomi uređaja, ali ono što je baš baš osetno loše je stabilizacija na video zapisima, možete da zaboravite da šetate i da snimate ako hoćete dobar video. Neki moj sumarni utisak je da kada bi Xiaomi malo više poradio na softveru da bi redmi mogao biti pravi ubica mid-range telefona,ali ovako je još uvek neki frankenštajn telefon koji je zaglavljen između budget i mid-range telefona.",8,"Dužina (>=15 reči), Suprotni veznici, Negacija, Motiv kupovine"
https://mobilnisvet.com/mobilni-komentari/l7m/Samsung/Galaxy-S23-Ultra/28,Samsung,Samsung Galaxy S23 Ultra,BaneG,2023-09-18 23:13:00,"Posle par dana korišćenja prvi utisak na mene je ostavila baterija ,stvarno odlicna i više od toga sa ovakvim ekranom i ovakvom fluidnoscu,fenomenalna...što se kamera tiče ništa specijalno ,pre ovoga sam imao S21+,kao neko ko nije neki fotograf meni je to sve isto ,sve slike su odlične ,video super ..telefon je stvarno vrh,oločica radi odličan posao . Sve u svemu puno para ali to je to ,S8 sam uzeo za 400evra,S9+za 450,sad smo stigli do 800-900 par godina kasnije",8,"Dužina (>=15 reči), Suprotni veznici, Negacija, Motiv kupovine"
https://mobilnisvet.com/mobilni-komentari/btp/Samsung/Galaxy-A25/2,Samsung,Samsung Galaxy A25,Pipi gudi,2024-05-19 22:34:00,"Iako sam zahtevan korisnik, ovaj telefon me je oduševio. Platio sam ga 215 evra, iako po meni vredi više. Dovoljno brz, nije zahtevan oko upravljanja i ima odličan Ram. Sve pohvale",8,"Dužina (>=15 reči), Suprotni veznici, Negacija, Motiv kupovine"
https://mobilnisvet.com/mobilni-komentari/8389/Xiaomi/Redmi-Note-10-Pro/35,Xiaomi,Xiaomi Redmi Note 10 Pro,Aleksandar,2021-05-30 11:22:00,Nikako ne uspevam da skinem google cam za ovaj model nikad to nisam radio.Pokušavao sam ali i telefon mi je još uvek nepoznanica.Ne zbog drugog najviše bih skinuo zbog stabilizacije 4k videa koja se dobija sa gcam kako navodi Bajtbox na youtube.,8,"Dužina (>=15 reči), Suprotni veznici, Negacija, Motiv kupovine"
https://mobilnisvet.com/mobilni-komentari/blm/Honor/Magic5-Lite/13,Honor,Honor Magic5 Lite,Srki,2023-07-28 13:09:00,"Djole imam jedno pitanje, kupio sam ovaj tel pre par Dana i radi odliv o ali mu boje nisu uredu neznam sta nije ok i kako da popravim to jel postoji nesto hvala",8,"Dužina (>=15 reči), Suprotni veznici, Negacija, Motiv kupovine"
https://mobilnisvet.com/mobilni/gvn/Xiaomi/Redmi-Note-12S-128GB,Xiaomi,Xiaomi Redmi Note 12S,Kiza,2024-11-10 11:01:00,"Telefon je vrh imam ga godinu dana, bez problema na obe kartice, kupio sam samsung s24 koristio 3 meseca i prodao, ovaj ga sije, u svemu osim kamere. Ja nemam jos ni jednu zamerku za godinu dana koriscenja.U poredjenju sa samsungom s24 koji je 3 puta skuplji od ovog a sa 3 puta manjim mogucnostima je da xiaomi mozda nije prestizna marka, ali je bolji sa nizom klasom od samsunga sa visom!",8,"Dužina (>=15 reči), Suprotni veznici, Negacija, Motiv kupovine"
https://mobilnisvet.com/mobilni-komentari/8389/Xiaomi/Redmi-Note-10-Pro/15,Xiaomi,Xiaomi Redmi Note 10 Pro,Desetka rm,2022-05-26 16:47:00,"Uzo ga u MTS. Nije mi bilo svejedno što uzimam nov tel a već je star godinu dana. Dosta su mi pomogli komentari koje sam ovde našao. Pošto sam ga tek uzeo neću da pametujem kako sve leti i radi super ali moram da primetim da nemam reklama i spama koji sam očekivao. Spremio sam se da uradim debloat preko ADB ali do sada ništa nisam video. Mislim, uradiću to čišćenje da olakšam sistem ali nije tako strašno. I ono što stvarno treba istaći ovo je camera phone I to baš besan.",8,"Dužina (>=15 reči), Suprotni veznici, Negacija, Motiv kupovine"
https://mobilnisvet.com/mobilni/1q9/Samsung/Galaxy-S26+-12GB-512GB-2x-SIM-2x-eSIM,Samsung,Samsung Galaxy S26+,Pop,2026-05-10 17:26:00,"Da li je iko pazario ovaj model?  Pitam zbog baterije, znam sta da ocekujem od svega drugog, ali gledam kuknjavu na obicnom manjem s26 za bateriju, a nije neka razlika u odnosu na ovaj, s tim sto je velika razlika u displeju.",8,"Dužina (>=15 reči), Suprotni veznici, Negacija, Motiv kupovine"
https://mobilnisvet.com/mobilni-komentari/8061/Apple/iPhone-12-mini/6,Apple,Apple iPhone 12 mini,Anja,2021-01-24 11:49:00,Da li ovaj telefon puniti adapterom od 5W kao sto citam ili ipak nekim drugim? Brinem zbog battery healtha. Hvala,8,"Dužina (>=15 reči), Suprotni veznici, Specifikacija, Motiv kupovine"
https://mobilnisvet.com/mobilni-komentari/mgt/Samsung/Galaxy-A54/12,Samsung,Samsung Galaxy A54,Danex,2023-12-02 00:33:00,"Ovako, kupio sam A54 a prethodno imao A52s, dosta je A54 bolji ali A52s ima bolje kamere, sta je ovo ljudi, pa selfi kamera po losem svjetlu je neupotrebljiva, dzaba od blica, onda ne da da se upali blic na 32 mpx vec samo automatski, tako i na zadnjoj kameri, ne da na 50 mpx blic da upalis ako ti hoces vac samo automatski, jel iko provalio sta je sa tim? Na A52s je puno oštrija kamera, ocekivao sam bolje a dobio gore!",8,"Dužina (>=15 reči), Suprotni veznici, Negacija, Motiv kupovine"
https://mobilnisvet.com/mobilni-komentari/8149/Samsung/Galaxy-A12/5,Samsung,Samsung Galaxy A12,Macura,2021-01-25 05:53:00,"Uzeo model 4/64. Na prvu loptu mi deluje brz i fluidan,  kamera nudi više za ovaj cenovni rang, baterija 2 dana, displej po suncu i nije bas neki dok u kucnim uslovima dobar. Mene cuju dobro, ja cujem sagovornike dobro.",8,"Dužina (>=15 reči), Suprotni veznici, Negacija, Motiv kupovine"
https://mobilnisvet.com/mobilni-komentari/9955/Honor/70/12,Honor,Honor 70,Nemke,2023-04-25 11:06:00,"uzeo telefon pre deset dana, odlican, punjac top, ali nisam bas nesto prezadovoljan baterijom..pritom ne igram igrice i slabo palim youtube, jer ga gledam preko tv..uglavnom samo mreze, ali nista preterano..jedva izvuce dan. a slusao sam o laganih dan ipo skoro dva",8,"Dužina (>=15 reči), Suprotni veznici, Negacija, Motiv kupovine"
https://mobilnisvet.com/mobilni-komentari/8436/Samsung/Galaxy-A52/7,Samsung,Samsung Galaxy A52,japi,2021-08-06 08:48:00,"razmisljao se izmedju ovog i mi 11 lite 5g (skuplji 7. 000 din) i na kraju uzeo ovaj A52, plavi (crnog nigde). Da li sam pogrešio ili ne videćemo. Nema wifi 6, nema 5g, ali šta je tu je. Uostalom, ne verujem da će tih stvari uskoro i biti na ovim prostorima.",8,"Dužina (>=15 reči), Suprotni veznici, Negacija, Motiv kupovine"
https://mobilnisvet.com/mobilni-komentari/9266/Apple/iPhone-13-mini/4,Apple,Apple iPhone 13 mini,Anjica,2022-09-14 22:11:00,"Caos,planiram da kupim ovaj tel.ali procitala sam da ne prijavljujem Srbiju kao region,nego neki drugi,tipa Aljaska ili slicno,zbog aplikacija i placanja istih,moze li mi neko malo objasniti o cemu je rec i da li je uopste bitan region?? Hvalaaaa",8,"Dužina (>=15 reči), Suprotni veznici, Negacija, Motiv kupovine"
https://mobilnisvet.com/mobilni-komentari/9288/Xiaomi/11-Lite-5G-NE/4,Xiaomi,Xiaomi 11 Lite 5G NE,Bane,2021-12-07 22:20:00,"Evo da i ja dodam svoje mišljenje. Uzeo telefon na pomenutoj BF akciji. U suštini sam vrlo zadovoljan iako nije telefon bez mana. Odlično: ekran, zvučnici, kamera video. Dobro: performanse, kamere foto (malo prezasicene boje ponekad za moj ukus,ali oštrina je tu), baterija (oko 8 sati SOT ili dva dana normalne upotrebe), kvalitet poziva. Ok: kvalitet izrade. Loše: proximity senzor pri pozivima ponekad zeza, i ekran iako prelep pri video reprodukciji jako tamnih sadržaja ponekad (vrlo retko ali ipak) se black crush problem dešava. I pored navedenih mana bih ponovio kupovinu:-)",8,"Dužina (>=15 reči), Suprotni veznici, Negacija, Motiv kupovine"
https://mobilnisvet.com/mobilni-komentari/l7m/Samsung/Galaxy-S23-Ultra/30,Samsung,Samsung Galaxy S23 Ultra,Niški,2023-08-15 15:19:00,"Drugari,kupio sam samaung buds pro 2,ali avaj,baterija mi drzi svega 3 sata aktivnog slušanja muzike,bez ukljucenog ANC,a piše u specifikacijama da drze 7sati aktivnog bez ANCa i 5 sa ukljucenim ANC....Da li treba da prodju par punjenja da bi se formirala baterija ili mi se zapale sluške sa lošom baterijom...Dajte neke savete,iskustva...Ili da ih reklamiram...Bukvalno 5 dana ima kako sam ih kupio...",8,"Dužina (>=15 reči), Suprotni veznici, Negacija, Motiv kupovine"
https://mobilnisvet.com/mobilni-komentari/9280/Apple/iPhone-13-Pro-Max/4,Apple,Apple iPhone 13 Pro Max,Mare,2022-05-18 20:44:00,"Uzeo sam prvi Iphone u zivotu,bio sam veciti hejter jabuke i dalje sam manje vise,ali protiv cinjenica ne moze covek ici.Posle Huawei mate 30 pro,presao sam na Oppo find x3 pro,zbog ocajne baterije sam ga zamenio brze bolje za Vivo x70 pro plus,malo jaca baterija alj opet stucanje oko 21-22h.Posle svega pukao mi je film i uzeo sam prvi put u zivotu Iphone 13 pro max,u ovom trebutku u 22:30 baterija stoji na 60 posto,skinut sa punjaca u 5 i 20 ujutru.Posle prelaska imao sam utisak da je ios za nijansu sporiji i ako glatko radi,sad sam se vec navikao pa nema vise tog osecaja.Tel radi odlicno,sta me nervira,pojedinacno gasenje aplikacija i sto nema taster za nazad u donjem delu,vec skroz gore levo sto je totalno ne prakticno,ali stvar navike.Sve ostale,pa sta reci,vrhunski uredjaj.",8,"Dužina (>=15 reči), Suprotni veznici, Negacija, Motiv kupovine"
https://mobilnisvet.com/mobilni-komentari/mgt/Samsung/Galaxy-A54/7,Samsung,Samsung Galaxy A54,Mit,2024-03-15 13:03:00,"Moram priznati da sam se malo prevario kad sam pisao da je ruzan i ciglast na osnovu slika. Lep je fon, uzeo sam u awesome lime boji, bas lepo izgleda. E sad, presao sam sa Redmi note 8 pro modela posle 4 i po godine, primetna je neka razlika naravno, ali nista to nije ""vau"". Verovatno je ova industrija dotakla neke granica pre par godina. Za sada je sve kako treba, videcemo nakon nekog vremena.",8,"Dužina (>=15 reči), Suprotni veznici, Negacija, Motiv kupovine"
https://mobilnisvet.com/mobilni-komentari/gz0/Honor/Magic5-Pro/13,Honor,Honor Magic5 Pro,Zmaj,2023-07-30 08:39:00,"Nikada mi nece biti jasni ovi slepi verni sledbenici Honor brenda ili bilo kog drugog, zar je moguce da neko bude ogrizao toliko u nesto kao sto je zastupanje nekog brenda pa makar i po cenu života... Ccc, strasno je covece kakvih sve psiho likova ima... Isprobao sam ovaj brend ranije kao i ovaj model Honor Magic5 Pro koji trenutno posedujem i koristim, i mogu reci samo solidan telefon, nista posebno, klasicno kopiranje Huawei ali s jasnom razlikom u ceni i kvalitetu koji nudi, ipak je ovo podbrend Huawei telefona. Sve u svemu, ima on mnogo mana ali isto tako i dobrih stvari, ali nekamo nije to ono sto ljudi ocekuju za ovaj novac, previse je ovde kompromisa za ovu cenu kona slobodno mogu reci je prejaka za jedan ovakav model i brend kao sto je Honor. Previse su se zaigrali kada je cena u putanju jer pucaju na visoko i zele da se takmice sa Apple i Samsung ali to im ocigledno na ovaj nacin nece poci za rukom. Gledao sam i statistiku prodaje, jako slabo se prodaje ovaj Honor brend generalno, a ova politika im nikako ne valja i nece ih odvesti na dobro, to je jedino sigurno. Moraju znati gde im je mesto i u skladu sa tim i formirati cene, ili ako stavis jace cene onda neka ti i ponuda bude u skladu sa tim kao sto to rade Samsung i Apple. Ja sam ovaj telefon kupio jer iskreno nisam imao dovoljno veliki budzet za Samaung S23 Ultra ilu Apple iPhone 14 Pro Max. Da sam imao, najpre bih otisao na S23 Ultru ali nisam, nazalost.",8,"Dužina (>=15 reči), Suprotni veznici, Negacija, Motiv kupovine"
https://mobilnisvet.com/mobilni-komentari/khb/Samsung/Galaxy-S23/11,Samsung,Samsung Galaxy S23,Liseta,2024-06-19 09:27:00,"Zdravo, neko koristi Samsung S23 fe?  Kupila sam ga pre nekoliko dana u Gigatronu, ali telefon se prebrzo zagreva kada koristim aplikacije društvenih medija ili tokom video poziva.  Pitam se da li je ovo normalno. Imam A50 5 godina (kupio sam ga u inostranstvu) i to se nije desilo na tom telefonu.  Neka iskustva?  Hvala vam",8,"Dužina (>=15 reči), Suprotni veznici, Negacija, Motiv kupovine"
https://mobilnisvet.com/mobilni-komentari/pt4qv/Apple/iPhone-14-Pro-Max/6,Apple,Apple iPhone 14 Pro Max,Deky AMG////,2023-01-12 18:59:00,"Evo bas juce kupio 14 pro max srebrni, pre njega koristio 13 pro max zatim 12 pro max . i mogu reci 12/pMax na 14pMax vredi preci,  13pMax na 14pMax je samo zelja i TD ali ako vam je dubok dzep zasto da ne..... Jedini razlog samo jedini zasto sam presao / kupio zbog ovod dynamic island . i LTPO i nista vise... Ajfon moj 13 pro max 128 blue USA verzia ovog meseca izlazi garancija kao čaša panzer glas vredi li 900€???",8,"Dužina (>=15 reči), Suprotni veznici, Negacija, Motiv kupovine"
https://mobilnisvet.com/mobilni-komentari/7xf/Huawei/P60-Pro/5,Huawei,Huawei P60 Pro,Stefan,2023-07-09 00:11:00,"Kao neko ko huawei ima evo već 7 god obazirem se samo na komentare od ljudi koji iste imaju. O ukusima ne treba raspravljati, ali ako meni ne pro modeli radili posao i imali dobre kamere i odličnu autonomiju i posle višegod korišćenja, bez lagovanja tel nikada nisam morao da restartujem. To je jedino validno kao mišljenje, huawei je sinonim za kvalitet i to je tako. Jasno je da je google rešen, ko je spreman na ustupke, ja npr zbog svega gore navedenog jesam. Meni je jedina mana ovog tel 6.6+ inča, jer su meni to tarabe, dok u svojoj omiljenoj veličini od flagship modela imam ajfone i samsunge(6.1). Tu huawei kiksa po meni. Ne sviđaju mi se ni varijacije sa cenom, da za god dana padne skoro duplo (p50pro) ne sviđa mi se što su pozatvarali radnje po srbiji, kao da se povlače (što ima smisla, ali u isto vreme brine) dok su na androidu niko im ne može zabraniti app, naći će se put. A ako ipak bude prelomljeno za god dve za harmony, to bi zakomplikovalo stvari. Bar ja to tako vidim. Danas sam čačkao tel, sve oko njega je predobro i brutalno, masterpiece, ali eto ta veličina mi jedino kiks. Mada većina ljudi voli ogromne telefone, kažu navikneš se..",8,"Dužina (>=15 reči), Suprotni veznici, Negacija, Motiv kupovine"
https://mobilnisvet.com/mobilni-komentari/9573/Samsung/Galaxy-S21-FE-5G/5,Samsung,Samsung Galaxy S21 FE 5G,Džo,2024-01-05 15:54:00,"Telefon je ubica, uzeo sam verziju 8/256GB. Radi odlično, nisam primetio da se dodatno greje i baterija mu drži normalno uz normalno i korišćenje još nisam stigao da ga detaljno istestiram ali na prvi korišćenje opravdao je svaka očekivanja.",8,"Dužina (>=15 reči), Suprotni veznici, Specifikacija, Motiv kupovine"
https://mobilnisvet.com/mobilni-komentari/gz0/Honor/Magic5-Pro/8,Honor,Honor Magic5 Pro,Sica,2024-01-07 17:19:00,"Imao sam oba, pa sam prešao na Honor. Bolja je kamera na Honoru, ali ne mnogo. Bolji je ekran, procesor noviji, više memorije na Honoru i bolja je baterija. Ja sam uzeo zeleni. P60 Pro nisam imao ali ne sumnjam da je odličan. Sve ti je to isto. Honor je Huawei za Evropu.",8,"Dužina (>=15 reči), Suprotni veznici, Negacija, Motiv kupovine"
https://mobilnisvet.com/mobilni-komentari/dd4/Honor/Magic6-Lite/8,Honor,Honor Magic6 Lite,Tradtra,2024-05-28 01:22:00,"Ja sam kupio ovaj model i odusevio me! Koristio sam redmi note 10 pro,i sa njega presao na note 13 pro 4G,ali mi se pokvario posle dva dana,na moju srecu,a razlike izmedju note 10 pro i note 13 pro 4G nije ni bilo,samo malo bolja kamera na 13 pro 4G,sve ostalo isto ili losije vec na note 10 pro.",8,"Dužina (>=15 reči), Suprotni veznici, Negacija, Motiv kupovine"
https://mobilnisvet.com/mobilni-komentari/9272/Apple/iPhone-13-Pro/2,Apple,Apple iPhone 13 Pro,Aki,2024-08-17 08:16:00,"Zdravo, možda je glupo pitanje, ali verujem da mi može neko pomoći. Nikada do sada nisam imao iphone, skoro sam kupio ovaj model telefona, i kad sa njega saljem video snimak na viber, on ispadne katastrofalan na androidu, dok kad primim snimak sa androida bude sasvim ok kvaliteta. U podesavanjima iphone nije stiklirana opcija za smanjenje video kvaliteta. Da li je to jednostavmo tako ili ja radim nesto pogresno?",8,"Dužina (>=15 reči), Suprotni veznici, Negacija, Motiv kupovine"
https://mobilnisvet.com/mobilni-komentari/16p/Samsung/Galaxy-A15/2,Samsung,Samsung Galaxy A15,Vesna,2024-09-03 07:58:00,"Kupila sam pre dva dana ovaj model.  Imala sam i mnogo skuplje modele, ali ovim  telefonom sam prezadovoljna. Telefon predivno izgleda ( bela boja ali baca malo na nežno svetlo plavu ) Kupljen sa 60% baterije, ceo dan sam drndala na njemu i sutradan je ostalo još 20% Sve leti, fotografije što mi je jako važno su više nego odlične. Može se naći za 120e.  Dvoumila sam se izmedju Samsunga 05s i A15. Ne razumem ljude koji daju po 1000 e za telefon, vrednosot za godinu dana padne na pola, ono imaš skup telefon a voziš se busom, brate mili kupiš kakva polovna kola i telefon ovih preformansi. :)",8,"Dužina (>=15 reči), Suprotni veznici, Negacija, Motiv kupovine"
https://mobilnisvet.com/mobilni/59f/Huawei/Pura-80-Pro-12GB-512GB-2x-SIM,Huawei,Huawei Pura 80 Pro,Lesnik,2026-05-07 16:47:00,Meni su već par godina jako zanimljivi Huawei telefoni i fasciniran sam upornošću i istrajnošću ove kompanije pored svih sankcija i problema i verujem da bi mnogi drugi proizvođači ili odustali od Evrope ili prekinuli sa radom. Da li imate neku informaciju čuo sam to jest negde pročitao da Huawei radi na svom sopstvenom sistemu kao što Apple ima svoj sistem to mi se dopada ako izbace svoj sistem trebaće neko vreme da se kompanije prilagoda na novi sistem. Pošto se dosta polemiše o snazi procesora on jeste bitan i za dugotrajnost trenutni procesori koliko sam mogao da ispratim guraju sve kako treba osim zahtevnih igrica koje ne mogu na maksimum ali kome nije to bitno ostalo bi trebalo sve da radi kako treba. Po meni cena Huawei telefona je skuplja malo veća i očekivao sam nižu cenu zbog svih poteškoća i problema i izgubljenost poverenja kod ljudi. Godinama unazad gledam i tražim telefone koji imaju jak procesor i dobre kamere eto i trenutno koristim Honor 400 pro sa kojim sam stvarno zadovoljan ali sam shvatio da mi tolika snaga i nije potrebna jer ja realno u svom radu a dosta koristim telefon ne iskoristim ni 70 80% njegovih mogućnosti i snage da li je uopšte potrebno da imam jači telefon i da idem na skuplju višu klasu.,8,"Dužina (>=15 reči), Suprotni veznici, Negacija, Motiv kupovine"
https://mobilnisvet.com/mobilni-komentari/8061/Apple/iPhone-12-mini/4,Apple,Apple iPhone 12 mini,Neodlucna,2021-09-17 14:41:00,Cao svima! Imam samsung galaxy S10e i od kad znam za sebe imam samsung. Ali sad bih menjala ali ne mogu da se odlucim da li da ostanem u mini fazonu sa S12 mini ili da uzmem S12 pro? Da li ima neko da mi kaze nesto pametno? Dosta puno koristim drustvene mreze i puno i dugo gledam yt. Znam i sama da mi mozda pro vise sluzila ali volim manje telefone a sa druge strane bojim se zbog baterije kod mini dosta vas pise da ne drzi bas puno a zbog gore navedenih mi treba baterija...🤷‍♀️,8,"Dužina (>=15 reči), Suprotni veznici, Negacija, Motiv kupovine"
https://mobilnisvet.com/mobilni-komentari/9638/Samsung/Galaxy-S22-5G/7,Samsung,Samsung Galaxy S22 5G,M,2022-12-25 08:58:00,"Pozdrav. Kupio sam Buds 2 i slusalice su stvarno extra, ali... ono ali. Kada igram igrice zvuk kasni jedno 0,5sek. Kada gledam YouTube ili neki video, leva strana se cuje na desnu slusalicu a desna na levu! Kada pustim muziku na plejeru, i odem u podesavanja accessibility izaberem opciju za levo desno opet isti slucaj.. leva strana se cuje na desnu i obratno. Probao sam i u develop mode da cackam I uvek kada krene muzika on vrati kako njemu odgovara. A u aplikaciji Wear radi kako treba, leva je leva a desna je desna.E sad.. te iste slusalice sam probao na drugi uredjaj (iphone 12mini) radi sve kako treba! Dali je neko imao isti problem i dali mozda moze neko da proba dali se to desava i kod njega? I dali iko zna kako se to resava i dali moze.  Jer očigledno nije do slusalica nego je do uredjaja. Hvala",8,"Dužina (>=15 reči), Suprotni veznici, Negacija, Motiv kupovine"
https://mobilnisvet.com/mobilni-komentari/9638/Samsung/Galaxy-S22-5G/7,Samsung,Samsung Galaxy S22 5G,Melisa,2023-01-05 20:22:00,"Kupila sam S22 pre 6 meseci. Perfektan telefon. Savrsenih dimenzija i Performansi,ali ima jednu manu i to,malu bateriju od 3700mph. Jedva izdrzi dan i nije za zahtevnije korisnike...",8,"Dužina (>=15 reči), Suprotni veznici, Negacija, Motiv kupovine"
https://mobilnisvet.com/mobilni-komentari/9280/Apple/iPhone-13-Pro-Max/2,Apple,Apple iPhone 13 Pro Max,Dovla,2023-03-13 08:13:00,"Pozdrav ljudi, koristio sam iphone redom 4s,5s, 6, 6s plus, i napravio pauzu 5 god sa huawei modelom p20. Sluzio me je sjajno. Pre 3 nedelje kupio sam 13 pro max, prelep je, bez , kamere su super, baterija. Aliiii.. tezina neverovatno koliko nezgodan za koriscenje, robustan. Nikako da se naviknem. Licno obozavam velike telefone, ali ovaj je neverovatno tezak. Moje dilema je sledeca, da li uzeti 14 pro, nije velika razlika u ceni, ali me brine baterija, ili uzeti s23 ultra, koji je iskreno isto veliki, ali nije ni blizu tezak kao ovaj.",8,"Dužina (>=15 reči), Suprotni veznici, Negacija, Motiv kupovine"
https://mobilnisvet.com/mobilni/2k1/Xiaomi/17T-Pro-12GB-512GB-2x-SIM,Xiaomi,Xiaomi 17T Pro,Makis,2026-07-11 11:50:00,"Razlika u performansama izmedju 15T pro i 17T pro je jako mala a u ceni jako velika.ja razumem zelju kompanija da zarade.ali realno brate bolje kupiti 15Tpro,isplativije je.da se razumemo 17 je bolji ali nije toliko da bi opravdao toliku cenu koja gadja flagship teritoriju.ok ima brutalnu kameru 5x zoom pravi brutalne slike.ali samo zbog kamere ipak ne.da je jedno 150-200e jeftiniji bio bi bombona.",8,"Dužina (>=15 reči), Suprotni veznici, Negacija, Motiv kupovine"
https://mobilnisvet.com/mobilni-komentari/9955/Honor/70/18,Honor,Honor 70,Nikola,2022-11-21 13:34:00,"Telefon koristim i testiram 72 sata, model 8/256. Neko, ili mnogi, će reći malo. Međutim, zapitajte se, zbog čega svi uređaji, ne samo telefoni, ostaju na Benchmark testu 2 do tri dana. Odgovor: Zato što je to više nego dovoljno vremena da se svaki uređaj (tel, laptop, desk, graf karta, memorija, procesor - kod komponenata) testira na pravi način i uporedi sa konkurencijom.",8,"Dužina (>=15 reči), Suprotni veznici, Negacija, Motiv kupovine"
https://mobilnisvet.com/mobilni-komentari/7176/Apple/iPhone-11-Pro-64GB/7,Apple,Apple iPhone 11 Pro,pole,2020-02-11 13:53:00,"PITANJE . Kupio sam ovaj telefon, ovo mi je prvi ajfon ikad, poslednji mi je bio Samsung s9 i imam problem, ne mogu da prebacim SLIKE iz kompjutera u Telefon, znaci mogu da prebacim iz telefona u kompjuter ali obrnuto ne mogu. Kako da se prebace da li neko zna",8,"Dužina (>=15 reči), Suprotni veznici, Negacija, Motiv kupovine"
https://mobilnisvet.com/mobilni-komentari/qy8/Xiaomi/15-12GB-256GB-2x-SIM/5,Xiaomi,Xiaomi 15,S,2025-05-09 14:16:00,"Kada sam stavio zastitno staklo, senzor za otisak prsta ne radi vise, pa sam morao da skidam staklo i da stavim foliju neku. Sad radi senzor za otisak prsta, ali mi je malo cudna folija, telefon izgleda kao da je mastan skroz. Jel mozda neko ima preporuku za neku drugu foliju gde ne bi izgledao tako, ili za neko drugo staklo gde bi senzor normalno radio(kako sam razumeo zbog novog tipa senzora ultrasonicnog nece lepo da preko stakla da radi, kod xiaomi 14 je opticki)",8,"Dužina (>=15 reči), Suprotni veznici, Negacija, Motiv kupovine"
https://mobilnisvet.com/mobilni-komentari/lxn/Xiaomi/Redmi-Note-12-4G/2,Xiaomi,Xiaomi Redmi Note 12 4G,Sale kezual,2023-05-05 21:56:00,"Kupio sam telefon pre dve nedelje, sivi 4/128 ali kao drugi telefon naravno. Dizajn 5/5, tezina 5/5, ekran 5/5, puni brzo, baterija traje dugo. Ne igram igrice. Mogu reci da mu je brzina procesora sto se tice interfejsa 4/5 ipak se oseti slabiji procesor. Secne tu i tamo ja to ne volim ali ne zameram.Kamera je losija naravno ima laga dok slikate ima suma ali meni kamera ne znaci, ne slikam. Brzo punjenje, volim amoled stvarno je lep, ne volim cigle-teske telefone. Mislim da je to bila poenta xiaomi-ja za ovaj telefon. Kao sekundarni sluzbeni telefon i to je to...",8,"Dužina (>=15 reči), Suprotni veznici, Negacija, Motiv kupovine"
https://mobilnisvet.com/mobilni/t05/Xiaomi/Redmi-13C-4G-8GB-256GB,Xiaomi,Xiaomi Redmi 13C 4G,Miloš,2024-04-27 06:19:00,"Juče sam kupio telefon, napunio ga do 100% pre nego što sam zaspao, i nakon 7-8 sati, dok sam spavao, baterija je pala na 88%. internet je bio isključen i nije bilo nikakvih pozadinskih aktivnosti na telefonu. Da li se još nekom to desilo? Inače, moj stari telefon koji koristim tri godine je za to vreme sa 100% baterije pao na 98%, pa mi je apsurdno da se nov telefon znatno brže prazni kada nije korišćen.",8,"Dužina (>=15 reči), Suprotni veznici, Negacija, Motiv kupovine"
https://mobilnisvet.com/mobilni/3503/Samsung/E1205,Samsung,Samsung E1200 Pusha,Zoran,2016-01-11 00:03:00,"Eto, doslo je vreme za bateriju koja traje i nakon skoro sve one tuge od vijetnamskih Nokia koje imaju gomilu opcija kada je u pitanju obican mobilni usao sam u radnju i kupio nov Samsung e1200 pre mesec dana. Znaci moja baba ima ovakav pa sada i ja. Sve sto imam da kazem je da nema nista osim osnovnog ali da to osnovno radi savrseno. Sagovornika cujem i kada je bucno, pisanje poruke brzo i lako, budilnik, sat, datum. Telefon je utegnut, izrada je izuzetno cvrsta (plastika), tipke lepo razvojene sto je za ovako mali telefon za svaku pohvalu. Stane u manji dzep, glasan, jasan i stvarno ne znam sta bi tu moglo da se pokvari. Ne bih da spominjem te Nokie i sta im se desava, toliko je tuzno da mozda neko padne u depresiju. I te Nokie potpisuje Microsoft. :)",8,"Dužina (>=15 reči), Suprotni veznici, Negacija, Motiv kupovine"
https://mobilnisvet.com/mobilni-komentari/7179/Apple/iPhone-11-64GB/7,Apple,Apple iPhone 11,Markk,2022-12-13 08:55:00,"Jedno glupo pitanje,na iphone 8 nije mi radilo home dugme i upalio mi se onaj pomoćni kružić ili šta već,pomoću koga sam kontrolisao tel. Kad sam uzeo drugi tel,preslikao sam ga ceo i sad i dalje imam taj kružić ali mi on ne treba,nema home dugme ali ja ne znam kako da ga uklonim😀😀 Da li neko zna,hvala.",8,"Dužina (>=15 reči), Suprotni veznici, Negacija, Motiv kupovine"
https://mobilnisvet.com/mobilni-komentari/qy8/Xiaomi/15-12GB-256GB-2x-SIM/5,Xiaomi,Xiaomi 15,.,2025-04-18 20:09:00,"Da li ce cena da padne kroz nekoliko meseca? Trenutno je prevelika, ali ne znam kako je bilo sa Xiaomi 14, da li je posle 5-6 meseci pala cena ili se drzala na istoj. Sada je Xiaomi 14 na oglasima oko 580e sto je solidna cena, ali bi pre kupio 15. Ako moze neko da mi kaze da li bolje da sacekam jos neki period ili da uzimam 14?",8,"Dužina (>=15 reči), Suprotni veznici, Negacija, Motiv kupovine"
https://mobilnisvet.com/mobilni-komentari/9272/Apple/iPhone-13-Pro/4,Apple,Apple iPhone 13 Pro,Marko,2023-02-28 13:17:00,"Pozdrav, koji lightning to 3.5mm koristiti za ovaj uređaj. Kupovao sam par njih i na većini se čuje samo zvuk, ali kad hoću da koristim mikrofon, ne reaguje. Kupio sam u prodavnici navodno original, ali ni taj nije radio. Znam da je potreban MFI sertifikat da bi radio, pa ako iko ima neki adapter na kom radi i zvuk i slušalica poziva, neka mi napiše u komentaru, ili da link gde je kupio. Hvala unapred",8,"Dužina (>=15 reči), Suprotni veznici, Negacija, Motiv kupovine"
https://mobilnisvet.com/mobilni-komentari/8227/Samsung/Galaxy-S21-5G/3,Samsung,Samsung Galaxy S21 5G,Viktor,2022-08-22 09:18:00,"Ima li neki kompaktan telefon slicnih dimenzija i cene kao S21? On mi je prvi pik za telefon sa ekranom ispod 6.3 incha. U sustini menjam telefone jako retko, trenutno imam S8, tako da bih uzeo telefon sa sto boljom kamerom i ekranom, ali me plasi baterija, jer vidim da se ljudi zale i sada, kad je telefon relativno nov. Za god - dve ne znam kako ce se ponasati baterija.",8,"Dužina (>=15 reči), Suprotni veznici, Negacija, Motiv kupovine"
https://mobilnisvet.com/mobilni/6lg/Samsung/Galaxy-Z-Flip6-12GB-512GB-1x-SIM-1x-eSIM,Samsung,Samsung Galaxy Z Flip6,Dejan,2024-07-19 22:47:00,"Porucio sam ga ,pre-order, gde se dobije kao poklon galaxy buds 2 pro slusalice,punjac, galaxy tag 2,samsung care +, pritom je i dalje jeftiniji za 200-300 evra nego u Srbiji...strasno. Razmisljao sam da uzmem s24 ultru,256 gb, koji je bolji,ali je 750 evra sada, vidim da je u Srbiji papreno skup...ipak sam se odlucio za flip 6, zbog dizajna,na preklop je i ima taj drugi,prednji displej, koji je interesantan...bas deru sa cenama kod nas,bas sam uporedjivao neke telefone,cene u odnosu na ovde u Aziji...sisanje je bas,dranje.",8,"Dužina (>=15 reči), Suprotni veznici, Specifikacija, Motiv kupovine"
https://mobilnisvet.com/mobilni-komentari/9260/Apple/iPhone-13/4,Apple,Apple iPhone 13,KupacZ,2024-08-27 21:47:00,Molim pomoć. Uzeo bi ovaj telefon samo zbog video zapisa. Da li je on 4k u 30 ili 60f? Sada koristim Samsung koji ima FHD u 60f ali mu nije sjajna stabilizacija.,8,"Dužina (>=15 reči), Suprotni veznici, Negacija, Motiv kupovine"
https://mobilnisvet.com/mobilni-komentari/2wjlc/Xiaomi/13/4,Xiaomi,Xiaomi 13,Miroslav,2023-08-22 21:44:00,Pozz kupio Sam pre par Dana Xiaomi 13 I sad izasao mi je abdejt Ali nece da se instalira .. MIUI 14.0.13.0. je trenutno a izbacuje mi za skidanje 14.0.31.0. skinem I stisnem instal resetuje telefon pojavi se reboot safe mode I Jos neka opcija Al ni jedno nije instal ...Reboot,8,"Dužina (>=15 reči), Suprotni veznici, Negacija, Motiv kupovine"
https://mobilnisvet.com/mobilni-komentari/7179/Apple/iPhone-11-64GB/24,Apple,Apple iPhone 11,Mile,2020-08-15 07:11:00,"Cao. Zanima me neko ko ima Iphone 11 ili 11 pro da mi kaze kakve fotografije portreta predmeta prave? Npr do sad koristim Huawei p30 pro i realno je brutalan taj aperture mode za slikanje predmeta (auto, hrana, masine itd) sa zamucenom pozadinom pa me zanima vase iskustvo sa Iphone jer cini mi se da nije dorastao ipak Huawei-u po tome? Ako me ubedite u suprotno uzecu Iphone zbog toga i realno zbog lepseg izgleda telefona.",8,"Dužina (>=15 reči), Suprotni veznici, Negacija, Motiv kupovine"
https://mobilnisvet.com/mobilni-komentari/7xf/Huawei/P60-Pro/5,Huawei,Huawei P60 Pro,Ivan,2023-05-22 23:07:00,"Kupio telefon, kamera brutalna,baterija dugo drži, puni jako brzo, mali je problem sa googlovim servisima, ali rešio sam ih i rade bez problema. Imao sam p40 pro, 3 godine, i kao nov je i dalje. Nisam potplaćen da reklamiram, ali stvarno je odličan.Sve preporuke..",8,"Dužina (>=15 reči), Suprotni veznici, Negacija, Motiv kupovine"
https://mobilnisvet.com/mobilni-komentari/8389/Xiaomi/Redmi-Note-10-Pro/14,Xiaomi,Xiaomi Redmi Note 10 Pro,Milenko,2022-07-08 11:23:00,"Posle mnogo kolebanja kupujem Xiaomi Redmi Note 10 Pro. 27 Januara ove godine. Posle 3 ipo meseca rada telefon mi zamrzne sliku. Posle par trebutak se ugasi i ništa - nikakve znake. Ne reaguje ni na punjač. Ulažem reklamaciju u MTS. Sa izričitim zahtevom za zamenu ili vraćanja novca. Međutim oni mi vraćaju telefon posle 10 tak dana. Dijagnoza da je do softvera, te da su instalirali novi softver istestirali ga i da radi bez problema. Nakon tog slučaja telefon je radio tačno 28 dana. Dešava se potpuno ista stvar. Zamrzavanje slike i nemogućnost ni jedne funkcije.  Jedino što se nije ovaj put ugasio već je ostao osvetljen sa zamznutom slikom. Nosim ga ponovo u poslovnicu (tako sa zamznutom slikom) Ponovo moram slati telefon na reklamaciju. Pored reklamacije ovoga puta popunjavam i prigovor. Gde objašnjavam opis kvara i da se ponavlja isti problem. Izričito zahtevam na zameni uređaja ili povračaj novca.  Međutim u roku od 5-6 dana mi stiže poruka, da se reklamacija ne uvažava (odnosi se na uvažavanje o zameni) već su ga po drugi put drndali  i ko zna šta radili. Već su mi napisali da - ako nisam zadovoljan prigovorom mogu tražiti vansudsko rešavanje sporova. Tako da sam odustao od toga jer nemam vremena ni živaca da se bakćem sa tim.  Preuzeo sam ga i on sada radi a dokle, će ? Neznam. Kupio sam NOV telefon i sada imam telefon koji je za 5 meseci bio 2 puta na reklamaciji.",8,"Dužina (>=15 reči), Suprotni veznici, Negacija, Motiv kupovine"
https://mobilnisvet.com/mobilni-komentari/8714/Honor/50/7,Honor,Honor 50,Denis,2022-02-26 15:25:00,"Što se tice performansi i zlgeda telefon je 10 od 10.kupio sam telefon pre 2 meseca i odma sam prometio naglo praznjenje baterije,tako sve dok ne ugasim i ponovo upalim telefon(restart) neznam kako i sta da radim nadam se da ce se nesto promeniti kada izadje prvi update",8,"Dužina (>=15 reči), Suprotni veznici, Negacija, Motiv kupovine"
https://mobilnisvet.com/mobilni-komentari/8227/Samsung/Galaxy-S21-5G/4,Samsung,Samsung Galaxy S21 5G,Ana,2021-12-13 07:44:00,"Zdravo bicu kratka,trazim telefon sa odličnom kamerom, a da nije preskup,bas dobre fotografije su mi potrebne zbog prirode posla. Resils sam Huavei p40 pro, ali odustala, zbog problema sa googlom, pa su mi predlozi li S21 ultra(preskup), i sada obicam S21, da li iko moze da me uputi na jos neki telefon, a da nije 1000e,jer mi je van svake pameti da izdvajam toliki novac. Hvala unapred",8,"Dužina (>=15 reči), Suprotni veznici, Negacija, Motiv kupovine"
https://mobilnisvet.com/mobilni-komentari/9955/Honor/70/6,Honor,Honor 70,Deki,2023-10-23 22:32:00,Uzeo juče telefon sve je top ali imam problem da mi youtube ne ode full screen kad rotiram relefon dakle ima black prostora sa obe strane...u settingsu podesio da forsira full screen ali ništa,8,"Dužina (>=15 reči), Suprotni veznici, Negacija, Motiv kupovine"
https://mobilnisvet.com/mobilni-komentari/9280/Apple/iPhone-13-Pro-Max/4,Apple,Apple iPhone 13 Pro Max,Radoslav,2022-05-30 00:36:00,"Ljudi pomagajte, telefon sam kupio u Austriji 13 pro max pre par meseca ,u apple store dosao sam na odmoru u srbiji sve radi funkcionise mobolne mreze / sim... Ali vidim da nije globalan za EU trziste nego A2484 i pise da je za United States/ Amerika ... Dali je to nesto bolje , lose pisite??? Inace nerazumem se pozz",8,"Dužina (>=15 reči), Suprotni veznici, Negacija, Motiv kupovine"
https://mobilnisvet.com/mobilni/r8rtm/Samsung/Galaxy-A04s-4GB,Samsung,Samsung Galaxy A04s,Dragan,2023-01-31 22:52:00,"Kupio sam sinu ovaj telefon. Otprilike za 17 hiljada to je to. Mislim da je teško naći nešto boljeza ove novce, a da je ipak poznat brend kao Samsung. S obzirom na malo rama sve radi sasvim korektnom brzinom. Kamera za ovu cenu ok. Izgled malo van trenda. Jedino me nervira što nema punjaća, a kabl koji sa obe strane usb c,te je praktično beskoristan, jer ne možeš da ga povežeš na većinu punjača koji imaju klasičan usb ulaz, a ne možeš sa njime da se povežeš ni na komp. Zaista je ovo čista glupost od Samsunga, ili možda očekuju da će neko kupovati njihove preskupe punjače.",8,"Dužina (>=15 reči), Suprotni veznici, Negacija, Motiv kupovine"
https://mobilnisvet.com/mobilni-komentari/8491/Xiaomi/Mi-11-Lite-5G/4,Xiaomi,Xiaomi Mi 11 Lite 5G,Dare K.,2021-12-13 10:03:00,"E ovako, koristio sam MI 11 lite 5G oko 2 meseca. Sve na njemu je bilo super ali baterija nije bila sjajna pa sam ga prodao i kupio A52s. Iako je MI 11 lite 5G bar 3 puta lepsi i nekako je lepsi osecaj u ruci, ipak sam presao na A52s bas zbog baterije ali i zbog preporuke nekih clanova ovde koji su na sva zvona hvalili A52s. Prvih nekoliko dana A52s radi lepo i sve je o.k. ali vec 5-6 dana pocinje da se gasi i restartuje po bar 20-ak puta na dan. Uradio sam hard reset i opet je lepo radio ceo dan a onda opet restartovanje do iznemoglosti. Posto je bio kod mene manje od 10 dana, ja ga odnesem u radnju gde sam i kupio i zahtevao sam da mi vrate pare. Nisu hteli da vrate pare ili da mi ga zamene vec su ga poslali u servis. Vec nekoliko dana nista ne javljaju. Ne znam sta ce biti ali sta god da dobijem nazad ide na oglas. Eto toliko o predobrom A52s. Vise ne mozes da kupis nov telefon koji lepo radi. Uzas i tuga.",8,"Dužina (>=15 reči), Suprotni veznici, Negacija, Motiv kupovine"
https://mobilnisvet.com/mobilni-komentari/dd4/Honor/Magic6-Lite/7,Honor,Honor Magic6 Lite,milan,2024-06-22 11:31:00,"moze li mi ko pomoci kupio sam telefon i sve je ok,ali imam dvije sim kartice ni sa jedne ne odlaze poruke a uredno dolaze,hvala.",8,"Dužina (>=15 reči), Suprotni veznici, Negacija, Motiv kupovine"
https://mobilnisvet.com/mobilni-komentari/gz0/Honor/Magic5-Pro/9,Honor,Honor Magic5 Pro,Ivan,2023-12-10 04:51:00,"Imao telefon mesec i 6 dana i prodao ga, i moram reci da je dobar telefon hardwerski, ali, jedno veliko ali meni ovaj telefon tj software odaje bas los utisak, cini mi se da je software preagresivan, bukvalno ubija aplikacije non stop, izgleda buvkalno kao na p30 pro, ali vefovali ili ne meni je software na p30 pro klasa iznad honora, telefon je dosta nezgrapan i klizav, i razocarenje za software totalno, drug je uzeo honor 90 i mogao bih da se zakunem da on fluidnije radi od magic 5 pro, bukvalno je 90ica ostavila mnooogo bolji utisak. Znaci ovo je prvi telefon od sigurno 20+ iz android sveta i jedan od retkih koji mi jednostavno nije legao a mozda cak i jedini. Ne mogu gresiti dusu, baterija, video snimanje 4k60fps, camera, zoom, hardware stvarno je na visokom nivou, ali meni ovaj telefon nikako nije legao...",8,"Dužina (>=15 reči), Suprotni veznici, Negacija, Motiv kupovine"
https://mobilnisvet.com/mobilni-komentari/blm/Honor/Magic5-Lite/9,Honor,Honor Magic5 Lite,Nikola,2023-10-15 01:20:00,"Pozdrav,od 2015 sam promenio dva telefona Sony Z2 i nakon njega uzeo tada aktuelan (al polovan) huawei P20,znaci stvarno nisam neko ko cesto menja telefone.Sad mi ovaj honor magic 5 lite bas zapao za oko,i to najvise zbog fizickig izgleda i baterije a i memorije.Ovaj  P20 i dalje sljaka fino,sporije da,al tera.Dal moze neki savet,menjati ga za honor ovaj,ili ne....mislim dal bi dobio nesto sto se tice karakteristika?",8,"Dužina (>=15 reči), Suprotni veznici, Negacija, Motiv kupovine"
https://mobilnisvet.com/mobilni-komentari/7651/Apple/iPhone-SE-(2020)/13,Apple,Apple iPhone SE (2020),Vlajce,2020-07-14 08:05:00,"Uzeo sam ovaj telefon juce, prezadovoljan sam telefonom, narocito kamerom i performansama, telefon bukvalno leti. Sto se tice baterije solidna je, trenutno igram i asvalt9, i za sat i po igranja mi je potrosio 18%, al mi osvetljenje nikad nije preko pola.  Sve u svu ja sam prezadovoljan!",8,"Dužina (>=15 reči), Suprotni veznici, Negacija, Motiv kupovine"
https://mobilnisvet.com/mobilni-komentari/9654/Samsung/Galaxy-S22-Ultra-5G/7,Samsung,Samsung Galaxy S22 Ultra 5G,Djoks981,2023-01-10 10:03:00,"Uzeo sam ovaj fon pre 15 dana,tj verziju od 12/256 ljudi moji za 160k ovo nije l,niti vredi toliko.Pre njega sam imao Xiaomi mi 10t pro,koji je imao mnogo bolju bateriju i bolji glavni zvučnik.Samsung ima bolji zum i ekran.Ali ne bih ga preporučio,da je loš nije,ali za novac koji košta ne opradvava očekivanja.Baterija katastrofa i ovo je premijum samsung je za mene završio karijeru.",8,"Dužina (>=15 reči), Suprotni veznici, Negacija, Motiv kupovine"
https://mobilnisvet.com/mobilni-komentari/9638/Samsung/Galaxy-S22-5G/7,Samsung,Samsung Galaxy S22 5G,Blaxy,2022-12-13 15:18:00,"Pozdrav, uzeo sam Samsung S22 pre 14 dana međutim telefon se mnogo brzo ugreje pri korišćenju znači ne pričam o igranju igrica već o klasičnim Aplikacijama, to verovatno ne bi trebalo da bude tako zar ne?",8,"Dužina (>=15 reči), Suprotni veznici, Negacija, Motiv kupovine"
https://mobilnisvet.com/mobilni-komentari/7651/Apple/iPhone-SE-(2020)/14,Apple,Apple iPhone SE (2020),Lola,2020-06-29 20:12:00,"Kupila sam ga pre neki dan i prezadovoljna sam! Posto svi komentarisu bateriju, da prvo to spomenem. Koristim ga umereno, za pozive, viber, instagram, mejl, jutjub i punim ga jednom dnevno. Mislim da neko ko igra igrice ne treba da ga uzima, ali za neku prosecnu ubotrebu je odlican! Telefon radi savrseno i prebrzo, kamera je odlicna, mali je i moze se kucati jednom rukom( to mi se posebno dopada). Mnogi su pisali svasta o trajanju baterije, sot, i to mi je bila glavna nedoumica prilikom kupovine, ali mi je drago da sam ga ipak uzela. Za svaku preporuku je!",8,"Dužina (>=15 reči), Suprotni veznici, Negacija, Motiv kupovine"
https://mobilnisvet.com/mobilni-komentari/l7m/Samsung/Galaxy-S23-Ultra/22,Samsung,Samsung Galaxy S23 Ultra,Bgd,2023-12-15 23:23:00,"Kupio bih ovaj telefon iako znam da će sledeći mesec da izađe S24U ali cena će biti previsoka. Ne bih kupio preko operatera i drugih ,,poznatih” radnji isto zbog visokih cena koje drže, pitanje za vas je u kojoj drugoj radnji je sigurno kupiti i gde je garancija 2 godine. Zanimaju me radnje na teritoriji Beograda.",8,"Dužina (>=15 reči), Suprotni veznici, Negacija, Motiv kupovine"
https://mobilnisvet.com/mobilni-komentari/8389/Xiaomi/Redmi-Note-10-Pro/23,Xiaomi,Xiaomi Redmi Note 10 Pro,Pomoc,2021-12-15 19:05:00,"Pozdrav, imam par pitanja, pa mi treba pomoc. Kupio sam Redmi Note 10 Pro i pri otkljucavanju telefona ponekad se javi bag da nece da upali ekran. Nakon 20/30 sekundi, ekran se upali i telefon odreaguje nekoliko poteza unapred (npr. izadje iz aplikacije koja mi je ostala upaljena i opet udje). Resetovao sam telefon, ali se i dalje javljaju problemi. Osim toga tokom rada, ponekad se zamrzne na nekoliko sekundi, a donji deo ekrana nakon zamrzavanja ne funkcionise dok se ne zakljuca telefon, ali onda nastupa opet prica sa bagom zakljucanog ekrana.",8,"Dužina (>=15 reči), Suprotni veznici, Negacija, Motiv kupovine"
https://mobilnisvet.com/mobilni-komentari/mgt/Samsung/Galaxy-A54/7,Samsung,Samsung Galaxy A54,mockingbirdshow,2024-03-06 22:21:00,"Kupio nov preko mts-a pre 2 nedelje. Imao pre njega Huawei P Smrat Z. Iskreno nisam zadovoljan Samsungom A 54. Ne zbog kvaliteta kamere ili takvih gluposti nego zbog osnovnih stvari. Zvuk odzvanja tokom razgovora, opcije su katastrofa napravljene. Sto menija nigde svrhe ni poente. Jednostavno da mogu vratio bi ga jer mi je ništa specijalno...Ne daje mi se 4700 mesečno 2 godine za nešto ovakvo...pa iako ide A 04s uz njega...",8,"Dužina (>=15 reči), Suprotni veznici, Negacija, Motiv kupovine"
https://mobilnisvet.com/mobilni-komentari/8007/Samsung/Galaxy-S20-FE/7,Samsung,Samsung Galaxy S20 FE,Sara,2021-05-03 06:39:00,"Htela sam da kupim ovaj ili S 20 ili tako neki S ali kad sam videla komentare uzela sam A71, iako vec 10god koristim samo premium S klasu ali me smorila ta baterija i Exynos, ali od Samsunga ne odustajem jer Huawei nema gugl a i da ima ne volim njihov interfejs a iPhone necu jer je batt losa a i bolji mi je Android od Ios a o Xiaomi necu ni da razmisljam to nije softver uopste.....    ......S8+ mi jos radi i odlican je ali ni novom mu nije batt izdrzala ceo dan a tek sad nikako ne drzi. A i S9 hm....",8,"Dužina (>=15 reči), Suprotni veznici, Negacija, Motiv kupovine"
https://mobilnisvet.com/mobilni-komentari/9293/Xiaomi/11T-Pro/4,Xiaomi,Xiaomi 11T Pro,Milan,2022-08-15 11:15:00,"Koristim ovaj telefon evo skoro 2 meseca. Sve na telefonu je extra osim baterije. Totalno sam razocaran baterijim. Jedva da moze da izgura 24h, bas jedva. Inace sam prosecan korisnik... Ne igram igrice, koristim insta, face, citam novine i tako to. Nista osim toga. Prethodni telefon samsung a70 sam zamenio zbog baterije i kupio ovaj gde mi baterija traje isto koliko na samsungu a70 posle 3 godine koriscenja. Npr samsung a52s koji koristi moja supruga baterija bez problema drzi 2 dana sa istim nacinom koriscenja... Hardver je ludilo dobar, softver ne moze da se poredi sa samsungom ali nije ni los. Sve u svemu da mu je baterija malo bolja ovaj telefon bio bio pravi pogodak.",8,"Dužina (>=15 reči), Suprotni veznici, Negacija, Motiv kupovine"
https://mobilnisvet.com/mobilni-komentari/8239/Samsung/Galaxy-S21-Ultra-5G/3,Samsung,Samsung Galaxy S21 Ultra 5G,Coa,2023-05-02 22:20:00,"Zdravo drugari. Imam jedno pitanje. Imam S21 Ultru već, malo više od 2 godine(uzeo sam na pretplatu). Primetio sam u poslednje vreme da mi se baterija malo brže troši, izgura jedan dan, ali nije to to. SOT mi ide mahom 5 sati i 30 min., a ponekad i do 6-7 sati. Sad, da li tako treba da bude ili ne, pošto mi je do pre nekog vremena baterija bila bolja? Jel imate slična iskustva? Pozdrav. :)",8,"Dužina (>=15 reči), Suprotni veznici, Negacija, Motiv kupovine"
https://mobilnisvet.com/mobilni-komentari/l7m/Samsung/Galaxy-S23-Ultra/2,Samsung,Samsung Galaxy S23 Ultra,ĐURA,2025-11-09 15:21:00,Potreban savet ili ideja: Kupio S23 Ultra čim je izašao u Srbiji u ovlašćenom predstavništvu Samsunga u BGD savršeno radio do juče kada se baterija istrošila.Stavio ga na punjač ali umesto plavog ili zelenog kruga pojavio se mali beli kružić sa malom munjom i to je to....posle 10ak minuta pokušao da ga upalim ali ništa....pokaže par sekundi ikonicu utikača 0% i onda nestane...ne može da se upali uopšte....probao sa drugim punjačem i ništa.,8,"Dužina (>=15 reči), Suprotni veznici, Negacija, Motiv kupovine"
https://mobilnisvet.com/mobilni-komentari/7176/Apple/iPhone-11-Pro-64GB/2,Apple,Apple iPhone 11 Pro,Milan,2022-03-07 11:52:00,"Pozdrav svima, uzeo sam iPhone 11 pro, ali imam jedan problem sa prebacivanjem muzike sa iTunes-a na telefon, kada povezem kabli(u pitanju je stari kabli od modela 6s koiji sam pre koristio, jer na novom kabliju nema odgovarajuci ulaz onaj cetvrtasti) ne pokazuje nikakav znak da se pesme prebacuju, da li moram iskljucivo original kabli da koristim ili ? Hvala",8,"Dužina (>=15 reči), Suprotni veznici, Negacija, Motiv kupovine"
https://mobilnisvet.com/mobilni/cbh/Samsung/Galaxy-S23-Ultra-12GB-1TB,Samsung,Samsung Galaxy S23 Ultra,Dacha,2026-02-16 13:53:00,"Kupio sam polovan ali ocuvan model ovog telefona. Android 16 koji je bio na njemu je zaista jako lep, ali se baterija fino trosi. Preko ADB kodova sam proverio stanje baterije, broj ciklusa i batery health, ispalo je da je baterija orginalna, nikad menjana, najcesce koriscena na cuvanju tako sto se puni do 80%, baterry health 91% Premija u prevodu. Dakle, nije mi uvaljen telefon sa losom baterijom. Izguglao sam koji je najbolji android sto se baterije tice, ispade da je onaj prvi, android 13. Ali ne moze se vratiti na android 13, nema nikakve sanse. Medjutim, vratio sam ga na zadnju verziju android 14. Druga prica sto se baterije tice, sada drzi kao blesava. A mislim i da su zvucnici malo glasniji (mozda tripujem). Odlican telefon, bolesno dobra kamera, ali samo preko LMC + S23U-jajo-LMC_R18_22ported.xml, odlican zvuk, prelep prikaz slike na ekranu, odlicna baterija. Preporuka ko se dvoumi.",8,"Dužina (>=15 reči), Suprotni veznici, Negacija, Motiv kupovine"
https://mobilnisvet.com/mobilni-komentari/7xf/Huawei/P60-Pro/5,Huawei,Huawei P60 Pro,Зеро,2023-09-07 15:44:00,"Trenutno koristim P Smart 2021 prvo sam bio skeptičan zbog tih gugl servisa ali posle sam video da mogu sve bukvalno i ako ne mogu tu je Gspace ili Gbox, ali ovog mog je pregazilo vreme imam ga od 2020 godine i planiram da ga menjam što skorije, on je idalje odličan telefon ali se oseti već težina u radu, baterija se troši više i koči pomalo, e sad ovaj mi je onako tip top što se kaže ali pročitao sam na dosta foruma da se ovaj telefon pregreva i to dosta ali isk u to ne verujem pa bi hteo da mi to potvrdite i da li je za preporuku. čujem da i Mate 60 serija je ""tu pred vratima"" da li možda čekati nju? Pišite, radujem se odgovorima :)",8,"Dužina (>=15 reči), Suprotni veznici, Negacija, Motiv kupovine"
https://mobilnisvet.com/mobilni-komentari/9124/Huawei/P50-Pro/5,Huawei,Huawei P50 Pro,Eu,2021-08-15 12:32:00,"Nije los svakako!!! Ali dosadni su sa tim ivicama zaobljenih Nista novo . Samo drugacije izgleda zadnja strana i to je to sto se tice enterijera😒 kao kod svih telefona... Koristim ajfon 12 pro mah medjutim sam koristio tel koje sam razbio zbog igrica i navodno kupujem zbog igrica jer ajfon mi deluje elegantno i ozbiljno da bi igrao igrice . I sto jeste jeste tezak je brte😆 np uporedite huawei mate 20 pro i ovaj p50pro iako je veci uredjaj ali ista linija , iste crte pfff meni sve to dosadilo izgledi me razrocaraju nema tu malo carolije da kazes da je malo svemirski 😇 a inace s10 plus isto ce raditi kao i ovaj ako me razumete, onona svakom telefonu mozes da instaliras mesenger i to je to !!",8,"Dužina (>=15 reči), Suprotni veznici, Negacija, Motiv kupovine"
https://mobilnisvet.com/mobilni-komentari/9260/Apple/iPhone-13/12,Apple,Apple iPhone 13,Nenad,2022-09-17 07:48:00,"Evo posle 11 godina korišćenja android uređaja prešao na iOS. Dve nedelje je kod mene i ovo su utisci. Telefon je solidan. Izrada je stvarno premium.Displej više nego korektan ako uzmemo u obzir 60 herca osvežavanje ekrana. Kamera i video dobri. Sa noćnim snimkom sam prezadovoljan. Baterija drži od jutra do uveče uz prosek od 6h on screen time. Generalno telefon radi dobro. Imao  sam kao što sam i pre pisao prvi dan screen freeze što me je iznenadilo, al od tada nemam problema. Multi tasking radi dobro i fluidan je. Sve u svemu lepo uklopljeno sve, ali... Uvek postoji ono ali. Telefon kao uređaj je prevashodno namenjen za komunikaciju. Pod tim smatram pozive, poruke, meil i sve druge vidove ,komunikacije poput društvenih mreža. I tu dolazimo do onog ali. Zvuk notifikacije. Pričam o zvuku notifikacije za app trećih strana, što je u ovom slučaju Gmail, viber, telegram, itd.... Zvuk je jednostavno tih. Duplo tiši u odnosu na zvuk na primer iMessage. Par meijlova sam propustio zbog toga što iPhone ima default zvuk za notifikacije app trecih strana. Za Gmail to je veoma kratak zvuk i veoma tih. Za viber imate mogućnost da promenite zvuk sa nekim zvukom koji vam je opet po default odrađen i to se neki sistemski zvukovi, ali šta god da izaberete zvuk je duplo tiši od istog zvuka koji namestiti naprimer za iMessage. Ovo je veoma iritirajuće pogotovo za nekoga ko je prešao sa androida. Samo zbog ove mane ozbiljno razmišljam da se vratim nazad na android. Za sve one koji misle da sam pogrešio negde u podešavanjima, nisam. Imate i čitavih 20 strana komentara na Apple oficijalnoj zajednici. Jednostavno Apple je u ovom pogledu po meni kiksnuo. Bitno je da radi na nekim funkcijama koje ćete koristiti možda 10 puta godišnje, al ovo je po meni osnovna stvar koju ni jedan telefon ne sme da dopusti. Pa čak ni oni od 150eur.",8,"Dužina (>=15 reči), Suprotni veznici, Negacija, Motiv kupovine"
https://mobilnisvet.com/mobilni/xhk/Xiaomi/15-Ultra-12GB-256GB-2x-SIM-2x-eSIM,Xiaomi,Xiaomi 15 Ultra,Mozak,2025-09-02 18:06:00,"Telefon je nesumnjivo među najboljima u 2025. sada sa pristojnom cenom, gledajući zvaničnu Mi store, koji su povoljniji od svih prodajnih mesta i često snižavaju cenu u odnosu na sve ostale prodavnice i operatere. Mene brine što je uređaj previše težak, 230 grana bez stakla i bez futrole ili maske to je cigla u džepu. Stari telefon mi je 192 grama od 6,47 inča i to nije lako. Za 6 glava može se kupiti običan 15, nekako mi je zgodniji za držanje i nošenje, a dovoljno dobar",8,"Dužina (>=15 reči), Negacija, Specifikacija, Sleng"
https://mobilnisvet.com/mobilni-komentari/9260/Apple/iPhone-13/10,Apple,Apple iPhone 13,Marko,2023-02-27 20:54:00,"Pozdrav, koji lightning to 3.5mm koristiti za ovaj uređaj. Kupovao sam par njih i na većini se čuje samo  zvuk, ali kad hoću da koristim mikrofon, ne reaguje. Kupio sam u mobi šopu navodno original, ali ni taj nije radio. Znam da je potreban MFI sertifikat da bi radio, pa ako iko ima neki adapter na kom radi i zvuk i slušalica poziva, neka mi napiše u komentaru, ili da link gde je kupio. Hvala unapred",8,"Dužina (>=15 reči), Suprotni veznici, Negacija, Motiv kupovine"
https://mobilnisvet.com/mobilni-komentari/2wjlc/Xiaomi/13/4,Xiaomi,Xiaomi 13,Зеро,2023-08-16 10:18:00,"Poštovanje gospodo i gospođe, ovaj telefon mi je jako zapao za oko, takođe i OnePlus 11, moj trenutni telefon je Huawei P smart 2021 (blagi užas Gugl servise nema, telefon je krenuo da se gubi u radu i ko zna šta sve ne). Uzeo bih telefon koji neće imate nikakvih poteškoća, da kamere budu dobre, da bude brz, da ponekad odigram igricu. Tražim ""flegšip"" ali neću da dam pare na Samsung, Google ili Ajfon, ako ništa od ovog preporučite onda nešto",8,"Dužina (>=15 reči), Suprotni veznici, Negacija, Motiv kupovine"
https://mobilnisvet.com/mobilni-komentari/8239/Samsung/Galaxy-S21-Ultra-5G/3,Samsung,Samsung Galaxy S21 Ultra 5G,Coa,2023-07-10 20:34:00,"Imam ovaj telefon malo šire od 2 godine. Faktički kad je izašao sam ga kupio. Prezadovoljan sam. SOT mi je, zavisi od korišćenja negde na granici između 4 časa i 30 minuta i 5 sati i još nekoliko minuta. Često doguram i do 7 časova SOT-a. Nikad me nije izdao. Dok ne prestane da radi, ne diram ga :)",8,"Dužina (>=15 reči), Suprotni veznici, Negacija, Motiv kupovine"
https://mobilnisvet.com/mobilni-komentari/8239/Samsung/Galaxy-S21-Ultra-5G/3,Samsung,Samsung Galaxy S21 Ultra 5G,Sone,2023-12-21 12:14:00,Nalete juce na s21 ultra model sa Snapdragon 888 procesorom i 16/512gb nisam cekao ni sekunde i uzeo sam ga.. Za sada opasna zver ali mnogo mnogo bolji od pojedinih iz 2023 god..,8,"Dužina (>=15 reči), Suprotni veznici, Specifikacija, Motiv kupovine"
https://mobilnisvet.com/mobilni-komentari/8239/Samsung/Galaxy-S21-Ultra-5G/3,Samsung,Samsung Galaxy S21 Ultra 5G,Deki,2024-01-04 06:27:00,Interesuje me koliko vi izvucete sot ekrana na s21 ultri ja jedva izvucem 5h vidim neki pisu 7h ne znam kako uspevaju zdravlje baterije mi je 97% kako sam merio na aplikaciji accubatery mislio sam da je oslabila pa zbog doga ali nije dal da uradim hard reset pa da vidim dal cu onda vise da izvucem sot,8,"Dužina (>=15 reči), Suprotni veznici, Negacija, Motiv kupovine"
https://mobilnisvet.com/mobilni-komentari/8233/Samsung/Galaxy-S21+-5G/5,Samsung,Samsung Galaxy S21+ 5G,Pera Detlic,2021-01-22 14:33:00,"E ovo vam je demonstacija monopola koju Samsung trenutno ima u svetu Androida i sta im se sve moze kad vise nemaju konkurenciju, kad ce ljudi ladno prodavati telefon po ceni od 1000 eura koji se skoro nicim ne razlikuje od proslogodisnjeg S20+ kome je direktni nalsednik, a pritom S20+ ima displey rezolucije 1440 x 3200, dok novi S21+ ima displey rezolucije 1080 x 2400, a jos S6 u svim svojim edicijama sad vec davne 2015 je imao rezoluciju 1440 x 2560. Gledao sam prosle godine kad sam sestri kupio Note 20 ultra koja je razlika u kvalitetu displeya izmedju njega sa rezolucijom 1440 x 3088 i obicnim notom sa rezolucijom 1080 x 2400, nebo i zemlja. Sad ce ljudima  bukvalno prodavati displey sa rezolucijom iz A serije za 1000 eura i pritom bez punjaca. Volim Samsung i njihove Super/Dinamyc Amoled dyspleye i koristim njihove telefone od 2011 kad sam uzeo S2 tad, ali ovaj bezobrazluk je prevrsilo svaku meru i granicu.",8,"Dužina (>=15 reči), Suprotni veznici, Negacija, Motiv kupovine"
https://mobilnisvet.com/mobilni-komentari/8233/Samsung/Galaxy-S21+-5G/5,Samsung,Samsung Galaxy S21+ 5G,Bocko,2021-08-26 08:06:00,"Kupio sam pre 7 dana ovaj telefon pa zelim da podelim svoje iskustvo kao prethodni iPhone 11 Pro korisnik. Ovaj telefon bar 30% duze drzi bateriju u odnosu na iPhone 11 Pro. Zatim jenu svemu preko ekrana, zvuka, dizajna, kamera i brzine ispred ovog iPhone-a. Mogu reci da je veoma osetna razlika u brzini i da je telefon munja, cak i na iPhone-u se primeti zastajkivanje za neke operacije koje treba da odradi dok ovaj telefon leti i sve odradjuje istog trenutka. Sve same reci hvale. I kada se gleda na iPhone-u neki duzi video na YT on ume da se osetno zagreje, dok je ovaj Samsumg hladan. Za 70-ak minuta se sa brzim 25w punjacem napuni od 0 do 100 posto. Odlicno lezi u ruci i izuzetno je tanak i lak u odnosu na svoju velicinu a pritom je tezina savrseno izbalansirana. Za ovo treba Samsungu oddati priznanje. Sve preporuke! Top uredjaj i best buy u 2021 godini definitivno!",8,"Dužina (>=15 reči), Suprotni veznici, Specifikacija, Motiv kupovine"
https://mobilnisvet.com/mobilni-komentari/8233/Samsung/Galaxy-S21+-5G/5,Samsung,Samsung Galaxy S21+ 5G,Sanja,2021-09-14 07:13:00,"Iskreno ,ja imam s 20.Greje se kao lud ,uzela sam ga proslog sep.Necu da pricam ono sto ne znam i upravo citam kom.jer zelim da ga promenim.Prvo koristim ga vremenski puno u toku dana,uglavnom viber,muzika,znaci nema drustv.mreza niti nekih drugih aplikacija tog tipa.Cak ni ne pricam mnogo ali ono sto POTPISUJEM I TVRDIM,tel.se nenormalno greje i punim ga dva puta.Ok.brzo se puni ali gos.Realni ne znam cemu negiranje neceg sto je cinjenica i dokaz.Niko nije rekao da tel.nevalja vec da ima svojih mana.Upravo imam nameru da uzmem (sve recenzije,klipove ama sve sto moze da se nadje i procita sam pogledala) s 21+.Necu da mnogo pametujem razlika koja je vidna je sto s20ima metalnu zad.stranu a ovaj drugi nazovi to plasticnu ,ok.nema punjac ,nista strasno da ne bih uzela s21+.MARKONI ,hvala na vrlo korisnim inf.za ovaj tel.zahvaljujuci tebi ,odlucila sam se za njega.Nema potrebe da se navodim koliko se razumem ili ne,trivijalno je dokazivati se.Pozdrav!",8,"Dužina (>=15 reči), Suprotni veznici, Negacija, Motiv kupovine"
https://mobilnisvet.com/mobilni-komentari/9272/Apple/iPhone-13-Pro/3,Apple,Apple iPhone 13 Pro,Marija,2023-09-15 22:10:00,"Pozdrav svima, ja sam u velikoj dilemi i čitam vaše komentare  i ne znam sta da radim na kraju.. trenutno koristim 11 pro 3 godine, ali bih sad zelela da uzmem 13 pro ili 14 pro,(ali sam vise za 14pro) pa mi treba mišljenje koje već koristio oba telefona. Koji je bolji? Neki kažu da je baterija lošija na 14-ci da bolje da uzmem 13. Meni inače treba telefon najviše zbog kamere. Pa ako imate neka iskustva, pišite, značilo bi mi.",8,"Dužina (>=15 reči), Suprotni veznici, Negacija, Motiv kupovine"
https://mobilnisvet.com/mobilni/9620/Xiaomi/Redmi-Note-11S-4G-128GB,Xiaomi,Xiaomi Redmi Note 11S 4G,Ivan,2024-04-22 08:46:00,"Ja sam kupio Redmi Note 13 pro+ 5g i bio je na Miui 14 android 13 s e super extra,telefon gazi cepa ma za te pare ubica.onda dodje ovo Hyperos nadogradi se na android 14 al ja nikakve bas nikakve promjene ne vidim bez sto mi hvali aplikacija super wallpapers u sekciji Teme i hvali mi uvjek na ekranu opcija,jednostavno je isparila.ima jos po nesto sta hvali da sada ne nabrajam.moje pitanje ako neko moze da mi pomogne ,dali mogu da deinstaliram azuriranja i vratim telefon na miui. 14.i aman platicu na racun kome treba ko mi kaze kako da obrisem google dialer i poruke ne salim se.smucilo mi se bukvalno nihe mi do telefona od njih vise.",8,"Dužina (>=15 reči), Suprotni veznici, Negacija, Motiv kupovine"
https://mobilnisvet.com/mobilni/9620/Xiaomi/Redmi-Note-11S-4G-128GB,Xiaomi,Xiaomi Redmi Note 11S 4G,igiD,2024-04-03 09:07:00,"Pozdrav narode. Telefon mi šizi od onog prokletog dana kada mi se sve obrisalo zbog HyperOS. Da li neko ima problem sa bojama na ovom telefonu? Namešteno je bilo na tamni režim, ""režim za čitanje"" jer imam osetljive oči i režim ""klasično"", šema boja na ""živopisno"".Obične poruke mi sad izgledaju kao cirkus šarene, od svakog od koga dobijem poruku drugačije obojena...Sve se boje poremetile. Gledao sami opcije i teme na Gboard, stoji na ""dinamična boja"" može da se promeni ali se ništa ne menja, stoji na neku braonkastu...Zna li neko o čemu se radi? Hvala unapred.",8,"Dužina (>=15 reči), Suprotni veznici, Negacija, Motiv kupovine"
https://mobilnisvet.com/mobilni-komentari/9266/Apple/iPhone-13-mini/3,Apple,Apple iPhone 13 mini,Zox,2023-03-21 20:38:00,"Uzeo tel.pre neki dan utisci uglavnom negativni...svetle tacke bih izdvojio odlicne dimenzije i dobru kameru pogotovo snimke koji su extra...e sad idu stavke koje su me razocarale:baterija,zvuk,ekran,prijem signala i wifi signal katastrofa,gde drugu telefoni hvataju signal bez problema ovaj se muci sa jednom crtom ili uopste i nema signal a za wifi je posebna prica treba ga po nekoliko puta ukljuc.iskljuc.dok se poveze mislim stvarno bzv.i glupo ostaje zal za bacene pare tel.kupljen nov kod operatera.",8,"Dužina (>=15 reči), Suprotni veznici, Negacija, Motiv kupovine"
https://mobilnisvet.com/mobilni-komentari/8055/Apple/iPhone-12/7,Apple,Apple iPhone 12,Dusan,2021-09-22 22:40:00,"Cao,imam iphon 12 uzeo sam ga skoro i nije mi jasno zasto nemam u ponudi 5g opciju?(znam da kod nas nema jos uvek 5g) ali vidi da drugi imaju opciju 4g i 5g.Kod mene ima samo 3g i 4g.",8,"Dužina (>=15 reči), Suprotni veznici, Negacija, Motiv kupovine"
https://mobilnisvet.com/mobilni/ljg/Xiaomi/17-16GB-512GB-2x-SIM,Xiaomi,Xiaomi 17,Maxpower,2026-06-22 19:12:00,"Evo posle 3 meseca koriscenja telefona da sumiram utiske! Baterija fantasticna ja oko 22h napunim do 80% i sutra dan sam u to vreme na 30-40% od društvenih mreza samo tiktok, wa i viber konstantno, pozivi,youtube, blutut sluske oko 1h kamera tu i tamo zavisi od dana ali ona generalno vuce najvise baterije! Sve generalno radi perfektno ja sam pre ovoga bio na x12 i uvek sam na tim premium modelima i generalno sam uvek zadovoljan ovi sto prozivaju vrv su imali iskustva sa redmi serijama ili one serije T ili sta ti ja znam ovde greske nema! Jedina zamerka je Na video snimke kad je priguseno svetlo onako najbolje se uoci predvece ako snimate i u pokretu ste oce slika malo da se trese kao da stabilizator zakuca i ne bude kako treba sve se muti i trese... Uocio sam problem sa blutut slusalicama da je dosta tise i kao da se cuje ne tako kvalitetno kao kad pustam sa drugih telefona elem problem sam resio tako sto sam promenio region na indiju jer jel te eu je uvela neke standarde zbog zastite usiju pa je taj problem bio zbog toga... U svakom slucaju ko se odluci za ovaj telefon nece napraviti gresku!",8,"Dužina (>=15 reči), Suprotni veznici, Negacija, Motiv kupovine"
https://mobilnisvet.com/mobilni/n7m/Xiaomi/15T-Pro-12GB-1TB-2x-SIM-2x-eSIM,Xiaomi,Xiaomi 15T Pro,Goran,2026-05-17 15:48:00,"ja dakle ne verujem koliko su ljudi zatucani pa smatraju da je samsung iznad Xiaomi telefona, da jeste u nekim segmentima (uglavnom softver ali to nije 10x bolje no mozda 20-30% bolje za neke modele) ali overall nisu nista bolji cak naprotiv u nekim segmentima ih sije Xiaomi narocito kad je rec o baterijama a o odnosu cena kvalitet da i ne pricamo. Samo bacajte pare zbog vasih ubedjenja...",8,"Dužina (>=15 reči), Suprotni veznici, Negacija, Motiv kupovine"
https://mobilnisvet.com/mobilni/n7m/Xiaomi/15T-Pro-12GB-1TB-2x-SIM-2x-eSIM,Xiaomi,Xiaomi 15T Pro,el grande makina,2026-05-29 13:20:00,"ovaj ili honor 400 pro? ali ako ima neko da uporedi realno i da bude nepristrasan, imam oba za ispod 500e... ili mozda s24 ultra za slicne pare? ostale samsungove uopste ne gledam, sto zbog exynosa sto zbog baterije... poco takodje ne gledam jer su neverovatno ruzni",8,"Dužina (>=15 reči), Suprotni veznici, Negacija, Motiv kupovine"
https://mobilnisvet.com/mobilni-komentari/8714/Honor/50/4,Honor,Honor 50,Ringe,2022-09-13 16:42:00,Uzeo sam fon pre par dan i bruka je ali imam problem kada je spikerfon upaljen mene niko ne cuje nebitno da li prejo vibera mesingera ili obicnih poziva a kada nije na spikerfonu onda me normalno cuju. Sta li moze da bude?,8,"Dužina (>=15 reči), Suprotni veznici, Negacija, Motiv kupovine"
https://mobilnisvet.com/mobilni/8g3/Xiaomi/17-Pro-Max-16GB-1TB-2x-SIM,Xiaomi,Xiaomi 17 Pro Max,Žan,2025-10-22 00:31:00,"Ništa to ne valja čim nema 165 Hz refresh rate. Čak i ona cigla od 15T pro ima 144 Hz. Ako nije iz kutije sa androidom 16 zaobiđite u širokom luku, biće spora ažuriranja.",8,"Dužina (>=15 reči), Negacija, Specifikacija, Sleng"
https://mobilnisvet.com/mobilni-komentari/9573/Samsung/Galaxy-S21-FE-5G/10,Samsung,Samsung Galaxy S21 FE 5G,Mirka,2023-04-06 09:07:00,"Pozdrav svima. Imam iphone 11 pro. Telefon je vrhunski zaista. Kamera, baterija sve top. Međutim ludim zbog granica koje postavlja. Dobila sam ponudu da se menjam za s21 fe 6/128. Navodno je korišćen neka 3 meseca. Da li je to realna zamena? Vidim neko kudi neko hvali bateriju, a meni je ona bitna jako. Viber i yt najviše koristim. Drustvene mreže nemam. Hoće li me baterija razočarati? Na iph mi traje skoro 2 dana, ali nije mi cilj to da postignem već da u toku dana ili predveče ne jurim za punjačem.",8,"Dužina (>=15 reči), Suprotni veznici, Negacija, Motiv kupovine"
https://mobilnisvet.com/mobilni-komentari/gz0/Honor/Magic5-Pro/9,Honor,Honor Magic5 Pro,.,2023-11-06 06:01:00,"Uzeo sam nov telefon Honor Magic5 Pro i mogu reći da sam razočaran po pitanju trajanje baterije, bukvalno jedva izgura jedan dan. Ne znam da li će se to s vremenom poboljšati, ali na predhodnom telefonu Samsung Galaxy S23 Ultra baterija je držala opušteno 48h, za Honor koristim original Honor punjač kao što sam i na Samsung S23 Ultra koristio Samsung original punjač... Hajde da vidimo kako će se ponašati i na dalje ali ako se baterija uskoro ne popravi ja ću zaista prodati ovaj Honor Magic5 Pro i vraćam se ponovo na Samsung Galaxy S23 Ultra... ostalo je ok,manje više isto kao kod S23 Ultre.",8,"Dužina (>=15 reči), Suprotni veznici, Negacija, Motiv kupovine"
https://mobilnisvet.com/mobilni-komentari/dd4/Honor/Magic6-Lite/11,Honor,Honor Magic6 Lite,Kadi,2024-02-08 01:09:00,"Kupio danas za suprugu u orange boji .Ljudi imam s2r litra,imao Huawei p40 i p50 pro pre toga ,pišem iz razloga što znam sta je dobar tel ali ovaj tel za 35000 dina koliko dam ga uzeo u Gigatronu sa nekim popustom prekida.Ekran odličan, svetao i dobre boje,osećaj u ruci kao neki flegsip od 1000 eur.jedino nema tu težinu. Brzu radu koliko sam zapazio ,kamera solidna ,nisam nesto ne gledao ali izgled je prelep  Softver naravno Huawei koji je odličan, sve u svemu velika preporuka",8,"Dužina (>=15 reči), Suprotni veznici, Negacija, Motiv kupovine"
https://mobilnisvet.com/mobilni-komentari/9841/Samsung/Galaxy-A53-5G/2,Samsung,Samsung Galaxy A53 5G,Aca,2024-02-05 21:51:00,"Nakon nešto manje od godinu dana koliko imam ovaj telefon, moram priznati da se za skoro 500 evra koliko je plaćen nije baš najbolje pokazao. Odmah je trebalo dokupiti punjač i slušalice jer se ne dobijaju uz telefon. Takođe, ne podržava baš sve tipove C slušalica tako da morate da se nadate da će prihvatiti one koje kupite, a čak ne podržava ni sve ""blutut"" slušalice.  Kamere su okej, ali iskreno ništa posebnije od drugih A modela. Baterija je zaista izdrživa i brzo se napuni što mislim da je glavna prednost ovog telefona. Sve ostalo je u rangu nekog proseka. Vremenom je dosta sporo počeo da reaguje na aplikacije, da malo zakoči i slično. Još jedna velika mana koja je možda rešiva u podešavanjima je kad su mi upaljeni mobilni podaci i razgovaram s nekim putem običnog telefonskog poziva, internet prestane sa radom. Takav problem nisam imao sa starim telefonom. Sve u svemu, mislim da ne vredi ni približno koliko je plaćen. Istovremeno kad sam kupio A53, sestra je kupila HonorX8a i telefon je neuporedivo bolji, a plaćen duplo jeftinije.",8,"Dužina (>=15 reči), Suprotni veznici, Negacija, Motiv kupovine"
https://mobilnisvet.com/mobilni/1yq/Honor/Magic7-Lite-8GB-512GB-1x-SIM-1x-eSIM,Honor,Honor Magic7 Lite,Sasa,2026-04-26 20:13:00,"Odlican ekran,glasni zvucnici (ne bas kvalitetan zvuk),ali bas glasni.Stigo OS 10,android 16,sve radi brzo,nema nikakvih bagova....Zadnjih godina sam koristio dosta Xiaomi,Redmi telefona,ali sam odustao bas zbog kvaliteta zvuka na zvucnicima,koji je posle serije 10 bio sve gori i gori....",8,"Dužina (>=15 reči), Suprotni veznici, Negacija, Motiv kupovine"
https://mobilnisvet.com/mobilni/h0x/Xiaomi/15T-12GB-512GB-2x-SIM,Xiaomi,Xiaomi 15T,Milos 14,2026-04-26 19:35:00,"Neko ko se razume dosta u tehnologiju i telefone i realno stanje je da je ovaj tel dosta bolji od A 56 i A57 u mnogo toga bez uvijanja i forsiranja nekog brenda.Procesor i grafika su bukvalno mnogo bolji od ova dva dve lestvice gore.Interna memorija na ova dva je ufs 3.1 na 15t ufs 4.1 znaci opet dosta brza.Zum kamere na 15T mnogo bolji ali realno je upotrebljiv do 20 puta preko vise marketing,ali na ova dva je katastrofa.Slike danju izmedju ova tri su skoro neprimetne nocne dosta bolje na 15T.Isto i video.Brzina punjenja je opet na stranu 15T.E sad sta je bolje na A 56 zato sto mi cerka ima,a verovatno i na A 57 isto a to je baterija ne mnogo ali je bolja zbog  mnogo slabijeg i stedljivijeg procesora tj.exinos-a u A seriji.I drasticno bolja je izrada na A seriji kome je to bitno aluminijum i staklo naspram kvalitetne plastike,ali 99 posto ljudi nikad ne vadi iz maske tako je to i bitno nekom i ne.Realno 15T mnogo jaci procesor za gaming i za buduce godine glatkog koriscenja,kamere opet bolje na 15T,displej malo bolje boje ima na 15T ne mnogo.Kvalitet izrade i malo bolja baterija A 56.Realno za 95 posto korisnika ce raditi oba super.Ko planira da ne menja tel.4 godine ovaj i ko planira da igra zahtevne igre u 60 fps kao ja opet ovaj,a ko koristi za drustvene mreze i ok kamere  A 56.Mogu da ulazim i u detalje oko specifikacija ali ovo je realno poredjenje.",8,"Dužina (>=15 reči), Suprotni veznici, Negacija, Motiv kupovine"
https://mobilnisvet.com/mobilni-komentari/9810/Apple/iPhone-SE-2022/6,Apple,Apple iPhone SE 2022,M.P.,2022-03-15 18:20:00,"Kupio sam iPhone 8 2017. i jos uvek ga koristim. Pre par meseci sam promenio bateriju i jos uvek je na 100%. Osmica po brzini ista kao Realme 8 koji takodje posedujem. Kupio sam ga u nadi da cu preci na Android ali bezuspesno. Android kao sistem je skroz ok, jednostavno mi ne odgovara velicina telefona. Za mene je telefon alatka za komunikaciju i za to ga koristim, za sve ostalo imam racunar. Ne dizem Apple u nebesa odmah da se zna. Kod izbora bilo kog uredjaja pa tako i telefona, presudna mi je ergonomija i osecaj softvera. Android zavrsava posao svakako ali nema tu glatkocu kao iOS gde je svaki klik pravo zadovoljstvo. A probao sam Realme UI, MIUI, One UI. Inace sam korisnik Linuxa koji takodje ima tu glatkocu, kad predjem na Windows osecaj je da je sistem napravljen bas spartanski. Mozda su uspeli sad da izglade donekle Win 11. Detaljisem previse ali posao mi je vezan za elektronske uredjaje, da se bavim necim drugim mozda ne bih ni razmisljao o tome. Sto se tice SE 22 za sad ne vidim potrebu da ga kupim ali verujem da je mnogo napredniji od osmice. Cim neki naredni update uspori osmicu prelazim na 13 mini ako to bude uskorije vreme.",8,"Dužina (>=15 reči), Suprotni veznici, Negacija, Motiv kupovine"
https://mobilnisvet.com/mobilni-komentari/8714/Honor/50/4,Honor,Honor 50,Milos,2022-08-19 22:35:00,"Iskreno jaka cena ali ljubitelji honor telefona ne pitaju za cenu.  Ja sam uzeo Honor 50 lite verziju i mogu vam reci da sam prezadovoljan. Punjac isti,  baterija ista,  ekran je lcd ali nema neke razlike sa ovim amoledom, upoređivao sam ih.  Jedino je procesor duplo brzi ali je i cena duplo veca.",8,"Dužina (>=15 reči), Suprotni veznici, Negacija, Motiv kupovine"
https://mobilnisvet.com/mobilni-komentari/8436/Samsung/Galaxy-A52/9,Samsung,Samsung Galaxy A52,Djomla,2021-06-12 06:10:00,"Zanima me kakav je domet na Vip mreži? Uvek sam imao problem sa Samsung telefonima na mestima gde domet nije dobar, dosta su loši po tom pitanju. Neki konkurenti pun, Samsung jedna crta jedva. E sada, promenio sam dosta telefona, a Samsung sam koristio samo sa Exynos procesorom pa sumnjam da je možda u procesoru problem a ne u samom telefonu. Na divno čudo telefoni koje sam koristio najbolje su hvatali signal sa Mediatek procesorima, i Snapdragon je bio ok. Kupio bih ovaj tel, ali ako je domet loš ne pada mi napamet, bolje sitni bagovi nego da jurim signal jer nisam uvek u centru grada. Pa ako neko može da ostavi utiske, jer je ovde Snapdragon u pitanju pa moguće da ta razlika je u stvari ključna.",8,"Dužina (>=15 reči), Suprotni veznici, Negacija, Motiv kupovine"
https://mobilnisvet.com/mobilni-komentari/8389/Xiaomi/Redmi-Note-10-Pro/25,Xiaomi,Xiaomi Redmi Note 10 Pro,Gagi,2021-10-25 17:39:00,"Zaboravih. Problem proximity senzora se manifestuje na sledeci nacin: SAMO ako naslonim ceo ekran telefona na obraz,tada se dodiruje ekran i verovatno da bi se tada desilo neko nezeljeno aktiviranje. Medjutim (ja barem) ne naslanjam ceo ekran telefona na lice (vec samo vrh tj slusalicu :) ) iz 2 razloga, higijenskih i sto isprljam ekran licem (znoj, masnoca koze itd). Ukoliko ne naslanjam ramenom telefon na uvo, razgovor se obavlja bez ikakvih problema i nikad se nije prekinula veza. Da, desava se da proximity senzor zataji i stvarno vrlo retko, ali mi najiskrenije kazem ne predstavlja nikakav problem za razgovaranje. Nikad mi se razgovor nije prekinuo niti se nesto ukljucilo/iskljucilo. Pa ko zdravog razuma npr leti naslanja ceo ekran na znojavi obraz? Mislim da je ovaj problem ipak malo preuvelican i naduvan... Internet zajednica je velika i verovatno da ce hejteri uvek da hejtuju kao i pojedini sa malo losijim telefonom od ovog i ja ih razumem. Takodje, ja menjam telefone na 1.5 do 2 god i logicno je da uvek kupim bolji. U ovom trenutku kupovine mislim da je ovaj sasvim zadovoljavajuci, kao i svaki prethodni za taj novac u tom trenutku koji sam kupio. Puno memorije,puno rama,amoled prostrani ekran, dobra kamera,sta pozeleti vise za prosečnog korisnika za ovaj novac, zar ne?",8,"Dužina (>=15 reči), Suprotni veznici, Negacija, Motiv kupovine"
https://mobilnisvet.com/mobilni-komentari/khb/Samsung/Galaxy-S23/21,Samsung,Samsung Galaxy S23,Niški,2023-08-15 15:57:00,"Drugari,kupio sam samaung buds pro 2,ali avaj,baterija mi drzi svega 3 sata aktivnog slušanja muzike,bez ukljucenog ANC,a piše u specifikacijama da drze 7sati aktivnog bez ANCa i 5 sa ukljucenim ANC....Da li treba da prodju par punjenja da bi se formirala baterija ili mi se zapale sluške sa lošom baterijom...Dajte neke savete,iskustva...Ili da ih reklamiram...Bukvalno 5 dana ima kako sam ih kupio.",8,"Dužina (>=15 reči), Suprotni veznici, Negacija, Motiv kupovine"
https://mobilnisvet.com/mobilni-komentari/8491/Xiaomi/Mi-11-Lite-5G/7,Xiaomi,Xiaomi Mi 11 Lite 5G,5mi,2021-07-29 17:14:00,"Kupio sam ga pre 10ak dana, displej je perfektan nema black crush, ali treba se paziti jer u 5G model ugradjuju displej od dva proizvodjaca - Huaxing i Tianma. Moj ima huaxing za kog svi tvrde da je mnogo bolji od tianme sto mogu da potvrdim. 11 Lite 4G koristi samo Tianma displej koji ima black crush problem.",8,"Dužina (>=15 reči), Suprotni veznici, Negacija, Motiv kupovine"
https://mobilnisvet.com/mobilni/xhk/Xiaomi/15-Ultra-12GB-256GB-2x-SIM-2x-eSIM,Xiaomi,Xiaomi 15 Ultra,Dragan,2025-10-30 18:29:00,"Uzeo ultra pre par dana. Telefon je top. Brz ko munja. Nosio motorolu edge 40 pre, smatrao sam da ċe biti previše glomazan ali kako radi i šta pruża, prezadovoljan sam. Lepo leźi u ruci bez obzira na veliċinu. Kamera je top, zvuk odliċan. Napokon razgovori na zvučniku jasni, ima zagrevanja ali ne nešto drastično. Ja sam zadovoljan izborom.",8,"Dužina (>=15 reči), Suprotni veznici, Negacija, Motiv kupovine"
https://mobilnisvet.com/mobilni-komentari/7598/Huawei/P40-Pro/5,Huawei,Huawei P40 Pro,Savo,2021-11-22 19:55:00,"danas sam uzeo P40, međutim nema šanse da instaliram Viber i odradim back up naloga preko googla, samo mi da je opciju preko Huawei naloga, ali onda mi se ne vrate dopisivanja, postoji li kako opcija za to? ostale aplikacije sam skinuo preko Petal pretrage i rade dobro",8,"Dužina (>=15 reči), Suprotni veznici, Negacija, Motiv kupovine"
https://mobilnisvet.com/mobilni-komentari/7651/Apple/iPhone-SE-(2020)/13,Apple,Apple iPhone SE (2020),Djole,2020-07-20 00:06:00,Red varijanta 64gb iOS 14 na njemu. Baterija nije bas zadovoljavajuca ocekujem da bude optimizovano u skorije vreme sve ostalo je super. Postoje neke sitnice koje bi trebale da budu otklonjene novijim updatom. Kamera portrait mode nije savrsen jer je softverski pravi svakako greske. Prilikom fotkanja na jakom Suncu highlights su previse jaki. Dinamic range je svakako dobar. Prilikom fotkanja u kontrolisanim uslovima osvetljenja moze se reci da je savrsena kamera. Mogu se praviti i RAW fotke pa je svakako interesantno.,8,"Dužina (>=15 reči), Negacija, Specifikacija, Sleng"
https://mobilnisvet.com/mobilni-komentari/8239/Samsung/Galaxy-S21-Ultra-5G/3,Samsung,Samsung Galaxy S21 Ultra 5G,Jaca,2023-05-04 22:46:00,"Moze li mi neko pomoći uzela sam polovan s21 ultru telefon je vrh, ali jedino što mi ne radinje video poziv na viberu, kada me neko zove ne vidim sve crno, da li jos neko ima taj problem, hvala unapred?",8,"Dužina (>=15 reči), Suprotni veznici, Negacija, Motiv kupovine"
https://mobilnisvet.com/mobilni-komentari/mgt/Samsung/Galaxy-A54/21,Samsung,Samsung Galaxy A54,Boris Blagojević,2023-07-18 19:43:00,Ipak sam uzeo Samsung Galaxy A34 us NeoSurf paket.I Boga mi dobar je što se tiče izrade dizajna i kvaliteta pravi muški smartfon za prave muškarce moderan ozbiljan savremen kvalitetan.A54 je prava igračka za decu.Ne kajem se i ne žalim ni malo ni trenutak što sam uzeo Samsung Galaxy A34 5G u Crnom Kućištu podseća me na moju Nokia 6.1 2018 TA1050 koja je već godinu dana na servisu.,8,"Dužina (>=15 reči), Suprotni veznici, Negacija, Motiv kupovine"
https://mobilnisvet.com/mobilni/sbw/Apple/iPhone-16-Pro-Max-8GB-1TB-1x-SIM-2x-eSIM,Apple,Apple iPhone 16 Pro Max,Markoni77,2026-07-31 06:19:00,"Prvi put sam uzeo IPhone. Prvih godinu dana baterija je bila dobra , a sada posle godinu ipo dana je spala vrlo brzo na 94% . Poceo je veoma brzo da se prazni, bukvalno mi baterija spada pred ocima lol Da li neko ima slicne probleme? Ili savet ? Ugasio sam sve pozadinske aplikacije, ugasio sam u svim aplikacijama da ne rade u pozadini, i dalje nista…. Dok sam ovo pisao baterija je otisla sa 80% na 77% …. Veoma sam razocaran Iphone-om",8,"Dužina (>=15 reči), Suprotni veznici, Negacija, Motiv kupovine"
https://mobilnisvet.com/mobilni-komentari/xnjcm/Xiaomi/Redmi-Note-12-Pro/6,Xiaomi,Xiaomi Redmi Note 12 Pro,Saša,2023-09-02 19:21:00,"Pozdrav,pre 2 dana sam update na android 13 .Tel sam kupio u Nemačkoj 269e u julu, posle Samsunga A8 2018 i 4.5 god korištenja(i dalje šljaka) za mene je brutalan tel .Nisam nešto zahtevan korisnik tako da i ne znam kakve benefite donosi 13ka,al mi smeta u facebook app dok sam gore više nemam sata,bat,signal notifikacije.. samo belo. Jel neko zna da li moze to negde da se podesi da se vidi. Hvala",8,"Dužina (>=15 reči), Suprotni veznici, Negacija, Motiv kupovine"
https://mobilnisvet.com/mobilni-komentari/xnjcm/Xiaomi/Redmi-Note-12-Pro/6,Xiaomi,Xiaomi Redmi Note 12 Pro,Vuk,2023-09-11 10:54:00,Kupio sam ovaj model 8/128 pre oko mesec dana međutim od prvog dana ima ogroman problem sa grejanjem. Čak pri korišćenju društvenih mreža i gledanja yt bude vreo dosta. Pokušao sam i fabrički restart ali nije pomoglo. Moraću da ga menjam pa me zanima da li je bolje ostati na ovom modelu ili uzeti A34?,8,"Dužina (>=15 reči), Suprotni veznici, Negacija, Motiv kupovine"
https://mobilnisvet.com/mobilni-komentari/9260/Apple/iPhone-13/13,Apple,Apple iPhone 13,Dusan 93,2022-06-11 20:56:00,"Posle dve godine koriscenja Huawei P30. Kupio sam iphone 13. Bez ikakvih zamerka telefon kida. Lagano nosi se i bez bilo kakvog silikona,kockast sa strane lago se nosi u ruci. Baterija super, kamere i video stvarno odusevljenje u odnosu na P30 ( ne lajt i ne pro). Imam ga oko 20 dana. Jedina zamerka slusalica,stvarno se bas lose cuje za telefon sa ovom cenom znamo svi koliko. Inace ekran,brzina,kamere, video na zadnjoj pa i predjoj kameri,zvucnik x2 cuju se topp,telefon zgodan za ruku. Hteo sam 13 mini ali bih se zeznuo i ovaj nije veliki toliko. Prezadovoljan sam.",8,"Dužina (>=15 reči), Suprotni veznici, Negacija, Motiv kupovine"
https://mobilnisvet.com/mobilni-komentari/9260/Apple/iPhone-13/13,Apple,Apple iPhone 13,Pitanje,2022-07-10 15:09:00,Zanima me misljenje ljudi koji poseduju ovaj telefon. Da li se cuje jako pozadinska buka pri razgovoru sozbirom da 13 nema noise cancelation? Planiram da ga kupim ali se zbog toga dvoumim izmedju 12 i 13.Hvala unapred!,8,"Dužina (>=15 reči), Suprotni veznici, Negacija, Motiv kupovine"
https://mobilnisvet.com/mobilni-komentari/7179/Apple/iPhone-11-64GB/8,Apple,Apple iPhone 11,Bojan,2022-10-16 19:05:00,"Pozdrav. Imam Huawei nova5t i stvarno sam zadovoljan. Drugari imaju iphone 11 ali od 128 gb i mnogo im se svidja. E sad, ja bih uzeo od 64 gb pa me interesuje sta mislite generalno o memoriji, kameri, radu telefona, bateriji kao i da li uzeti od 64 ili od 128 posto je razlika maltene 100 eura.",8,"Dužina (>=15 reči), Suprotni veznici, Specifikacija, Motiv kupovine"
https://mobilnisvet.com/mobilni-komentari/7598/Huawei/P40-Pro/10,Huawei,Huawei P40 Pro,Klikker,2020-07-07 09:30:00,"Imao sam P30 pro, isti zamjenim za S20 plus i jos sebi ne mogu doci kakav sam kreten ispao sam sebi. Telefon je dakle , po mom misljenju bezveze. Uzeo bih p 40 pro al me malo brine zbog google servisa, ali kao sto vidim ovdje po komentarima da i to nije neki problem. Volio bih da me malo osokolite.. :)",8,"Dužina (>=15 reči), Suprotni veznici, Negacija, Motiv kupovine"
https://mobilnisvet.com/mobilni/9283/Apple/iPhone-13-Pro-Max-1TB,Apple,Apple iPhone 13 Pro Max,Sasa,2024-04-01 01:26:00,"poz.trebam pomoc.kupio ga danas,polovan,256gb,.nece da prima i salje pozive.samo prekine vezu.a kad me neko zove,stigne mi kao propusten poziv.u pitanju je telekom cg mreza.da napomenem da je internet i sms u redu.inace i na proslom modelu ista stvar.dok druga kartica,One mreza,radi ok.",8,"Dužina (>=15 reči), Suprotni veznici, Specifikacija, Motiv kupovine"
https://mobilnisvet.com/mobilni-komentari/9260/Apple/iPhone-13/10,Apple,Apple iPhone 13,Aleksandar,2023-04-06 18:59:00,"Pozdrav, uzeo sam ovaj tel nov i kupio or punjac ali baterija ne moze da izdrzi ni jedan dan moze neki savet u vezi punjenja jer nikad nisam koristio iphone pre toga, deluje mi bas bezveze da mi baterija tako slabo traje.",8,"Dužina (>=15 reči), Suprotni veznici, Negacija, Motiv kupovine"
https://mobilnisvet.com/mobilni-komentari/9567/Xiaomi/12/5,Xiaomi,Xiaomi 12,Misa,2022-12-29 17:39:00,"Dvoumim se izmedju mini 13 iphone i xiaomi 12.iphome mi odgovara zbog velicine,lako ga spakovati u dzep,i ima visegodisnju podrsku nadogradnju.imao sam 11t xoaomi ali zboh velicime dao sam ga,preglomazan mi je .iako sam telefon kao telefon mi je bio sasvim ok fluidan brz.pre toga sam imao 11 ne koji sam nakon vise meseci morao da reklamiram",8,"Dužina (>=15 reči), Suprotni veznici, Negacija, Motiv kupovine"
https://mobilnisvet.com/mobilni-komentari/pt4qv/Apple/iPhone-14-Pro-Max/4,Apple,Apple iPhone 14 Pro Max,Lacke,2023-06-07 18:14:00,"Pozdrav svima, uzeo sam novi 14 pro max, ali imam jedan problem. Kad stavim telefon na punjac punjenje dodje do nekih 40% i tu stane, zatim izvadim lunjac iz struje, ponovo ga ubacim i on nastavi sa punjenjem, imam punjac od 25w.",8,"Dužina (>=15 reči), Suprotni veznici, Specifikacija, Motiv kupovine"
https://mobilnisvet.com/mobilni-komentari/khb/Samsung/Galaxy-S23/6,Samsung,Samsung Galaxy S23,МилеНС,2025-02-05 10:33:00,"Družino, uzeo sam juče S23 i na stranu što mi se i dalje sviđa više stari A7 (2018) šta ću, moram se privikavati na s23 ali neke stvari ne umem da rešim. Elem na početnom ekranu gde mi piše desno temperatura a levo sad i kalendar bukvalno nemam DATUM nego piše tipa sre(mesec:februar) ?!?! Šta imam od informacije da je sreda u februaru? Nema šta nisam probao ne mogu da nađem kako se to menja ? p.s. telefon mi je na srpskom (ćirilica).",8,"Dužina (>=15 reči), Suprotni veznici, Negacija, Motiv kupovine"
https://mobilnisvet.com/mobilni/9793/Samsung/Galaxy-A13-4GB-128GB-Dual-SIM,Samsung,Samsung Galaxy A13,Beko Čekič,2024-05-22 01:17:00,"Nije los telefon ali nije ni neka posebna preporuka ja sam ga nekoliko puta resetovao u pola godine od kako sam ga kupio, ali radi posao ko nije mnogo zahtevan biće zadovoljan. Imam jedno pitanje da li Samsung A13 podržava otg adapter za prenos podataka sa fleš? Hvala.",8,"Dužina (>=15 reči), Suprotni veznici, Negacija, Motiv kupovine"
https://mobilnisvet.com/mobilni-komentari/9638/Samsung/Galaxy-S22-5G/10,Samsung,Samsung Galaxy S22 5G,Vladimir,2022-04-24 14:34:00,"Lep dizajn, dobre kamere i ekran ali katastrofalna baterija. Bez ijedne igrice, bez youutbe-a, malo twiter, jos manje instagram, fotografisanje i viber i baterija samo curi. Prosto je neverovatno koliko je loša. A telefon se greje nenormalno ako se samo malo optereti, dok sam ga sinhronizovao sa starim telefonom mogao sam jaje da ispečem na njemu. Ovo mi je prvi samsung i sigurno poslednji. Uzeo sam ga prevashodno zbog dimenzija i kamere jer mi je zbog prirode posla to najvažnije ali mi je isto tako potrebna određena autonomija koju ovaj telefon nema. Ovaj telefon ne može da se preporuči nikome osim mazohistima, velika šteta i veliki minus za samsung, naročito što ni punjač ne dolazi uz telefon.",8,"Dužina (>=15 reči), Suprotni veznici, Negacija, Motiv kupovine"
https://mobilnisvet.com/mobilni-komentari/8389/Xiaomi/Redmi-Note-10-Pro/30,Xiaomi,Xiaomi Redmi Note 10 Pro,Ivan,2021-08-11 22:36:00,"Pozdrav svima.Juce sam uzeo Xaomi Redmi Note Pro 10 realno ja sam izgleda preglup za koriscenje ovog sjajnog telefona.Prvo ne mogu da prekopiram sve sto zelim sa starog telefona (Huawei y3) pokusavam preko aplikacije Phone Clone instaliram deinstaliram uvek mi prvu opciju nudi na novom telefonu da je sari neda drugu opciju.AOD mi ne funkcionise u opste, kameru nemogu da podesim da imam kvalitetne fotografije nista nemogu da podesim da dovedem telefon u stanje kakav bi trebao da bude, telefon je odlican ali sam ja definitivno preglup za njega.Ako mozete pomazite ako ne moram da ga nosim u dervis da ni oni podese sve te perfonmanse.Unapred hvala.",8,"Dužina (>=15 reči), Suprotni veznici, Negacija, Motiv kupovine"
https://mobilnisvet.com/mobilni/9838/Samsung/Galaxy-A33-5G-Dual-SIM,Samsung,Samsung Galaxy A33 5G,Jelena,2023-07-14 07:17:00,"Kupila sam ovaj telefon u MTs-u jer nisam imala novca da kupim u prodavnici. Donela ga kući i okrenula par brojeva. Pri svakom pozivu u pozadini se čuje šum. Vratila ga na reklamaciju, čekala 10 dana da bi mi reklamaciju odbili - sa telefonom je sve u redu. Opet ga donela kući, pri razgovorima se čuje šum u pozadini. Ni sa jednim prethodnim telefonom se to nije čulo. Poludela sam. Ne mogu da podnesem da naredne 2 godine plaćam nov telefon koji ima šum. Danas ga nosim u ovlašćeni servis, ali verujem da od toga neće biti ništa. Šta drugo da radim?? Da li neko ima ovakav problem?",8,"Dužina (>=15 reči), Suprotni veznici, Negacija, Motiv kupovine"
https://mobilnisvet.com/mobilni-komentari/9654/Samsung/Galaxy-S22-Ultra-5G/10,Samsung,Samsung Galaxy S22 Ultra 5G,Vule,2022-10-04 01:45:00,"Jedan od glupljih nacina da potrosis novac je kupovina ovog telefona, prvenstveno zbog velicine i tezine, e onda hoces adekvatno da ga zastitis i kupis opet samsungov proizvod, smart clear view cover, u koji kada ubacis ovaj telefon dobije bas robusnost cigle, neprakticnost itd. Nisu bili u stanju da na mali cetvrtasti otvor ubace parce plastike koji bi stitio ekran nego ostavise suplju rupu tako da ekran nije u potpunosti zasticen, uz to ostaju tragovi prstiju sacuvaj boze. Prijem signala je diskutabilan ,mada moram priznati da nemam problem sa ostvarivanjem poziva i internet uslugama, ali retko gde ce pokazati pun signal (yettel). Baterija je jos gora nego na s21fe..samo sto s21fe kosta skoro 2.5 x manje pa i da prezalis bateriju..i onda kad ti se sve to skupa smuci skapiras da ne mozes ni da ga se otarasis jer moras da izgubis skoro vrednost jednog s21 fe sto nije malo..Jedino sto bi pohvalio je kamera koja je neverovatno dobra.Nisam odusevljen telefonom i ovo je poslednji put da sam dao pare za ovakvu glupost.",8,"Dužina (>=15 reči), Suprotni veznici, Negacija, Motiv kupovine"
https://mobilnisvet.com/mobilni-komentari/l7m/Samsung/Galaxy-S23-Ultra/32,Samsung,Samsung Galaxy S23 Ultra,Giga®️,2023-07-29 12:18:00,"Najbolje je ono sto trenutno imas. Jer, da nije tako ne bi ga ni kupio. U izboru su bili i ostali modeli, ali sam se za iste pare odlucio za ovaj na oglasima..best buy..simple 🤷‍♂️",8,"Dužina (>=15 reči), Suprotni veznici, Negacija, Motiv kupovine"
https://mobilnisvet.com/mobilni/mym/Huawei/Pura-70-12GB-512GB-2x-SIM,Huawei,Huawei Pura 70,Dušan,2025-07-01 07:37:00,"Uzeo bih Puru 70pro ali koliko znam ne može plaćanje u Srbiji preko Nfc probao sam sve živo,ako neko zna nek objasni.....",8,"Dužina (>=15 reči), Suprotni veznici, Negacija, Motiv kupovine"
https://mobilnisvet.com/mobilni/mym/Huawei/Pura-70-12GB-512GB-2x-SIM,Huawei,Huawei Pura 70,Goran,2025-09-26 06:56:00,"Uzeo sam pre 2 dana Huawei pura 70.Trenutno koristim honor magic 7lite pa da napravim samo malo poredjenje ova dva telefona.Bicu kratak,pura 70 ima zaista premijum izgled ali uz njega se dobija plasticna maskica sto nikako ne ide uz ovaj telefon sa metalnim okvirom zbog grebanja.I sada ono najvaznije,jedini aduti ovog telefona su izgled,vrhunske kamere koje zaista rade perfektno i na kraju stereo zvucnici koji imaju kvalitetan zvuk i...tu je kraj.U svemu drugome Hm7l je superiorniji,bolja baterija,bolji ekran,veci ekran i mnogo tanji telefon koji odlicno radi svoj posao.Tako da,kome trebaju odlicne kamere onda je to pura 70 a kome treba sve ostalo onda definitivno Hm7l.I jos nesto,cena ovog telefona je nerealno visoka i precenjena.",8,"Dužina (>=15 reči), Suprotni veznici, Negacija, Motiv kupovine"
https://mobilnisvet.com/mobilni/w1d/Huawei/P60-Pro-Dual-SIM,Huawei,Huawei P60 Pro,Nikola,2025-05-03 07:43:00,"Pozdrav, uzeo sam pre par dana telefon. Nakon dugo koriscenja P20 Pro, naravno, sledeci je Huawei opet. Uglavnom, podesio MicroG, Framework( ne znam da li i to treba al ajd) i radi sve ok.",8,"Dužina (>=15 reči), Suprotni veznici, Negacija, Motiv kupovine"
https://mobilnisvet.com/mobilni-komentari/d8r7f/Xiaomi/Redmi-Note-12-Pro+/2,Xiaomi,Xiaomi Redmi Note 12 Pro+,Поооомоћ,2023-06-17 15:32:00,"Uzela sam ovaj mob, u suštini je ok, slike su super, sem što je viber spor i kada pričam sa nekim preko vibera seče sliku i usporava što nije bio slučaj sa prethodnim mob. Baterija ne izdrži ceo dan  iako nisam zahtevan korisnik, ne koristim društvene mreže ni igrice, mada zbog posla imam dosta poziva ali opet šta znam valjda je to tako sa većinom telefona. Punjač mu je brz , napuni ga za 15-20 min.skroz.",8,"Dužina (>=15 reči), Suprotni veznici, Negacija, Motiv kupovine"
https://mobilnisvet.com/mobilni/gsmly/Huawei/nova-10-SE-8GB,Huawei,Huawei nova 10 SE,Mihajlo,2023-04-15 17:54:00,"Uzeo telefon pre 3-4 dana, instalirao mu youtube sa gbox-a i ucita video donekle i stane, kad dodje dotle, zabaguje i vrti samo kao sa ucitava ali ne moze da ucita. Obrisao i skinuo sa gspace-a i isto se desava. Postoji li resenje i kako ? Skinuo sam neke zamene za youtube , tipa youplay , vanced i to radi besprekorno.",8,"Dužina (>=15 reči), Suprotni veznici, Negacija, Motiv kupovine"
https://mobilnisvet.com/mobilni/gsmly/Huawei/nova-10-SE-8GB,Huawei,Huawei nova 10 SE,Laza,2023-07-31 22:46:00,"Uzeo sa Nova 10 se preko A1 i ovo su moji utisci. Dizajn - vanserijski, Ekran -izvanredan, Kamere - solidne, Punjene - veoma brzo, Procesor - solidan za prosečne korisnike, Zvuk - jak ali nije stereo.",8,"Dužina (>=15 reči), Suprotni veznici, Negacija, Motiv kupovine"
https://mobilnisvet.com/mobilni/sg3/Samsung/Galaxy-A35-8GB-256GB-2x-SIM,Samsung,Samsung Galaxy A35,Marko,2025-04-23 20:27:00,"Uzeo pre mesec dana 8/256 na oglasima za 220. Prezadovoljan, od funkcija do toga kako radi, iako sam cuo da ume da se zagreje, iskreno, meni se zagrejao nista neuobicajeno, probao sam genshin impact i na medium settings radi fino. Zadovoljan i baterijom, ako ne preteram sa igricama koji piju bateriju gura ceo dan i brzo se napuni. Sve preporuke!",8,"Dužina (>=15 reči), Suprotni veznici, Negacija, Motiv kupovine"
https://mobilnisvet.com/mobilni-komentari/pt4qv/Apple/iPhone-14-Pro-Max/4,Apple,Apple iPhone 14 Pro Max,Max,2023-07-31 06:56:00,"Samsung je ove godine produžio ažuriranja. Dvoumio sam se i ja između S23U i 14PM ali kad sam video da su odmah rekli kako S22U ne valja i odmah ga eliminisali i povukli, odustao sam od tog modela i uzeo iPhone (daju i ažuriranja 6 god i redovna su)",8,"Dužina (>=15 reči), Suprotni veznici, Negacija, Motiv kupovine"
https://mobilnisvet.com/mobilni-komentari/9567/Xiaomi/12/5,Xiaomi,Xiaomi 12,Shone,2022-12-08 20:02:00,"Juce sam ga uzeo, telefon je brutalan u svakom smislu!! Stalno menjam telefone,radim s telefonima,prodajem iste...do juce sam nosio iphone 13 pro,pre njega s22 samsung...Ovaj telefon je prelep u odnosu na s22,i baterija je jaca i izdrzljivija za celih 30 posto...Samsung je jedva do veceri sastavio ceo dan,ovaj bez problema to radi i pritom pred spavanje ladno ostane 20-30 procenata! Prepostavljam da je do procesora jer je samsung kod nas sa exynos procesorom.Kvalitet izrade je perfektan,telefon lezi u ruci samo tako!!!Brzina,rad,fluidnost sve na visini zadatka ! Da ameri nisu zeznuli huawei sa google servisima,jer ovde kod nas ljudi na to obracaju paznju dosta,i izbegavaju isti...Huawei i Xiaomi sada su apsolutno najbolji telefoni i tu price nema! Naravno sa iphone ne bih vrsio nikakva poredjenja jer je nemoguce doci do zakljucka sta je bolje a sta losije,ipak su to dva razlicita sistema i svako ima svoje mane a isto tako i prednosti...inace ko se dvoumi izmedju s22 u svetu androida i izmedju ovog modela,definitivno ovaj i tu gresaka nema!",8,"Dužina (>=15 reči), Suprotni veznici, Negacija, Motiv kupovine"
https://mobilnisvet.com/mobilni/hjz/Xiaomi/Redmi-Note-14-Pro+-5G-12GB-512GB-1x-SIM-1x-eSIM,Xiaomi,Xiaomi Redmi Note 14 Pro+ 5G,Miljan,2026-02-19 11:34:00,"Redmi 14 pro plus 12 512 opšti utisak o telefonu, imam ga skoro mesec dana. Za to vreme sam dobio android 16 i radi na hyper 3. Baterija je zasada fantastična izgura bukvalno ceo dan, gde pritom igram igricu war drone. Reklame koje su se pojavljivale bukvalno posle igranja svake igre mogu da se isključe menjanjem DNS na manual i tada nema reklama ali se ne dobija ni bonus zbog negledanja reklame. Telefon u ruci kada se drži ima se osećaj kao da je premijum od preko 1000 eura a to mogu da tvrdim zato što mi klinac koristi Samsung S23 ultra. Kamere su ok za ovaj cenovni rang. I AI posle update je postao fluidniji i mnogo bolje radi. Ekran je fantastičan sa velikim osvetljenjem a ono što je dobro otporan je na padove. Zvuk je fantastičan i svuda mi se ona pilula koju su kopirali od ajfona koja izlazi kada se koristi tajmer, baterijska lampa pusta muzika itd. Kada se pritisne baterijska lampa može da se smanji i poveća svetlost što je fantastično.",8,"Dužina (>=15 reči), Suprotni veznici, Negacija, Motiv kupovine"
https://mobilnisvet.com/mobilni-komentari/khb/Samsung/Galaxy-S23/12,Samsung,Samsung Galaxy S23,Nina,2024-05-22 11:03:00,"Pozdrav svima. Nadam se da mi možete pomoći. Dvoumim se između iPhone 13 pro, Pixel 8 i samsung S23? Našla sam polovan Iphone 13 pro sa 95 bh, stanje 9.5/10 za 550 eura dok za isti novac mogu uzeti nov S23 i pixel 8? Zanima me vaše mišljenje. Ne znam da li vredi doplatiti za S24. Ovi modeli mi odgovaraju zbog veličine. Hvala svima unapred",8,"Dužina (>=15 reči), Suprotni veznici, Negacija, Motiv kupovine"
https://mobilnisvet.com/mobilni-komentari/gz0/Honor/Magic5-Pro/14,Honor,Honor Magic5 Pro,Vladimir,2023-06-07 17:26:00,"Cuo sam da se mnogo greje, baterija losa, na suncu ekran potamni zbog vec navedenog grejanja, pocne da koci.. mnogo mana za telefon od preko 1300e. Da li ima neko slicna iskustva? Razmisljao sam da dam Honoru sansu, ali na osnovu svega sto sam procitao, rekao bih da to nije dobra ideja. Dvoumim se izmedju njega ili da sacekam iphone15. S tim sto iphone uzimam u Americi pa mogu da ga svrstam u isti cenovni rang, nece kostati 2500e kao kod nas 🙂 samsung s23u mi nije ostavio utisak kakav sam ocekivao.. prepakovana s22 sa malo boljom baterijom ako se ne varam.. bas cudne stvari sa ovim telefonima u flagship rangu",8,"Dužina (>=15 reči), Suprotni veznici, Negacija, Motiv kupovine"
https://mobilnisvet.com/mobilni-komentari/87w/Honor/400-Pro-12GB-256GB-1x-SIM-1x-eSIM/10,Honor,Honor 400 Pro,Scarface,2025-07-16 13:46:00,Uzeo sam honor 400pro. Može li mi neko reci kako da isključimo spoljne tonove (šum) tokom snimanja videa. Izašlo mi je tokom prvog snimanja da uključimo otklanjanje šuma ali nisam prihvatio i sada ne znam gde se nalazi...,8,"Dužina (>=15 reči), Suprotni veznici, Negacija, Motiv kupovine"
https://mobilnisvet.com/mobilni-komentari/blm/Honor/Magic5-Lite/10,Honor,Honor Magic5 Lite,Miki,2023-10-11 08:15:00,Juče sam kupio Honor magic 5 8/256 i kada sam instalirao aplikaciju i povezao JBL bubice zvuk u njima je upola slabiji i loišiji nego dok su bile povezane na staru motorolu. Nijedno podešavanje nije pomoglo ni na aplikaciji ni na telefonu. Da li neko možda zna u čemu je problem?,8,"Dužina (>=15 reči), Suprotni veznici, Negacija, Motiv kupovine"
https://mobilnisvet.com/mobilni-komentari/8389/Xiaomi/Redmi-Note-10-Pro/21,Xiaomi,Xiaomi Redmi Note 10 Pro,Max335,2022-01-24 21:50:00,"Ljudi pomagajte. Kupio sam rn 10 pro. Kako da imam notifikaciju na zakljucanom telefonu kad imam propusten poziv, poruku, viber, whatsapp. Dok ne ukljucim tel ne vidim nista. Jel postoji uopste resenje.",8,"Dužina (>=15 reči), Suprotni veznici, Negacija, Motiv kupovine"
https://mobilnisvet.com/mobilni/66m/Samsung/Galaxy-S24-FE-8GB-256GB-1x-SIM,Samsung,Samsung Galaxy S24 FE,Saša,2025-12-12 15:33:00,"Kakav mu prijem signala jel iko to zna primetio i tako to,ja prije a52 imao signal svuda u selu,uzeo a56 i primetno lošiji prijem signala,slabiji nego na a52,zanima me dal i ovaj ako uzmem isto bude jer ima exsinos ili je kod ovog bolji prijem,jer na a52 sam svuda u selu net imao mogao pričati,dok sa ovim na pola mjesta prekine izgubi se 4g pa vrati i tako to što se nije dešavalo na a52",8,"Dužina (>=15 reči), Suprotni veznici, Negacija, Motiv kupovine"
https://mobilnisvet.com/mobilni-komentari/l7m/Samsung/Galaxy-S23-Ultra/33,Samsung,Samsung Galaxy S23 Ultra,Kosta,2023-07-19 17:53:00,"Pozdrav ljudi, da li je jos neko imao problema sa osvetljenjem ovog telefona? Problem se zapravo javlja po jakom suncu i vrucini. Raspalim svetlo na maksimum, ukljucim i ono dodatno osvetljenje i telefon se zaista dobro vidi i po suncu. Naime, desava se to da posle nekoliko minuta najobicnijeg listanja FBa ekran drasticno zatamni, ili bilo kakve najobicnije, nezahtevne operacije. A i dalje stoji kao da je pojacan na maksimum i da je ukljuceno dodatno osvetljenje, ali ne svetli ni upola. Uzmem danas po da ga uporedim sa Redmijem Note 10 Pro, dve godine starom kantom od Xiaomija od 250 evra, kad eto ti cuda. Samsungu opadne svetlost posle nekoliko minuta na suncu i mogu cak reci da je Xiaomi bio za nijansu svetliji. Sta vi kazete ljudi, da li da ga nosim sutra u radnju gde sam ga i kupio? Da li je neko imao isti ili slican problem?",8,"Dužina (>=15 reči), Suprotni veznici, Negacija, Motiv kupovine"
https://mobilnisvet.com/mobilni/219g8/Huawei/nova-10,Huawei,Huawei nova 10,Zoran,2024-04-08 23:00:00,"Evo i mog prvog komentara. Telefon sam kupio pre tačno mesec dana i posle par dana korišćenja shvatim da vlog kamera ne radi kako treba jer zvuk kasni za slikom. Takođe, sagovornici se žale da me slabije čuju. Inače lep telefon, lagan, baterija sasvim solidna dok sam od kamera zadnjih očekivao više .... Sve Gugl aplikacije se lako skinu preko GSpace, GBox i Apk pure. Trenutno iz drugog puta pokušavam da zamenimo telefonom jer su prvo put samo prepisali softver.",8,"Dužina (>=15 reči), Suprotni veznici, Negacija, Motiv kupovine"
https://mobilnisvet.com/mobilni-komentari/9567/Xiaomi/12/2,Xiaomi,Xiaomi 12,Borivoje,2023-05-16 22:58:00,"Koristim Xiaomi od Januara 2023. Za sada sve TOP. Super punjenje, baterija solidna, gura ceo dan lagano na 7h screen on time sa xxx aplikacijama. Kamera me odusevila, nocne fotografije haos pravi, snimak takodje rastura. Selfi kamera slaba, msm ok je ali nije kao na s seriji ne moze da se porede iskreno. Da li se greje? Dok igram igrice da, ovako ne. Sa updateom su sve to popravili. Malih dimenzija praktican za ruku. Display extra ima cak 12bita panet, zvuk isto. Sve u svemu za novac oko 400e trenutno nema jaci telefon. Ja ga uzeo na snizenje jos u Januaru za 400e.",8,"Dužina (>=15 reči), Suprotni veznici, Negacija, Motiv kupovine"
https://mobilnisvet.com/mobilni-komentari/9567/Xiaomi/12/2,Xiaomi,Xiaomi 12,vladimir,2023-06-15 01:24:00,"u jednoj maloprodaji sam kupio redmi note 12 pre mesec dana.Od pocetka imam problem sa mikrofonijom onoga koga zovem.Svi se zale da sebe cuju duplo.Zalio se.Dao tel. Na reklamaciju,odgovor je da nisu primetili  nikakve probleme I da ga salju u ovlasceni servis.Prodje 8 dana-znaju proceduru I odgovor da nije otkriven nikakav problem! Cekam na moj tel da mi ga vrate .Evo treci dan.Saljem mailove,kazu,putuje do vase prodavnice gde stew ga kupili.Dobicete obavestenje kada stigne. Nekoliko servisa pitam za ovaj problem I uvek isti odgovor.Odbice reklamaciju,znaju svi da je problem na samoj ploci-mikrofonima,ali vam nece priznati reklamaciju.U svakoj normalnoj zemlji,nov tel bi vam zamenili za isti ,kako bi I kupac I naravno prodavac dobili pozitivne komentare.Odgovor nekoliko vrhunskih ,verujte vmi servisera je-odbice te I tako u krug. Znaju sve procese o zastiti potrosaca I koriste ga u svoju korist!",8,"Dužina (>=15 reči), Suprotni veznici, Negacija, Motiv kupovine"
https://mobilnisvet.com/mobilni-komentari/8436/Samsung/Galaxy-A52/10,Samsung,Samsung Galaxy A52,Mile,2021-05-11 13:41:00,"Vidim da se ovde svašta piše..e, pa evo mog iskustva...godinama sam koristio samo flagship telefone i shvatio da je to ipak bacanje para...uzeo sam sad namerno u Telenoru A 52 iako mogu sebi da priuštim i mnogo skuplji telefon...i jednom rečju oduševljen sam...izgleda da sam ja baš imao sreće...nigde mi ništa ne krcka niti se ugiba...zapravo telefon deluje baš kompaktno i čvrsto...ne krči mi ništa ni u slušalici ni u zvučniku...inače imate da podestie zvuk u slušalici baš za vaše uvo...idite u podešavanja pa u Atmos postavke..dole na kraju...meni lično ( naaravno to je stvar ukusa) se baš svidja što je od ove mat plastike...nikad nisam ni voleo staklo na poledjini...razlika u osvežavanju izmedju 60 i 90 herza se itekako primeti u radu bez obzira što ovde pišu da nema nikakve razlike...ekran naravno fenomenalan i  ( opet subjektivno) meni uopšte ne smetaju malo deblje ivice oko njega...ništa mi ne znači ni da su tanje...baterija odlična...sve mi je stalno uključeno ( Wi-Fi, razmena podataka, osvetljenje skoro na najjače stalno ( imam loš vid),blutut i AOD) vrlo sam zahtevan korisnik, baš cedim telefon onako maksimaln i baterija opuštrno izdrži ceo dan, odnosno, skinem ga sa punjača oko 9 ujutro i u ponoć je on na35-40%...da ponovim- sve živo mi je stalno uključeno i baš mnogo koritim telefon ( internet, pozivi...ma sve živo)..jeino ne igram igrice...štop se tiče kamera mislim da su zaista odlične za jedan mobilni telefon...ja se profi bavim fotgrafijom tako da mi kamere na mobu nisu od presudnog značaja ( slikam foto aparatom) ali mislim da su dlične...testirao sam ih onako baš ozbiljno...naravno na sve to dolazi i Samsungov softver koji je meni najbolji i najlepši u Android svetu...sve leti bez i najmanjeg trzaja...sve u svemu- ja sam iskreno oduševljen ovim telefonom i znam da nikad više neću uzimati flagšip telefone..jedino mi nije jasno kako sm ja imao toliko sreće sa ovim modelom a niko drugi nije",8,"Dužina (>=15 reči), Suprotni veznici, Negacija, Motiv kupovine"
https://mobilnisvet.com/mobilni-komentari/9573/Samsung/Galaxy-S21-FE-5G/8,Samsung,Samsung Galaxy S21 FE 5G,Zzr,2023-08-27 18:56:00,"Kupio sam tel pre 10 dana.Telefon je super.|Bateija je dobra ceo dan bez ikakvih problema,kamere mnogo dobre,punjenje je dobro nije najbrze ali sa dobrim punjacem se napuni dosta brze.Iskreno kada sam citao neke komentare ,kako je losa baerija puni se dugo ovo ono od svega toga nije nista tacno.",8,"Dužina (>=15 reči), Suprotni veznici, Negacija, Motiv kupovine"
https://mobilnisvet.com/mobilni-komentari/9573/Samsung/Galaxy-S21-FE-5G/16,Samsung,Samsung Galaxy S21 FE 5G,Zeljko,2022-09-19 21:11:00,"Odgovorno tvrdim da u ovoj klasi telefona nema bolji telefon,presao sam sa p30 pro i danima sebe kritikovao,sto sam uzeo,jer definitivno baterija na ovom telefonu i p30 su nebo i zemlja i verovatno fotografije u noćnim uslovima,brzina je tu negde,iako bi trebalo da bude na na strani samsunga,ali ovo je moj prvi tel samsung i sistem je mnogo dobar,optimizovan,kamere( noćni rezim) i video su bruka dobri,širokoougaona isto ,zvuk,bateriju sam stavio na 60 herca i nista nisam toliko izgubio,sada je stiglo azuriranje ,od 600 mb ,pa ću videti dali su malo popravili bateriju,ali mi se ovaj tel sve više svidja",8,"Dužina (>=15 reči), Suprotni veznici, Negacija, Motiv kupovine"
https://mobilnisvet.com/mobilni-komentari/blm/Honor/Magic5-Lite/2,Honor,Honor Magic5 Lite,Mirjana,2024-07-02 06:27:00,"Do nedavno perfektan telefon za moje skromne potrebe. Kupila sam ga prošle godine i pre otprilike dve nedelje sam primetila da jako slabo čujem sagovornika prilikom razgovora (gotovo da i ne čujem). Ostali mediji se dobro čuju, čuje se ok i kada je uključen spikerfon, ali običan telefonski razgovor jedva. Reklamiram ga prošle nedelje i juče dobijem odgovor da se reklamacija odbija jer nije utvrđena nesaobraznost?!",8,"Dužina (>=15 reči), Suprotni veznici, Negacija, Motiv kupovine"
https://mobilnisvet.com/mobilni-komentari/9573/Samsung/Galaxy-S21-FE-5G/16,Samsung,Samsung Galaxy S21 FE 5G,N,2022-09-29 11:38:00,"Vec duze vreme imam zelju da kupim s21 fe, ali se dvoumim zbog baterije, da li je zaista toliko losa? Da li moze da izdrzi jedan dan nekog standardnog koriscenja, drustvene mreze i surf? Ne igram igrice na telefonu",8,"Dužina (>=15 reči), Suprotni veznici, Negacija, Motiv kupovine"
https://mobilnisvet.com/mobilni/y2f/Xiaomi/Redmi-Note-14S-12GB-512GB-2x-SIM,Xiaomi,Xiaomi Redmi Note 14S,Sloba,2025-05-27 14:15:00,"Imao sam Redmi Note 13 pro 4g vrlo sličan ili čak i isti telefon.Imaju isti procesor.Koristio sam ga samo šest meseci.Nikada ni jedan telefon nisam tako brzo zamenio.Ovaj kao i Note 13 pro 4g a mislim i svi drugi telefoni sa ovim procesorom ima mobilni download samo 7,2 mb/s verovatno zbog toga veoma sporo otvara stranice.Ostalo nije tako loše ali je ovo katastrofa.Po meni ga treba izbegavati.",8,"Dužina (>=15 reči), Suprotni veznici, Negacija, Motiv kupovine"
https://mobilnisvet.com/mobilni/y2f/Xiaomi/Redmi-Note-14S-12GB-512GB-2x-SIM,Xiaomi,Xiaomi Redmi Note 14S,koment,2025-07-20 16:43:00,"telefon jako los za pare koje sam uzeo, hyperos ogranicen tako da telefon nema nikakve animacije, ni zamućenja kontrolnog centra ni sve hyperos teme iako telefon ima dovoljno jak procesor barem za animacije. senzor za slusalicu je neupotrebljiv jer telefon kad se prisloni uvo uopste ne gasi ekran tako da mi se tokom poziva na redovan telefon desilo da je uspeo nekako da pokrene novi poziv na snapchat. Danas mi je bio u dzepu ugasen i nekako je uspeo da se otvori i udje u instagram i vise puta zove ljude. potpuni promasaj od telefona za pare koje je kupljen.",8,"Dužina (>=15 reči), Suprotni veznici, Negacija, Motiv kupovine"
https://mobilnisvet.com/mobilni-komentari/mgt/Samsung/Galaxy-A54/22,Samsung,Samsung Galaxy A54,Boris Blagojević,2023-07-15 12:01:00,Što se tiče A54 i pregrevanja ipak ste u pravu malo sam cackao demo model A54 i stvarno je vruć i topao zato što je uključen i ekran radi 24/7 demonstracija i od te 24/7 demonstracije bez gašenja se usijao.Jos ga nisam kupio samo sam ga gledao i tražio podešavanja za smanjenje zagrevanja i nisam ih našao na prvi pogled površinski gledano na A54 sve isto kao na A21s sa One UI 4.1 Core Edition Android 12 A mislim da je taj A54 Demo Verzija One UI 5.1 Android 13.,8,"Dužina (>=15 reči), Suprotni veznici, Negacija, Motiv kupovine"
https://mobilnisvet.com/mobilni-komentari/gwmgy/Xiaomi/12T-Pro/5,Xiaomi,Xiaomi 12T Pro,Kidy23,2022-12-13 22:54:00,"Razmišljao sam da uštedim nešto para i kupim ovaj telefon umesto flagshipa, ali sam odustao nakon pola sekunde držanja telefona u rukama. Težak plastikaner... Napomenuću da sam 2019. kupio nov 9T Pro za 315e i on je bio izrađen od stakla i aluminijuma, imao je najbrži Snapdragon procesor, dobar sistem kamera, odličan ekran. Ne vidim da ovaj nudi bilo šta više u odnosu na vreme kad je izbačen, a izrađen je kao kineska igračka. Kupio sam na kraju S22 Ultra",8,"Dužina (>=15 reči), Suprotni veznici, Negacija, Motiv kupovine"
https://mobilnisvet.com/mobilni-komentari/l7m/Samsung/Galaxy-S23-Ultra/19,Samsung,Samsung Galaxy S23 Ultra,АЦА,2024-02-06 23:59:00,"Danas sam uzeo fon, znači, bruka. Nema mu ni jedne zamerke, kamera perfektna za moje potrebe. Cena je viša od ovde prikazane, mogao bi tim da se pozabavi time jer sam obišao pet radnji gde nisu imali fon, odnosno treba da stigne roba ali i tamo je tipa 900+",8,"Dužina (>=15 reči), Suprotni veznici, Negacija, Motiv kupovine"
https://mobilnisvet.com/mobilni-komentari/khb/Samsung/Galaxy-S23/19,Samsung,Samsung Galaxy S23,Vukan,2023-10-14 00:43:00,"2 reči najbolje opisuju ovaj telefon : ergonomsko savršenstvo! Prešao na njega sa Huawei-a P30 jer više nema sta da se kupi na tržištu a da je kompaktno. Dugo godina imao samo Huawei, P7, P8, P9, P10, P20, P30 i sad mi je ostalo ili Iphone koji mi ne leži ili S23, Samsung nakon dugo dugo godina. Ne kajem se ni sekunde. Uzeo 8/256 i to namerno green, koji je vise sivi nego zeleni, cudna neka boja ali telefoncic je ubica. Mali ali opasan :-) Svi su izbacili te kompaktne uredjaje od Adroid sveta sem Samsunga. Pravo mi je razocarenje sto Honor nije napravio telefon slicnih dimenzija i karakteristika ali sta sad. Ja ovaj svoj S23 prosto obožavam :-)",8,"Dužina (>=15 reči), Suprotni veznici, Negacija, Motiv kupovine"
https://mobilnisvet.com/mobilni-komentari/pt4qv/Apple/iPhone-14-Pro-Max/3,Apple,Apple iPhone 14 Pro Max,Lazar_M,2024-02-18 21:23:00,"Pozdrav, moze li pomoc, koji telefon bi mi preporucili iPhone 14 Pro Max ili iPhone 15 Pro? U opticaju nije 15 PM zbog cijene, trenutno koristim iPhone 11 i dalje odlicno radi ali je baterija malo popustila, pa bi zato da mijenjam, hvala unaprijed.",8,"Dužina (>=15 reči), Suprotni veznici, Negacija, Motiv kupovine"
https://mobilnisvet.com/mobilni-komentari/khb/Samsung/Galaxy-S23/21,Samsung,Samsung Galaxy S23,viva72,2023-08-29 11:23:00,"Kupio sa pre par dana Samsung S23 ultra, sve je super osim jednoga a to je da se dosta zagreva.Pogotovo kada se puni, kupio sam i samsungov brzi punjač od 45a i kada ga punim gornji deo telefona se baš zagreje.Uzmem npr. da koristim kameru i posle desetak minuta se zagreje.Shvatam da mora imati neku radnu temperaturu ali mi se čini da se zagreva previše.To se najviše oseća u gornjoj polovini telefona, pogotovo sa prednje strane.Možda tako treba, ne znam, možda previše obraćam pažnju na to.",8,"Dužina (>=15 reči), Suprotni veznici, Negacija, Motiv kupovine"
https://mobilnisvet.com/mobilni-komentari/9124/Huawei/P50-Pro/3,Huawei,Huawei P50 Pro,Phoenix,2022-10-16 19:41:00,"Citam komentare i mislim se na kojoj planeti vecina ljudi ovde zivi? Da li je vama stvarno ok da za najprostiju stvar, notifikacije iz aplikacije za dopisivanje, ne moze nista da se uradi? Da li sve moze da se nabudzi, mozda i moze, ali zbog cega bih to morao da radim i da onda pazim da li nesto jeste aktivno ili ne. Prosle godine sam uzeo Mate 40 Pro i to mi je i dalje najlepsi telefon koji sam ikada koristio. Ali apsolutno nista vezano za google ili microsoft servise nije radilo kako treba. Moze da se kao nesto namesti ali nikad ne znas koliko dugo ce da radi.",8,"Dužina (>=15 reči), Suprotni veznici, Negacija, Motiv kupovine"
https://mobilnisvet.com/mobilni/2pg/Xiaomi/Redmi-Note-14-4G-8GB-256GB-2x-SIM,Xiaomi,Xiaomi Redmi Note 14 4G,Nikola,2025-06-15 14:02:00,"Ima Redmi 9 i sad posle fabrickog reseta radi savrseno brzo nikad ni jedan bag, redmi 12 imam treca godina isto savrsen baterija prvog dana i posle 3 godine ista i sada sam uzeo ovaj redmi 14 deluje skupo, kvalitetno, radi savrseno. Ekran odlican, kamere takodje....nikad problem sa Xiaomi dok Samsung uvek neki problem mora biti. Ovaj redmi 9koliko samo puta deca pune ne znam kako izdrzi ulaz uopste za punjac da ne rikne. Toliko o Xiaomi. A tek 14 pro i pro plus pretpostavljam da su savrseni.",8,"Dužina (>=15 reči), Suprotni veznici, Negacija, Motiv kupovine"
https://mobilnisvet.com/mobilni-komentari/8389/Xiaomi/Redmi-Note-10-Pro/37,Xiaomi,Xiaomi Redmi Note 10 Pro,mv,2021-04-29 22:35:00,"Kupio sam pre par dana ovaj telefon - 6/128, međutim nisam nešto impresioniran baterijom kao i povezivanjem na WiFi (2 glavne stvari). Proximity senzor i dalje problem, pa čak i na ovom telefonu, ali to ću ostaviti po strani, nije baš neko iznenađenje.",8,"Dužina (>=15 reči), Suprotni veznici, Negacija, Motiv kupovine"
https://mobilnisvet.com/mobilni-komentari/9955/Honor/70/15,Honor,Honor 70,Milos,2023-03-01 19:59:00,"Evo i mojih utisaka....vec 4 godina sam koristio honor 8X, kojim sam bio prezadovoljan, tako da je prelazak na h70 bio logičan. Uzeo sam posle nedelje verziju 8/256, interfejs mi je poznat, prikaz boja veoma dobar, brzina rada je odlična, baterija traje 37 časova ili ti dan ipo uz neko pristojno maltretiranja ali bez igrica (iste ne igram). Baterija se napuni za 26 minuta... Sve u svemu prezadovoljan i svaka preporuka za h70.",8,"Dužina (>=15 reči), Suprotni veznici, Negacija, Motiv kupovine"
https://mobilnisvet.com/mobilni-komentari/blm/Honor/Magic5-Lite/14,Honor,Honor Magic5 Lite,Stefan,2023-06-22 17:18:00,"Ja sam pre nekih dve nedelje uzeo telefon, i meni je sve ok, ali baterija mi ne traje bas dugo,  koliko je hvale, ne znam da li je do punjaca jel nemam original punjac za njega, nego koristim samsungov, ali kad se napuni ne izdrzi mi ni 10 sati intezivnog koriscenja, reklamiracu ga svakako, samo me zanima da li je neko imao slican problem koji imam i ja",8,"Dužina (>=15 reči), Suprotni veznici, Negacija, Motiv kupovine"
https://mobilnisvet.com/mobilni-komentari/qy8/Xiaomi/15-12GB-256GB-2x-SIM/3,Xiaomi,Xiaomi 15,Gorchy,2025-11-08 11:11:00,"Koristio sam ranije Xiaomi telefone (premijum klase), a poslednje nekoliko godina imam Galaxy S21 i prezadovoljan sam. Sada želim da pređem na snažniji hardver — ne igram igre, ali mi treba više RAM-a i memorije zbog akcione kamere. Softver mi je mnogo bolje iskustvo na S-seriji nego što je bio na Xiaomi-ju kada sam uzeo svoj S21 pre par godina. Kako stoji softver na Xiaomi 15 kada su u pitanju reklame, bagovi i fluidnost? Pre bih uzeo S25 ako je optimizovaniji nego X15 koji ga razbija po pitanju hardvera. Molim da odgovore daju samo korisnici koji su imali visegodisnjeg iskustva sa S serijom.",8,"Dužina (>=15 reči), Suprotni veznici, Negacija, Motiv kupovine"
https://mobilnisvet.com/mobilni-komentari/9573/Samsung/Galaxy-S21-FE-5G/17,Samsung,Samsung Galaxy S21 FE 5G,Bojan,2022-08-24 23:21:00,"Jeno pitanje, imam ovaj tel. od janara, uzeo sam ga u yettel-u, sve je ok radilo, za moje pitrebe, bio sam na moru koristio sam ga i sa vlažnim rukama, i bio je na peškiru na mokrom...tamo nisam toliko obraćao pažnju da li se brzo puni, ali sam primeto da se sporije puni, nijednom nisam pogledao da li piše kada se stavi punjač, veoma brzo punjenje. Vratio sam se pre par dana i zamenio karticu, stavio našu, stavio na punjač punio je, tražio mi je ažuriranje, ažurirao sam ga, i opet stavio punjač, i on mi izbacuje da je detektovana vlaga ili prašina da odmah isključim punjač, da sušim fenom, itd, sušio sam...pa sam ugasio tel. upalio priključio punjač i nije mi to više izbacivalo za vlagu, i punio je ali opet nisam gledao da li brzo puni, i tek jutros sam video da ne puni, čak ni brzo punjenje, a treba da bude veona brzo. Žena ima samsung A52, kod nje kad stavim moj punjač, piše veoma brzo punjenje. Inače sam kupio originalni adapter, kabal dobio uz tel. Ima li neko ideju šta činiti po ovom pitanju?",8,"Dužina (>=15 reči), Suprotni veznici, Negacija, Motiv kupovine"
https://mobilnisvet.com/mobilni/fmj/Apple/iPhone-16-Pro-8GB-1TB-2x-SIM,Apple,Apple iPhone 16 Pro,Aca,2025-12-13 19:33:00,"imam 16 pro,pa sam kupio 17 pro max,ipak nisam imao nikad max model pa da vidim kako je,hteo sam jacu bateriju i to sam primetio da je velika razlika,sa iphone 16 pro nisam bio bas odusevljen,kad ga uporedim sa ovim kao igracka je...ja sam kupio beli jel bela boja za iphone je najbolja,onaj mi bio grey nije bilo lepo...",8,"Dužina (>=15 reči), Suprotni veznici, Negacija, Motiv kupovine"
https://mobilnisvet.com/mobilni-komentari/9841/Samsung/Galaxy-A53-5G/8,Samsung,Samsung Galaxy A53 5G,Lenjin,2022-09-03 21:43:00,"Zdravo svima. Koristim Redmi note 10 pro. Prije njega koristio sam Redmi note 8 i redmi note 9 pro. Htio sam da kupim Redmi note 11 pro ali mi se nisu svidjele karakteristike mobitela. Nakon pročitanih i pregledanih recenzija kupio sam Samsung galaxy A53 5g. Mobitel dobijam za tri dana. S obzirom da a53 nema u pakovanju punjač, interesuje me mogu li da koristim ovaj od redmi not 10 pro? Hvala. Pozz",8,"Dužina (>=15 reči), Suprotni veznici, Negacija, Motiv kupovine"
https://mobilnisvet.com/mobilni/sbw/Apple/iPhone-16-Pro-Max-8GB-1TB-1x-SIM-2x-eSIM,Apple,Apple iPhone 16 Pro Max,Mina,2025-06-24 11:15:00,"Skoro sam prešla posle dosta godina sa Androida na IPhone pre svega zbog fantastične kamere ali nikako da se naviknem na Apple galeriju, imam verziju iOS 18.5. Naime u galeriji mi strpa sve žive slike, screenshots, downloads, WA, itd. zajedno sa snimcima sa moje kamere u onaj prvi prikaz gde je to sve pomešano i totalni haos. Kod Android OS sam imala (konkretno Samsung), posebno slike sa moje kamere u Camera folder, a sve ostalo po svojim folderima. Znao se red što je i logično. Izgleda da ne mogu Iphone Gallery App da podesim da radi to isto. Znam da mogu ja da pravim albume i dodajem slike u njih, ali ovu veliki papazjaniju gde je sve zajedno odmah na početku ne znam kako da kultivišem. Koji app drugi da skinem da je free i da se dobro pokazao? Pokušala sam da skinem Google Photos ali njega uopšte nema na App Store i kada se locira putem pretraživača i proba da instalira kaže da nije dostupan za region Srbije. Kako to? Da li mogu da nekako promenim region van Srbije pa instaliram Google Photos pa se vratim na region Srbije da mi ne bi iOS pravio probleme posle oko drugih stvari? Hvala puno :*",8,"Dužina (>=15 reči), Suprotni veznici, Negacija, Motiv kupovine"
https://mobilnisvet.com/mobilni/hjz/Xiaomi/Redmi-Note-14-Pro+-5G-12GB-512GB-1x-SIM-1x-eSIM,Xiaomi,Xiaomi Redmi Note 14 Pro+ 5G,Cile mile,2025-12-06 05:48:00,Dobar telefon ko ima malo vise love neka uzme poco seriju koja je odlicna.Sve u svemu ja sam jako zadovoljan naspram honor magic lite 7 koji je kanta jer bateriju ne puni normalno ovaj makar to radi ima 120 w pinjenje,8,"Dužina (>=15 reči), Negacija, Specifikacija, Sleng"
https://mobilnisvet.com/mobilni-komentari/8389/Xiaomi/Redmi-Note-10-Pro/21,Xiaomi,Xiaomi Redmi Note 10 Pro,Nemanja,2022-01-18 20:03:00,"Pozdrav ljudi,evo pretraživao sam po komentarima i nisam nigde našao sličan. Imam rmn10 pro Max 128/8 made in India. Kupio pre oko 2,5 meseca , tel još ppod garancijom. Pre oko tri četiri nedelje se samo ugasio. Ne reaguje ni na punjač ,niti se može upaliti,izvadio sam karticu i vratio,to mi je drug nešto spomenuo i tel se upalio sve normalno. Danas mi se isti desilo dok mi tel bio u džepu i ista priča dok nisam izvadio karticu i vratio. Hteo sam da pitam da li je neko imao sličan slučaj, eventualno neki savet?!",8,"Dužina (>=15 reči), Suprotni veznici, Negacija, Motiv kupovine"
https://mobilnisvet.com/mobilni-komentari/8448/Samsung/Galaxy-A72/5,Samsung,Samsung Galaxy A72,Milan,2021-09-23 11:29:00,"Imam a72 uzeo u mts-u, prezadovoljan sam sa svime osim baterijom jedva izdrži celi dan. Reklamirao dvaput i vraćaju mi kao baterija je dobra.. uz minimalno korišćenje opet jedva ceo dan i ne znam sta mi je za činiti ne otvara mi se jer je ipak vodootporan imate li neki savet..?",8,"Dužina (>=15 reči), Suprotni veznici, Negacija, Motiv kupovine"
https://mobilnisvet.com/mobilni-komentari/8436/Samsung/Galaxy-A52/5,Samsung,Samsung Galaxy A52,Nesa,2021-10-02 12:09:00,"Kupio sam A52 i prezadovoljan sam,pre toga sam imao nekoliko Xiaomi-a,da li se nisam navikao  ili nešto drugo ali mi je A52 baš legao-sve radi ekstra,fluidno bez ikakvog baga",8,"Dužina (>=15 reči), Suprotni veznici, Negacija, Motiv kupovine"
https://mobilnisvet.com/mobilni-komentari/gz0/Honor/Magic5-Pro/10,Honor,Honor Magic5 Pro,Mladen,2023-10-02 19:03:00,"Planirao sam da ga pazarim ali sam na kraju odustao. Razlog : nisam imao gde uživo da ga vidim pre same kupovine. Treba da dam preko 1000e za telefon a da ga pre tog ni ne vidim uživo? Nema ga ni kod jednog operatera u mom gradu, kao ni kod ovih velikih prodavaca. Očajna prodajna podrška, do koga je, me ne zanima, ja sam samo krajnji kupac. Uzeo sam S23 Ultra. Zurilo mi se jer mi se dosasasnji telefon pokvario.",8,"Dužina (>=15 reči), Suprotni veznici, Negacija, Motiv kupovine"
https://mobilnisvet.com/mobilni-komentari/8239/Samsung/Galaxy-S21-Ultra-5G/4,Samsung,Samsung Galaxy S21 Ultra 5G,Samsung S21 Ultra 5G,2023-03-08 23:30:00,"Imam ovaj mobilni 3, 4 meseca i vrlo sam zadovoljan, osim jedne stvari. Baterija je katastrofalna. Nema sanse da mi izgura jedan dan cak i kada ga ne koristim mnogo, u toku noci izgubi oko 10 %. Pre neki dan, dok sam putovao, koristio sam mobilni aktivno oko 3 sata i tu je bilo muzike, dopisivanja, gledanje serije, citanje... I baterija je od 90 % dosla do 15 %. Da li i vi imate ovakav problem i da li vama ovaj mobilni moze da izgura jedan dan prosecnog koriscenja? Da li se mozda isplati preci na S22 Ultra samo zbog baterije?",8,"Dužina (>=15 reči), Suprotni veznici, Negacija, Motiv kupovine"
https://mobilnisvet.com/mobilni-komentari/9955/Honor/70/11,Honor,Honor 70,Deki,2023-05-21 22:47:00,Tel je ok uzeo ga pre nekoliko dana i savršeno radi zadovoljan sam  međutim ima jedna sitnica koju ne mogu da rešim a to su njegove teme kada se ulogujem i napišem meil on traži verifikaciju i tu zapne kaže dobili ste verifikacioni kod a nisam da li neko zna o čemu se radi...,8,"Dužina (>=15 reči), Suprotni veznici, Negacija, Motiv kupovine"
https://mobilnisvet.com/mobilni-komentari/9835/Samsung/Galaxy-A33-5G/2,Samsung,Samsung Galaxy A33 5G,Dani,2022-12-06 14:29:00,"Zdravo,kupila sam pre par dana Samsung a33 i kada napravim fotografiju prikaže je u galeriji ali posle min.  više je ne mogu otvoriti.Da li je neko imao ovaj problem ili sam nesto loše podelila.",8,"Dužina (>=15 reči), Suprotni veznici, Negacija, Motiv kupovine"
https://mobilnisvet.com/mobilni/1lb5v/Xiaomi/Redmi-10-2022-6GB-128GB,Xiaomi,Xiaomi Redmi 10 2022,Nik,2023-04-25 10:23:00,Uzeo sam redmi 10 2022 EU version nikako da dodje update jos uvek sam na 12.5.26 i ne znam u cemu je problem.U porodici imam jos dva modela jedan je isti a drugi redmi 10 ali su oni GLOBAL version i na oba nudi update na miui 13....zna li neko sta je problem i hoce li uopste doci update?,8,"Dužina (>=15 reči), Suprotni veznici, Negacija, Motiv kupovine"
https://mobilnisvet.com/mobilni/1lb5v/Xiaomi/Redmi-10-2022-6GB-128GB,Xiaomi,Xiaomi Redmi 10 2022,Vule,2023-09-05 21:51:00,"Koristim ovaj telefon vec 4 meseca. Uzeo ga preko mts-a, verzija 4+128. Dok je bio na Miui 12 radio je perfektno. Baterija trajala 2 dana bez ikakvih problema. Onda je stigao Miui 13, odradio apdejt i generalno je sve bilo ok. Malo je usporio telefon ali nista strasno. Ubrzo stize i Miui 14.0.4. Medjutim posle apdejta krecu razni problemi. Baterija se nenormalno brzo trosi, jedva da izgura dan a displej u toku dana bio aktivan svega sat ipo. Zatim problem sa senzorom otiska prsta, ne reaguje. Displej nemoguce aktivirati, tipkanje po ekranu ne reaguje ali on uredno otvara aplikacije i ako je ekran ugasen. Nakon par minuta se ulljucuje, naravno aplikacije otvorene. Pokusao sam da resetujem telefon ali su problemi na zalost ostali isti. Jos sam primetio da kad ga zakljucam pozadinsko osvetljenje ekrana radi a ekran crn. E sad to preko dana se ne vidi, samo uvece moze da se primeti. Bas sam se razocarao u telefon i Miui 14. Da sam znao da ce ovako biti, nikad ne bi apdejtovao ni na 13 ni na Miui 14. Sa 12 je radio perfektno. Moj savet ko nije uradio apdejt, da saceka neko vreme dok se neke stvari ne dorade ili isprave.",8,"Dužina (>=15 reči), Suprotni veznici, Negacija, Motiv kupovine"
https://mobilnisvet.com/mobilni-komentari/8224/Xiaomi/Mi-11/2,Xiaomi,Xiaomi Mi 11,rajko,2022-05-20 18:48:00,"malo sam podcijenio ovaj telefon. koristio sam p40pro pa mi11. nesto mi se nije svidio pa opet koristio p40pro. nesto mi sa googlom nije islo ,premnogo nekakvih kompromisa.opet uzeo mi 11 i vidim da je ovo bas bas dobar telefon.mozda jedina zamjerka baterija ali malo optimizacije i to je onda ok.preporuka!!",8,"Dužina (>=15 reči), Suprotni veznici, Negacija, Motiv kupovine"
https://mobilnisvet.com/mobilni/9695/Samsung/Galaxy-S21-FE-5G-Exynos-2100-8GB-256GB,Samsung,Samsung Galaxy S21 FE 5G,Rade,2025-11-20 17:31:00,Uzeo danas ovaj telefon u perfektnom stanju ali baterija uzas za 43 min upaljenog ekrana 12% skinuo da sam znao nikad ne bi dao A 56 samsung,8,"Dužina (>=15 reči), Suprotni veznici, Negacija, Motiv kupovine"
https://mobilnisvet.com/mobilni-komentari/khb/Samsung/Galaxy-S23/5,Samsung,Samsung Galaxy S23,Bata,2025-03-22 20:36:00,"Savrsen mali telefon,mislio sam da predjem na s25,ali drugar uzeo pa sam uporedjivao i mogu reci da nista ne bi dobio sa s25,cekam s26,a dotle s23 leti",8,"Dužina (>=15 reči), Suprotni veznici, Negacija, Motiv kupovine"
https://mobilnisvet.com/mobilni-komentari/9654/Samsung/Galaxy-S22-Ultra-5G/9,Samsung,Samsung Galaxy S22 Ultra 5G,Pomoc,2022-11-08 20:40:00,Uzeo sam org punjac od 45w ali on sporije puni od ovog od30w sto sam imao. Jel treba nesto da se uradi? Veze nemam,8,"Dužina (>=15 reči), Suprotni veznici, Specifikacija, Motiv kupovine"
https://mobilnisvet.com/mobilni-komentari/8389/Xiaomi/Redmi-Note-10-Pro/12,Xiaomi,Xiaomi Redmi Note 10 Pro,Zoran,2022-08-10 21:17:00,"Kupio sam nov xaomi redmi 10 pro maxi, u decembru 2021 godine, garancija prodavca nije 2 godine vec 1 godinu. Telefon je u pocetku bio dobar i drzao je bateriju, ali posle nepunih 6 meseci, kad ga koristis drzi bateriju samo nepunih 10 sati. Pored toga poceo je da baguje, koci, da se sam gasi i ako je na polovini baterije. Kako vreme nakon 6 meseci rada prolazi tako je poceo sve vise i vise samostalno da se gasi, razmisljam da ga reklamiram dok je jos u garanciji. Xaomi u pojedinim predelima sumadije i pored dobrog interneta ( prenosa podataks) kako pokazuju drugi modeli, xaomi redmi note 10 pro maxi ni da  bekne, totalno sam nezadovoljan nacinom funkcionisanja ovog modela xaomi, i ne bi ga nikom preporucio",8,"Dužina (>=15 reči), Suprotni veznici, Negacija, Motiv kupovine"
https://mobilnisvet.com/mobilni-komentari/l7m/Samsung/Galaxy-S23-Ultra/13,Samsung,Samsung Galaxy S23 Ultra,Averroes,2024-06-30 12:39:00,"Uzeo sam crni ali kao da je malo ljubicast tako se presijava, je  li tako svima posto sam polovan uzeo? Da nije neki frejm iz p.m.?",8,"Dužina (>=15 reči), Suprotni veznici, Negacija, Motiv kupovine"
https://mobilnisvet.com/mobilni-komentari/9573/Samsung/Galaxy-S21-FE-5G/7,Samsung,Samsung Galaxy S21 FE 5G,shaomi,2023-11-28 10:14:00,"koliki sot imate na ovom uredjaju, kupio sam polavan pre par dana, i u odnosu na A54 ima ocajnu bateriju. Koristim smart watch uz njega, lokacija, blutut, mobilni podaci su mi uvek ukljuceni, kad koristim normalno telefon sot bude oko 2h sto je malo. Dok kad gledam nesto na yt poraste do 4, ali dosta trosi bateriju kad se ne koristi, a54 mi je u toku noci skidao max 3%, ovaj zna po 8, 9 % da skine :O",8,"Dužina (>=15 reči), Suprotni veznici, Negacija, Motiv kupovine"
https://mobilnisvet.com/mobilni/z08/Honor/Magic5-Pro-12GB-512GB-Dual-SIM,Honor,Honor Magic5 Pro,Ivan,2025-03-20 21:40:00,Pozdrav ljudi jedno pitanje uzeo sam Honor 200 sve super nemam zamerki ali me zanima da li se u ovom trenutku isplati preci na magic 5 pro ili ne?,8,"Dužina (>=15 reči), Suprotni veznici, Negacija, Motiv kupovine"
https://mobilnisvet.com/mobilni/219g8/Huawei/nova-10,Huawei,Huawei nova 10,V,2025-01-26 11:24:00,"Imam Nova 10 vec vise od godinu dana. Kupio sam ga polovnog. Pre njega sam imao promasaj sa Xiaomi 11 lite 5g NE koji sam uzeo zbog Google servisa(gms) posle P40 lite. Godinu dana sam telefon koristio bez gBox-a i slicnih virualizacija jer je skoro sve radilo sasvim dobro i bez gms. Za neke aplikacije jednostavno mora, ali u mom slucaju su to bile 4-5 aplikacije. Preselio sam se u Nemacku gde se 90% stvari radi preko telefona i gde je potrebno mnogo vise aplikacija i zato sam se odlucio i na svoj telefon ubacio HarmonyOS. Nakon toga instalirao klasicne Google servise i sve radi mnogo bolje nego sto je radilo bez istih ili preko gBox-a. Bolje drzi bateriju, bolje radi i konacno moguce je imati Google Play. Da sam u Srbiji, verovatno mi ne bi trebao gplay, ali posto je telefon, kao i svi ostali Huawei telefoni, odlicnog kvaliteta odlucio sam se za ovo i sigurno cu ga jos koristiti. Moja topla preporuka je HarmonyOS",8,"Dužina (>=15 reči), Suprotni veznici, Negacija, Motiv kupovine"
https://mobilnisvet.com/mobilni/dlgwl/Xiaomi/12T-Pro-12GB-256GB,Xiaomi,Xiaomi 12T Pro,Maximus,2023-12-12 17:53:00,"Danas sam uzeo 12T pro. Pa evo malo utisaka. Pre njega sam koristio 11T pro. Razlike ima ali ne toliko. A vidi se i u razlici u ceni, oko 100 EUR skuplji. Ekran je isti, kamere su bolje i ima otisak prsta na ekranu. Brzina punjenja je ista. I sa 11T pro sam ostavio sinu pa tako da nisam razočaran kako dole pišu ljudi. Telefon za ovaj novac je extra.",8,"Dužina (>=15 reči), Suprotni veznici, Negacija, Motiv kupovine"
https://mobilnisvet.com/mobilni/ys5ll/Xiaomi/Redmi-Note-12-Pro+-12GB,Xiaomi,Xiaomi Redmi Note 12 Pro+,Sasa,2025-10-06 19:45:00,"Ja sam skoro kupio polovan.Najvise zbog toga sto znam da su zvucnici medju boljima jos od Redmi Note 10 pro...Medjutim,dzaba mi to kad baterija qrca krasnoga ne vredi....Sa 10 minuta razgovora,isto toliko poruka,i plafon 20 minuta interneta,nekako izgura do drugog dnevnika sa 10% baterije.....Jedino sam slican slucaj imao sa 11T,ali ne bas ovako katastrofalno....",8,"Dužina (>=15 reči), Suprotni veznici, Negacija, Motiv kupovine"
https://mobilnisvet.com/mobilni-komentari/9619/Xiaomi/Redmi-Note-11S-4G/3,Xiaomi,Xiaomi Redmi Note 11S 4G,Nikola,2022-10-07 02:11:00,"Kupio sam ga devojci za rođ i sad ne znam šta ću. Mislio sam da će kamera od 108 mpx biti bar malo bolja. Devojka voli mnogo da fotka ali kod njega zum deformiše fotku! Druga stvar, baterija. Je li normalno da napravi 300 fotki za par sati i da to pojede bateriju 70%?",8,"Dužina (>=15 reči), Suprotni veznici, Negacija, Motiv kupovine"
https://mobilnisvet.com/mobilni/9653/Samsung/Galaxy-S22+-5G-Snapdragon-8-Gen-1-256GB-Dual-SIM,Samsung,Samsung Galaxy S22+ 5G,Dave,2023-02-10 12:03:00,"Kupio sam ga pre 2 nedelje, zadovoljan sam skroz sa svime ali ima jedna stvar koja me nervira. Kad mi stizu sms poruke uopste ne vibrira, znaci ako stavim na vibraciju ja nemam pojma da mi je stigla poruka. Ponekad mi se to desava i za instagram,a u bukvalno svim podesavanjima je ukljucena vibracija. Da li neko mozda zna o cemu se radi? I plus jos vibracija na samom telefonu mi je nekako slaba, pre toga sam koristio s10 i on je imao mnogo jacu vibraciju",8,"Dužina (>=15 reči), Suprotni veznici, Negacija, Motiv kupovine"
https://mobilnisvet.com/mobilni-komentari/8436/Samsung/Galaxy-A52/8,Samsung,Samsung Galaxy A52,buduci vlasnik,2021-06-17 07:34:00,"Uskoro kupujem A52 i posto su mi bitne notifikacije kako ste zadovoljni sa Always on displayom ,na proslim telefonima sam imao notifikacione lampice  pa nemam iskustva sa AOD , da li mnogo trosi bateriju,posto bih da mi radi non stop.Najvaznije su mi komunikacione aplikacije,prijem signala itd,igrice ne igram uopste. Uzeo bih A72 ali mi se nedaju pare za malo veci ekran ....",8,"Dužina (>=15 reči), Suprotni veznici, Negacija, Motiv kupovine"
https://mobilnisvet.com/mobilni-komentari/8436/Samsung/Galaxy-A52/8,Samsung,Samsung Galaxy A52,novikorisnik,2021-06-22 10:07:00,"Kupio sam A52 u Samsung zvaničnoj prodavnici i ne razumem šta vi prigovarate i pričate, kad je odličan telefon. Meni sve super radi, naročito zato što sam na ovaj prešao sa modela od pre tri godine. Specifikacija procesora 720g kaže da je iz januara 2020. dakle nije iz 2019. koliko god se vi raspravljali o tome. Ne smeta mi stariji procesor, ne kupujem uređaj za igranje zahtevnih igrica. Video rezolucija je odlična (4k i full hd 60fps su dovoljni za moje potrebe) i ovom kupovinom sam praktično uštedeo dosta nego da sam kupio S21. Za snimanje tiktok video klipova nigde nije bilo gubitaka kvaliteta. Uporedio sam sa a71 i video da je stariji telefon malo brži, manje glomazan, ali ne gotivim velike telefone, bitno mi je da može da stane u džep. Zato sam uzeo A52. Mana je malo sporije punjenje, iako ima tip C usb, puni se za manje od 2 sata ali to nije strasno kad je USB 2.0 u pitanju. Sve ostalo je za čistu desetku! Kupio sam ga, dakle, ne mogu sad da ga vratim u prodavnicu, a oni meni da vrate pare.",8,"Dužina (>=15 reči), Suprotni veznici, Negacija, Motiv kupovine"
https://mobilnisvet.com/mobilni-komentari/5rz/Xiaomi/Redmi-Note-13-Pro-5G/5,Xiaomi,Xiaomi Redmi Note 13 Pro 5G,Jaba,2024-04-15 18:05:00,"Molim za pomoć. Kupio sam Redmi note 13 pro u Yettelu, akcija sa tri uređaja za reciklažu. Nije loš tel ali imam problem da, kada pričam preko jedne kartice,ne mogu da primam pozive sa druge. Onome koji me poziva ne stiže obaveštenje ni o zauzetosti ni  o nedostupnost, samo ćuti. A ni ja ne dobijam kasnije poruku o propuštenom pozivu. Bio sam u Yettelu, kažu da nije problem u podršci. Mada, ne ulivaju mi poverenje oni koji rade tamo. Bio sam i u servisu, ne postoji podešavanje u meniju kako bih otklonio ovaj problem. Pomagajte ljudi! Unapred hvala",8,"Dužina (>=15 reči), Suprotni veznici, Negacija, Motiv kupovine"
https://mobilnisvet.com/mobilni-komentari/8389/Xiaomi/Redmi-Note-10-Pro/11,Xiaomi,Xiaomi Redmi Note 10 Pro,Mila,2022-09-07 19:21:00,Lens na zadnjoj kameri mi se polomio ne znam kako nisam ni primetila kako se to desilo. A i dalje funkcionise kamera. Ja mislim da to promeni kupim na ali ima za jeftine pare deo zbog estetskih razloga.,8,"Dužina (>=15 reči), Suprotni veznici, Negacija, Motiv kupovine"
https://mobilnisvet.com/mobilni/vlx0b/Honor/X7a-Dual-SIM,Honor,Honor X7a,Nebitno ime,2023-10-03 09:11:00,"E ovako kupio sam telefon juče u radnji,platio sam ga 180€ baterija je lošija nego što piše ne može da izdrži ni ceo dan,ja koristim društvene mreže i yt,tt igram 1 slabu igricu malo i jednu malo zahtevniju ali ne po ceo dan nego sat,dva dnevno,igrice ne rade lepo nego seckaju što nije bio slučaj na prošlom modelu honor 20 lite,što se tiče ostalog kamere solidne,punjač koji se dobija uz njega puni za sat vremena možda malo više,eto jedina zamerka je baterija koja nije toliko dobra kao što piše,telefon je za nekog prosečnog korisnika što kod mene nije slučaj ja sam malo zahtevniji ali svakako je bolji od prošlog modela za nijansu..",8,"Dužina (>=15 reči), Suprotni veznici, Negacija, Motiv kupovine"
https://mobilnisvet.com/mobilni/93g/Apple/iPhone-16-Plus-8GB-512GB-2x-SIM,Apple,Apple iPhone 16 Plus,Mladja,2025-05-08 11:25:00,"Pre tri dana sam kupio ovaj telefon, savrsen u svemu dok me je baterija ostavila bez daha, dva puna dana uz celodnevno koriscenje izdrzi, po prvi put iPhone je napravio zverinu od telefona. Svaka cast Apple!",8,"Dužina (>=15 reči), Suprotni veznici, Negacija, Motiv kupovine"
https://mobilnisvet.com/mobilni-komentari/mgt/Samsung/Galaxy-A54/21,Samsung,Samsung Galaxy A54,Nikola,2023-07-25 12:33:00,"Uzeo juce u a1. Odličan telefon,  dugo drži baterija, kamere perfekcija,  mikrofon Odličan,  ne greje se nimalo iako sam ga ceo dan koristio i ususkao u maskicu i zaštitno staklo, odlično leži u ruci,  osecaj kao da imam telefon od 1000e. Ekran odličan,",8,"Dužina (>=15 reči), Suprotni veznici, Negacija, Motiv kupovine"
https://mobilnisvet.com/mobilni-komentari/7179/Apple/iPhone-11-64GB/21,Apple,Apple iPhone 11,Tea,2021-01-27 14:40:00,"Cao, treba mi savet, presla bih sa Samsunga po prvi put na Apple uredjaj, konkretno razmisljam o Iphone 11 ( zelim da predjem sa Androida najviše zbog kamere, iako mislim da su Androidi daleko jednostavniji za upotrebu, demantujte me ako grešim), ali mi je bitno da mogu na svoj Windows računar da prebacujem redovno slike sa uredjaja, tako gde mi stoje slike sa svih uredjaja preth. godina, a ne da mi se stalno po uredjaju.",8,"Dužina (>=15 reči), Suprotni veznici, Negacija, Motiv kupovine"
https://mobilnisvet.com/mobilni-komentari/l7m/Samsung/Galaxy-S23-Ultra/19,Samsung,Samsung Galaxy S23 Ultra,Sasa,2024-01-31 12:31:00,"Uzeo sam ovaj telefon evo peti dan,znam da je to jos ivek kratak period da izvodim neke zakljucke.Ali Imam jedno pitanje za sve kojo duze koriste Ultru.Prvo sa glavnom kamerom stvarno nisam odusevljen,slike su u najmanji ruku cudne previse procesinga postoji,boje cudne.Drugo baterija iako je svi hvale,nije nista posebno oko 6 sot maksimum,znam da verovatno treba neko vreme da sve legne ali za sada za ove pare nisam odusevljen.",8,"Dužina (>=15 reči), Suprotni veznici, Negacija, Motiv kupovine"
https://mobilnisvet.com/mobilni-komentari/8007/Samsung/Galaxy-S20-FE/10,Samsung,Samsung Galaxy S20 FE,Boba,2020-11-18 13:21:00,"Pozdrav svima! Da li je bolje kupiti S20 FE ili Huawei P30 Pro model? Prelazim sa S10 na neki od ovih modela, jer je baterija preslaba, punim telefon dva ili više puta dnevno jer svakodnevno koristim hotspot za vreme online sastanaka zbog stabilnijeg mobilnog interneta u odnosu na kablovski (svesna sam da ovo svakako dodatno crpi bateriju i da utiče na njen vek). P30 Pro i dalje drži cenu iako je izašao pre više od godinu i po dana, dok S20 FE za skoro isti novac može da se uzme uz samsung watch.. ta slična cena novog SAM (u kompletu sa satom) i starog HUA modela mi ne uliva poverenje u samsung.. po nekim mišljenjima P30 pro je i dalje best buy.. da li može neko da pomogne?",8,"Dužina (>=15 reči), Suprotni veznici, Negacija, Motiv kupovine"
https://mobilnisvet.com/mobilni-komentari/blm/Honor/Magic5-Lite/10,Honor,Honor Magic5 Lite,Lidija,2023-09-28 21:03:00,"Kupila sam telefon honor Magic 5 lite. Otišla sam da stavim zaštitno staklo. Devojka koja tamo radi mi zalepila, ali kada sam došla kući staklo je pucketalo i ometalo u radu. Čula sam da na ovaj telefon zbog zakrivljenog ekrana staklo se ne stavlja. Posle tri dana pričajući na telefon staklo mi je ostalo zalepljeno za uvo. Ima li neko iskustva. Iskustva molim",8,"Dužina (>=15 reči), Suprotni veznici, Negacija, Motiv kupovine"
https://mobilnisvet.com/mobilni-komentari/9955/Honor/70/17,Honor,Honor 70,Cole,2022-12-05 08:20:00,"Iskreno. Ne bih ga kupio da opet biram. Znatno bolji od predhodnika. Procesor i bat su odlicni, ekran super. Uzeo sam mesec dana sta za 280e. Ali opes se vratio na mi 11 po meni bolji za ono sto meni treba. Honor prednja kamera ocajna. Zadnje su dobre ali kada ih uporedim...",8,"Dužina (>=15 reči), Suprotni veznici, Negacija, Motiv kupovine"
https://mobilnisvet.com/mobilni-komentari/6nv/Xiaomi/Redmi-Note-13-Pro+/2,Xiaomi,Xiaomi Redmi Note 13 Pro+,AleKsandar,2025-04-04 03:52:00,"Ja sam kupio redmi note 12 pro speed uFrancuskoi 2023. i telefon je odlican, baterija vise od dan traje i to sto gledam filmove.. Ne menjam ga dok ne lipce .. pozdrav",8,"Dužina (>=15 reči), Suprotni veznici, Negacija, Motiv kupovine"
https://mobilnisvet.com/mobilni/zj6/Xiaomi/13T-Pro-16GB-1TB,Xiaomi,Xiaomi 13T Pro,zeleni,2025-08-18 21:57:00,"telefon odlican od prvog dana. slike zadovoljavajuce, baterija solidna, memoriju sam napunio do 150gb a ima 512. punjac napuni telefon dok popijes kafu. uzeo ga u pretprodaji pocetkom oktobra. ako bog da ice jos jednu turu od dve godine.",8,"Dužina (>=15 reči), Suprotni veznici, Specifikacija, Motiv kupovine"
https://mobilnisvet.com/mobilni-komentari/7179/Apple/iPhone-11-64GB/16,Apple,Apple iPhone 11,Dragan,2021-07-07 07:23:00,"Posto sam hteo da kupim ovaj telefon, uzeo sam od kolege da malo pregledam funkcije. Bukvalno posle desetak sekundi skrolovanja po ekranu odustao sam od njega. Sve je to ok, telefon je kvalitetan, ali ekran, po meni stvarno bledunjav i vidi se bas razlika izmedju ovog ips i amoleda kod samsunga. Koristim 4 godine j7 2017 i razlika je bas osetna,ko god da kaze da se ne primeti, primeti se i te kako.",8,"Dužina (>=15 reči), Suprotni veznici, Negacija, Motiv kupovine"
https://mobilnisvet.com/mobilni-komentari/9260/Apple/iPhone-13/14,Apple,Apple iPhone 13,Dragan,2022-03-20 10:39:00,"Uzmem juce od druga da pogledam neke oglase na iphonu 13 i mogu da vam kazem da sam se bas razocarao,ponajvise u ekran. Cim sam poceo da skrolujem videla se bas razlika u  odnosu na moj samsung a52s. Ekran je kod mene na 120 hz i po meni razlika je ogromna. Da se razumemo i sam sam hteo da uzmem trinaesticu ali sam odustao zbog cekanja na isti.",8,"Dužina (>=15 reči), Suprotni veznici, Specifikacija, Motiv kupovine"
https://mobilnisvet.com/mobilni-komentari/6c6/Xiaomi/Redmi-Note-13-5G-6GB-128GB-2x-SIM/2,Xiaomi,Xiaomi Redmi Note 13 5G,Miksha,2024-08-13 08:44:00,Pre nedelju dana sam kupio redmi not 13. sve radi super.ali jedino još nema da stiže nadogradnja hiper os.,8,"Dužina (>=15 reči), Suprotni veznici, Negacija, Motiv kupovine"
https://mobilnisvet.com/mobilni/pwjx5/Apple/iPhone-14-Pro-Max-1TB,Apple,Apple iPhone 14 Pro Max,MiRa,2024-10-15 12:09:00,"Pozdrav. Zanima me razlika izmedju Apple i Samsung telefona? Gledajući cene, nema razlike. Ja sam uvek za Samsung...ali čitam komentare i vidim da mnogi ne podržavaju Samsung zbog pregrevanja. Moj je A54 i isto se pregreje iako ne igram igrice 😆",8,"Dužina (>=15 reči), Suprotni veznici, Negacija, Motiv kupovine"
https://mobilnisvet.com/mobilni-komentari/6nv/Xiaomi/Redmi-Note-13-Pro+/5,Xiaomi,Xiaomi Redmi Note 13 Pro+,Damir,2024-12-17 01:14:00,"Pozdrav svima, uzeo sam redmi note 13 pro+ pre 4 dana, ali sam se razočarao dosta u bateriji, da li je moguce da baterija ne moze da izdrzi 15h od punjenja, razumem da se brzo puni ali zasto se tako brzo isprazni, da li je neko pokusao da ga reklamira zbog baterije?",8,"Dužina (>=15 reči), Suprotni veznici, Negacija, Motiv kupovine"
https://mobilnisvet.com/mobilni-komentari/9955/Honor/70/9,Honor,Honor 70,Pavle,2023-07-04 00:51:00,"Dopada mi se Honor zbog zakrivljenog ekrana,softvera itd ali me zanima kako sacuvati ekran da se ne polomi posto svi govore da je osetljiv dosta na pad zbog oborenih ivica za razliku od ravnog ekrana i da je tesko naci zastitu za zakrivljen ekran tj da se neke folije stavljaju i da su skupe.",8,"Dužina (>=15 reči), Suprotni veznici, Negacija, Motiv kupovine"
https://mobilnisvet.com/mobilni-komentari/9955/Honor/70/15,Honor,Honor 70,Miloš,2023-02-19 00:28:00,"Pozdrav drugari! Totalni sam laik za telefone, pa bih vas zamolio za savet. Trenutno koristim Huawei P30 Pro 6/128, već 3 godine je kod mene, ok mi je ali sam ga neki dan bas lepo razbio :-(. Opet bih uzeo ovaj model al 8/256 al ga nema više nigde novog u prodaji, zastareo je model. Kako mi je zbog nekoliko aplikacija bitan PlayStore, ne mogu uzeti neki novi Huawei. Apple i Samsung ne volim, pa vas pitam da li bi Honor 70 bio ok naslednik? Bitni su mi baterija, kamera i dizajn :-)",8,"Dužina (>=15 reči), Suprotni veznici, Negacija, Motiv kupovine"
https://mobilnisvet.com/mobilni-komentari/6nv/Xiaomi/Redmi-Note-13-Pro+/5,Xiaomi,Xiaomi Redmi Note 13 Pro+,Rogibn,2024-11-21 20:50:00,"Kupio sam ovaj telefon pre 20 dana,super je,sve dobro radi ,sad ne znam zašto se ljudi zale na bateriju kod mene izdrzi ceo dan i uvijek ostane oko 20 % baterije a koristim ceo dan telefon .Uz to napuni se za 20 min .Dvoumio sam se izmedju njega i A 55 al drugar mi ima Samsung i dosta se zali na taj model oko povezivanja i trzanja u radu.",8,"Dužina (>=15 reči), Suprotni veznici, Negacija, Motiv kupovine"
https://mobilnisvet.com/mobilni-komentari/7598/Huawei/P40-Pro/10,Huawei,Huawei P40 Pro,Ragnar Snow of Rivia,2020-06-09 11:49:00,"Ja ne razumem sto sami sebe mucite oko google servisa ko neki mazohisti, izigravate tu nekakve hakere i lepo ne kupite neku drugu marku. Odmah da kazem da ja ne prodajem telefone, da neko ne pomisli evo ga navodi sam sebi vodu i za mene licno ovakvi telefoni su ludost kolko kostaju, a na njihovim mid-range koji su bar upola manje skupi dobijate 90% mogucnosti flagshipova. Al kad vec neko ima visak para i moze mu se, evo navescu jedan primer - Samsunga i Huaweia. Po ceni gore dole ovog P40 pro+ , mozete uzeti S20 Ultra i pritom da dobijete neprikosnoveni Dymamic amoled display i pritom da vam rade Google servisi bez problema. Za cenu P40 pro mozete uzeti S20+ i dobiti te dve iste stvari, kao sto mzoete za cenu P40 kupiti S20 i takodje dobiti te dve stvari kojih na ovoj P40 seriji mozete samo sanjati. Postoji i P40 lite kojem ce verovatno biti konkurent S20 lite kad ga izbace. Cela poneta moje price je da jes da P40 seriji dobijate mozda malo bolje fotografije (pod uslovom da ovi youtuberi sto prezentuju P40 seriju ne dobijaju novac za Huawei da hvale a samsung kude i pricaju realno), a za te pare znate li kakav digitalni foto-aparat mozete kupiti sa sve objektivom ako kupujete P40 seriju samo zbog boljih slika od konkurencije. Prema tome pre kupovine nekog od P40 serije predhodno dobro razmislite dal vredi tih para, imajuci u vidu da necete bez problema moci koristiti Google servise, a pritom za te iste pare kod konkurencije ce vam to raditi bez problema i to cete gledati sve na Dynamic amoled dyspleyu.",8,"Dužina (>=15 reči), Suprotni veznici, Negacija, Motiv kupovine"
https://mobilnisvet.com/mobilni/9695/Samsung/Galaxy-S21-FE-5G-Exynos-2100-8GB-256GB,Samsung,Samsung Galaxy S21 FE 5G,Deki,2026-04-23 10:22:00,"Imam ovaj tel sa snapdragon procesorom skoro 2 i po godine. Ukratko, ergonomija je top, kamere brutalne, ekran lijep. Ima bagova kao i svaki telefon, ali nista strasno. Koristim ga bez futrole i zastitnog stakla, tako da je iskucan po coskovima i ima ogrebotina, ali ekran je bez ijedne pecke (nemam pojma kako). Najveca i jedina mana su apdejti svako malo i baterija koju punim 2-3 puta na dan. Od samog starta je tako, i upravo zbog uzasne baterije - nikad vise samsung.",8,"Dužina (>=15 reči), Suprotni veznici, Negacija, Motiv kupovine"
https://mobilnisvet.com/mobilni-komentari/gzw/Honor/Magic8-Pro-12GB-256GB-1x-SIM-1x-eSIM/6,Honor,Honor Magic8 Pro,makis,2026-01-23 17:07:00,"Honor Magic serija je dobra samo na papiru u praksi je to sasvim druga stvar.gledajuci strane recenzije previse ima AI korekcije u slikama i video materijalu.to se odrazava lose na boje,boje su previse izrazene,drecave nekako.tako je i sa video materijalom.jednostavno nisu prirodne.ne znam zasto to rade?konkrencija to sve nekako bolje odradi.tu mislim na Vivo,Huawei,Oppo...kod tih modela slike su prirodnije,i video materijal.da se razumemo telefon je prelep,lepo lezi u ruci,brutalan ekran,zvuk,cipset...ali eto meni se licno ne dopada set kamera.tako da moj savet ako kupujete ovaj telefon zbog kamera idite na druge modele.Vivo ultra,Huawei ultra,OPPO x9 pro...ili neki saomi ultra.jedini Magic koji su korektno odradili je 6 PRO.i ko ga ima nemojte prelaziti na 7 ili 8.velikog donitka nema!",8,"Dužina (>=15 reči), Suprotni veznici, Negacija, Motiv kupovine"
https://mobilnisvet.com/mobilni-komentari/gz0/Honor/Magic5-Pro/10,Honor,Honor Magic5 Pro,Dane,2023-10-30 11:53:00,"Imam ovaj telefon vec nekih 20 dana. Prvobitno sam kupio Iphone 14 Pro Max i koristio ga dobrih mesec dana pokusavajuci da ukacim novi os, ali uzalud, odlucio sam da ga prodam jer ceo zivot koristim Android telefone i meni jednostavno ne odgovara njihov sistem, koji isto tako odlicno radi ali se ja tu ne pronalazim, sve je ograniceno, manjak mogucnosti i izbora sto ja ne volim tako da sam odlucio da kupim Honor. Utisci nakon 20 dana intenzivnog koriscenja 12+h/7 su sledeci. Baterija bolje drzi nego na Ajfonu, punjenje je naravno mnogo brze, fotogorafije definitivno bolje sa Honorom u 90% slucajeva, video je za nijansu bolji kod Ajfona, ali to je toliko neprimetno da stvarno samo strucnjaci bi mogli videti neku razliku. S obzirom da mi video nije prioritet, a kamera mi je mnogo bitnija, prezadovoljan sam. O zumu i svim podesavanjima i opcijama koje nudi, prednjaci Honor itekako, pogotovo u detaljima, koje Iphone cesto nije prepoznavao.",8,"Dužina (>=15 reči), Suprotni veznici, Negacija, Motiv kupovine"
https://mobilnisvet.com/mobilni-komentari/8436/Samsung/Galaxy-A52/5,Samsung,Samsung Galaxy A52,Boba1970,2021-12-28 19:44:00,"Kupio a52s 5g ali ima nekih bagova, interakcija vibracije dodirom čas radi a čas ne,na a 51 mi je odlično radilo",8,"Dužina (>=15 reči), Suprotni veznici, Negacija, Motiv kupovine"
https://mobilnisvet.com/mobilni-komentari/9654/Samsung/Galaxy-S22-Ultra-5G/2,Samsung,Samsung Galaxy S22 Ultra 5G,Stefan,2024-11-23 06:37:00,"Dvoumio sam se između s22 ultra i red mi note 13 pro+ uzeo sam samsunga i nisam se pokajao! Hteo sam da uzmem xiao mi jer je nov telefon i imao je 12/512. Ali samsung sta nudi i koji je to kvalitet bez obzira sto je star 2 godine,to je neopisivo koliko on savršeno radi. Ko planira da ga uzme i u 2025 mislim da se neće pokajati!",8,"Dužina (>=15 reči), Suprotni veznici, Negacija, Motiv kupovine"
https://mobilnisvet.com/mobilni-komentari/7651/Apple/iPhone-SE-(2020)/4,Apple,Apple iPhone SE (2020),Milos,2022-01-18 08:37:00,"Moram da napišem za bateriju, imam ovaj telefon kupio sam nov pre nedelju dana, pre njega imao stariji SE. Baterija... Na papiru NULA, ALI ja koristim društvene mreže, 3 messengera aktivno, slabo filmovi i YT klipovi, na stari SE baterija od 5h ujutru do odprilike 15-18h popodne traži punjač. Dok sa ovaj SE druga priča, od ujutru 5h kad se skine s punjača ista navika korišćenja kao i predhodni baterija izgrura ceo dan bez ikakvih problema komotno. Mislim da komentari sa trejanjem baterija kako se ovde piše 4-5-6 sati stvarno nemojte da pišete to jer ima neko kome je potreban baš ovakav telefon, uz normalno korišćenje bez igrica i filmova na YT može da zaokruže lepo jedan ceo dan bez problema.",8,"Dužina (>=15 reči), Suprotni veznici, Negacija, Motiv kupovine"
https://mobilnisvet.com/mobilni-komentari/9654/Samsung/Galaxy-S22-Ultra-5G/9,Samsung,Samsung Galaxy S22 Ultra 5G,Mr X,2022-11-24 21:24:00,"Presao sam sa iphone 13pro na s22ultra snapdragon. Uvek sam pricao da je iphone za ogranicene ljude ali ta prica nije bila validna jer nisam nikada ranije koristio taj uređaj, nateram sebe, kupim 13pro i družili smo se skoro godinu dana skoro pa sam se i navikao na ios. Igrom slucaja predjem na s22ultra i tek tada sam shvatio šta sam sve propustio i šta propusta milion drugih ljudi zbog brenda (apple). Ime imaju, kvalitet izrade takođe, video zapis broj jedan i to je cela priča, sve drugo su nedostaci za apple i model 13pro koji sam koristio. Baterija mi izdrzi 2 dana i na jednona drugom telefonu. Video snimak bolji na iphonu i to pre svega zbog stabilizacije. U svakom drugom pogledu s22ultra bolji od 13pro. Kvaliteniji ekran, mreza i domet bolji na s22ultra, interfejs. Fotografije, olovčica itd... Previse dobrih osobina na strani samsunga.",8,"Dužina (>=15 reči), Suprotni veznici, Negacija, Motiv kupovine"
https://mobilnisvet.com/mobilni-komentari/9654/Samsung/Galaxy-S22-Ultra-5G/9,Samsung,Samsung Galaxy S22 Ultra 5G,Nidza,2022-11-29 20:17:00,"Evo moji utisci posle 7 dana- presao sa note 10+ uzgred fenomenalan telefon- s kada sam presao sa note 10 + vidljive razlike golim okom skoro da nema -, malo tezi telefon ali bolji balans u ruci - opcije za 15 posto vise generalno sa note 10 + koj god telefon da sam gledao retko sta moze da mu stane na crtu - s 22 ultra nekako brze se krece kroz meni sve je trenutno , fluidnije , kamera sta znam sve je ekstra ne znam gde su toliki pikseli sve to slika babaroga ali sta znam , najvise me ipak odusevila autonomija uredzaja sad je pola 10 uvece baterija je na 61 posto - u to spada oko 3 do 4 sata razgovora sat ipo gledanja svasta , igrece ne igram i otvaranja jako zahtevnih projekata u Dvg Auto Cedu - sve u svemu sigurno medzu 3 najbolja telefona na svetu nemam primedbe sem po meni ipak velikih gabarita i naravno cene po mojim merilima previsoke - ja sam ga morao kupiti sto zbog navaike a najvise zbog posla ali opet prevelike cene - ko se razmislja nema sta da misli - zamerke nema",8,"Dužina (>=15 reči), Suprotni veznici, Negacija, Motiv kupovine"
https://mobilnisvet.com/mobilni-komentari/7651/Apple/iPhone-SE-(2020)/2,Apple,Apple iPhone SE (2020),Jelena,2022-11-19 09:30:00,"Zdravo,kupila sam polovan iphone se 2020.Imam dva problema,kada pricam sa nekim sagovornik me ne cuje sve dok ne dunem u mikrofon!Deluje glupo,ali kad diunem razgovor se nastavlja bez problema!Takodje ne radi senzor blizine!Ovo drugo sve sam probala da restartujem telefon itd i nista ali ovo prvo ne znam da li mora da menjam mikrofon ?",8,"Dužina (>=15 reči), Suprotni veznici, Negacija, Motiv kupovine"
https://mobilnisvet.com/mobilni-komentari/9293/Xiaomi/11T-Pro/3,Xiaomi,Xiaomi 11T Pro,Risbo,2023-02-02 19:07:00,"Kupio sam ga. Za sada utisci pozitivni. Od 0 do 100 ga napuni za manje od pola sata. Procesor brz ko munja. Nema reklama. Video odličan, fotografije su vrlo dobre, ali ne mogu da se porede sa samsungovom S serijom (S 21 ultra), a ne može ni cena. Prijem signala odličan, mnogi bolji nego kod samsunga. U principu potpun i zaokružen model.",8,"Dužina (>=15 reči), Suprotni veznici, Negacija, Motiv kupovine"
https://mobilnisvet.com/mobilni-komentari/8389/Xiaomi/Redmi-Note-10-Pro/28,Xiaomi,Xiaomi Redmi Note 10 Pro,Žuća,2021-08-20 18:57:00,"Evo ovako. Čitam ovde komentare za ovaj ali i za moj prethodni telefon koji se provlači kroz priču. Sada imam note 10 pro a do pre mesec ipo dana A52. Taj A52 mi je skratio život za 5 godina. Par puta je isao u servis jer je kočio i smrzavao sliku. Dok ga ne restartujem (10 sekundi off dugme) ne reaguje. Kada ga dobijem nazad kazu da nisu uočene primedbe tokom testiranja. Zadnji put kada sam ga odneo, to se pred njima desilo. Kada sam ga dobio nazad, odmah je otišao na oglas. Jedva sam ga se resio i kupio ovaj. Ovo pišem da bih demantovao neke komentare ovde jer je meni licno note 10 pro mnogo bolji nego taj A52. Možda A52 ima par stvari za nijansu bolje nego note 10 pro ali meni licno to nista nije znacilo kad je bio onako bagoviti krs. Ovo je moje misljenje i moje iskustvo.",8,"Dužina (>=15 reči), Suprotni veznici, Negacija, Motiv kupovine"
https://mobilnisvet.com/mobilni-komentari/9638/Samsung/Galaxy-S22-5G/2,Samsung,Samsung Galaxy S22 5G,Filip,2024-10-07 23:35:00,"Koristim telefon od aprila 2022. dakle 2 i po godine. Pre mesec dana mi je baterija nabubrela, otekla, krenula da natiče. Istovremeno je krenula da ""curi"", što se sve izdešavalo u dva, tri dana. Morao sam da je zamenim drugom (to me je koštalo 50E), nisam zadovoljan što se ovo desilo takoreći odmah po isteku garancije, nije mi se to dešavalo na prethodnim Samsung modelima koje sam imao npr. S20, pre toga S10, mislim da je ovo nedopustivo. Poslao sam mail Samsung podršci preko kontaktne forme na sajtu i odgovorili su da ih je baš briga, u smislu dužni smo da obezbedimo ispravno funkcionisanje telefona u garantnom periodu, posle nas ne zanima., tako da sam završio sa kupovinom Samsunga. Ovaj prodajem uskoro i kupujem neki drugi telefon. Ako imate predlog koji je dobar Android uređaj, kažite. Dakle da bude kao S22 ili S23 po veličini i specifikacijama, ali naravno mora da bude jeftiniji. Ovaj sam kupio u Gigatronu u pretprodaji čim se pojavio ali ne pada mi na pamet da to uradim opet. Nađem koji pazarim nov i ovaj ide na oglase, Samsung više ne plaćam.",8,"Dužina (>=15 reči), Suprotni veznici, Negacija, Motiv kupovine"
https://mobilnisvet.com/mobilni-komentari/8389/Xiaomi/Redmi-Note-10-Pro/29,Xiaomi,Xiaomi Redmi Note 10 Pro,Milos,2021-08-16 20:15:00,"Telefon je zver. Mana nema, eto jedino velicina. jer nemam velike sake ali njegova velicina ima i druge prednosti, npr moze da se gleda film na njemu. brz je, zvucnici jaki. kamera ODLICNA. bukvalno ima toliko opcija da jos ni ne znam da je koristim u punom potencijalu. uzeo sam najjacu verziju. za svaku preporuku.",8,"Dužina (>=15 reči), Suprotni veznici, Negacija, Motiv kupovine"
https://mobilnisvet.com/mobilni/z43/Apple/iPhone-15-Plus-6GB-512GB-1x-SIM-1x-eSIM,Apple,Apple iPhone 15 Plus,Djidjoni,2023-09-16 20:40:00,"Klasicna prevara za vise novca. Svake godine, unazad 10 godina, dodaju po jednu ili dve funkcije koje koristi jedan promil ljudi, od toga naprave pompu, ove godine ubacili USB-C i kao da su izmislili ne znam ni ja sta, ceo marketing oko necega sto postoji godinama cak i na njihovim uredjajim. Kakve klasicne budale, a da ne pricam o onima koji ih zbog tih novotarija kupuju u prvih par dana od izlaska. Dok ima ovaca, a ima mnoooooogo ovaca.....",8,"Dužina (>=15 reči), Suprotni veznici, Negacija, Motiv kupovine"
https://mobilnisvet.com/mobilni/z43/Apple/iPhone-15-Plus-6GB-512GB-1x-SIM-1x-eSIM,Apple,Apple iPhone 15 Plus,Bole,2023-12-24 23:25:00,"Hoću da se ponovim telefonom, da budem miran sledećih par godina i bitna mi je stabilnost u radu, veći ekran i baterija da izdrži dan, pa se lomim između iPhone 15 plus, S23plus i S23ultra. O iphone ne znam mnogo, ali sad sam pročitao da nemaju svi always on - je li to istina? I da je na ovom punjenje sporije od S23ultra? Always on I da ne vučem punjač mi je vrlo važno, i idbija me S23ultra zbog oborenih ivica jako, mnogo mi je nepraktično to.",8,"Dužina (>=15 reči), Suprotni veznici, Negacija, Motiv kupovine"
https://mobilnisvet.com/mobilni/29z/Honor/90-16GB-512GB-1x-SIM-1x-eSIM,Honor,Honor 90,Rax,2025-07-10 18:08:00,"Evo i nakon mesec dana moj telefon i dalje radi EXTRA. Ja ne kažem da drugim ljudima telefon radi LOŠE, ali kod mene je sve OK. To što baterija traje malo manje nego kada sam kupio, mislim da je to normalno posle godinu ipo dana. Ima svakakvih ljudi na ovim sajtovima koji su BOTOVI za neku marku telefona, ali ja kažem kako je kod mene",8,"Dužina (>=15 reči), Suprotni veznici, Negacija, Motiv kupovine"
https://mobilnisvet.com/mobilni/d2f/Honor/X8a-8GB,Honor,Honor X8a,Nikola Niš,2024-01-07 15:34:00,"Uzeo sam ovaj telefon, preko provajdera. Kao prosečan korisnik, i više sam, nego zadovoljan. Baterija, dobro drži, ali se puni sporije od Samsunga S20, ne znam zašto?",8,"Dužina (>=15 reči), Suprotni veznici, Negacija, Motiv kupovine"
https://mobilnisvet.com/mobilni/v2d/Honor/X7b,Honor,Honor X7b,Boris,2025-12-12 21:41:00,"Ovaj telefon sam na brzinu kupio jer sam prethodni slomio. Znam da ne jeftin i da ne mogu čudo da očekujem, ali ovo je najsporiji telefon koji sam ikad imao i ne bih ga preporučio. Za jednostavne stvari mi treba vremen kao da je večito uspavan.",8,"Dužina (>=15 reči), Suprotni veznici, Negacija, Motiv kupovine"
https://mobilnisvet.com/mobilni-komentari/qqy/Xiaomi/13T/2,Xiaomi,Xiaomi 13T,Njinja,2024-07-04 09:26:00,"Uzela sam 13t pre neki dan ali nisam bas srecna sa kamerom. Imam itisak da su kontrasti prejaki i slike preeksponirane. Ima li neko savet za neka dodatna podešavanja, izbor parametara ili sam ja prosto navikla na iphone kameru koja daje dosta realisticne fotke pa mi samo treba da se naviknem",8,"Dužina (>=15 reči), Suprotni veznici, Sleng, Motiv kupovine"
https://mobilnisvet.com/mobilni-komentari/9955/Honor/70/17,Honor,Honor 70,Adnan,2022-11-29 14:07:00,"Sigurno je da je dobar telefon više srednje klase. A da je trenutna cena visoka i to stoji. Razmišljao sam da li da ga uzmem ali me iskreno cena telefona odbila. Uzeo sam OnePlus Nord 2 na akciji verzija 8/128 gb za 35 hiljada. Prilično su sličnih karakteristika. Na stranu Nord 2 ide jači procesor, stereo zvuk, dizajn i veličina a na Honor 70 bolja selfi i ultraširoka kamera, ekran sa osveženjem od 120 hz, baterija... Pa ko se za šta odluči. Napominjem da je cena telefona presudno odlučila šta da uzmem",8,"Dužina (>=15 reči), Suprotni veznici, Specifikacija, Motiv kupovine"
https://mobilnisvet.com/mobilni/v2d/Honor/X7b,Honor,Honor X7b,123,2024-02-27 00:32:00,Nista posebno sem stereo zvuka ako je to uopste posebno i sto za dinar dobijete slusalice. Ali nema punjaca nema maske i verzija je 6/128. Imao sam tehno pova 5 nfc i iskreno pokajao sam se sto sam prodao taj kupio ovaj,8,"Dužina (>=15 reči), Suprotni veznici, Negacija, Motiv kupovine"
https://mobilnisvet.com/mobilni-komentari/pt4qv/Apple/iPhone-14-Pro-Max/2,Apple,Apple iPhone 14 Pro Max,Vladimir,2024-02-27 12:38:00,"Ne znam kako Vama ali meni baterija jedva izgura 24 sata uz maltene normalno koriscenje, telefon je nov star 7 dana uzet u MTS u pa mi dodje da ga vratim posto sam uzeo online pa imam pravo da ga vratim u roku od 14 dana. Koliko vama traje baterija ?",8,"Dužina (>=15 reči), Suprotni veznici, Negacija, Motiv kupovine"
https://mobilnisvet.com/mobilni-komentari/9272/Apple/iPhone-13-Pro/8,Apple,Apple iPhone 13 Pro,djolej,2021-11-17 10:40:00,"Odlican, posle 12 pro sam ovaj uzeo, ipak ima razlike, pogotovu u ekranu, nema greske, sve je tecno, svaka preporuka.",8,"Dužina (>=15 reči), Suprotni veznici, Negacija, Motiv kupovine"
https://mobilnisvet.com/mobilni-komentari/xnjcm/Xiaomi/Redmi-Note-12-Pro/7,Xiaomi,Xiaomi Redmi Note 12 Pro,Nikola,2023-08-11 08:34:00,Telefon vec koristim oko 3 meseca odlican za te pare negreje je se brz je jako nema bagova lagova ja sam ga uzeo u a1 baterija je bila bolja na redimi note 9 pro sto sam imao ali solidna je pregura vise od jednog dana a vama ljudima sto ne valja uzmete lepo izvalite iz dzepa 1000 evra i uzmete fon super koji nece da se greje laguje i ostalo mislim realno kolko para tolko i muzikee telefon je za tw pare super sta bi ste hteli da 300 evra ono da vam daju s23 plus ne kapiram.,8,"Dužina (>=15 reči), Suprotni veznici, Negacija, Motiv kupovine"
https://mobilnisvet.com/mobilni-komentari/xnjcm/Xiaomi/Redmi-Note-12-Pro/7,Xiaomi,Xiaomi Redmi Note 12 Pro,Neletaksista,2023-08-15 14:18:00,"Kupio telefon pre 10 dana i mogu samo reći da sam prezadovoljan. Brz, fluidan, bez i najmanjeg seckanja,  bagovanja. Za te pare neverovatan. Jedino sam očekivao da će baterija trajati duže. Ja jesam zahtevan korisnik pošto ga tokom čitavog dana koristim ali sam očekivao da će me izgurati od jutra do kraja dana ali nema šanse. U 7:00 h ujutru ga skinem sa punjača i ako mi je non stop uključena lokacija već oko 14:00 h ispadne ispod 20%, a bez uključene lokacije traje do nekih 17:00 h",8,"Dužina (>=15 reči), Suprotni veznici, Negacija, Motiv kupovine"
https://mobilnisvet.com/mobilni-komentari/9841/Samsung/Galaxy-A53-5G/8,Samsung,Samsung Galaxy A53 5G,Vladimir,2022-09-19 02:44:00,"Čitao svašta, googl-ao iako za pametne piše da je A52s 5G 70% brzine od naj bržeg procesora na svetu dok za ovo smetlište lepo piše 47%... prodam tako ja A52s 5G i kupim sebi đubre zvano A53. Pa ne stoji džabe recenzija na YT da je totalni promašaj. Jedino šta će imati je duža podrška za softwer i to je sve... ostalo. Nemam reči užasa. Niti igram igrice, niti sam zahtevan korisnik ali telefon po gore navedenim procentima od strane Antutu su primetno osetni. Telefon kao da radi što mora. Naj više šta me je bilo iznerviralo jeste to što ne daj bože noću da upalim kameru i na brzinu da slikam nešto, minimum 3 sekunde mu treba da uslika nešto, u messengeru mu treba 1 sec da pusti poruku sagovorniku... jedan užas od uređaja to što su lepo rekli na recenziji prvi put u istoriji da proizvođač napravi novi model identične težine, identičnog izgleda ali sa osakaćenim čipsetom bili su potpuno u pravu.Prema testovima identična brzina kao na običnom A52 ili A72. Ko ne mora neka kupi A52s 5G jer verujte mi ko pređe sa njegovog Snapdragon-a na ovaj exynos videće drastično sporiji odziv uređaja i opravdanu ocenu od strane stručnih lica. Jednostavno slažem se sa antutu u potpunosti da je ovaj telefon trebao po pravilu danizađe između A52 i A52s 5G. Na kraju sam ga hvala bogu prodao posle par dana i kupio S21 ultra. Dok sam supruzi kupio S20FE snapdragon verziju koji je zver od uređaja za isti novac za razliku od ove lomatine. Isprobajte, istestirajte pa ćete videti da sam u pravu.",8,"Dužina (>=15 reči), Suprotni veznici, Negacija, Motiv kupovine"
https://mobilnisvet.com/mobilni-komentari/rhw/Samsung/Galaxy-A34/4,Samsung,Samsung Galaxy A34,Es88,2024-01-11 00:34:00,"Poz, od kad sam kupio a34 koristio sami ste bezicne slusalice, danas su mi nestale iz ovih zapamcenih uređaja. Cijeli dan pokusavam ponovo skenirati, da vidim da li ce ih uspjeti prepoznati ali bezuspjesno. Nije do slusalica, jer sam probao na drugom mobu i rade. Ako zna ko razlog bio bi zahvalan",8,"Dužina (>=15 reči), Suprotni veznici, Negacija, Motiv kupovine"
