url,brand,phone,author,date,comment
https://mobilnisvet.com/mobilni/7181/Apple/iPhone-11-256GB,Apple,Apple iPhone 11,Djomla,2026-01-12 08:08:00,Ja sam uzeo polovan za 120e sa 100% baterije menjana je.
https://mobilnisvet.com/mobilni/7181/Apple/iPhone-11-256GB,Apple,Apple iPhone 11,Andrej,2025-12-06 19:14:00,Da li da kupim iPhone 11 za 19.999rsd nov?
https://mobilnisvet.com/mobilni/7181/Apple/iPhone-11-256GB,Apple,Apple iPhone 11,Grbic,2025-12-04 10:17:00,Odlican kupoio g juce sluzi na ios 26
https://mobilnisvet.com/mobilni/7181/Apple/iPhone-11-256GB,Apple,Apple iPhone 11,Lea,2025-11-25 22:53:00,Da li ima još?
https://mobilnisvet.com/mobilni/7181/Apple/iPhone-11-256GB,Apple,Apple iPhone 11,Deki,2025-09-30 21:05:00,"Telefon je i dalje odlican,podrzava ios 26. Baterija 97%izdrzi dva dana lagano."
https://mobilnisvet.com/mobilni/7181/Apple/iPhone-11-256GB,Apple,Apple iPhone 11,Natasa,2025-09-19 20:11:00,Da li možete reci realno za koliko da prodajem iphon 11 baterija 78%?
https://mobilnisvet.com/mobilni/7181/Apple/iPhone-11-256GB,Apple,Apple iPhone 11,Nena,2025-09-14 10:43:00,"Zdravo ljudi Imam jednu dilemu .Da li da kupim Iphone X polovan,sve perfektno radi 78 baterije za 10p0 evra ili iphone 11 baterija 85 pošto za 140 evra,Oba su stara oko sve godine?"
https://mobilnisvet.com/mobilni/7181/Apple/iPhone-11-256GB,Apple,Apple iPhone 11,Pitanje,2025-08-23 21:08:00,Da li se isplati sad staviti originalnu bateriju? Koliko će još biti podržana 11ica? Hvala unapred
https://mobilnisvet.com/mobilni/7181/Apple/iPhone-11-256GB,Apple,Apple iPhone 11,Nikola,2025-06-12 21:55:00,Da li kupiti iphone 11 u 2025 sa 78%battery health. Treba mi sto brzi odgovor…
https://mobilnisvet.com/mobilni/7181/Apple/iPhone-11-256GB,Apple,Apple iPhone 11,Kristina,2025-05-13 21:50:00,"Iphone 11, 128gb, battery health 100%. Da li vredi 200€? Hvala unapred!"
https://mobilnisvet.com/mobilni/7181/Apple/iPhone-11-256GB,Apple,Apple iPhone 11,Milan,2025-05-03 12:00:00,Imam iphone 11 već 3 ipo godine baterija na 77 ali mi traži da instaliram novi operativni sistem 18.4.1 . Do sada nisam nijednom instalirao . Zanimam me da li da instaliram ili ne? Inače neke aplikacije ne mogu da skinem traže mi da instaliram novi sistem .
https://mobilnisvet.com/mobilni/7181/Apple/iPhone-11-256GB,Apple,Apple iPhone 11,Ivana,2025-04-21 12:08:00,"Mozda je dosta star telefon ali ima nov da se kupi za 280e. Da li se isplati na 2 godine? Za 13 nemam. Od drustvenih mreza samo linkedin, viber i whats up. I youtube ponekad."
https://mobilnisvet.com/mobilni/7181/Apple/iPhone-11-256GB,Apple,Apple iPhone 11,Алас,2025-04-02 18:58:00,"Pozdrav ljudi,kupio sam ajfon 11 ćerki prije 3 god polovan,prije mjesec sam joj kupio 13 običan,nov,a ja sam uzeo 11,nikad prije nijesam koristio ajfon samo samsung i huaveij,koji su odlični,imao sam a 55 i dao sam ga sinu,a imam i p40 lite koji je još uvjek mašina,i sad u 2025,ali mi se ova 11stica mnogo sviđa jer je lagan i prelijep tel posebno za posao gdje mi ne smeta,i ovoliko star je mašina još uvjek,staklo nazad i aplov znak ga čine prelijepim,mogu da kupim s24 ultra ali neću dok god me bude služio ovaj ajfon 11,baterija je slaba tačka ali izdrži cio dan,kad ne bude mogao da funkcioniše kupiću neki ultra jer je za mene to čudo tehnike,drugi ajfoni nemaju oblik kao 11 i neću više koristit njihove telefone,ali do tada samo 11,veliki pozdrav"
https://mobilnisvet.com/mobilni/7181/Apple/iPhone-11-256GB,Apple,Apple iPhone 11,Jabuka,2025-04-01 00:46:00,"Sve su to i dalje dobri telefoni x, xr, xs, 11, video snimci i fotke i dalje za sve pohvale ali to su sve cene za oko 100€.📢🥳Pumpaaaj"
https://mobilnisvet.com/mobilni/7181/Apple/iPhone-11-256GB,Apple,Apple iPhone 11,Stefa,2025-03-12 21:19:00,Dali se isplati kupiti iphone 11 u 2025 godini
https://mobilnisvet.com/mobilni/7181/Apple/iPhone-11-256GB,Apple,Apple iPhone 11,Kovac,2025-03-11 13:30:00,kako znas battery health ako nije otvaran
https://mobilnisvet.com/mobilni/7181/Apple/iPhone-11-256GB,Apple,Apple iPhone 11,Bojan,2025-02-09 00:39:00,"Koja bi cena bila za 11, 64 gb, 98% battery health?"
https://mobilnisvet.com/mobilni/7181/Apple/iPhone-11-256GB,Apple,Apple iPhone 11,mm,2025-01-18 16:20:00,battery health????
https://mobilnisvet.com/mobilni/7181/Apple/iPhone-11-256GB,Apple,Apple iPhone 11,Dragomir,2025-01-11 20:59:00,Koji je batery healt?
https://mobilnisvet.com/mobilni/7181/Apple/iPhone-11-256GB,Apple,Apple iPhone 11,Aki,2024-12-24 20:50:00,Dvoumim se izmedju iphone 11 i samsung a55 sta je bolje kupiti?
https://mobilnisvet.com/mobilni/7181/Apple/iPhone-11-256GB,Apple,Apple iPhone 11,Milan,2024-12-17 14:37:00,"Poštovani, kupio bih nov iPhone 11 256gb... Kakvi su utisci?"
https://mobilnisvet.com/mobilni/7181/Apple/iPhone-11-256GB,Apple,Apple iPhone 11,Ola la,2024-11-29 13:52:00,"Koliko vredi iphone 11, kupljen 2020, 73% battery health, nikad nista menjano i dobro ocuvano?"
https://mobilnisvet.com/mobilni/7181/Apple/iPhone-11-256GB,Apple,Apple iPhone 11,Ivo,2024-11-27 18:00:00,"Koliko novca vredi 11-ca, 1,5 godinu koriscena, 89 % battery healt, nikad nista popravljano i odlicno ocuvana?"
https://mobilnisvet.com/mobilni/7177/Apple/iPhone-11-Pro-256GB,Apple,Apple iPhone 11 Pro,Xxx,2026-07-17 18:46:00,Da li se isplati uzimati iphone 11 pro 4/512 polovan. Nisam zahtevan korisnik.
https://mobilnisvet.com/mobilni/7177/Apple/iPhone-11-Pro-256GB,Apple,Apple iPhone 11 Pro,Dusan,2025-06-19 12:00:00,Da li se isplati uzeti nov u ovom trenutku?
https://mobilnisvet.com/mobilni/7177/Apple/iPhone-11-Pro-256GB,Apple,Apple iPhone 11 Pro,Maja,2025-05-31 10:48:00,Da li se isplati 11 pro na 23000 i da traje 2 godine? Drustvene mreze koristim i da traje baterija 1 dan
https://mobilnisvet.com/mobilni/7177/Apple/iPhone-11-Pro-256GB,Apple,Apple iPhone 11 Pro,Stena,2025-01-18 12:18:00,Koji je bolji za uzeti novi A55 5G ili polovan 11PRO sa 88 BH
https://mobilnisvet.com/mobilni/7177/Apple/iPhone-11-Pro-256GB,Apple,Apple iPhone 11 Pro,Mark,2024-02-21 09:32:00,Sta mislite o izlozbenim modelima? Pojavljuju se na oglasima kao novi.
https://mobilnisvet.com/mobilni/7177/Apple/iPhone-11-Pro-256GB,Apple,Apple iPhone 11 Pro,Tam,2024-01-15 11:18:00,"Je l bolje uzeti 11 pro ili 12, polovan, za prosecnog korisnika??"
https://mobilnisvet.com/mobilni/7177/Apple/iPhone-11-Pro-256GB,Apple,Apple iPhone 11 Pro,Dunja,2024-01-03 22:39:00,I koliko zapravo kosta 11pro nov?
https://mobilnisvet.com/mobilni/7177/Apple/iPhone-11-Pro-256GB,Apple,Apple iPhone 11 Pro,Dunja,2024-01-03 22:31:00,Da li se isplati da umem 11pro star dve godine i zamenjrna je batetija? Jel ce mi propasti polse manjr od godinu dana?
https://mobilnisvet.com/mobilni/7177/Apple/iPhone-11-Pro-256GB,Apple,Apple iPhone 11 Pro,Milan,2023-11-17 10:23:00,"Nisam nikad imao Iphone .. Prosecan sam korisnik , samo mi je vazno da ne baguje i da baterija drzi..  Preporuka ?  Da li mi se isplati ovaj ?"
https://mobilnisvet.com/mobilni/7177/Apple/iPhone-11-Pro-256GB,Apple,Apple iPhone 11 Pro,MIOS,2023-10-22 11:36:00,Kako drži baterija na ovom telefonu? I da li se isplati danas u 2023 godini??
https://mobilnisvet.com/mobilni/7177/Apple/iPhone-11-Pro-256GB,Apple,Apple iPhone 11 Pro,Nikola,2023-09-28 01:05:00,Trenutno se lomim izmedju 12 ili 11pro. Da li je velika razlika?
https://mobilnisvet.com/mobilni/7177/Apple/iPhone-11-Pro-256GB,Apple,Apple iPhone 11 Pro,Dario,2023-09-27 07:59:00,"Ne znam zašto letite odma da ažurirate softver naravno da će sporije raditi , zauima više ram memorije kao i skladišne memorije ,pogotovo na starijim modelima . Ja na 11 pro još imam 15.3.1 i ništa mu ne fali,radi kao sat ."
https://mobilnisvet.com/mobilni/7177/Apple/iPhone-11-Pro-256GB,Apple,Apple iPhone 11 Pro,IP 11 PRO,2023-09-26 07:21:00,"Ne znam da li je i kod vas slucaj, posle update na iOS 17 aplikacije koce prilikom ucitavanja, pogotovo je to izrazeno na facebook i kupujem prodajem gde se ceka po par sekundi da ucita slike… isto se ponasa na wifi i mobilnom internetu."
https://mobilnisvet.com/mobilni/7177/Apple/iPhone-11-Pro-256GB,Apple,Apple iPhone 11 Pro,Darko,2023-09-21 15:01:00,"Da li neko zna kako treba da drzi baterija na ovome telefonu, posto meni bas skida brzo a BH 100%"
https://mobilnisvet.com/mobilni/7177/Apple/iPhone-11-Pro-256GB,Apple,Apple iPhone 11 Pro,Viktor,2023-08-25 00:16:00,"Da li uzeti polovan 11 pro ili samsung s20 fe, unapred hvala na savetima"
https://mobilnisvet.com/mobilni/7177/Apple/iPhone-11-Pro-256GB,Apple,Apple iPhone 11 Pro,Dario,2023-08-15 13:15:00,"Imam iPhone 11 PRO , verziju softvera 15.3.1 , nisam ažurirao na novije verzije ,zbog brzine procesora i duzine trajanja baterije , da li smatrate da je to pravilno i ispravno ?"
https://mobilnisvet.com/mobilni/7177/Apple/iPhone-11-Pro-256GB,Apple,Apple iPhone 11 Pro,iphone 12,2023-08-02 23:15:00,Postovanje svima treba mi pomoc kupio sam polovan iphone 12 batery helt je bio na 91% posle dve nedelje je opao na 88% azuriran je na ios16.6 baterija drzi dobro al brzo opadaju helti dali je to zbog iosa ??? hvala unapred
https://mobilnisvet.com/mobilni/7177/Apple/iPhone-11-Pro-256GB,Apple,Apple iPhone 11 Pro,123xy,2023-07-21 01:31:00,da li znate gde ima da se kupi novi iphone 11 pro?
https://mobilnisvet.com/mobilni/7177/Apple/iPhone-11-Pro-256GB,Apple,Apple iPhone 11 Pro,Teki,2023-07-07 17:56:00,Da li uzeti 11 pro u 2023
https://mobilnisvet.com/mobilni/7177/Apple/iPhone-11-Pro-256GB,Apple,Apple iPhone 11 Pro,M,2023-06-28 23:36:00,"Uzeo bih 11 kao prvi iphone, da vidim kako mi leži, ali s obzirom da je stariji telefon i retko koji ima dobar BH, a da je original baterija, fabrička. Zanima me koliko je i da li je drugačija original zamenska baterija, tj koliko utiče na trajanje baterije itd?"
https://mobilnisvet.com/mobilni/7177/Apple/iPhone-11-Pro-256GB,Apple,Apple iPhone 11 Pro,Aleksandra,2023-05-24 16:37:00,"Caoos. Treba mi savet, da li da uzmem 11 iphone novi, ili malo koriscen 11 pro max? Treba mibzbog kamere bavim se beauty svetom. Takodje, volim kad je ekran vise inca ali nije presudno, hvala vam puno"
https://mobilnisvet.com/mobilni/7177/Apple/iPhone-11-Pro-256GB,Apple,Apple iPhone 11 Pro,Aca,2023-05-15 22:28:00,"Pazario sam polovan telefon sa 91% health, pre toga koristio iphone 5s, 8, xs… izmedju toga koristim i samsung a32 kao sluzbeni… Neuporediva razlika u bateriji u odnosu na sve sto sam do sada koristio, izvuce mi 6:20 SOT-a… O ostalim stvarima ne treba mnogo komentarisati, kamera vrh, fluidnost, video se ne moze uporediti ni sa nekim najnovijim flagshipom, sve u svemu prezadovoljan."
https://mobilnisvet.com/mobilni/7177/Apple/iPhone-11-Pro-256GB,Apple,Apple iPhone 11 Pro,Marko,2023-04-20 14:43:00,"Kako drži baterija na pro modelu, jel bolja ili gora od obične 11?"
https://mobilnisvet.com/mobilni/7177/Apple/iPhone-11-Pro-256GB,Apple,Apple iPhone 11 Pro,Gaga,2023-03-07 19:35:00,Ovaj 11 pro star 2 godine sa 82% baterijom ili nov samsung a53 5 g?
https://mobilnisvet.com/mobilni/7652/Apple/iPhone-SE-(2020)-128GB,Apple,Apple iPhone SE (2020),Branko Medakovic III,2025-01-23 19:42:00,"Telefon je vrh i u 2025, baterija zeza ali i to se daa resiti zamenom druge. Kamera toop, brzina toop...nista ne baguje, sve otvara u trenutku...za prosečnog korisnika ovo je vrh vrhova ali stvarno...korisničko iskustvo na max. Neko ko voli nesto manje telefone - idealan. Sve preporuke i u ovoj 2025 godini."
https://mobilnisvet.com/mobilni/7652/Apple/iPhone-SE-(2020)-128GB,Apple,Apple iPhone SE (2020),Dobrivoje,2024-06-29 17:32:00,Imam Iphone SE već 4-5 godina. Do nedavno nisam imao probleme. Od nedavno me veoma iznenađuje volšebno gubljenje pojedinih kontakata. Tražim osobu da je pozovem i konstatujem da nema tog kontakta. Pojedine kontakte uspevam da pronađem kad tražim preko Vibera. Tada najčešće prepišem broj i unesem ga u kontakte.
https://mobilnisvet.com/mobilni/7652/Apple/iPhone-SE-(2020)-128GB,Apple,Apple iPhone SE (2020),Stefan,2024-05-05 07:00:00,"Imam se2020 sa baterijom koja je na 84,punim ga nekad i 3 puta….. zanima me da li bi primetio razliku ako stavim novu, nova kosta samo 1500 dun……."
https://mobilnisvet.com/mobilni/7652/Apple/iPhone-SE-(2020)-128GB,Apple,Apple iPhone SE (2020),Mirko,2024-03-14 20:43:00,Da li neko uradio update na 17.4?
https://mobilnisvet.com/mobilni/7652/Apple/iPhone-SE-(2020)-128GB,Apple,Apple iPhone SE (2020),Mn,2024-02-07 18:51:00,Kakva je baterija koliko moze da izdrzi
https://mobilnisvet.com/mobilni/7652/Apple/iPhone-SE-(2020)-128GB,Apple,Apple iPhone SE (2020),Vuk,2024-01-04 14:01:00,Odlican tel.
https://mobilnisvet.com/mobilni/7652/Apple/iPhone-SE-(2020)-128GB,Apple,Apple iPhone SE (2020),asdf,2023-12-09 08:33:00,ima li nekome da ispravno radi na ios-u 17?
https://mobilnisvet.com/mobilni/7652/Apple/iPhone-SE-(2020)-128GB,Apple,Apple iPhone SE (2020),Darko,2023-11-20 23:02:00,Tel sam kupio marta 2020 bas kad je izaso i za ove skoro 4 god.mogu da kazem da sam prezadovoljan neverovatno je kako radi i dan danas posle svega sto je preziveo...
https://mobilnisvet.com/mobilni/7652/Apple/iPhone-SE-(2020)-128GB,Apple,Apple iPhone SE (2020),Ana,2023-11-04 17:18:00,"Postovani, baterija mi uzasno propala. Da li vredi menjati bateriju ili cekati za neki nov telefon?"
https://mobilnisvet.com/mobilni/7652/Apple/iPhone-SE-(2020)-128GB,Apple,Apple iPhone SE (2020),Ana,2023-10-16 14:27:00,Kako se ponasa na ios 17?
https://mobilnisvet.com/mobilni/7652/Apple/iPhone-SE-(2020)-128GB,Apple,Apple iPhone SE (2020),Zlatko,2023-09-19 09:34:00,Instalirao ios 17 baterija je bila ocajna do tad a sad katastrofa jedva 2h sot.
https://mobilnisvet.com/mobilni/7652/Apple/iPhone-SE-(2020)-128GB,Apple,Apple iPhone SE (2020),Mika,2023-04-25 20:04:00,"Bolje uzeti IPhone 7 ili 7 Plus jer je to original iPhone,a ovo Benz Borja ništa nevaljaju."
https://mobilnisvet.com/mobilni/7652/Apple/iPhone-SE-(2020)-128GB,Apple,Apple iPhone SE (2020),Nenad,2023-03-26 21:07:00,"Koliko će ovaj telefon još dobijati podrške, da li uzeti sada 3 godine star?"
https://mobilnisvet.com/mobilni/7652/Apple/iPhone-SE-(2020)-128GB,Apple,Apple iPhone SE (2020),Nikola,2023-03-17 23:42:00,Na 16.1.2 sam. Da li Verdi na 16.3.1 ? Baterija stabilnost brzina ?
https://mobilnisvet.com/mobilni/7652/Apple/iPhone-SE-(2020)-128GB,Apple,Apple iPhone SE (2020),TT,2023-02-27 16:35:00,Da li se isplati sad u 2023. godini preći sa Huawei Mate 20 lite na ovaj telefon sa 86% battery health-a?
https://mobilnisvet.com/mobilni/7652/Apple/iPhone-SE-(2020)-128GB,Apple,Apple iPhone SE (2020),Kg,2023-02-16 00:30:00,"Da li ga uzeti za 200e batery health oko 85,86%"
https://mobilnisvet.com/mobilni/7652/Apple/iPhone-SE-(2020)-128GB,Apple,Apple iPhone SE (2020),Mn,2023-02-04 23:28:00,Da li uzeti polovan i zameniti mu bateriju
https://mobilnisvet.com/mobilni/7652/Apple/iPhone-SE-(2020)-128GB,Apple,Apple iPhone SE (2020),Mladja mladji,2023-01-25 16:20:00,Osetno bolja baterija na 16.3.
https://mobilnisvet.com/mobilni/7652/Apple/iPhone-SE-(2020)-128GB,Apple,Apple iPhone SE (2020),Luka SE 2020,2023-01-24 16:57:00,imam iphone se 2020 i ne znam da li je vodootporan da li moze neko da mi kaze
https://mobilnisvet.com/mobilni/7652/Apple/iPhone-SE-(2020)-128GB,Apple,Apple iPhone SE (2020),Ilija,2023-01-03 15:07:00,Da li neko moze da uporedi kameru na se 20 i se 22 da li ima neka razlika?
https://mobilnisvet.com/mobilni/7652/Apple/iPhone-SE-(2020)-128GB,Apple,Apple iPhone SE (2020),Aca se2020,2022-12-25 21:18:00,"Pozdrav svima,da li se isplati staviti novu bateriju od 2200mah,kao sto je na se 2022? Kakva su vasa iskustva s tim?"
https://mobilnisvet.com/mobilni/7652/Apple/iPhone-SE-(2020)-128GB,Apple,Apple iPhone SE (2020),Goran,2022-12-25 08:54:00,"Baterija posle 2 ipo god.spala na 77% i drzi oko 2 do 2 ipo sata ukljucenog ekrana, punim ga 2 pa nekad i 3 puta u toku dana pa eto posle neka neko kaze da je baterija dobra!!!Ostalo na telefonu je sve na mestu cak radi mozda i brze nego prvog dana uskoro ga menjam za neki sa boljom baterijom pa ako moze neki predlog?"
https://mobilnisvet.com/mobilni/8057/Apple/iPhone-12-256GB,Apple,Apple iPhone 12,Aleksa,2026-01-21 15:53:00,Koji je bh?
https://mobilnisvet.com/mobilni/8057/Apple/iPhone-12-256GB,Apple,Apple iPhone 12,Milos,2025-12-18 12:04:00,Postovanje.sta uzeti iphone 12 ili honor 400
https://mobilnisvet.com/mobilni/8057/Apple/iPhone-12-256GB,Apple,Apple iPhone 12,Helena,2025-06-30 11:32:00,Ja imam jedno pitanj  da li imate novi iPhone 12 beli i cena?
https://mobilnisvet.com/mobilni/8057/Apple/iPhone-12-256GB,Apple,Apple iPhone 12,DraganJ,2025-05-06 11:14:00,"Kupio sam iPhone 12 unuci za rođendan. Treba da bude poklon - iznenađenje. Pošto sam isključivi korisnik Android mobilnih, želeo sam da vidim šta nudi iOS, kakve su to prednosti i bla, bla, bla. Napominjem da nisam mrtav po pitanju karakteristika, performansi, specifikacija i svega ostalog, iako sam napunio 68 godina, i najkraće, nisam ničim oduševljen, možda jedino brzinom rada. Pošto imam Pixel 4a, fotografije mi izgledaju lepše na Pixelu, izbor jezika, tastatura, prevodilac, baterija, loše, slabo, ne može, mali iznor(prihvatam da drugi kažu suprotno, možda nisam otkrio, pronašao...). Fabrički izgled početnog ekrana, ništa spektakularno. Razmišljao sam da i meni umem ovakav ili čak iPhone 13, ali posle svega ovoga - NE! Najviše zbog prevođenja, jer mnogo često isčitavam strane časopise....šta treba?da instaliram Google prevodioca, pa prevodim, zašta služi iPhone-ov, tastatura bez čćšžđ, šta treba, da instaliram Google Gboard.... Em su skupi, em ne vidim neke drastične prednosti, em se mučim na prilagođavanje."
https://mobilnisvet.com/mobilni/8057/Apple/iPhone-12-256GB,Apple,Apple iPhone 12,Anja,2025-03-17 17:53:00,"Bicu iskrena. Nemam puno novca a treba mi pouzdan telefon. Sad je u gigatronu na akciji da mogu da ga priustim. Da li uzeti ga ili neki drugi da ipak pogledam. Android sam korisnik ali iskreno mi svi koji imaju iphone kazu da se nikad ne bi vratili na android i da boljih, sigurnjjih i jacih telefona od njih nema."
https://mobilnisvet.com/mobilni/8057/Apple/iPhone-12-256GB,Apple,Apple iPhone 12,Stefan,2025-03-12 21:14:00,Dali se isplati kupiti iphone 12 u 2025 godini ili iphone 11
https://mobilnisvet.com/mobilni/8057/Apple/iPhone-12-256GB,Apple,Apple iPhone 12,Ćaci,2025-03-12 14:07:00,Da li se isplati ovaj uzeti nov sada u 2025 god ili mozda se 2022.
https://mobilnisvet.com/mobilni/8057/Apple/iPhone-12-256GB,Apple,Apple iPhone 12,Lab,2025-03-11 01:30:00,Da li iphone 12 ima problem sa prekomernim elektromagnetnim zracenjem?
https://mobilnisvet.com/mobilni/8057/Apple/iPhone-12-256GB,Apple,Apple iPhone 12,Svjetlana,2025-01-30 23:03:00,"Jedno pitanje sta mi savetujete za kupovinu telefona bitna mi je kamera zbog slika ostrine  ali cena da ne byde iznad 240 evra ,treba mi telefon koji ima ok kamere za slike pejzaza ..."
https://mobilnisvet.com/mobilni/8057/Apple/iPhone-12-256GB,Apple,Apple iPhone 12,marko,2025-01-09 03:00:00,"Pozdrav, zanima me sta treba gledati kod kupovine polovnog iphona, posto vidim da ima dosta caka i da mogu biti otvarani i potencialno 'karabudzeni', da li je bolje uzeti neki sa menjanom baterijom na 100% jer je on otvaran i mzd jos nesto radjeno ili neki sa recimo 80+%, koja je fora sa icloudom i vidim da ima i nesto oko ekrana(valjda zamenski nema auto osvetljenje ili sta vec).Hvala😅"
https://mobilnisvet.com/mobilni/8057/Apple/iPhone-12-256GB,Apple,Apple iPhone 12,Rade,2025-01-07 12:14:00,Jel bolji iphone 12 ili samsung a 55?
https://mobilnisvet.com/mobilni/8057/Apple/iPhone-12-256GB,Apple,Apple iPhone 12,Maša,2024-12-23 19:46:00,"Imam ponudu za Iphone 12, batery hlt 91% (ili 96%) nisam sigurna😅 za 25.000 din, jel' to okej cena?"
https://mobilnisvet.com/mobilni/8057/Apple/iPhone-12-256GB,Apple,Apple iPhone 12,Nikola,2024-12-10 21:20:00,"imao sam iphone 12 obican,telefon je meni ipak bio vise intersantan nego iphone 16 pro,meni je iphone 12 obican bolje radio i veoma sam zadovoljan bio,hteo sam probati sta se dobija sa pro modelima,samo kamera i ekran za aod 120hz i nista vise"
https://mobilnisvet.com/mobilni/8057/Apple/iPhone-12-256GB,Apple,Apple iPhone 12,Milos,2024-12-06 12:33:00,Da li vredi staviti bateriju koja nije original?
https://mobilnisvet.com/mobilni/8057/Apple/iPhone-12-256GB,Apple,Apple iPhone 12,Mix,2024-10-31 19:04:00,Mišljenje jer dati samsung S21 5G za ajfon 12
https://mobilnisvet.com/mobilni/8057/Apple/iPhone-12-256GB,Apple,Apple iPhone 12,Lara,2024-10-28 19:03:00,Da li je mobitel na preplatu
https://mobilnisvet.com/mobilni/8057/Apple/iPhone-12-256GB,Apple,Apple iPhone 12,Upitan,2024-10-25 07:59:00,"Mnogo je komentara o tome da iphone 12 zraci, neki francuski test. Ne mogu naci bas precizne info oko toga. Da li je neko bolje upoznat sa apple resenjem da azurira software i tako sredi ""problem koju su francuzi nasli"""
https://mobilnisvet.com/mobilni/8057/Apple/iPhone-12-256GB,Apple,Apple iPhone 12,Jelena,2024-10-10 18:44:00,Može li iphon 12 free plis
https://mobilnisvet.com/mobilni/8057/Apple/iPhone-12-256GB,Apple,Apple iPhone 12,VaVa,2024-10-05 10:02:00,Meni se sve svidja na ovom telefonu osim baterije
https://mobilnisvet.com/mobilni/8057/Apple/iPhone-12-256GB,Apple,Apple iPhone 12,Stef,2024-09-22 14:39:00,"Da li je 64gb dovoljno za strimovanje muzike, jednu-dve drustvene mreze, povremeno fotkanje i naravno pozive i poruke? Ja sam neki prosecan korisnik, osim sto dosta slusam muziku."
https://mobilnisvet.com/mobilni/8057/Apple/iPhone-12-256GB,Apple,Apple iPhone 12,Стефан,2024-09-13 13:26:00,Jel okej 100% bat i 64 gb za osnovne društvene mreže i nekih 1000 slika da uzmem super očuvanu 12?
https://mobilnisvet.com/mobilni/8057/Apple/iPhone-12-256GB,Apple,Apple iPhone 12,MN,2024-08-24 09:26:00,Da li ga uzeti novog za nekih 450e zanima me baterija
https://mobilnisvet.com/mobilni/8057/Apple/iPhone-12-256GB,Apple,Apple iPhone 12,s,2024-06-30 16:00:00,"da li ima nacin kako da se aktivra volte na njemu,koristim a1 neosurf i jako me iritira da neki jeftini andoid moze a da ovo cudo koje kosta 2x vise nema tu opciju"
https://mobilnisvet.com/mobilni-komentari/8055/Apple/iPhone-12/2,Apple,Apple iPhone 12,Мики,2024-05-27 20:20:00,"Da li neko zna do kada će ovaj model imati podršku i isplati li se uzeti ga u 2024. godini? Takođe, zanima me šta korisnik konkretni gubi po isteku podrške (osim najnovijih ažuriranja)? Hvala i srdačan pozdrav!"
https://mobilnisvet.com/mobilni-komentari/8055/Apple/iPhone-12/2,Apple,Apple iPhone 12,Deki,2024-05-20 17:41:00,Kako se iPhone 12 pokazao u praksi? Ima li bagov i sl.? Vredi li kupovati kao polovan? Hvala svima na nesebicnim odgovorima.
https://mobilnisvet.com/mobilni-komentari/8055/Apple/iPhone-12/2,Apple,Apple iPhone 12,Tackica,2024-05-03 18:55:00,Jedini ajfon sa normalnom cenom i kvalitetom...
https://mobilnisvet.com/mobilni-komentari/8055/Apple/iPhone-12/2,Apple,Apple iPhone 12,Tx,2024-04-09 22:13:00,Vidim ima iphone 12/12 mini od 220 do 290 evra
https://mobilnisvet.com/mobilni-komentari/8055/Apple/iPhone-12/2,Apple,Apple iPhone 12,Milos,2024-03-27 20:01:00,Iphone 12 64gb 89bh ili iphone 12pro 128gb 90bh razlika u ceni 50e
https://mobilnisvet.com/mobilni-komentari/8055/Apple/iPhone-12/2,Apple,Apple iPhone 12,milos markovic,2024-03-19 15:10:00,"zdravi, koliko kosta zamena baterije za iPhone 12 najeftinije negde koliko se krece"
https://mobilnisvet.com/mobilni-komentari/8055/Apple/iPhone-12/2,Apple,Apple iPhone 12,Caci,2024-02-21 20:02:00,Da li dati iphone 12 za 11 pro ? Dal se isplati to ?
https://mobilnisvet.com/mobilni-komentari/8055/Apple/iPhone-12/2,Apple,Apple iPhone 12,Nikola1990,2024-02-09 11:43:00,"moze neko da mi kaze kupio sam nov iphone 12,ima nesto ispod dugbeeta za ukljucivanje,belo nesto..."
https://mobilnisvet.com/mobilni-komentari/8055/Apple/iPhone-12/2,Apple,Apple iPhone 12,Bate,2024-01-21 15:31:00,Bate moz zamena za A53 5G
https://mobilnisvet.com/mobilni-komentari/8055/Apple/iPhone-12/2,Apple,Apple iPhone 12,MilosV,2024-01-19 14:57:00,"Pozdrav, da li se sada isplati uzeti iPhone 12,ili ici na neki Huawei, honor ili motorolu?"
https://mobilnisvet.com/mobilni-komentari/8055/Apple/iPhone-12/2,Apple,Apple iPhone 12,Iph,2024-01-15 11:19:00,"Ovaj ili 11 pro, ali polovan?"
https://mobilnisvet.com/mobilni-komentari/8055/Apple/iPhone-12/2,Apple,Apple iPhone 12,Jovica,2024-01-08 23:04:00,Skupo
https://mobilnisvet.com/mobilni-komentari/8055/Apple/iPhone-12/2,Apple,Apple iPhone 12,Dardanus,2023-12-15 17:38:00,Ovaj ili a54 (recimo iph12 malo koristen) jer nov je skuplji pa bi bilo glupo pitati. Bitno mi je brzina i rad… nisu mi bitne kamere i baterija (kad kazem baterija podrazumeva se da je pozeljno trajati dan)
https://mobilnisvet.com/mobilni-komentari/8055/Apple/iPhone-12/2,Apple,Apple iPhone 12,Ivan,2023-12-14 16:28:00,Ovaj ili iphone xr?
https://mobilnisvet.com/mobilni-komentari/8055/Apple/iPhone-12/2,Apple,Apple iPhone 12,Milan,2023-11-26 17:40:00,Ovaj ili 11 pro ? Koja je razlika
https://mobilnisvet.com/mobilni-komentari/8055/Apple/iPhone-12/2,Apple,Apple iPhone 12,Don,2023-11-23 23:17:00,Jel dovoljno 64gb?
https://mobilnisvet.com/mobilni-komentari/8055/Apple/iPhone-12/2,Apple,Apple iPhone 12,m_m,2023-11-23 17:18:00,"Pozdrav, ljudi. Interesuje me vase misljenje."
https://mobilnisvet.com/mobilni-komentari/8055/Apple/iPhone-12/2,Apple,Apple iPhone 12,Telefoni,2023-11-20 10:33:00,S21 FE 5g ili iPhone 12. Hvala
https://mobilnisvet.com/mobilni-komentari/8055/Apple/iPhone-12/2,Apple,Apple iPhone 12,Stefan,2023-10-31 10:21:00,"Da li uzeti nov iphone 12 128gb za 499e, ili nov iphone 13 za 630e. Vise se razmisljam o 12-tici, jer mislim da je razlika od 130e velika, a jedino sto je primetno bolje kod 13-tice jeste bolja baterija."
https://mobilnisvet.com/mobilni-komentari/8055/Apple/iPhone-12/2,Apple,Apple iPhone 12,V,2023-10-29 14:20:00,Da li vredi menjati Samsung a54 za polovan iphone 12 bateri helt 81 posto memorija 128gb
https://mobilnisvet.com/mobilni-komentari/8055/Apple/iPhone-12/2,Apple,Apple iPhone 12,",,,",2023-10-21 16:18:00,"Nikada nisam koristio iPhone i hteo bih da uzmem kao drugi mobilni, da vidim kako sve to funkcionise. Da li uzeti 11 Pro, 11 Pro Max ili 12? Koje su prednosti i mane ovih modela"
https://mobilnisvet.com/mobilni-komentari/8055/Apple/iPhone-12/2,Apple,Apple iPhone 12,Ogi,2023-10-11 10:06:00,"Imam s21 ultra 12 256GB 5g kao nov savrsen,da li vredi menjati za iphone 12 red 128gb baterija 89??"
https://mobilnisvet.com/mobilni-komentari/7651/Apple/iPhone-SE-(2020)/2,Apple,Apple iPhone SE (2020),Maja,2022-11-30 21:02:00,Zdravo. Da li ovaj telefon ima podrsku za E-Sim?
https://mobilnisvet.com/mobilni-komentari/7651/Apple/iPhone-SE-(2020)/2,Apple,Apple iPhone SE (2020),M,2022-11-22 14:59:00,Da li uzeti Iphone SE 2 ili SE3?
https://mobilnisvet.com/mobilni-komentari/7651/Apple/iPhone-SE-(2020)/2,Apple,Apple iPhone SE (2020),Zoran,2022-11-22 10:21:00,Da li neko ima problema sa kvalitetom signala? Ja imam problem sa 4g mrezom povremeno se gubi i sl.dok na druge telefone taj problem nemam...
https://mobilnisvet.com/mobilni-komentari/7651/Apple/iPhone-SE-(2020)/2,Apple,Apple iPhone SE (2020),Jelena,2022-11-19 09:30:00,"Zdravo,kupila sam polovan iphone se 2020.Imam dva problema,kada pricam sa nekim sagovornik me ne cuje sve dok ne dunem u mikrofon!Deluje glupo,ali kad diunem razgovor se nastavlja bez problema!Takodje ne radi senzor blizine!Ovo drugo sve sam probala da restartujem telefon itd i nista ali ovo prvo ne znam da li mora da menjam mikrofon ?"
https://mobilnisvet.com/mobilni-komentari/7651/Apple/iPhone-SE-(2020)/2,Apple,Apple iPhone SE (2020),Bojan,2022-10-12 03:14:00,Da li se u Iphone SE moze koristiti dve kartice ?
https://mobilnisvet.com/mobilni-komentari/7651/Apple/iPhone-SE-(2020)/2,Apple,Apple iPhone SE (2020),S.K.O.P🐺,2022-10-11 18:40:00,Da li moze baterija na ovom telefonu da izdrzi od jutra do mraka barem do 5
https://mobilnisvet.com/mobilni-komentari/7651/Apple/iPhone-SE-(2020)/2,Apple,Apple iPhone SE (2020),M,2022-10-07 11:34:00,"Kupila ovaj telefon pre 3 meseca. Veoma lep telefon baš zato što je klasičan dizajn. Kamera zadnja je odlična po danu, prednja nije uopšte loša. Aplikacije i multitasking rade jako fluidno, nema bagovanja ni usporavanja. Međutim, baterija nije neka (nije baš užas ali nije ni neka, što sam znala), izdrži uvek ceo dan ako idete negde i niste konstantno na telefonu  battery health mi je spao na 97%. Da li je to drastično da spadne na 97% za 3 meseca? I da li imate neke savete kako da očuvam bateriju? (Pronašla sam na engleskom svuda razne savete i primenila, međutim zanima me vaše iskustvo i šta je vama pomoglo) Pogotovo ovo vezano za ios update-ove, to me zbunjuje jer kako sam čula svačiji primerak telefona drugačije podnosi te promene pa je neizvesno. Trenutno sam na verziji 14.7.1 (od početka nisam update-ovala)."
https://mobilnisvet.com/mobilni-komentari/7651/Apple/iPhone-SE-(2020)/2,Apple,Apple iPhone SE (2020),Tina,2022-10-02 10:05:00,Ako moze pomoc i predlog da li treba da je ukljucen optimised battery charging? Baterija je jako slaba i sa tom opcijom je puni samo do 80% sto je nedovoljno pa neznam da li ako iskljucim tu opciju mogu dodatno da pogorsam stanje baterije???
https://mobilnisvet.com/mobilni-komentari/7651/Apple/iPhone-SE-(2020)/2,Apple,Apple iPhone SE (2020),Poyraz,2022-09-29 00:44:00,"Trenutno sam u Americi. Valja li uzeti ovaj telefon za 100$, zakljucan na Verizon naravno ali nakon 6 mjeseci se otkljucava i mozes ga poslat u SRB. Kazu da je baterija preslaba pa zato pitam. Potraje li bar 1 dan. Uzeo sam 13 obican, baterija predobra, skoro dva dana intenzivnog koristenja!"
https://mobilnisvet.com/mobilni-komentari/7651/Apple/iPhone-SE-(2020)/2,Apple,Apple iPhone SE (2020),Aleksandar,2022-09-20 22:53:00,Baguje mi viber otkako sam apdejtovao na IOS 16. Da li se to jos nekom desava?
https://mobilnisvet.com/mobilni-komentari/7651/Apple/iPhone-SE-(2020)/2,Apple,Apple iPhone SE (2020),Ikardi,2022-09-20 10:36:00,Kakvi su utisci nakon prelaska na IOS 16?
https://mobilnisvet.com/mobilni-komentari/7651/Apple/iPhone-SE-(2020)/2,Apple,Apple iPhone SE (2020),Marina,2022-09-05 21:23:00,Da li se isplati preci sa Xiaomi 11 lite 5G NE na ovaj SE? Hvala.. :)
https://mobilnisvet.com/mobilni-komentari/7651/Apple/iPhone-SE-(2020)/2,Apple,Apple iPhone SE (2020),Kg,2022-09-02 18:27:00,"Pozdrav. Planiram da zamenim svoj iPhone 8 Plus za iPhone SE 2020. Problem je taj sto taj iPhone SE ne pokazuje zdravlje baterije u podesavanjima, da li to znaci da je baterija neka nekvalitetna kopija?"
https://mobilnisvet.com/mobilni-komentari/7651/Apple/iPhone-SE-(2020)/2,Apple,Apple iPhone SE (2020),Radmilo,2022-08-20 19:52:00,"Nakon azuriranja na 15.6.1 baterija se puni do 80% i tu staje, sta bi moglo da bude problem?"
https://mobilnisvet.com/mobilni-komentari/7651/Apple/iPhone-SE-(2020)/2,Apple,Apple iPhone SE (2020),Strahinja,2022-08-16 16:25:00,Da li oba donja zvucnika treba  da rade  prilikom reprudukovanja zvuka i da li Levi zvucnik ima ulogu jer prilikom gledanja jutjuba mi samo radi desni I gornji ?
https://mobilnisvet.com/mobilni-komentari/7651/Apple/iPhone-SE-(2020)/2,Apple,Apple iPhone SE (2020),Rss,2022-08-13 20:53:00,"Da li se isplati da se zameni Xiaomi redmi note 9 pro ,za iPhone se 2020. Hvala"
https://mobilnisvet.com/mobilni-komentari/7651/Apple/iPhone-SE-(2020)/2,Apple,Apple iPhone SE (2020),Stefan,2022-08-13 20:51:00,Da li se isplati u 2022 uzeti iphone se 2020. Tjs. Da zamenim svoj Xiaomi redmi note 9 pro za iphone se 2020? Hvala
https://mobilnisvet.com/mobilni-komentari/7651/Apple/iPhone-SE-(2020)/2,Apple,Apple iPhone SE (2020),Sima,2022-08-11 22:16:00,"Treba mi mala pomoc,dobio sam iphone s tako pise telefon po izgledu unikat nemogu da verujem kako je ocuvan ali stavio sam ga na punjenje nereaguje pa me interesuje da li neko zna sta to moze biti ,punjac je njegov originalan .Ja iphone nisam nikada imao samo samsunge.Unapred hvala ako neko moze da mi pomogne"
https://mobilnisvet.com/mobilni-komentari/7651/Apple/iPhone-SE-(2020)/2,Apple,Apple iPhone SE (2020),Uros,2022-08-10 11:25:00,Isplati li se uzimati ovaj telefon u 2022? I da li ima velikih razlika izmedju SE 2020 i 2022 modela?
https://mobilnisvet.com/mobilni-komentari/7651/Apple/iPhone-SE-(2020)/2,Apple,Apple iPhone SE (2020),Goran,2022-06-26 21:02:00,"Od nedavno imam problem da mi se slike koje cuvam u googlephotos gube lokaciju napr.slike od danas koje sam slikao sve bude ok.i za 2-3 dana izgube lokaciju napr.slika slikana u Nisu bude sve uredno i za 2-3 dana ne pise nista, znam da je ovo sitnica ali me uzasno nervira pa ako moze pomoc?"
https://mobilnisvet.com/mobilni-komentari/7651/Apple/iPhone-SE-(2020)/2,Apple,Apple iPhone SE (2020),@n@,2022-06-13 06:29:00,"Postovani,"
https://mobilnisvet.com/mobilni-komentari/7176/Apple/iPhone-11-Pro-64GB/2,Apple,Apple iPhone 11 Pro,Nikola..,2023-02-09 21:54:00,11pro ili obican 12?
https://mobilnisvet.com/mobilni-komentari/7176/Apple/iPhone-11-Pro-64GB/2,Apple,Apple iPhone 11 Pro,Ridji,2023-01-14 19:54:00,"Pozdrav, razmisljam se izmedju ovog telefona i google pixel 6a. Najvise telefon koristim za drustvene medije, netflix i youtube."
https://mobilnisvet.com/mobilni-komentari/7176/Apple/iPhone-11-Pro-64GB/2,Apple,Apple iPhone 11 Pro,Skawe,2022-12-05 20:57:00,Imam 11pro da li se isplati preci na običan 14?
https://mobilnisvet.com/mobilni-komentari/7176/Apple/iPhone-11-Pro-64GB/2,Apple,Apple iPhone 11 Pro,Dejan,2022-10-04 16:24:00,"Da li uzeti iphon 11 pro sa 80 % zdravlja baterije? Nisam bio korisnik ali imam ponudu pa bih probao, samo me brine to zdravlje baterije od 80 pošto."
https://mobilnisvet.com/mobilni-komentari/7176/Apple/iPhone-11-Pro-64GB/2,Apple,Apple iPhone 11 Pro,Sim,2022-09-21 21:58:00,"Zdravo, da li kupiti iphone 11 pro ili 12? Inače do sada sam bila koristnik samo andorida"
https://mobilnisvet.com/mobilni-komentari/7176/Apple/iPhone-11-Pro-64GB/2,Apple,Apple iPhone 11 Pro,zoom,2022-09-04 12:53:00,valja li ovaj fon sad u 2022 god???
https://mobilnisvet.com/mobilni-komentari/7176/Apple/iPhone-11-Pro-64GB/2,Apple,Apple iPhone 11 Pro,Trilema,2022-08-31 09:35:00,"Koji je najbolji od ovih modela iPhone 8+,iPhone 11,iPhone 8 ili Huawei nova 5t"
https://mobilnisvet.com/mobilni-komentari/7176/Apple/iPhone-11-Pro-64GB/2,Apple,Apple iPhone 11 Pro,Mica,2022-08-22 14:11:00,"Zdravo svima, nadam se da ste dobro :)"
https://mobilnisvet.com/mobilni-komentari/7176/Apple/iPhone-11-Pro-64GB/2,Apple,Apple iPhone 11 Pro,Losmi,2022-08-21 12:58:00,Kako radi eSIM na 11?
https://mobilnisvet.com/mobilni-komentari/7176/Apple/iPhone-11-Pro-64GB/2,Apple,Apple iPhone 11 Pro,Miloš,2022-07-23 14:41:00,Isplati li se prodati ip.11pro top stanje i kupiti ip.13mini?
https://mobilnisvet.com/mobilni-komentari/7176/Apple/iPhone-11-Pro-64GB/2,Apple,Apple iPhone 11 Pro,Branisklav,2022-06-19 07:46:00,Znam da je tesko naci nov 11 Pro. Nisam neki zahtevan korisnik. Imam SE(2016) na kom sam dobio poruku da menjam bateriju i ako mi je BH 87%.
https://mobilnisvet.com/mobilni-komentari/7176/Apple/iPhone-11-Pro-64GB/2,Apple,Apple iPhone 11 Pro,T,2022-06-13 07:23:00,Iphone 11 pro ili iphone 12?
https://mobilnisvet.com/mobilni-komentari/7176/Apple/iPhone-11-Pro-64GB/2,Apple,Apple iPhone 11 Pro,Blue,2022-04-11 17:53:00,Iphone 11 pro ili samsung s21 fe?
https://mobilnisvet.com/mobilni-komentari/7176/Apple/iPhone-11-Pro-64GB/2,Apple,Apple iPhone 11 Pro,neo,2022-02-22 04:17:00,Relativno najkompletniji i najmanji iPhone koji i dan danas kida i steta sto vise nama nov da se nadje jer su ga izbacili iz prodaje :(
https://mobilnisvet.com/mobilni-komentari/7176/Apple/iPhone-11-Pro-64GB/2,Apple,Apple iPhone 11 Pro,Alex,2022-02-11 17:36:00,Da li je ovaj iPhone ima 5G i eSim?
https://mobilnisvet.com/mobilni-komentari/7176/Apple/iPhone-11-Pro-64GB/2,Apple,Apple iPhone 11 Pro,Plavi,2022-01-22 13:56:00,"Pozdrav svima. Da li je normalno da se na ovom telefonu tokom razgovora vrlo cesto u pozadini cuje neka vrsta šuma/blagog šuštanja, dok se prica sa sagovornikom? Telefon je kupljen pre tri meseca. Ako neko zna sta moze biti uzrok ovome i kako se moze otkloniti to sustanje bio bih jako zahvalan na pomoci."
https://mobilnisvet.com/mobilni-komentari/7176/Apple/iPhone-11-Pro-64GB/2,Apple,Apple iPhone 11 Pro,Marko,2022-01-17 12:43:00,"Iphone 11 pro, kamera na belom svetlu, kada slikam beli papir, plocice ima fleke? Da li je neko imao tih problema i o cemu je rec?"
https://mobilnisvet.com/mobilni-komentari/7176/Apple/iPhone-11-Pro-64GB/2,Apple,Apple iPhone 11 Pro,Cvrle,2022-01-13 17:55:00,Ljudi molim vas za pomoc.
https://mobilnisvet.com/mobilni-komentari/7176/Apple/iPhone-11-Pro-64GB/2,Apple,Apple iPhone 11 Pro,NG,2022-01-10 06:16:00,"Da li je velika razlika izmedju 11 i 11 pro, i koje su razlike ? Sem u ceni i sto ovaj ima tri kamere😃"
https://mobilnisvet.com/mobilni-komentari/7176/Apple/iPhone-11-Pro-64GB/2,Apple,Apple iPhone 11 Pro,Nikola,2021-12-31 21:14:00,11 pro ili nova 9 ? Ko ima bolju kameru? Hvala
https://mobilnisvet.com/mobilni-komentari/7176/Apple/iPhone-11-Pro-64GB/2,Apple,Apple iPhone 11 Pro,Slađan,2021-12-09 15:30:00,Društvo zdravo svima..
https://mobilnisvet.com/mobilni-komentari/7176/Apple/iPhone-11-Pro-64GB/2,Apple,Apple iPhone 11 Pro,Boban,2021-11-27 23:14:00,"Ako može mala pomoć, prilikom razgovora jako slabo čujem sagovornika, pojačao sam na dugme sa strane na max, ali opet se jako slabo čuje. Ima li neka opcija da se to reši ili je prosto zvučnik riknuo ili oslabio?"
https://mobilnisvet.com/mobilni-komentari/7176/Apple/iPhone-11-Pro-64GB/2,Apple,Apple iPhone 11 Pro,Tin,2021-11-16 08:19:00,11 ili 11 pro bitna mi je baterija??
https://mobilnisvet.com/mobilni-komentari/7179/Apple/iPhone-11-64GB/2,Apple,Apple iPhone 11,Nikolina,2024-11-10 22:15:00,Da li se moze ovaj telefon isporučiti putem pošte na određenu adresu? Hvala unapred!
https://mobilnisvet.com/mobilni-komentari/7179/Apple/iPhone-11-64GB/2,Apple,Apple iPhone 11,Mila,2024-11-05 16:56:00,Da li preporucujete ovaj telefon u 2024. godini?
https://mobilnisvet.com/mobilni-komentari/7179/Apple/iPhone-11-64GB/2,Apple,Apple iPhone 11,Zarko,2024-10-03 01:01:00,Uzeo sam Iphone 11 za 300 evra i bh 100 posto i punjac sam dobio sta mislite je sam dobro proso
https://mobilnisvet.com/mobilni-komentari/7179/Apple/iPhone-11-64GB/2,Apple,Apple iPhone 11,Sava,2024-09-24 20:26:00,"iPhone 11, 128 gb, ili Huawei 30 Pro, 255gb? Pet godina stari. Koji izabrati? 🤔"
https://mobilnisvet.com/mobilni-komentari/7179/Apple/iPhone-11-64GB/2,Apple,Apple iPhone 11,Sinisa,2024-09-14 11:55:00,Isplati li se uzeti ovaj fon u 2024 god. za duze staze?
https://mobilnisvet.com/mobilni-komentari/7179/Apple/iPhone-11-64GB/2,Apple,Apple iPhone 11,Aleksa,2024-09-09 14:20:00,Imam pitanje jel moze da stigne brzom postom
https://mobilnisvet.com/mobilni-komentari/7179/Apple/iPhone-11-64GB/2,Apple,Apple iPhone 11,Joca,2024-08-21 13:10:00,Da li neko zna kakva je nova baterija kada se zameni? Imam ip 11 skoro 3 godine i bh 79%
https://mobilnisvet.com/mobilni-komentari/7179/Apple/iPhone-11-64GB/2,Apple,Apple iPhone 11,.,2024-08-12 13:32:00,Kako da narucim ovo jel moze broj
https://mobilnisvet.com/mobilni-komentari/7179/Apple/iPhone-11-64GB/2,Apple,Apple iPhone 11,Marija,2024-08-07 16:44:00,Da li je telefon nov?
https://mobilnisvet.com/mobilni-komentari/7179/Apple/iPhone-11-64GB/2,Apple,Apple iPhone 11,Vlada,2024-07-26 22:51:00,Imam android telefon i u njemu mts i a1 karticu. Planiram da uzmem ovaj telefon. Moze li da ubacim 064 (sluzbena) i postoji li mogucnost a1 e sim? Kako se to zavrsava?
https://mobilnisvet.com/mobilni-komentari/7179/Apple/iPhone-11-64GB/2,Apple,Apple iPhone 11,Nesa,2024-07-24 20:29:00,iPhone 11 na prodaju u garanciji 8 meseci sve top i baterije je 100%
https://mobilnisvet.com/mobilni-komentari/7179/Apple/iPhone-11-64GB/2,Apple,Apple iPhone 11,Teodora,2024-07-05 12:36:00,"Pozdrav ! Planiram kupiti iPhone 11 128 gb pa me zanima neko misljenje, nisam imala iskustva sa ovim telefonima. Neki savjet, njegovi nedostaci, prednosti... Da li se smije uzeti polovan u odličnom stanju ili ipak da uzmem nov? Hvala unaprijed"
https://mobilnisvet.com/mobilni-komentari/7179/Apple/iPhone-11-64GB/2,Apple,Apple iPhone 11,Pancevac,2024-06-28 22:45:00,"Postovanje. Planiram da kupim bežični punjač za auto , pa me zanima da li ovaj model podržava ovaj vid punjenja i da li mora da ima onu magsafe masku(sa metalnim prstenom). Ako neko ima iskustva i sa ovim vidom punjenja preko powerbank bi koristilo. Hvala."
https://mobilnisvet.com/mobilni-komentari/7179/Apple/iPhone-11-64GB/2,Apple,Apple iPhone 11,Nenad,2024-06-12 21:36:00,"Kazite mi gospodo koliko ja mogu otprilike da dobijem za ajfon 11 od 64gb star godinu ipo dana u garanciji u odlicnom estetskom stanju,bh 89%"
https://mobilnisvet.com/mobilni-komentari/7179/Apple/iPhone-11-64GB/2,Apple,Apple iPhone 11,Ivan,2024-05-20 14:53:00,Kolika mu je baterija zanima me i koliko je star?
https://mobilnisvet.com/mobilni-komentari/7179/Apple/iPhone-11-64GB/2,Apple,Apple iPhone 11,Pomoc,2024-05-12 15:12:00,"Da li je neko kupio ovaj telefon nov u ovoj godini Ili prosloj ,mislim telefon je proizveden pre nekoliko godina ,dovoljno samo sto stoji dugo po magacinima ,da li ce to predstavljati neko problem ,tipa baterija slabija Ili nesto drugoj ,kupio bih ovaj model nov ,ali me brine to sto je verovatno sakupljao prasinu ko zna od kad?"
https://mobilnisvet.com/mobilni-komentari/7179/Apple/iPhone-11-64GB/2,Apple,Apple iPhone 11,Bankar,2024-05-12 02:02:00,"Da li je normalno da se telefon greje prilikom surfovanja po netu i koriscenja aplikacija kao sto su Blic,Mozzart itd ? Nekad bude vruc nekad ne ne znam u cemu je fora ?"
https://mobilnisvet.com/mobilni-komentari/7179/Apple/iPhone-11-64GB/2,Apple,Apple iPhone 11,pitanje,2024-04-21 17:41:00,"Nikada nisam koristio iphone ,u yettelu je trenutno ovaj bas povoljan da se uzme ,od 128 gb ,beli , za iphone 13 je rata skuplja oko 1500 dinara ,da li stvarno vredi dodati jos toliko ,ili uzeti 11?"
https://mobilnisvet.com/mobilni-komentari/7179/Apple/iPhone-11-64GB/2,Apple,Apple iPhone 11,NIKOLA,2024-04-16 05:47:00,"POTREBNA POMOC. Planiram kupovinu iPhone 11 64gb. za cerku.U telefone se nista nerazumem a iPhone nikad nisam ni dotakao.Cene su toliko sarolike da se isti telefon krece od 250€ do 900€. To se vidi i ovde na sajtu: 400€ sa 1x sim i 1x esim do 600€ sa 2x sim,da li taj drugi sim vredi 200€ neznam.Gledao sam u jednom servisu ""NOV"" za 400€ sa nekakvih ""24 meseca garancije"" pa me zanima vasa misljenje o tim telefonima iz tih servisa.Naravno i svaki drugi predlog je dobro dosao.Unapred zahvalan na pomoci."
https://mobilnisvet.com/mobilni-komentari/7179/Apple/iPhone-11-64GB/2,Apple,Apple iPhone 11,pitanje,2024-04-03 15:12:00,"Posto ne koristim iphone telefone ,a planiram da uzmem,pitanje ,posto je ovaj sad jeftin da se kupi ,sta ne bih mogao na ovom telefonu da radim ,a sto bih mogao  na iphone 13 ? Koja je razlika"
https://mobilnisvet.com/mobilni-komentari/7179/Apple/iPhone-11-64GB/2,Apple,Apple iPhone 11,Sele,2024-04-01 08:49:00,Zato sto je ovaj 11 bolji nego svi ostali iz srednje klase tipa redmi poco a serija samsung itd kamere posebno su dan danas vrh.
https://mobilnisvet.com/mobilni-komentari/7179/Apple/iPhone-11-64GB/2,Apple,Apple iPhone 11,Miki,2024-03-30 11:20:00,Mnogo dobar tel. Zmaj
https://mobilnisvet.com/mobilni-komentari/7179/Apple/iPhone-11-64GB/2,Apple,Apple iPhone 11,Pitanje,2024-03-27 13:30:00,"Jel ovaj telefon kod operatera NOV ,posto je sad povoljna cena ,jeste bas odavno izasao ,ali mu je brzina i dalje bolja nego neki telefoni srednje klase iz ove godine ,jel se on i dalje prouzvodi? ,i koja je verzija softvera ,kada se kupi u 2024 na njemu instalirana?"
https://mobilnisvet.com/mobilni-komentari/7179/Apple/iPhone-11-64GB/2,Apple,Apple iPhone 11,Savo,2024-03-27 10:51:00,Kakva je kamera na ovom telefonu?Mislim za insta snep i to
https://mobilnisvet.com/mobilni/8062/Apple/iPhone-12-mini-128GB,Apple,Apple iPhone 12 mini,Пеђа,2026-03-30 11:52:00,Dal vredi da se pređe sa samsung s20 na ovaj?
https://mobilnisvet.com/mobilni/8062/Apple/iPhone-12-mini-128GB,Apple,Apple iPhone 12 mini,z,2025-09-03 15:31:00,da li se isplati za 560 evra uzeti ovaj telefon???
https://mobilnisvet.com/mobilni/8062/Apple/iPhone-12-mini-128GB,Apple,Apple iPhone 12 mini,df,2025-04-05 18:29:00,"Koristim ga otkako je izasao, nikad problem nisam imala, i sad radi odlicno, jako retko malo zakoci i naravno problem je mala memorija posle toliko god."
https://mobilnisvet.com/mobilni/8062/Apple/iPhone-12-mini-128GB,Apple,Apple iPhone 12 mini,Aleksandar,2025-02-15 02:29:00,Jel moze zamena za samsung galaxy a 13 128 gb 6gb Rama oled errands itd I doplata za iphone
https://mobilnisvet.com/mobilni/8062/Apple/iPhone-12-mini-128GB,Apple,Apple iPhone 12 mini,jovana,2024-11-14 23:05:00,cena?
https://mobilnisvet.com/mobilni/8062/Apple/iPhone-12-mini-128GB,Apple,Apple iPhone 12 mini,Jovan,2024-09-22 00:09:00,"Pozdrav ljudi, zanima me vase mišljenje da li se isplati zameniti samsung galaxy s22 za iphone 12 mini. Telefon mi iskljucivo sluzi za  What'sApp, instagram i tik tok. Ovaj telefon koji trenutno imam (s22) punim dva puta dnevno, a često mi se desi i da se isključi. Nikada do sada nisam imao iphone i ne znam kakva mu je baterija, pa ako bi neko mogao da podeli svoje iskustvo i da mi da savet bio bih mu zahvalan."
https://mobilnisvet.com/mobilni/8062/Apple/iPhone-12-mini-128GB,Apple,Apple iPhone 12 mini,Nov korisnik,2024-07-23 10:07:00,"Znači oduševljenje, nosio sam iphoneSE2022 i odlučio se za mini, tačni je mini je bio izbor pre SE-a, ali teško se nalaIzi, bilo koji, odluka je pala na 12 mini, samo zbog toga što nikako nisam mogao naći mini telefone i to u dobrom stanju, ima ih ali izguljeni su i dosta iznošeni, tražio sam 13, palo je na 12, sasvim korektan telefon, razlika između njega i SE2022 je kao nebo i zemlja, dosta bolja baterija na mini-u, kamere da ne pominjem, noćni mod isto, plus mi se sviđa što je mini-u cela strana u ekranu,bolji ekran od LCD se, baterija mi je 99% i sa mojim korišćenjem pretera dan, a izdrži oko 8 sati upaljenog ekrana, brzo se puni i mnogo je kompaktniji za džep, mada i SE je dobar što se tiče toga"
https://mobilnisvet.com/mobilni/8062/Apple/iPhone-12-mini-128GB,Apple,Apple iPhone 12 mini,Zamena,2024-04-14 14:50:00,Da li zameniti honor magic 5 lite u vrednosti od 250 do 300 eura za iphone 12 ili iphone 12 mini?
https://mobilnisvet.com/mobilni/8062/Apple/iPhone-12-mini-128GB,Apple,Apple iPhone 12 mini,Pera Jankocić,2024-01-23 11:13:00,Da li se isplati prelazak sa iphone 11 pro na 12 mini
https://mobilnisvet.com/mobilni/8062/Apple/iPhone-12-mini-128GB,Apple,Apple iPhone 12 mini,ja,2024-01-19 13:48:00,koliko drzi baterija?
https://mobilnisvet.com/mobilni/8062/Apple/iPhone-12-mini-128GB,Apple,Apple iPhone 12 mini,Konstantin Miljkovic,2023-12-12 19:21:00,Da li da menjam iphone 11 i da uzmem ovaj sa vise memorije
https://mobilnisvet.com/mobilni/8062/Apple/iPhone-12-mini-128GB,Apple,Apple iPhone 12 mini,Kristina Časar,2023-11-24 21:53:00,imam problem pri azuriranju 17.1 nemam signala da li neko zna resenje?
https://mobilnisvet.com/mobilni/8062/Apple/iPhone-12-mini-128GB,Apple,Apple iPhone 12 mini,Ana,2023-10-06 22:14:00,Koji telefon pravi bolje fotografije iphone 12 mini ili se 3?
https://mobilnisvet.com/mobilni/8062/Apple/iPhone-12-mini-128GB,Apple,Apple iPhone 12 mini,miki,2023-09-12 20:38:00,"da li vrijedi da ovaj prodam jer nisam zadovoljna baterijom i memorijom, a da uzmem polovni 11 pro ili 12 obicni sa vecom memorijom?"
https://mobilnisvet.com/mobilni/8062/Apple/iPhone-12-mini-128GB,Apple,Apple iPhone 12 mini,m,2023-08-29 11:41:00,kad je vrijeme za mijenjanje baterije trenutno mi je na 84% :)
https://mobilnisvet.com/mobilni/8062/Apple/iPhone-12-mini-128GB,Apple,Apple iPhone 12 mini,Teodora,2023-08-06 15:30:00,Kolika je cena sada za iPhone 12 mini?
https://mobilnisvet.com/mobilni/8062/Apple/iPhone-12-mini-128GB,Apple,Apple iPhone 12 mini,6s vs 12 mini,2023-07-18 15:29:00,Planiram menjati telefon pa sam razmišljao da je vreme za nešto novije. Najviše me mi ovaj iphone 12 mini zapao za oko. Imate li neka iskustva s njim??
https://mobilnisvet.com/mobilni/8062/Apple/iPhone-12-mini-128GB,Apple,Apple iPhone 12 mini,I,2023-07-01 18:17:00,"Iphone XS, iphone 11 ili iphone 12 mini?"
https://mobilnisvet.com/mobilni/8062/Apple/iPhone-12-mini-128GB,Apple,Apple iPhone 12 mini,M.A,2023-06-09 11:58:00,Da li se isplati kupiti ovaj telefon u 2023. ?
https://mobilnisvet.com/mobilni/8062/Apple/iPhone-12-mini-128GB,Apple,Apple iPhone 12 mini,Nebitno,2023-05-07 21:16:00,Koliko je battery health
https://mobilnisvet.com/mobilni/8062/Apple/iPhone-12-mini-128GB,Apple,Apple iPhone 12 mini,m,2023-03-28 19:16:00,"nisam mogla poslati 150 slika na mail, telefon je zakocio.."
https://mobilnisvet.com/mobilni/8062/Apple/iPhone-12-mini-128GB,Apple,Apple iPhone 12 mini,Aca,2023-03-24 01:44:00,"Pozz,interesuje me da li je imao ko problem sa kamerom ? naime glavna mi je riknula a prednja i širokougaona su radile i ja u medjuvremenu ažuriram sistem i tu obadve prestanu da rade,a nakon opet nekog vremena ažuriram ovaj novi ios i one prorade ali i dalje glavna ne radi ?"
https://mobilnisvet.com/mobilni/9268/Apple/iPhone-13-mini-512GB,Apple,Apple iPhone 13 mini,Nov uredjaj,2026-04-24 21:39:00,Da li neko zna moze li se negde naci nov uredjaj? Hvala unapred na odgovoru.
https://mobilnisvet.com/mobilni/9268/Apple/iPhone-13-mini-512GB,Apple,Apple iPhone 13 mini,Andjelija,2025-12-29 10:55:00,Battery Health
https://mobilnisvet.com/mobilni/9268/Apple/iPhone-13-mini-512GB,Apple,Apple iPhone 13 mini,Jana,2025-11-22 12:50:00,Da li možda imate roze ili beli iphone 13 mini od 128gb
https://mobilnisvet.com/mobilni/9268/Apple/iPhone-13-mini-512GB,Apple,Apple iPhone 13 mini,Kakajakaka,2025-11-05 23:21:00,A koliko je battery heltt
https://mobilnisvet.com/mobilni/9268/Apple/iPhone-13-mini-512GB,Apple,Apple iPhone 13 mini,Dane,2025-06-25 21:47:00,Zasto je iphone 13 mini skuplji od iphone 13 ? Jel bolji ?
https://mobilnisvet.com/mobilni/9268/Apple/iPhone-13-mini-512GB,Apple,Apple iPhone 13 mini,MarkoM,2025-06-19 11:17:00,"Telefon koristim dve godine i prezadovoljan sam. E sad pojavio se problem sa baterijom, ne moze da izdrzi ceo dan i ne znam sta mi je ciniti. Da li menjati tel ili ..."
https://mobilnisvet.com/mobilni/9268/Apple/iPhone-13-mini-512GB,Apple,Apple iPhone 13 mini,Željko,2025-03-12 23:46:00,"Pozdrav, koristim iphone 12 pro i bh mi je 79%. Izdrzi dan sa normalnim koristenjem. Presao bih na 13 min i zanimaju me vasa iskustva"
https://mobilnisvet.com/mobilni/9268/Apple/iPhone-13-mini-512GB,Apple,Apple iPhone 13 mini,TX,2025-03-03 23:34:00,Iii kakvi su utisci o ovom telefonu? Baterija me zanima.
https://mobilnisvet.com/mobilni/9268/Apple/iPhone-13-mini-512GB,Apple,Apple iPhone 13 mini,128gb,2024-11-18 12:09:00,"Kupio telefon juce polovan u nemackoj,nit gubi signal,nit se greje,radi kao sat,ne treba slusati ljude ovde nikako"
https://mobilnisvet.com/mobilni/9268/Apple/iPhone-13-mini-512GB,Apple,Apple iPhone 13 mini,Zlaja,2024-11-14 14:21:00,Da li je puno bolji od se2022? Mini il se za 100e manje?
https://mobilnisvet.com/mobilni/9268/Apple/iPhone-13-mini-512GB,Apple,Apple iPhone 13 mini,nenennsa,2024-10-23 19:30:00,da li je bolje uzeti 12 mini ili 13 mini ?
https://mobilnisvet.com/mobilni/9268/Apple/iPhone-13-mini-512GB,Apple,Apple iPhone 13 mini,Emilija,2024-09-15 02:16:00,Da li je i dalje dostupan telefon?
https://mobilnisvet.com/mobilni/9268/Apple/iPhone-13-mini-512GB,Apple,Apple iPhone 13 mini,13 mini,2024-08-09 11:37:00,"Uzeo polovan, u odlicnom stanju. Sve je i vise nego korektno na telefonu, osim baterije. Sve preko nekih 3h koriscenja dnevno zahteva 2 punjenja. Najvise bateriju crpi na video (bilo reels ili yt), navigaciju i naravno kameru. Ako cete da skrolate ili na pretrazivacu budete, onda je ok."
https://mobilnisvet.com/mobilni/9268/Apple/iPhone-13-mini-512GB,Apple,Apple iPhone 13 mini,Милош,2024-07-24 09:28:00,"Pozdrav ljudi koristim Samsung S21FE, uzeo sam ga novog pre pola godine , imam mogućnost da menjam za 13 mini u perfektnom stanju pa me zanima vaše mišljenje ? Hvala"
https://mobilnisvet.com/mobilni/9268/Apple/iPhone-13-mini-512GB,Apple,Apple iPhone 13 mini,Mimi,2024-06-05 22:16:00,Vredi li uzimati 13 mini? Nisam gejmerka. Sasvim prosecan korisnik.
https://mobilnisvet.com/mobilni/9268/Apple/iPhone-13-mini-512GB,Apple,Apple iPhone 13 mini,Brzi,2024-04-30 07:31:00,Pozdrav imam problem s iphone 13 kad je na punjacu steka original je kabal ali kuciiste nije jel moze biti do tog (znam daa ga ne treba koristiti dok se puni ali nekad se moraa)
https://mobilnisvet.com/mobilni/9268/Apple/iPhone-13-mini-512GB,Apple,Apple iPhone 13 mini,Braca,2024-04-22 22:05:00,Da li se tel.stvarno greje i kakvi su utisci ko ga stvarno koristi?
https://mobilnisvet.com/mobilni/9268/Apple/iPhone-13-mini-512GB,Apple,Apple iPhone 13 mini,Stefan,2024-03-24 21:15:00,Verovatno 1 od najgorih ajfona zato i nije dobio naslednika...
https://mobilnisvet.com/mobilni/9268/Apple/iPhone-13-mini-512GB,Apple,Apple iPhone 13 mini,Pele,2024-02-19 17:48:00,"Odličan telefon,radi mi prefektno.Kamere odlične."
https://mobilnisvet.com/mobilni/9268/Apple/iPhone-13-mini-512GB,Apple,Apple iPhone 13 mini,Predator,2024-02-16 13:41:00,Iphone 13/13 mini ili s23 baterija i veličina igraju ulogu
https://mobilnisvet.com/mobilni/9268/Apple/iPhone-13-mini-512GB,Apple,Apple iPhone 13 mini,Zoki,2024-02-02 10:14:00,Telefon je super...!
https://mobilnisvet.com/mobilni/9268/Apple/iPhone-13-mini-512GB,Apple,Apple iPhone 13 mini,Filip,2024-01-27 19:23:00,Uzeo sam tel.pre neki dan i mogu da kazem da je top.jedino ako moze neka preporuka za neku masku koja ne dodaje nepotrebnu masu telefona?
https://mobilnisvet.com/mobilni/9268/Apple/iPhone-13-mini-512GB,Apple,Apple iPhone 13 mini,Lion,2024-01-27 12:55:00,"Da li neko zna zbog čega su skočile cene za 13 mini, recimo, s 610 na 840€?"
https://mobilnisvet.com/mobilni/9268/Apple/iPhone-13-mini-512GB,Apple,Apple iPhone 13 mini,Roki,2024-01-12 10:39:00,Da li neko zna kako da smanjim grejanje telefona?Sve sam zivo pogasio sta je moglo da se pogasi i dalje se javlja isti problem???
https://mobilnisvet.com/mobilni/9268/Apple/iPhone-13-mini-512GB,Apple,Apple iPhone 13 mini,Toma,2024-01-01 10:55:00,Kako azurirati aplikacije?
https://mobilnisvet.com/mobilni/9sz6d/Apple/iPhone-13-256GB-Red,Apple,Apple iPhone 13,Isa ramizi,2026-06-27 20:48:00,Jel prodat
https://mobilnisvet.com/mobilni/9sz6d/Apple/iPhone-13-256GB-Red,Apple,Apple iPhone 13,Marija,2026-06-03 16:05:00,Za koliko može da se proda Ajfon 11 64 gb
https://mobilnisvet.com/mobilni/9sz6d/Apple/iPhone-13-256GB-Red,Apple,Apple iPhone 13,Ron Jeremy,2026-04-23 08:05:00,Da li 13 ima jos nadogradnja
https://mobilnisvet.com/mobilni/9sz6d/Apple/iPhone-13-256GB-Red,Apple,Apple iPhone 13,Sloba,2026-03-23 16:43:00,"Pozdrav, treba mi pomoć i savet...hteo bi da pređem na iphone, inače sam na Androidu ceo život...igrice ne igram, ulazim na društvene mreže, čigam vesti, obilazim portale, i slušam radio kad sam na poslu, otprilike 2, 5h(radio) ...znam da su baterija na iphone telefonima problem, pa me zanima vaš predlog šta bi mogao da uzmem od iphone sa dobrom baterijom da može da izdrži od 06-15h(a da ga ne punim) po gore navedenim kriterijumima ?"
https://mobilnisvet.com/mobilni/9sz6d/Apple/iPhone-13-256GB-Red,Apple,Apple iPhone 13,Nevena,2026-03-06 23:15:00,"za koliko bih mogla da prodam iphone 13, baterija 84%"
https://mobilnisvet.com/mobilni/9sz6d/Apple/iPhone-13-256GB-Red,Apple,Apple iPhone 13,Hard,2026-03-01 23:09:00,"Kupio 13, kamere i video zapisi fantastični, nema tog samsung telefona koji može da prati iphone, što se kamera tiče svaki model beži 3 godine, jedino oneplus novi isto prave čuda sa kamerama i realno za 200 € iphone koji završava sve u full"
https://mobilnisvet.com/mobilni/9sz6d/Apple/iPhone-13-256GB-Red,Apple,Apple iPhone 13,Djordje,2026-02-17 07:24:00,Da li je istalirao neko 26.3 ?
https://mobilnisvet.com/mobilni/9sz6d/Apple/iPhone-13-256GB-Red,Apple,Apple iPhone 13,Ana,2026-02-14 15:51:00,Da li uzeti Iphone 13 4/128 bh 84% za 250e. Imace koristim trenutno samsung s23 plus. Da li vredi zameniti?
https://mobilnisvet.com/mobilni/9sz6d/Apple/iPhone-13-256GB-Red,Apple,Apple iPhone 13,Milena,2026-02-08 21:27:00,Da li uzeti Nov iphone 13 Ili Samsung s24 polovan koji je u garanciji jos godinu I 4 meseca za 420e?
https://mobilnisvet.com/mobilni/9sz6d/Apple/iPhone-13-256GB-Red,Apple,Apple iPhone 13,Aleksandra,2026-01-19 10:54:00,"Koliko se isplati na ovom modelu zameniti bateriju za novu..? Ćerka ga koristi,i baš joj je super, ali joj je BH 80% pa me zanimaju iskustva zamene baterije... hvala"
https://mobilnisvet.com/mobilni/9sz6d/Apple/iPhone-13-256GB-Red,Apple,Apple iPhone 13,nikola,2026-01-18 15:30:00,cao imam iph 13 100 bh i sve ali baterija mu je cudna neamm ios 26 vec ios 18 i sta god radio tipa pozivi ili nesto slicno jede bateriju jel to normalno ili sta vec poz hvala
https://mobilnisvet.com/mobilni/9sz6d/Apple/iPhone-13-256GB-Red,Apple,Apple iPhone 13,Daria,2026-01-14 22:33:00,Da li ovaj telefon ima neka ostecenja?
https://mobilnisvet.com/mobilni/9sz6d/Apple/iPhone-13-256GB-Red,Apple,Apple iPhone 13,PetarI,2026-01-07 10:30:00,"Interesuje me da li na ulaz za punjenje mogu priključiti žične slušalice,koje imaju lajtning konektor i koristiti ih?"
https://mobilnisvet.com/mobilni/9sz6d/Apple/iPhone-13-256GB-Red,Apple,Apple iPhone 13,Kriger,2026-01-01 18:01:00,Da li je ovo dobra kupovina za 2026?
https://mobilnisvet.com/mobilni/9sz6d/Apple/iPhone-13-256GB-Red,Apple,Apple iPhone 13,Malla,2025-12-29 20:08:00,Da li neko zna kako podesiti kameru skoro je dobio ios 26.2 …nekako je kamera ne jasna kad se zumira mutna
https://mobilnisvet.com/mobilni/9sz6d/Apple/iPhone-13-256GB-Red,Apple,Apple iPhone 13,Andjelija,2025-12-29 10:58:00,Koje je boje?
https://mobilnisvet.com/mobilni/9sz6d/Apple/iPhone-13-256GB-Red,Apple,Apple iPhone 13,Ritko,2025-12-24 22:19:00,Zdravo imam opciju da kupil iphone 13 obicnu 128gb malo koristen 100% baterija (nije zamenjenja) za 310e?
https://mobilnisvet.com/mobilni/9sz6d/Apple/iPhone-13-256GB-Red,Apple,Apple iPhone 13,salimir,2025-12-09 10:26:00,"Ako imate nekog u Bugarskoj je trenutno 430e nov 128gb i plus mozete i pdv (dds) da vratite (nekih 10-tak posto), to je bolje nego polovan u Srbiji ko zna kakav"
https://mobilnisvet.com/mobilni/9sz6d/Apple/iPhone-13-256GB-Red,Apple,Apple iPhone 13,Stefan,2025-12-03 23:36:00,Evo ljudi da se javim posle 7 meseci koriscenja ovog telefona prezadovljan sam odlicna kamera ali najvise sto mi se dopada jeste cinematic mode brutalna opcija takodje ima ios 26.1 koji radi perfektno bh mu je 78% ali nema veze drzi odlicno bateriju sve u svemu prezadovoljan sam
https://mobilnisvet.com/mobilni/9sz6d/Apple/iPhone-13-256GB-Red,Apple,Apple iPhone 13,Goca,2025-11-25 18:24:00,"Razmišljam da uzmem iPhone 13 128, baterija mu je na 87%, polovan 320e, sta mislite?"
https://mobilnisvet.com/mobilni/9sz6d/Apple/iPhone-13-256GB-Red,Apple,Apple iPhone 13,Iphone 13 user,2025-11-24 20:59:00,"Telefon radi kao mašina i u 2025 godini. Odličan je, brz, kamera je bolja od mnogih novijih Androida. Nemam još uvek IOS 26 pa ne znam kako bi se ponašao sa njim. Battery Health mi je 87% i tačno mi izgura jedan dan korišćenja, otprilike 3h dnevno."
https://mobilnisvet.com/mobilni/9sz6d/Apple/iPhone-13-256GB-Red,Apple,Apple iPhone 13,neo,2025-11-03 16:31:00,"Samo da javnem da mi je u subotu stigao iP13, Made in India a production date 08/2025 :O"
https://mobilnisvet.com/mobilni/9sz6d/Apple/iPhone-13-256GB-Red,Apple,Apple iPhone 13,Adžić Dragan,2025-10-27 17:44:00,"Baš mi je drago jjer ifone 13 može biti za 499€ , baš mi je draže jer sam malopre video njegovu reklamu u Nikšiću u Nikmobile prodavnici ."
https://mobilnisvet.com/mobilni/9sz6d/Apple/iPhone-13-256GB-Red,Apple,Apple iPhone 13,Aca,2025-10-24 02:08:00,"telefon bomba, godina i 3 meseca, 88% bh, padao u reku, na beton, sve izdrzava bez problema, nikad otvaran, sluzice bar jos 2 godine, kupovina novijeg obicnog iphone-a je samo bacanje para, pro i pro max su druga prica"
https://mobilnisvet.com/mobilni/9274/Apple/iPhone-13-Pro-512GB,Apple,Apple iPhone 13 Pro,Aleksandar,2026-07-30 03:02:00,Jel moze zamena plus doplata iphone 13 83bh
https://mobilnisvet.com/mobilni/9274/Apple/iPhone-13-Pro-512GB,Apple,Apple iPhone 13 Pro,Srle,2026-06-13 20:17:00,Misljenje drugari vase me zanima. Uzeo sam 13 pro 256GB memorija za 300€ sa zamenskom baterijom  sa onim upozorenjem. Jel ok ta cena sa zamenskom battery?
https://mobilnisvet.com/mobilni/9274/Apple/iPhone-13-Pro-512GB,Apple,Apple iPhone 13 Pro,Boki,2026-05-12 03:13:00,"Telefon i dalje kida, baterija dobra izgura i ceo dan"
https://mobilnisvet.com/mobilni/9274/Apple/iPhone-13-Pro-512GB,Apple,Apple iPhone 13 Pro,Dejo,2026-03-29 11:26:00,Pozdrav da li kupiti 13 pro ili 14pro max i koja je razlika? Hvala
https://mobilnisvet.com/mobilni/9274/Apple/iPhone-13-Pro-512GB,Apple,Apple iPhone 13 Pro,Daki,2026-02-21 20:06:00,"Da li vredi uzeti iPhone 13 pro, u odlicnom stanju, sa BH 80% za 270€?"
https://mobilnisvet.com/mobilni/9274/Apple/iPhone-13-Pro-512GB,Apple,Apple iPhone 13 Pro,saled,2026-01-07 18:52:00,"Ispravka , da li apdejtovati na ios 26.2?"
https://mobilnisvet.com/mobilni/9274/Apple/iPhone-13-Pro-512GB,Apple,Apple iPhone 13 Pro,saled,2026-01-07 18:16:00,"Da li ici na IOS 16.2, da li se uopste nesto dobija i da li baterija slabije drzi? Hvala."
https://mobilnisvet.com/mobilni/9274/Apple/iPhone-13-Pro-512GB,Apple,Apple iPhone 13 Pro,Grobar,2025-12-16 17:03:00,"13 pro ili 15+ i zašto,Šta mi je bolje za naredne 2 godine?"
https://mobilnisvet.com/mobilni/9274/Apple/iPhone-13-Pro-512GB,Apple,Apple iPhone 13 Pro,Djuki,2025-12-01 21:32:00,Hteo bih da promenim bateriju
https://mobilnisvet.com/mobilni/9274/Apple/iPhone-13-Pro-512GB,Apple,Apple iPhone 13 Pro,Anastasija,2025-11-17 13:17:00,"Zdravo, da li je dobra prilika uzeti polovan 13 pro za 250e , a sa baterijom od 70-80%..uz mogucnost zamene baterije? Da li se isplati, generalno telefon nema ni jednu ogrebotinu? Prvi put bih uzela ajfon sad."
https://mobilnisvet.com/mobilni/9274/Apple/iPhone-13-Pro-512GB,Apple,Apple iPhone 13 Pro,Miljana,2025-11-10 10:10:00,Da li imate neko preporuku gde uraditi zamenu baterije na 12 pro
https://mobilnisvet.com/mobilni/9274/Apple/iPhone-13-Pro-512GB,Apple,Apple iPhone 13 Pro,Dax,2025-10-26 21:16:00,"Da li ima razlike izmedju 13 pro i 13 pro max, osim u bateriji i velicini?"
https://mobilnisvet.com/mobilni/9274/Apple/iPhone-13-Pro-512GB,Apple,Apple iPhone 13 Pro,Lena,2025-10-09 16:21:00,Koliko košta apple 13 pro kod vas?
https://mobilnisvet.com/mobilni/9274/Apple/iPhone-13-Pro-512GB,Apple,Apple iPhone 13 Pro,Milos,2025-08-16 07:35:00,Da li da uzmem iphone 13 pro za 300 evra sa 75% bh i da zamenim bateriju
https://mobilnisvet.com/mobilni/9274/Apple/iPhone-13-Pro-512GB,Apple,Apple iPhone 13 Pro,jooo,2025-07-11 20:55:00,Zdravo..
https://mobilnisvet.com/mobilni/9274/Apple/iPhone-13-Pro-512GB,Apple,Apple iPhone 13 Pro,annnna,2025-05-05 13:10:00,da li instalirati 18.4.1. verziju?
https://mobilnisvet.com/mobilni/9274/Apple/iPhone-13-Pro-512GB,Apple,Apple iPhone 13 Pro,Andjela,2025-03-30 21:45:00,"Pozdrav, volela bih da cujem vase savete."
https://mobilnisvet.com/mobilni/9274/Apple/iPhone-13-Pro-512GB,Apple,Apple iPhone 13 Pro,Nada Jovanović,2025-03-23 21:59:00,Ima li iPhone 13 na srpskom
https://mobilnisvet.com/mobilni/9274/Apple/iPhone-13-Pro-512GB,Apple,Apple iPhone 13 Pro,13 pro,2025-03-05 11:18:00,"Zašto je iphone 13 pro skuplji od 15 pro? Ne vidim logiku, 15 pro je noviji model i trebalo bi da je skuplji…"
https://mobilnisvet.com/mobilni/9274/Apple/iPhone-13-Pro-512GB,Apple,Apple iPhone 13 Pro,ana,2025-02-24 11:31:00,"Zdravoo, skoro sam kupila iphone 13 pro sa 92% baterije. Za manje od mesec dana mi je opalo za 2%, na 90%. Pridrzavam se pravila oko punjenja, stavljam ga na punjacu sa 20% i ne punim preko 80%. Da li neko zna u čemu bi mogao biti problem?"
https://mobilnisvet.com/mobilni/9274/Apple/iPhone-13-Pro-512GB,Apple,Apple iPhone 13 Pro,Dusica,2025-02-01 21:36:00,"Gde se ima kupiti nov iphone 13 pro, 256 memorija? I dali uopste ima nov negde? Hvala"
https://mobilnisvet.com/mobilni/9274/Apple/iPhone-13-Pro-512GB,Apple,Apple iPhone 13 Pro,Dejan,2025-01-28 14:20:00,"Uzeo sam 13 pro, zadovoljan sam, samo mi se cini da mozda baterija se brze trosi, pa me zanima jedna stvar. Da li je pametno menjati bateriju, naravno original i da li vredi uzeti novu?"
https://mobilnisvet.com/mobilni/9274/Apple/iPhone-13-Pro-512GB,Apple,Apple iPhone 13 Pro,Ana,2024-12-23 17:21:00,"Da li je bolje sacekati da izadje SE4 (16e ako se tako bude zvao), ili uzeti sad neki, npr iphone 13 nov, samsung s24 nov, ili iphone 13 Pro polovan, posto su cenovno ti negde?"
https://mobilnisvet.com/mobilni/9274/Apple/iPhone-13-Pro-512GB,Apple,Apple iPhone 13 Pro,Maxa,2024-12-22 10:43:00,Honor magic 6 pro ili ajfon 13 pro
https://mobilnisvet.com/mobilni/9283/Apple/iPhone-13-Pro-Max-1TB,Apple,Apple iPhone 13 Pro Max,David,2026-07-08 08:47:00,Dali neko zna de bi mogao da zamenim bateriju na 13 pro max a da bude ok
https://mobilnisvet.com/mobilni/9283/Apple/iPhone-13-Pro-Max-1TB,Apple,Apple iPhone 13 Pro Max,Maximus,2026-02-23 19:34:00,"Uzeo sam ovaj telweon sa BH 74%. Trazio sam od radnje da mi odmah zamene bateriju. Sada je BH 100% i nadam se da ce me sluziti jos dugo vremena. Jedini mi je peoblem sto mi je ovo prvi Iphone, pre njega samo android telefoni."
https://mobilnisvet.com/mobilni/9283/Apple/iPhone-13-Pro-Max-1TB,Apple,Apple iPhone 13 Pro Max,Iphone,2025-11-30 12:59:00,"Moze li ovaj telefon da funkcionise barem jos 2 do 3 godine. Voleo bi da ga uzmem, nisam u prilici za skuplji."
https://mobilnisvet.com/mobilni/9283/Apple/iPhone-13-Pro-Max-1TB,Apple,Apple iPhone 13 Pro Max,Nesa,2025-06-03 16:43:00,Koliko mogu da ocekujem SOT- a sa baterijom na 81 posto ????
https://mobilnisvet.com/mobilni/9283/Apple/iPhone-13-Pro-Max-1TB,Apple,Apple iPhone 13 Pro Max,Ne@c1,2025-05-02 14:16:00,Svaki samsung pocevsi od s20ultra je bolji od ovog krs i od 14 15 a i 16 pro i pro maxa i po bareriji i po kameri brzini procesora a o ekranu da ne pricam Samsung rules the world number one!
https://mobilnisvet.com/mobilni/9283/Apple/iPhone-13-Pro-Max-1TB,Apple,Apple iPhone 13 Pro Max,Bane,2025-02-07 19:05:00,Imam priliku da zamenimo moj Xioami 13T pro za ovaj iPhone? Da li vredi prelaziti sa Androida na iPhone
https://mobilnisvet.com/mobilni/9283/Apple/iPhone-13-Pro-Max-1TB,Apple,Apple iPhone 13 Pro Max,Zarko,2024-12-16 08:21:00,Koje se iPhone sad navijvise isplati kupiti
https://mobilnisvet.com/mobilni/9283/Apple/iPhone-13-Pro-Max-1TB,Apple,Apple iPhone 13 Pro Max,Deki,2024-12-09 08:10:00,"Pozdrav svima. Sta mislite da je bolje kupiti, S22 Ultra ili 13 pro max? Koristim telefon maksimalno, ne igram igrice, ostalo sve da."
https://mobilnisvet.com/mobilni/9283/Apple/iPhone-13-Pro-Max-1TB,Apple,Apple iPhone 13 Pro Max,Dace,2024-10-07 11:03:00,"Iphone 13 pro max kupljen 21.08.2024 u Gnjilanu na Kosovu,garancija 12 meseci,za USA trziste,zamenjena kamera,stoji poruka da je original,ono sto bode oci najvise,3uTools kaze da je BH 84,sa oko 284 punjenja,a na telefonu pise 100 % BH,baterija nije menjana.Drugar se ne buni,ipak dao 585 evra,sve radi ok,ali mene zanima na koju foru moze ovo sa BH da jedno pise na telefonu,drugo na softveru."
https://mobilnisvet.com/mobilni/9283/Apple/iPhone-13-Pro-Max-1TB,Apple,Apple iPhone 13 Pro Max,Nidza,2024-08-02 00:29:00,Da li ima neko problem sa ekranom kad smanji osvetljenje na minimum umesto sive boje dobije zelenu
https://mobilnisvet.com/mobilni/9283/Apple/iPhone-13-Pro-Max-1TB,Apple,Apple iPhone 13 Pro Max,Nađa,2024-07-16 13:01:00,"Pozdrav! Da li mislite da je isplativo uzeti polovan 13 pro max (128gb, bh 89%) za 500e?"
https://mobilnisvet.com/mobilni/9283/Apple/iPhone-13-Pro-Max-1TB,Apple,Apple iPhone 13 Pro Max,Elena,2024-04-17 17:55:00,"Da li je oštećenje na ekranu,jel razbijen ekran?"
https://mobilnisvet.com/mobilni/9283/Apple/iPhone-13-Pro-Max-1TB,Apple,Apple iPhone 13 Pro Max,Uros,2024-03-07 06:58:00,"13 pro max i dalje vrhunski uredjaj, sad moze da se nadje i za 600-650e, baterija vrhunska, ekran takodje ima 120Hz, kamere odlicne, ko voli IOS ne treba da baca novac na 14 i 15 seriju obzirom da za dosta manje dobija priblizno isti kvalitet i performanse."
https://mobilnisvet.com/mobilni/9283/Apple/iPhone-13-Pro-Max-1TB,Apple,Apple iPhone 13 Pro Max,Korisnik,2024-02-16 09:16:00,"Pozdrav , telefon mi je pre 3 nedelja bio na 94% i drzao lagano po 30sati korišcenja , sa novim apdejtom spustio se na 91% i evo nakon 2h kako je skinut sa punjaca skinuo 7% baterije a koriscen mozda 30-40 minuta."
https://mobilnisvet.com/mobilni/9283/Apple/iPhone-13-Pro-Max-1TB,Apple,Apple iPhone 13 Pro Max,Milan,2024-02-09 18:02:00,"Primetio sam da se posle svakog ažuriranja softvera procenat baterije smanji za 1%! Ne razumem koja je to glupa fora iz Applea? I prosli put kad je azuriran na 17.3 i danas na 17.3.1 isto se desilo!Znači svako azuriranje procenat manje. Obratite paznju,ali ta glupa fora od strane Applea mi se uopste ne svidja! I da dodam jos ovo: toliko azuriranja toliko nebitnih stvari,a svih ovih godina ne moze da se ubaci Srpski jezik? Stvarno sam u velikoj nedoumici da ostanem korisnik applea. Jedino sto me jos malo drzi je kamera,ali Bože moj nije samo kamera bitan fakror na telefonu. Pozdrav svima"
https://mobilnisvet.com/mobilni/9283/Apple/iPhone-13-Pro-Max-1TB,Apple,Apple iPhone 13 Pro Max,...,2024-01-23 11:45:00,Definitivno jedan od najboljih telefona ikada napravljenih.
https://mobilnisvet.com/mobilni/9283/Apple/iPhone-13-Pro-Max-1TB,Apple,Apple iPhone 13 Pro Max,heei,2024-01-21 08:06:00,"Telefon posle godinu i devet meseci bh 94% , sta mislite da je dobro ?"
https://mobilnisvet.com/mobilni/9283/Apple/iPhone-13-Pro-Max-1TB,Apple,Apple iPhone 13 Pro Max,Jj,2023-12-10 03:47:00,S23+ ili 13 pro max?
https://mobilnisvet.com/mobilni/9283/Apple/iPhone-13-Pro-Max-1TB,Apple,Apple iPhone 13 Pro Max,Tijana,2023-12-01 22:12:00,Iphone 13pro max ili 14 pro max ? Hvalaaaa
https://mobilnisvet.com/mobilni/9283/Apple/iPhone-13-Pro-Max-1TB,Apple,Apple iPhone 13 Pro Max,Dzoni,2023-11-25 00:47:00,Imam problem sa  iphone 13 pro max u delu gde pise mobile networks pise error ne radi ni jedna sim card koju ubacim?mislite da je riknuo?ne izbacuje mi imea kad ukucam *#06# vrlo cudno...nisam uradio facroty reset jos
https://mobilnisvet.com/mobilni/9283/Apple/iPhone-13-Pro-Max-1TB,Apple,Apple iPhone 13 Pro Max,Jelena Ilic,2023-11-23 18:33:00,Da li je mnogo 600€ z polovan Iphone 13 pro 123gb ?
https://mobilnisvet.com/mobilni/9283/Apple/iPhone-13-Pro-Max-1TB,Apple,Apple iPhone 13 Pro Max,Boki,2023-08-08 09:49:00,Imam 13 pro max i tokom fotografisisanja u noćnom modu se pojave bele tačkice. Obicno je to slučaj kada slikam nebo ili grad sa svetlom. Da li je to normalno?
https://mobilnisvet.com/mobilni-komentari/9280/Apple/iPhone-13-Pro-Max/2,Apple,Apple iPhone 13 Pro Max,??,2023-06-19 13:04:00,"Da li neko zna (legitiman razlog, ne licno misljenje) zasto je ip13pm i dalje na 1100e kod nas, skuplji od 14pm? Hvala unapred"
https://mobilnisvet.com/mobilni-komentari/9280/Apple/iPhone-13-Pro-Max/2,Apple,Apple iPhone 13 Pro Max,Boban,2023-06-09 13:13:00,Ljudi treba mi vase misljenje.Imam ponudu da dam iPhon 12 za iPhon 13 pro max uz moju doplatu 420€ da li je to ok baterija i na 12 i na 13 pro max 93 %
https://mobilnisvet.com/mobilni-komentari/9280/Apple/iPhone-13-Pro-Max/2,Apple,Apple iPhone 13 Pro Max,Milan,2023-04-29 18:33:00,"Kakva baterija Majko mila,vrh vrhova! A o telefonu nemam reči ,sve leti i klizi. Ko ne veruje neka kupi,lako će ga prodati ako nije tako kao sto sam rekao. Pozdrav"
https://mobilnisvet.com/mobilni-komentari/9280/Apple/iPhone-13-Pro-Max/2,Apple,Apple iPhone 13 Pro Max,Ana,2023-04-19 01:53:00,Novi Iphone 13 ili polovan Iphone 13 pro max? Da li se isplati dati nešto više novca za polovan 13 pro max nego za novu standardnu 13icu?
https://mobilnisvet.com/mobilni-komentari/9280/Apple/iPhone-13-Pro-Max/2,Apple,Apple iPhone 13 Pro Max,Stefan,2023-04-15 23:26:00,Bas je dobar mnogo mi sa svidja. Možete li mi reci koja je cena
https://mobilnisvet.com/mobilni-komentari/9280/Apple/iPhone-13-Pro-Max/2,Apple,Apple iPhone 13 Pro Max,Vladimir,2023-03-22 15:51:00,"Kako da instaliram google photo aplikaciju, nigde ne mogu da nadjem za iphone?"
https://mobilnisvet.com/mobilni-komentari/9280/Apple/iPhone-13-Pro-Max/2,Apple,Apple iPhone 13 Pro Max,Dovla,2023-03-13 08:13:00,"Pozdrav ljudi, koristio sam iphone redom 4s,5s, 6, 6s plus, i napravio pauzu 5 god sa huawei modelom p20. Sluzio me je sjajno. Pre 3 nedelje kupio sam 13 pro max, prelep je, bez , kamere su super, baterija. Aliiii.. tezina neverovatno koliko nezgodan za koriscenje, robustan. Nikako da se naviknem. Licno obozavam velike telefone, ali ovaj je neverovatno tezak. Moje dilema je sledeca, da li uzeti 14 pro, nije velika razlika u ceni, ali me brine baterija, ili uzeti s23 ultra, koji je iskreno isto veliki, ali nije ni blizu tezak kao ovaj."
https://mobilnisvet.com/mobilni-komentari/9280/Apple/iPhone-13-Pro-Max/2,Apple,Apple iPhone 13 Pro Max,S,2023-03-09 16:37:00,Kako prepoznati da li je telefon pakovan da je zamenjena ploca
https://mobilnisvet.com/mobilni-komentari/9280/Apple/iPhone-13-Pro-Max/2,Apple,Apple iPhone 13 Pro Max,Jelena,2023-02-18 22:07:00,"Zdravo ljudi.. Da li je svima na 13 pro max ovakav užas od selfi kamere.. kapiram da je 12mp ali znaci svaki piksel mi se vidi na licu, mislim na noćno slikanje i snimanje čak i kad koristim blic tipa na snap chatu znači užas. Baš sam se smorila.."
https://mobilnisvet.com/mobilni-komentari/9280/Apple/iPhone-13-Pro-Max/2,Apple,Apple iPhone 13 Pro Max,Mira,2023-02-18 20:37:00,Može li mi neko preporučiti gde je najsigurnije kupiti Iphone 13 pro/IPhone 13 pro max? Hvala
https://mobilnisvet.com/mobilni-komentari/9280/Apple/iPhone-13-Pro-Max/2,Apple,Apple iPhone 13 Pro Max,Nikola,2023-02-15 21:59:00,"Imam iPhone 13 Pro Max (kupljen nov u iStyl-u, 13.11.2022.), zdravlje baterije je nakon instalacije 16.2 (posle nepunih mesec dana) opalo na 99% i sada nakon instalacije 16.3 na 98% baterije. Vodim računa o tome kako i kada ga punim, nisam prezahtevan korisnik, ali primećujem da mi baterija osetno kraće traje. Interesuje me da li neko ima sličan problem i šta mogu uraditi po tom pitanju, da li garancija pokriva ovakve stvari? Jako sam razočaran jer telefon imam tek 3 meseca, a autonomija je već jako loša."
https://mobilnisvet.com/mobilni-komentari/9280/Apple/iPhone-13-Pro-Max/2,Apple,Apple iPhone 13 Pro Max,Sale,2023-02-09 13:00:00,"Da li se nekome ko ima dve kartice u telefonu (jedna e-SIM, a druga fizicka) desavalo da telefon ponekad iz cista mira ne prikazuje drugu fizicku karticu, kao da je iskljucena? Pokusao sam ovo da resim vadjenjem kartice, ali nije pomoglo. Jedino resenje je gasenje telefona i tek nakon paljenja ponovo prepoznaje tu drugu karticu i onda radi normalno. Ako se nekom ovo desavalo i zna nacin kako da se otkloni ovaj problem, bio bih jako zahvalan na savetu. Pozdrav"
https://mobilnisvet.com/mobilni-komentari/9280/Apple/iPhone-13-Pro-Max/2,Apple,Apple iPhone 13 Pro Max,Slavko,2023-01-22 20:49:00,Osnovne softverske operacije - bruka. Telefon je nepobitno fluidan ali zar je moguce da I dalje tvrdoglavo zadrzavaju neke funkcije koje su odavno u proslosti na Android? Retoricko pitanje.
https://mobilnisvet.com/mobilni-komentari/9280/Apple/iPhone-13-Pro-Max/2,Apple,Apple iPhone 13 Pro Max,Ana,2023-01-19 19:34:00,"Uzela sam 13 pro max u julu 2022, gledam sad battery health i još uvek stoji na 100%. Da li je moguće da nije opalo ništa do sad? Dopunjujem ga često u toku dana i koristim dosta. Ne spustam ispod 40% i ne punim preko 90%."
https://mobilnisvet.com/mobilni-komentari/9280/Apple/iPhone-13-Pro-Max/2,Apple,Apple iPhone 13 Pro Max,Jovan,2023-01-04 16:59:00,Ko želi da zna sve o svom iPhoneu obavezno na Vašem Računaru skinite program  3uTools  tu na 4 stranice imate ama baš SVE o svom telefonu od dana izrade do svih popravki na njemu... Da svakaki i iTunes !
https://mobilnisvet.com/mobilni-komentari/9280/Apple/iPhone-13-Pro-Max/2,Apple,Apple iPhone 13 Pro Max,Ducca,2023-01-03 12:24:00,"Pozdrav društvo.. Korisnik sam android telefona, ali se razmišljam da predajem na neki iphone od 12 pa na gore."
https://mobilnisvet.com/mobilni-komentari/9280/Apple/iPhone-13-Pro-Max/2,Apple,Apple iPhone 13 Pro Max,Sonja,2022-11-26 22:39:00,Da li neko ima problem sa youtube nekad ne radi pa moram da ugasim i upalim telefon ponovo
https://mobilnisvet.com/mobilni-komentari/9280/Apple/iPhone-13-Pro-Max/2,Apple,Apple iPhone 13 Pro Max,Sale,2022-11-13 22:28:00,Kakva su iskustva sa ios 16.1? Kakvo je trajanje baterije?
https://mobilnisvet.com/mobilni-komentari/9280/Apple/iPhone-13-Pro-Max/2,Apple,Apple iPhone 13 Pro Max,Miki,2022-11-12 17:12:00,"Imam priliku da uzmem nov, nikad nisam koristio ios. Odbija me sto je zatvoren sistem i ne volim glomazne telefone, da li rizikovati🤔"
https://mobilnisvet.com/mobilni-komentari/9280/Apple/iPhone-13-Pro-Max/2,Apple,Apple iPhone 13 Pro Max,Dragan,2022-11-05 15:47:00,"Ovaj telefon je najbolji telefon ikada napravljen. Koristio sam ga oko godinu dana, kada je izašao 14 pro max, uzeo sam ga, mogu vam reći da je ovaj dosta bolji od 14 zašto:"
https://mobilnisvet.com/mobilni-komentari/9280/Apple/iPhone-13-Pro-Max/2,Apple,Apple iPhone 13 Pro Max,Marko,2022-10-25 19:23:00,13 pro max ili 14 pro? Napomena: velicina ekrana nije od presudnog znajaca
https://mobilnisvet.com/mobilni-komentari/9280/Apple/iPhone-13-Pro-Max/2,Apple,Apple iPhone 13 Pro Max,Milica,2022-10-22 08:17:00,"Pozdrav! Imam problem sa punjenjem, pa ako neko može da mi objasni šta je. Prvi put sam uzela ajfon (13 pro max), do sad sam koristila android."
https://mobilnisvet.com/mobilni-komentari/9280/Apple/iPhone-13-Pro-Max/2,Apple,Apple iPhone 13 Pro Max,David,2022-10-08 11:15:00,"Pozdrav svima, interesuje me jedno, uzeo bih 13 pro ili 13 pro max. Pa ne zanima da li je baterija drasticno bolja od 13 pro, koliko moze da izdrzi? Hvala !"
https://mobilnisvet.com/mobilni-komentari/9280/Apple/iPhone-13-Pro-Max/2,Apple,Apple iPhone 13 Pro Max,Iphone,2022-10-08 07:44:00,Jel zna neko da li radi neka od app koje snimaju razgovore na ovom telefonu? Sve traže da se plati pre početka korišćenja pa da se ne zeznem.
https://mobilnisvet.com/mobilni-komentari/9272/Apple/iPhone-13-Pro/2,Apple,Apple iPhone 13 Pro,Anaa,2024-12-08 12:21:00,Ip 13 pro ili 13 pro max?
https://mobilnisvet.com/mobilni-komentari/9272/Apple/iPhone-13-Pro/2,Apple,Apple iPhone 13 Pro,Vesna,2024-11-25 22:41:00,"Može li savet, ili kratka recenzija- da napomenem kamera mi je mnogo bitna.Imam 13 pro, ali bih ga menjala.. Da li uzeti 16 pro ili Samsung 24 ultra,ili ostati na 13 pro? Nikako se odlučiti .. Hvala"
https://mobilnisvet.com/mobilni-komentari/9272/Apple/iPhone-13-Pro/2,Apple,Apple iPhone 13 Pro,Blah,2024-11-17 18:27:00,"13 pro 14 pro ili 15 pro? Čuo da 14 ima problem sa baterijom, sad koliko je to istina..Prvi iphone koji kupujem i ne bih davao više para nego što moram ako je 13 pro na kraju 2024. i dalje ok za korišćenje. Prosečan sam korisnik, yt viber povremeno slikanje i snimanje..Hoću da mi traje 4-5 godina i da ne koči posle par godina i ima ok kameru."
https://mobilnisvet.com/mobilni-komentari/9272/Apple/iPhone-13-Pro/2,Apple,Apple iPhone 13 Pro,Shomy,2024-11-09 01:29:00,"Pozdrav ljudi, ako moze mala pomoc- savet. Naime video sam u prodaji 13 pro 128gb, 600€ nov. Rec je o modelima koji su samo stajali u izlogu nisu korisceni, stanje 10/10 baterija 100%. E sad voleo bi cuti vase misljenje da li je pametno uzeti takav model. Veoma bi mi znacilo misljenje nekog iskusnog u ovoj oblasti, hvala."
https://mobilnisvet.com/mobilni-komentari/9272/Apple/iPhone-13-Pro/2,Apple,Apple iPhone 13 Pro,Dejan,2024-11-04 20:32:00,Da li uzeti 13 pro ili 14 pro? Nešto što bih izdvojio da mi je bitnije je baterija i kamera.
https://mobilnisvet.com/mobilni-komentari/9272/Apple/iPhone-13-Pro/2,Apple,Apple iPhone 13 Pro,Aleksandar,2024-10-29 19:38:00,S22 ultra ili 13 pro ?
https://mobilnisvet.com/mobilni-komentari/9272/Apple/iPhone-13-Pro/2,Apple,Apple iPhone 13 Pro,Bobi,2024-10-11 19:38:00,Pozdrav. Trebam uzeti iPhone prvi put i imam dilemu da li da uzmem 13 pro/256gb/93% bh za 550e ili da uzmem obicnu 13-icu 128gb full novu za 529e :)
https://mobilnisvet.com/mobilni-komentari/9272/Apple/iPhone-13-Pro/2,Apple,Apple iPhone 13 Pro,Dragi,2024-10-03 00:12:00,"Pozdrav ekipo. Imam s21 ultra, nažalost malo je očajan sa baterijom. Dobio sam ponudu uz doplatu za 13 pro 256gb 83% bh. Da li vredi menjati da taj uređaj ili ne? Prosečan sam korisnik za društvene mreže i volim tu i tamo okinut neku dobru fotku."
https://mobilnisvet.com/mobilni-komentari/9272/Apple/iPhone-13-Pro/2,Apple,Apple iPhone 13 Pro,Ja,2024-09-15 04:48:00,Da li neko zna kada stize ios 18?
https://mobilnisvet.com/mobilni-komentari/9272/Apple/iPhone-13-Pro/2,Apple,Apple iPhone 13 Pro,Iva,2024-09-04 16:06:00,"Dobar dan, kqko mogu da porucim 13 pro?"
https://mobilnisvet.com/mobilni-komentari/9272/Apple/iPhone-13-Pro/2,Apple,Apple iPhone 13 Pro,Janko,2024-08-26 22:43:00,Zasto je 15pro jeftiniji od 13pro i 14pro?
https://mobilnisvet.com/mobilni-komentari/9272/Apple/iPhone-13-Pro/2,Apple,Apple iPhone 13 Pro,Aki,2024-08-17 08:16:00,"Zdravo, možda je glupo pitanje, ali verujem da mi može neko pomoći. Nikada do sada nisam imao iphone, skoro sam kupio ovaj model telefona, i kad sa njega saljem video snimak na viber, on ispadne katastrofalan na androidu, dok kad primim snimak sa androida bude sasvim ok kvaliteta. U podesavanjima iphone nije stiklirana opcija za smanjenje video kvaliteta. Da li je to jednostavmo tako ili ja radim nesto pogresno?"
https://mobilnisvet.com/mobilni-komentari/9272/Apple/iPhone-13-Pro/2,Apple,Apple iPhone 13 Pro,Jovana,2024-07-30 23:32:00,"Zdravo, zanima me misljenje vase. Da li da uzmem iphone 15 ili iphone 13 pro, bitno mi je da ima dobro bateriju, kameru, i da nije velik."
https://mobilnisvet.com/mobilni-komentari/9272/Apple/iPhone-13-Pro/2,Apple,Apple iPhone 13 Pro,Saki,2024-07-18 18:28:00,Pixel 7 ili Iphone 13 pro
https://mobilnisvet.com/mobilni-komentari/9272/Apple/iPhone-13-Pro/2,Apple,Apple iPhone 13 Pro,Nenad..,2024-07-07 08:47:00,"Iphone 13 pro sa bh 85 da li moze da izdrzi ceo dan upotrebe?? Igrice ne igram to me ne zanima samo fotkanje, poneki snimak, youtube, Fb, instagram, tik tok, survovanje netom"
https://mobilnisvet.com/mobilni-komentari/9272/Apple/iPhone-13-Pro/2,Apple,Apple iPhone 13 Pro,.,2024-06-27 01:15:00,Dal se isplati kupiti 13 pro za 480e sa baterijom 85% i malo izgrebanim ekranom?
https://mobilnisvet.com/mobilni-komentari/9272/Apple/iPhone-13-Pro/2,Apple,Apple iPhone 13 Pro,Joma,2024-06-19 10:46:00,Nov 13pro il iphone 15?
https://mobilnisvet.com/mobilni-komentari/9272/Apple/iPhone-13-Pro/2,Apple,Apple iPhone 13 Pro,Konstantin Miljkovic,2024-06-02 15:22:00,Polovan iphone 13 pro sa zamenjenom baterijom ili nov samsung a55 sa garancijom
https://mobilnisvet.com/mobilni-komentari/9272/Apple/iPhone-13-Pro/2,Apple,Apple iPhone 13 Pro,d,2024-04-24 19:56:00,"moze li mi neko reci kako se ajfon 13 pro oseca u ruci? uskoro menjam telefon, prelazim sa galaxy a71 i sada zelim manji ekran, nesto sto je lakse koristiti jednom rukom. 6,1 inca mi deluje kao idealna velicina ekrana, ali me brine masa od 204 grama, pa me zanima koje je vase misljenje po tom pitanju. na primer razmisljam i o samsungu s23 koji je dosta manji, ali me ipak nesto vuce ka ajfonu. sta biste vi preporucili?"
https://mobilnisvet.com/mobilni-komentari/9272/Apple/iPhone-13-Pro/2,Apple,Apple iPhone 13 Pro,Yuliana,2024-04-18 13:15:00,"Da li je normalno da mi je za dva meseca na novom Iphone-u 13Pro baterija spala na 94% bez ikakvog preteranog koriscenja?  Uopste ne znam ima li svrhe opterecivati se sa ovim procentima, samo mi je neralno da mi se bukvalolno na svakih nedelju dana gubi po 1%"
https://mobilnisvet.com/mobilni-komentari/9272/Apple/iPhone-13-Pro/2,Apple,Apple iPhone 13 Pro,Marko,2024-03-28 12:16:00,"Pozdrav, da li neko zna zbog cega je cena skocila za skoro 100€ ?"
https://mobilnisvet.com/mobilni-komentari/9272/Apple/iPhone-13-Pro/2,Apple,Apple iPhone 13 Pro,Mare,2024-03-21 19:51:00,"Ima li neko iskustva sa ovim ""nekoriscenim/izozbenim = refurbished modelima sa oglasa? I skoro svi su modeli za americko trziste."
https://mobilnisvet.com/mobilni-komentari/9272/Apple/iPhone-13-Pro/2,Apple,Apple iPhone 13 Pro,Djuki,2024-03-07 08:54:00,Da li ima negde nov 13 pro?
https://mobilnisvet.com/mobilni-komentari/9260/Apple/iPhone-13/2,Apple,Apple iPhone 13,Zoran,2025-10-22 20:24:00,Iskustva sa ios 26.01 na iphonu 13 kod mene za sada ok samo baterija valjda ce regulisati
https://mobilnisvet.com/mobilni-komentari/9260/Apple/iPhone-13/2,Apple,Apple iPhone 13,Srdjan,2025-10-21 08:39:00,"Pozdrav svima. Imam iphone 13, imam apple od 3gs, ali me opasno smaraju zbog baterije. Sada je na 79% , pise service i trazi zamenu, zamena oko 20.000 din originalna (ma, vazi)"
https://mobilnisvet.com/mobilni-komentari/9260/Apple/iPhone-13/2,Apple,Apple iPhone 13,PetatI,2025-10-16 15:47:00,"Nazad su dve karre,blic i …šta je četvrta rupica?"
https://mobilnisvet.com/mobilni-komentari/9260/Apple/iPhone-13/2,Apple,Apple iPhone 13,Kole,2025-10-06 00:30:00,"Vidim na oglasima od jednog clana sa velikim brojem pozitivnih ocena da ima na prodaju nov iphone 13 sa godinu dana internacionalne garancije. Koja je fora, je l' su ti telefoni refurbished ili šta? Hoću da kažem, čudi me da nakon 4god od izlaska 13ice da ih ima i to još kao ""fabričko pakovanje""..."
https://mobilnisvet.com/mobilni-komentari/9260/Apple/iPhone-13/2,Apple,Apple iPhone 13,Asda,2025-10-05 16:05:00,"Jel neko radio update na ios26, kako radi na 13ci, jel baterija okej?"
https://mobilnisvet.com/mobilni-komentari/9260/Apple/iPhone-13/2,Apple,Apple iPhone 13,Boki,2025-09-25 15:39:00,"Imam Ajfon Se iz 2018. Još uvek,menjao bateriju ali ipak ga je vreme pregazilo .Jel 13 polovna može da ga zameni ?"
https://mobilnisvet.com/mobilni-komentari/9260/Apple/iPhone-13/2,Apple,Apple iPhone 13,Zochi,2025-09-02 18:25:00,"U vezi baterije, koju preporucujete da uzmem?"
https://mobilnisvet.com/mobilni-komentari/9260/Apple/iPhone-13/2,Apple,Apple iPhone 13,Marija,2025-08-10 16:33:00,Treba mi pomoc. Zelim da kupim telefon do 350e sta mi preporucujete polovan  iphone 13 ili nov honor magic 7 lite. 3 godine kotistim iphone 8. Hvala
https://mobilnisvet.com/mobilni-komentari/9260/Apple/iPhone-13/2,Apple,Apple iPhone 13,Predrag 67,2025-07-28 12:56:00,"Postoji li neki android sa ekranom veličine  do 6,2 da nije skuplji od 400 evra ili mora da se kupi ovaj iPhone 13? Ćerka hoće isključivo mali ekran, da može da stane u džep."
https://mobilnisvet.com/mobilni-komentari/9260/Apple/iPhone-13/2,Apple,Apple iPhone 13,Nixa,2025-07-23 16:47:00,jel se isplati uzeti u 2025 da ga korstim bar jedno 3 godine a koristicu ga samo za drustvene mreze bukv bez igrica i mozda samo malo slikanja
https://mobilnisvet.com/mobilni-komentari/9260/Apple/iPhone-13/2,Apple,Apple iPhone 13,Stefan,2025-07-06 21:27:00,Pozdrav ljudi evo da se javim posle 2 meseca koriscenja iPhone 13 iskreno prezadovoljan sam battery health mi je sada na 96% sto se tice kamere prezadovoljan sam a najvise sa cinematic mode najbolja stvar ikad takodje ima i dalje ios 18.5 koji i dalje radi super i genralno sam zadovoljan njim pre njega sam koristio godinu dana redmi note 10 pro
https://mobilnisvet.com/mobilni-komentari/9260/Apple/iPhone-13/2,Apple,Apple iPhone 13,Milica,2025-07-06 00:46:00,"Zdravo, sta je bolje uzeti iphone 13, 14 ili 16e. Najbitnija mi je kamera."
https://mobilnisvet.com/mobilni-komentari/9260/Apple/iPhone-13/2,Apple,Apple iPhone 13,Jovan,2025-07-05 06:30:00,"Čitam komentare i razmišljam se za kupovinu nekog iPhone,da li ima nova da se poruči preko operatera? Recimo Yettel"
https://mobilnisvet.com/mobilni-komentari/9260/Apple/iPhone-13/2,Apple,Apple iPhone 13,Nikola,2025-07-05 00:20:00,"Pozdrav ljudi, da li je bolji polovan iphone 13 ili polovan iphone 12 pro max takodje proveren samo BH 78%, bateriju bih morao da menjam"
https://mobilnisvet.com/mobilni-komentari/9260/Apple/iPhone-13/2,Apple,Apple iPhone 13,Mare,2025-06-17 22:28:00,Da li neki zna gde je pouzdano kupiti telefon?
https://mobilnisvet.com/mobilni-komentari/9260/Apple/iPhone-13/2,Apple,Apple iPhone 13,I,2025-06-15 11:39:00,Da li je bolji xiaomi 12 ili iphone 13?
https://mobilnisvet.com/mobilni-komentari/9260/Apple/iPhone-13/2,Apple,Apple iPhone 13,Konstantin Miljkovic,2025-06-12 22:58:00,Instalirao sam iOS 26 Developer Beta koji je teško smeće bolje ostati na 18.5 ili sačekati finalnu verziju iOS 26.Da li zna neko da li je moguće da se telefon vrati na prethodni softver odnosno iOS 18.5?
https://mobilnisvet.com/mobilni-komentari/9260/Apple/iPhone-13/2,Apple,Apple iPhone 13,V,2025-06-07 15:15:00,Zna li neko koliko će još softverskih ažuriranja imati iPhone 13
https://mobilnisvet.com/mobilni-komentari/9260/Apple/iPhone-13/2,Apple,Apple iPhone 13,L,2025-05-31 13:26:00,"Da li je bolje uzeti iphone 13 nov ili 13 pro kazu da ima 100% bateriju, jer je koriscen kao izlozbeni model. Ili uzeti neki noviji model, recimo iphone 15."
https://mobilnisvet.com/mobilni-komentari/9260/Apple/iPhone-13/2,Apple,Apple iPhone 13,M,2025-05-20 20:16:00,"Zdravo ljudi, kolika je razlika izmedju iphone 13 i 15, u kamerama i ovako funkcionalnosti. Posto citam da nema neke vece razlike. Pa da li vredi davati vece pare za noviji model ili ne."
https://mobilnisvet.com/mobilni-komentari/9260/Apple/iPhone-13/2,Apple,Apple iPhone 13,Sandra,2025-05-19 23:49:00,"Da li je bolji 12 pro max ili 13? Koji je generalno najbolje kupiti do 400e polovan iPhone, zbog kamere i baterije?"
https://mobilnisvet.com/mobilni-komentari/9260/Apple/iPhone-13/2,Apple,Apple iPhone 13,Stefan,2025-05-19 14:21:00,Pozdrav Ljudi Imam ovaj telefon od 3 maja ove godine presao sam na njega sa starog redmi note 10 pro i moram da budem iskren ja sam odusevljen ovim telefonom odlicna kamera dobio je je ios 18.5 update baterija je dobra meni izdrzi ceo dan i ono sto sam hteo da kazem da apple id nije bas lak za pravljenje da sam jedva uspeo da ga aktiviram ali inace meni je ovaj telefon super prednja kamera je perfektna sve u svemu zadovoljan sam njim
https://mobilnisvet.com/mobilni-komentari/9260/Apple/iPhone-13/2,Apple,Apple iPhone 13,RaX,2025-05-18 13:47:00,"Uzeo sam ćerci ovaj Iphon i stvarno se oduševila. E sada koji punjač je najbolji za ovaj telefon. Ja imam neki Wewo od 25w,može li on da se koristi ili mora original Iphon i koji je to punjač."
https://mobilnisvet.com/mobilni-komentari/9260/Apple/iPhone-13/2,Apple,Apple iPhone 13,RaX,2025-05-15 15:33:00,Interesuje me da li je bolji IPhone 13 od S24. Hoću da kupim ćerci. Ona hoće Iphon a ja je nagovaram na S24. Pa mei interesuje kakav je telefon
https://mobilnisvet.com/mobilni-komentari/9260/Apple/iPhone-13/2,Apple,Apple iPhone 13,Luka,2025-05-11 17:29:00,Pozdrav imam Xiaomi Redmi Note 13 Pro da li se isplati menjati za polovnu 13-icu?
https://mobilnisvet.com/mobilni-komentari/9266/Apple/iPhone-13-mini/2,Apple,Apple iPhone 13 mini,Djole,2023-12-15 10:36:00,galaxy s23 ili iphone 13 mini?
https://mobilnisvet.com/mobilni-komentari/9266/Apple/iPhone-13-mini/2,Apple,Apple iPhone 13 mini,Elena,2023-11-20 21:14:00,"Pozdrav, imam problem, novi je telefon i nenormalno se pregreva kad ga koristim, npr. kada gledam video na Youtube-u, ili kada slikam kamerom. Neprijatno ga je drzati u ruci. Sta to moze biti? Sta da radim?"
https://mobilnisvet.com/mobilni-komentari/9266/Apple/iPhone-13-mini/2,Apple,Apple iPhone 13 mini,Natasa,2023-11-20 00:03:00,"Nije mi jasan deo koji se tiče punjača za 13 mini. Da li može samo 18w ili kako već? Ako neko može da mi objasni, bila bih zahvalna."
https://mobilnisvet.com/mobilni-komentari/9266/Apple/iPhone-13-mini/2,Apple,Apple iPhone 13 mini,Sale,2023-11-08 15:49:00,Da li neko zna da li se 13 mini jos uvek proizvodi i da li ima neke razlike u modelima iz 2021 i sad novije ili su to sve ti telefoni tad proizvedeni?
https://mobilnisvet.com/mobilni-komentari/9266/Apple/iPhone-13-mini/2,Apple,Apple iPhone 13 mini,Apple,2023-10-17 12:31:00,Ljudi šta mi predlažete iphone 13 ili 13 mini najviše mi treba telefon zbog baterije ner nekad slušam muziku na telefonu a to mnogo troši bateriju zato i ne znam koji telefon da uzmem ili A54 Samsung.
https://mobilnisvet.com/mobilni-komentari/9266/Apple/iPhone-13-mini/2,Apple,Apple iPhone 13 mini,Daki,2023-10-02 19:33:00,13 mini ili se 22?
https://mobilnisvet.com/mobilni-komentari/9266/Apple/iPhone-13-mini/2,Apple,Apple iPhone 13 mini,Ana,2023-09-29 13:38:00,"Molim vas, kakav vam je wi fi, meni je to mnogo vazno a vidim da ima problema?"
https://mobilnisvet.com/mobilni-komentari/9266/Apple/iPhone-13-mini/2,Apple,Apple iPhone 13 mini,Miroslav,2023-09-21 16:04:00,"Pozdrav jel moze neko da kaze koliko izvuce SOT , svidja mi se mini Al me brine baterija"
https://mobilnisvet.com/mobilni-komentari/9266/Apple/iPhone-13-mini/2,Apple,Apple iPhone 13 mini,Nemanja,2023-09-02 22:49:00,"Kupio bih 13 mini i presao po prvi put na iOS. Odusevljen sam kompaktnoscu telefona i to mi je najbitnije uz brzinu operativnog sistema, ja sam prosecan korisnik koji nema dr. mreze i samo obavljam pozove i saljem poruke i pomalo koristim i browser za neko sutfovanje po internetu. Zanima me posto sam video u komentarima da li i dalje nakon svih do sada ažuriranja operativnog sistema postoji kao kod nekih ljudi problem sa wi-fi konekcijom i prijemom signala? Unapred zahvalan na odgovoru."
https://mobilnisvet.com/mobilni-komentari/9266/Apple/iPhone-13-mini/2,Apple,Apple iPhone 13 mini,Zola,2023-08-30 21:35:00,Da li moze punjac  od 18w za mini? da li ce naskoditi bateriji
https://mobilnisvet.com/mobilni-komentari/9266/Apple/iPhone-13-mini/2,Apple,Apple iPhone 13 mini,Nikola,2023-08-30 14:34:00,Da li ce cena opasti na ovom telefonu kad izadje iph 15 ili da kupim 12 mini
https://mobilnisvet.com/mobilni-komentari/9266/Apple/iPhone-13-mini/2,Apple,Apple iPhone 13 mini,Srx,2023-08-28 13:18:00,"Pozdrav, trenutno koristim iPhone 11 i planiram da uzmem 13 mini, sto se tice specifikacija to mi je jasno da je 13 bolji, ali me zanima da li mogu mini da punim punjacem od 11ke, onaj brzo od 18W ?"
https://mobilnisvet.com/mobilni-komentari/9266/Apple/iPhone-13-mini/2,Apple,Apple iPhone 13 mini,Kostic,2023-08-26 17:02:00,Da li mogu u mini punjac od 12 pro?
https://mobilnisvet.com/mobilni-komentari/9266/Apple/iPhone-13-mini/2,Apple,Apple iPhone 13 mini,Lidija,2023-08-25 22:49:00,Da li podržava naše aplikacije. Hvala
https://mobilnisvet.com/mobilni-komentari/9266/Apple/iPhone-13-mini/2,Apple,Apple iPhone 13 mini,Toda,2023-08-25 22:33:00,Da li moze za mini punjac od 11 pro..hvala
https://mobilnisvet.com/mobilni-komentari/9266/Apple/iPhone-13-mini/2,Apple,Apple iPhone 13 mini,PSD,2023-08-03 10:06:00,"Pozdrav, da li uzeti za 530e nov Samsung s22 ili polovan iPhone 13 mini?"
https://mobilnisvet.com/mobilni-komentari/9266/Apple/iPhone-13-mini/2,Apple,Apple iPhone 13 mini,Nastavnica,2023-07-17 16:03:00,"Pozdrav. Htela BiH da uzmem 13 mini, pa me zanima da li mogu da koristim aplikacije koje su mi potrebne za školu? Do sada sam imala Samsung A72 i radila sam sve na njemu. Es dnevnik, slanje gmail, pravljene video, zoom časove..."
https://mobilnisvet.com/mobilni-komentari/9266/Apple/iPhone-13-mini/2,Apple,Apple iPhone 13 mini,Šone,2023-07-09 00:48:00,Da li kupiti iphone 13 ili 13 mini? I gde uzete da li kod operatera yettel i zna li neko koja bi bila rata kod njih??
https://mobilnisvet.com/mobilni-komentari/9266/Apple/iPhone-13-mini/2,Apple,Apple iPhone 13 mini,Harmony,2023-07-06 17:28:00,I ako mozete da mi kazete sa koliko vremena ukljucenosti ekrana moze da istera 13mini?
https://mobilnisvet.com/mobilni-komentari/9266/Apple/iPhone-13-mini/2,Apple,Apple iPhone 13 mini,Harmony,2023-07-06 17:22:00,Iphone 13 mini 128gb ili Samsung Galaxy S23 256gb? Kad se sagledaju svi parametri..
https://mobilnisvet.com/mobilni-komentari/9266/Apple/iPhone-13-mini/2,Apple,Apple iPhone 13 mini,Rade,2023-06-24 22:41:00,Gde kupiti ovaj tel.?
https://mobilnisvet.com/mobilni-komentari/9266/Apple/iPhone-13-mini/2,Apple,Apple iPhone 13 mini,srdjan,2023-06-20 07:36:00,samsung note 9 ili mini 13
https://mobilnisvet.com/mobilni-komentari/9266/Apple/iPhone-13-mini/2,Apple,Apple iPhone 13 mini,Dusan,2023-06-15 23:43:00,Imam 13 mini god dana. Da li vredi preci na 12 pro ili max ili ne?
https://mobilnisvet.com/mobilni-komentari/9266/Apple/iPhone-13-mini/2,Apple,Apple iPhone 13 mini,Dejan,2023-06-14 20:12:00,S23 ili 13 mini?
https://mobilnisvet.com/mobilni-komentari/8061/Apple/iPhone-12-mini/2,Apple,Apple iPhone 12 mini,N...IKO.LA,2023-03-11 23:17:00,"Imam jedno pitanje ja dnevno telefon koristim od 2h do 5h ujutru ga skinem sa punjaca uvece oko 22h 23h na20% da li bi mogao mini da izdrzi toliko to su yt,ig,tt,gmail,kamera?"
https://mobilnisvet.com/mobilni-komentari/8061/Apple/iPhone-12-mini/2,Apple,Apple iPhone 12 mini,m,2023-03-04 08:56:00,"Imam verziju 64gb i imam jos vrlo malo memorije, ima li neki nacin da se prosiri memorija?"
https://mobilnisvet.com/mobilni-komentari/8061/Apple/iPhone-12-mini/2,Apple,Apple iPhone 12 mini,Iphone,2023-02-24 00:23:00,Prvi put uzimam Iphone i nesto sam gledao. Iphone 12 mini ili SE 2022. To su najbolji telefoni koji nisu preskupi a i ne prestari i losi.
https://mobilnisvet.com/mobilni-komentari/8061/Apple/iPhone-12-mini/2,Apple,Apple iPhone 12 mini,NiKoLa,2023-02-15 20:50:00,iphone 11 ili iphone 12mini koji je bolji?
https://mobilnisvet.com/mobilni-komentari/8061/Apple/iPhone-12-mini/2,Apple,Apple iPhone 12 mini,IGOR,2023-02-06 14:09:00,AJFON SE 2022 ILI 12 MINI ILI AJFON 11???
https://mobilnisvet.com/mobilni-komentari/8061/Apple/iPhone-12-mini/2,Apple,Apple iPhone 12 mini,Milena,2023-02-03 01:14:00,"Xiaomi 12, Samsung S21 fe ili Iphone 12 mini?"
https://mobilnisvet.com/mobilni-komentari/8061/Apple/iPhone-12-mini/2,Apple,Apple iPhone 12 mini,Damjan,2023-01-26 08:29:00,Moze li neko odgovoriti zasto se na iphone 12mini mijenja brightness displeya samo od sebe na max i min
https://mobilnisvet.com/mobilni-komentari/8061/Apple/iPhone-12-mini/2,Apple,Apple iPhone 12 mini,Stefan,2023-01-11 22:45:00,Kakva je baterija?
https://mobilnisvet.com/mobilni-komentari/8061/Apple/iPhone-12-mini/2,Apple,Apple iPhone 12 mini,Jovan,2023-01-02 20:12:00,Da li prelaziti sa samsunga s21fe na 12mini
https://mobilnisvet.com/mobilni-komentari/8061/Apple/iPhone-12-mini/2,Apple,Apple iPhone 12 mini,Ognjen,2022-12-02 16:36:00,Da li mozda neko zna koliko interne memorije zauzima 12 mini?
https://mobilnisvet.com/mobilni-komentari/8061/Apple/iPhone-12-mini/2,Apple,Apple iPhone 12 mini,daša,2022-10-31 13:56:00,"Ćao ima li još neko ovaj problem, tačnije, da li je problem,"
https://mobilnisvet.com/mobilni-komentari/8061/Apple/iPhone-12-mini/2,Apple,Apple iPhone 12 mini,David Rimit,2022-10-25 07:06:00,"Odlican telefon.Vredi ga kupiti,pogotovo za ljude koji vole male telefone."
https://mobilnisvet.com/mobilni-komentari/8061/Apple/iPhone-12-mini/2,Apple,Apple iPhone 12 mini,Dragan,2022-10-21 18:51:00,12 mini ili se 2022 ?
https://mobilnisvet.com/mobilni-komentari/8061/Apple/iPhone-12-mini/2,Apple,Apple iPhone 12 mini,Milan,2022-10-18 05:39:00,Kakva su vam iskustva sa memorijom? Koliko zauzima sistem?
https://mobilnisvet.com/mobilni-komentari/8061/Apple/iPhone-12-mini/2,Apple,Apple iPhone 12 mini,Nikola,2022-10-11 20:16:00,"Kupio sam telefon, kida, presao sam sa xhaomi kamere od 108mpx, na ajfonu 12 mini, kamera na ajfonu zver, o snimcima ne želim reči trostiti koliko su dobri... Baterija mi je izdrzala sa 43% od 15:45 do 20:00, na 20%, sve podatke i slike sam prebacio, baterija isto dobra, nemojte slusati ljude koje kazu da nije jer stvr izdrzi lagano dan, jedan savet nemojte uzeti nigde druge punjac sem u istyle, jer upravo meni ne radi ovaj koji sam kupio u prodavnici, kad dajete 570€ za telefon, dajte i 40€ za punjac, jer kinezi unistavaju bateriju."
https://mobilnisvet.com/mobilni-komentari/8061/Apple/iPhone-12-mini/2,Apple,Apple iPhone 12 mini,Dino,2022-10-06 06:43:00,"Poz,kupujem iphon 12 mini sa 99% baterije i garanncijom do 7 mj 2023 al nema papire,zena ga kupila u njemačkoj,sad me zanima dali vi preporucujete to i utiske i njemu"
https://mobilnisvet.com/mobilni-komentari/8061/Apple/iPhone-12-mini/2,Apple,Apple iPhone 12 mini,Janko,2022-09-04 13:17:00,Da li je u redu da posle 18 meseci bat health bude na 87% i da li to uopste nesto znaci?
https://mobilnisvet.com/mobilni-komentari/8061/Apple/iPhone-12-mini/2,Apple,Apple iPhone 12 mini,Uki,2022-08-22 23:22:00,11 ili 12 mini šta preporučujete?
https://mobilnisvet.com/mobilni-komentari/8061/Apple/iPhone-12-mini/2,Apple,Apple iPhone 12 mini,Korisnik 12 mini,2022-07-17 15:57:00,"Za koliko vam se umanjio maksimalni kapacitet baterije nakon mesec dana? Meni za 1%, a telefon sam minimalno koristila. Punila sam ga jednom dnevno."
https://mobilnisvet.com/mobilni-komentari/8061/Apple/iPhone-12-mini/2,Apple,Apple iPhone 12 mini,stejsi,2022-07-09 17:11:00,"moj problem s iPhone 12 mini krece pre mozda dva meseca kada mi se stalno desavao dimming iako je sve u opcijama iskljuceno, tj auto brightness,  itd."
https://mobilnisvet.com/mobilni-komentari/8061/Apple/iPhone-12-mini/2,Apple,Apple iPhone 12 mini,m,2022-07-03 19:37:00,moze li mi neko reci utice li punjac koji nije original na zdravlje baterije?
https://mobilnisvet.com/mobilni-komentari/8061/Apple/iPhone-12-mini/2,Apple,Apple iPhone 12 mini,Mileta,2022-06-24 14:51:00,"Imam oko mesec dana Ajfon 12 mini, problem je sto se brzo zagrije. Neki put se sam iskljucuje"
https://mobilnisvet.com/mobilni-komentari/8061/Apple/iPhone-12-mini/2,Apple,Apple iPhone 12 mini,daca,2022-05-26 13:35:00,Da li još neko ima ovaj problem
https://mobilnisvet.com/mobilni-komentari/7179/Apple/iPhone-11-64GB/3,Apple,Apple iPhone 11,Miloš,2024-03-24 10:27:00,Ima li jos nas da koriste ajfon 11 i u 2024? Grmilica
https://mobilnisvet.com/mobilni-komentari/7179/Apple/iPhone-11-64GB/3,Apple,Apple iPhone 11,Dusan,2024-03-23 22:07:00,"iPhone 11 Black 128GB prava prica,nema greske,prezadovoljan,najbolji tel."
https://mobilnisvet.com/mobilni-komentari/7179/Apple/iPhone-11-64GB/3,Apple,Apple iPhone 11,Šone,2024-03-17 16:54:00,Moja najbolja investicija do sad. Što se telefona tiče.
https://mobilnisvet.com/mobilni-komentari/7179/Apple/iPhone-11-64GB/3,Apple,Apple iPhone 11,Dragan,2024-02-25 20:11:00,Pozdrav ljudi da li se nekome dešavala na iphone 11 128gb da telefon sam otvara aplikacije i da sam kuca slova?
https://mobilnisvet.com/mobilni-komentari/7179/Apple/iPhone-11-64GB/3,Apple,Apple iPhone 11,Vesna,2024-02-13 23:24:00,"Koristim iphone 11 i ne šalje mi SMS poruke na sve brojeve. Nisu blokirani. Imam E SIM karticu i još jednu, fizičku, od drugog operatera. U postavkama telefona piše da SIM nema ogranicenja. Telefon kupljen u A1. Dali mi novi E SIM, i opet se isto dešava, nisam sigurna kome će poruka biti isporučena, a kome neće. Od operatera stigao odgovor na žalbu da su sve usluge na mom pretplatnički broju aktivne. Ne znam šta da radim…"
https://mobilnisvet.com/mobilni-komentari/7179/Apple/iPhone-11-64GB/3,Apple,Apple iPhone 11,Novak Starina,2024-02-11 01:39:00,"Imam problem. Zove me neko, telefon ne zvoni. Ne svaki put već povremeno. Danas me drug zvao tei puta nije mi zvonio telefon, zvao me šef takođe prije par mjeseci, prikaže da me zvao u njegovoj listi poziva a kod mene telefon nije zvonio. Da li je neko imao takvih problema ?"
https://mobilnisvet.com/mobilni-komentari/7179/Apple/iPhone-11-64GB/3,Apple,Apple iPhone 11,Nikola,2024-02-05 10:41:00,"Iako ekran nije nesti bas nasavremenije ali ipak nije katastrofa 326ppi je dosta,ali zvuk stereo bas ima onaj osecaj realnosti,kada ti dodje obavestenje,cuje bas realno,ne znas odakle je zvuk izaso,brzina rada je naravno za iphone 11 svi znaju da je odlicno,grejanja nema iako ga opteretis zahyevnim igrama,dizajn ekstra"
https://mobilnisvet.com/mobilni-komentari/7179/Apple/iPhone-11-64GB/3,Apple,Apple iPhone 11,mark,2024-01-23 21:38:00,Koja je razlika u modelu 64GB i 128GB?
https://mobilnisvet.com/mobilni-komentari/7179/Apple/iPhone-11-64GB/3,Apple,Apple iPhone 11,Zoran,2024-01-20 01:10:00,"Najbolji od svih iphone modela,top telefon"
https://mobilnisvet.com/mobilni-komentari/7179/Apple/iPhone-11-64GB/3,Apple,Apple iPhone 11,Kiki,2024-01-17 15:36:00,Juče je cena bila 417e danas je 498e ????'
https://mobilnisvet.com/mobilni-komentari/7179/Apple/iPhone-11-64GB/3,Apple,Apple iPhone 11,Nikola,2024-01-13 18:06:00,"Na moj paket u A1 telefon za kes 32 hiljade, zanima me da li je to dobra kupovina? Da li ce baterija trpeti ove nove apdejtove i da li ce mi biti dobar izbor bar za naredne 3 godine koriscenja? Hvala."
https://mobilnisvet.com/mobilni-komentari/7179/Apple/iPhone-11-64GB/3,Apple,Apple iPhone 11,?,2024-01-13 17:57:00,"Telefon je jako dobar,ali battery health se jako brzo trosi i ja vec imam telefon 6 meseci i baterija je na 89%.Sve u svemu telefon ima prelepu kameru,brzo radi ali je samo malo problem u bateriji"
https://mobilnisvet.com/mobilni-komentari/7179/Apple/iPhone-11-64GB/3,Apple,Apple iPhone 11,Zdravko,2024-01-13 02:33:00,Koristim iphone 11 osnovna verzija i za godinu dana baterija je na 91 %. Da li je to normalno?
https://mobilnisvet.com/mobilni-komentari/7179/Apple/iPhone-11-64GB/3,Apple,Apple iPhone 11,Milan,2024-01-11 18:22:00,"Interesuje me kako se telefon ponasa na nizim temperaturama, da li se gasi, kakva mu je baterija, da li je pouzdan? Dosad sam koristio jeftinije android telefone i nisam imao problema sa baterijom kad je napolju hladno."
https://mobilnisvet.com/mobilni-komentari/7179/Apple/iPhone-11-64GB/3,Apple,Apple iPhone 11,Kupac,2024-01-10 19:38:00,"Koja je realna cena za ovaj telefon, 64gb, ima znakova korišćenja, bez pukotina, BH 82%?"
https://mobilnisvet.com/mobilni-komentari/7179/Apple/iPhone-11-64GB/3,Apple,Apple iPhone 11,Marija,2024-01-04 01:39:00,Da li kupiti novi iphone 11 ili Honor 90?
https://mobilnisvet.com/mobilni-komentari/7179/Apple/iPhone-11-64GB/3,Apple,Apple iPhone 11,Andrija,2023-12-30 15:59:00,"Pozdrav, imam iphone 11 u dobrom stanju sa 86% Bh, pa hoću da pitam da li neko zna zašto kada je telefon na malo nižim % baterije npr 27% kada ga ostavim na par minuta on se sam dopuni nekoliko %, da li neko zna jel to normalno ili ne?"
https://mobilnisvet.com/mobilni-komentari/7179/Apple/iPhone-11-64GB/3,Apple,Apple iPhone 11,T,2023-12-23 19:38:00,Ovaj ili 13?
https://mobilnisvet.com/mobilni-komentari/7179/Apple/iPhone-11-64GB/3,Apple,Apple iPhone 11,Stefan,2023-12-06 12:49:00,Dali je lepo ocuvan ima li ogrebotine i dali ste vi vlasnik telefona
https://mobilnisvet.com/mobilni-komentari/7179/Apple/iPhone-11-64GB/3,Apple,Apple iPhone 11,mateja,2023-12-03 21:59:00,"zdravo, gledam po oglasima ajfon 11 i svi imaju slabe batery health od 73-78% da li je to mana iphone 11 ili?"
https://mobilnisvet.com/mobilni-komentari/7179/Apple/iPhone-11-64GB/3,Apple,Apple iPhone 11,panda,2023-11-30 17:46:00,Kakva su vaša iskustva sa iphone 11?
https://mobilnisvet.com/mobilni-komentari/7179/Apple/iPhone-11-64GB/3,Apple,Apple iPhone 11,Milan,2023-11-25 23:39:00,Ovaj ili 12 ?
https://mobilnisvet.com/mobilni-komentari/7179/Apple/iPhone-11-64GB/3,Apple,Apple iPhone 11,M,2023-11-18 10:45:00,"Zdravo svima, treba mi savet."
https://mobilnisvet.com/mobilni-komentari/7176/Apple/iPhone-11-Pro-64GB/3,Apple,Apple iPhone 11 Pro,nastasja,2021-11-05 16:17:00,"Uzeti 11 pro ili 12, savet/preporuka? Hvala (:"
https://mobilnisvet.com/mobilni-komentari/7176/Apple/iPhone-11-Pro-64GB/3,Apple,Apple iPhone 11 Pro,Miloš,2021-10-26 06:29:00,Gledam po komentarima kako se ljudi dvoume da li da uzmu neki android ili ajfon 😂
https://mobilnisvet.com/mobilni-komentari/7176/Apple/iPhone-11-Pro-64GB/3,Apple,Apple iPhone 11 Pro,Steva,2021-10-19 22:52:00,"Pitanje za korisnike ovog modela, posto se razmisljam da ga uzmem ove godine, da li je dovoljno 64gb memorije? Bez igrica i preterano mnogo aplikacija."
https://mobilnisvet.com/mobilni-komentari/7176/Apple/iPhone-11-Pro-64GB/3,Apple,Apple iPhone 11 Pro,sima,2021-10-05 20:21:00,"da li je bez veze imati zlatnu boju ovog modela, a musko sam? dobio sam ovaj model u zlatnoj boji. i zasto neke pesme koje sa youtuba prebacim u mp3 nece da se preko itunesa prebace na telefon?"
https://mobilnisvet.com/mobilni-komentari/7176/Apple/iPhone-11-Pro-64GB/3,Apple,Apple iPhone 11 Pro,Aleksa,2021-10-03 14:52:00,Da li uzeti 12 ili 11pro?
https://mobilnisvet.com/mobilni-komentari/7176/Apple/iPhone-11-Pro-64GB/3,Apple,Apple iPhone 11 Pro,Lela,2021-08-26 18:48:00,Iphone 11 pro max ili 12 pro max.
https://mobilnisvet.com/mobilni-komentari/7176/Apple/iPhone-11-Pro-64GB/3,Apple,Apple iPhone 11 Pro,Pomoc,2021-08-25 18:07:00,"Da li preporucujte kupovinu ovog telefona ove godine ili ipak preci na novije, recimo 12 i zasto?"
https://mobilnisvet.com/mobilni-komentari/7176/Apple/iPhone-11-Pro-64GB/3,Apple,Apple iPhone 11 Pro,Punjac,2021-08-25 18:05:00,"Da li je greska puniti punjacem od starog iphona-a? Kabal, koliko sam razumela dobijamo, sto znaci da mogu koristiti i stari adapter ili?"
https://mobilnisvet.com/mobilni-komentari/7176/Apple/iPhone-11-Pro-64GB/3,Apple,Apple iPhone 11 Pro,A.,2021-08-25 11:29:00,"Razmisljam izmedju IPhone 11 pro ili Samsung galaxy S21 ultra. Neki predlog, pomoc? :D"
https://mobilnisvet.com/mobilni-komentari/7176/Apple/iPhone-11-Pro-64GB/3,Apple,Apple iPhone 11 Pro,Helllllppp,2021-08-24 22:01:00,"Ljudi, da li mozete da mi pomognete nevezano za ove prodavnice kako da znam da je telefon original?"
https://mobilnisvet.com/mobilni-komentari/7176/Apple/iPhone-11-Pro-64GB/3,Apple,Apple iPhone 11 Pro,Joksi,2021-08-24 07:34:00,Da li dobijamo i punjac uz telefon?
https://mobilnisvet.com/mobilni-komentari/7176/Apple/iPhone-11-Pro-64GB/3,Apple,Apple iPhone 11 Pro,Jhhh,2021-08-23 13:57:00,12 ili 11 pro?
https://mobilnisvet.com/mobilni-komentari/7176/Apple/iPhone-11-Pro-64GB/3,Apple,Apple iPhone 11 Pro,Stefan,2021-08-21 18:37:00,"Pozdrav ljudi,zanima me da li su u svakoj od ovih radnji original telefoni,jer mi nije realno da je u npr. ovom gigafonu telefon 685€ dok je u tehnomaniji 1085€"
https://mobilnisvet.com/mobilni-komentari/7176/Apple/iPhone-11-Pro-64GB/3,Apple,Apple iPhone 11 Pro,Am,2021-07-30 18:26:00,Kako da podesim automatsko azuriranje aplikacija
https://mobilnisvet.com/mobilni-komentari/7176/Apple/iPhone-11-Pro-64GB/3,Apple,Apple iPhone 11 Pro,11 pro,2021-07-26 19:53:00,Kakav je 14.7 kakva je baterija?
https://mobilnisvet.com/mobilni-komentari/7176/Apple/iPhone-11-Pro-64GB/3,Apple,Apple iPhone 11 Pro,Stf,2021-07-22 10:12:00,Da li se isplati menjati s20 ultra za ovaj model?
https://mobilnisvet.com/mobilni-komentari/7176/Apple/iPhone-11-Pro-64GB/3,Apple,Apple iPhone 11 Pro,Ajfon,2021-07-07 05:33:00,Da li na ajfonu postoji opcija i kako da kada nekoga pozovam kada se ovaj javi na tel da mi zavibrira tel????
https://mobilnisvet.com/mobilni-komentari/7176/Apple/iPhone-11-Pro-64GB/3,Apple,Apple iPhone 11 Pro,Apple,2021-06-23 11:19:00,Jel stigao Ios 15?
https://mobilnisvet.com/mobilni-komentari/7176/Apple/iPhone-11-Pro-64GB/3,Apple,Apple iPhone 11 Pro,GG,2021-06-18 20:29:00,zasto jednostavno Ne mogu da prebacim obican video na ovaj usrani sistem???
https://mobilnisvet.com/mobilni-komentari/7176/Apple/iPhone-11-Pro-64GB/3,Apple,Apple iPhone 11 Pro,Milos!!,2021-06-15 20:19:00,U pitanju je 11pro
https://mobilnisvet.com/mobilni-komentari/7176/Apple/iPhone-11-Pro-64GB/3,Apple,Apple iPhone 11 Pro,Pitanje,2021-06-15 12:20:00,Ip 11PRO ili Ip 12?
https://mobilnisvet.com/mobilni-komentari/7176/Apple/iPhone-11-Pro-64GB/3,Apple,Apple iPhone 11 Pro,Pitanje,2021-06-09 10:02:00,"Meni je telefon poceo da se greje prilikom upotrebe, desava li se i vama? Nije rec o gledanju videa pola sata nego npr 5 minuta instagrama"
https://mobilnisvet.com/mobilni-komentari/7651/Apple/iPhone-SE-(2020)/3,Apple,Apple iPhone SE (2020),Zoran,2022-05-11 07:03:00,"Da li je ok da potroši preko noći 7-8% baterije, ima esim i obican SIM ?"
https://mobilnisvet.com/mobilni-komentari/7651/Apple/iPhone-SE-(2020)/3,Apple,Apple iPhone SE (2020),Zoran,2022-05-02 09:34:00,Isplati li se zameniti Poco x3 pro za ovaj telefon?
https://mobilnisvet.com/mobilni-komentari/7651/Apple/iPhone-SE-(2020)/3,Apple,Apple iPhone SE (2020),ARIA,2022-04-30 18:05:00,"molim za jednu pomoc ili savet,svidja mi se SE model,odgovara mi u svemu,velicina i 2 sima,prvrnstveno mi telefon treba da razgovore,posto mi je posao takav obavim oko 130 razgovora dnevno,nesto malo poruka,internet minimalno,igrice neigram,dvoumim se izmedju SE2 ili SE3,najbitnija mi je baterija u svemu tome da mi izdrzi od 6 do 19 casova dok se nevratim kuci ,hvala unapred"
https://mobilnisvet.com/mobilni-komentari/7651/Apple/iPhone-SE-(2020)/3,Apple,Apple iPhone SE (2020),Luka,2022-04-16 13:09:00,"Telefon je sjajan u svakom pogledu sem baterije, nije losa a ni dobra.Kamera odlična, najbrži procesor na tržištu nema greske"
https://mobilnisvet.com/mobilni-komentari/7651/Apple/iPhone-SE-(2020)/3,Apple,Apple iPhone SE (2020),ARIA,2022-04-11 03:09:00,"planiram da ga uymem al me samo zanima dali podrzava e-sim karticu,treba mi dual,i kako se ponasa sa dve kartice"
https://mobilnisvet.com/mobilni-komentari/7651/Apple/iPhone-SE-(2020)/3,Apple,Apple iPhone SE (2020),Hana,2022-04-10 08:16:00,Planiram kupiti Iphone Se 2020 godiste  pa me zanima baterija koliko može da izdrži ?
https://mobilnisvet.com/mobilni-komentari/7651/Apple/iPhone-SE-(2020)/3,Apple,Apple iPhone SE (2020),iPhoneUser,2022-03-31 20:30:00,Da li kupiti ovaj telefon ili Samsung A52s?
https://mobilnisvet.com/mobilni-komentari/7651/Apple/iPhone-SE-(2020)/3,Apple,Apple iPhone SE (2020),Vasko,2022-03-30 10:36:00,Mladen sta pricas da je poco bolji od se2020
https://mobilnisvet.com/mobilni-komentari/7651/Apple/iPhone-SE-(2020)/3,Apple,Apple iPhone SE (2020),Vasko,2022-03-30 10:15:00,Meni drzi baterija ceo dan
https://mobilnisvet.com/mobilni-komentari/7651/Apple/iPhone-SE-(2020)/3,Apple,Apple iPhone SE (2020),mvm,2022-03-23 13:18:00,"Pozdrav, zašto na telefonu nemam opciju true tone i auto brightness? Telefon uzet pre dva meseca, nov maltene"
https://mobilnisvet.com/mobilni-komentari/7651/Apple/iPhone-SE-(2020)/3,Apple,Apple iPhone SE (2020),Ivana,2022-03-14 20:07:00,"Da li je neko menjao bateriju na ovom telefonu? Kako se ponasa nakon zamene, da li drzi bolje sa novom ili sa starom na tipa 85 BH?"
https://mobilnisvet.com/mobilni-komentari/7651/Apple/iPhone-SE-(2020)/3,Apple,Apple iPhone SE (2020),MikiP,2022-03-14 18:52:00,"Pozdrav svima 🙂 Treba mi iskreno mišljenje. Dvoumim se između Motorola Edge 20 pro i ovog iPhone SE 2020, a takođe me zanima i iPhone SE 2022. Koji telefon uzeti? Koristim Android godinama, i hteo bih da pređem na iPhone i zato mi treba jedan dobar i iskren savet da bi se odlučio za kupovinu."
https://mobilnisvet.com/mobilni-komentari/7651/Apple/iPhone-SE-(2020)/3,Apple,Apple iPhone SE (2020),Mladen,2022-03-09 14:28:00,Citam komentare i ne verujem.
https://mobilnisvet.com/mobilni-komentari/7651/Apple/iPhone-SE-(2020)/3,Apple,Apple iPhone SE (2020),Se3,2022-02-26 22:42:00,Izlazi ove godine nova generacija iPhone SE modela. Kažu da će isto izgledati kao iPhone SE iz 2020. Zadržao se stari dizajn...
https://mobilnisvet.com/mobilni-komentari/7651/Apple/iPhone-SE-(2020)/3,Apple,Apple iPhone SE (2020),tix,2022-02-26 18:44:00,iphone 8 ili se 2020 i zasto ? kupujem za par dana
https://mobilnisvet.com/mobilni-komentari/7651/Apple/iPhone-SE-(2020)/3,Apple,Apple iPhone SE (2020),Toma,2022-02-25 18:49:00,Kakva su iskustva sa vodootpornoscu?
https://mobilnisvet.com/mobilni-komentari/7651/Apple/iPhone-SE-(2020)/3,Apple,Apple iPhone SE (2020),strahinja,2022-02-15 03:22:00,"e ovako… imam telefon skoro mesec dana i mogu reci da sam odusevljen ovim telefonom. kamera vrh, video me je fascinirao, o brzini da ne pricam, bilo to igranje igara, surfovanje drustvenim mrezama itd, ali ne i dugo i to je najveci problem kod ovog telefona, naravno baterija. meni moze da izdrzi ceo dan i u kasne sate na punjac. ekran solidan, svidjaju mi se boje, kvalitet izrade 10 i falsifikat za vodootpornost sto je plus. kompaktan, ma sjajan! Ako zelite da kupite telefon koji ce da ima softversku podrsku jos najmanje 4 5 godina, kome ne smeta ovaj ‘’staromodan’’ dizajn ili koji hoce da proba ios (moj slucaj takodje) a ne daje mu se puno para ovaj telefon je pun pogodak. Preporuka!!!"
https://mobilnisvet.com/mobilni-komentari/7651/Apple/iPhone-SE-(2020)/3,Apple,Apple iPhone SE (2020),Cirko,2022-02-13 09:02:00,"Baterija lagano 2-3 dana, bar kod mene je to tako..."
https://mobilnisvet.com/mobilni-komentari/7651/Apple/iPhone-SE-(2020)/3,Apple,Apple iPhone SE (2020),Danijel,2022-01-31 20:52:00,"Kupio bih ovaj telefon jer zelim iPhone koji je pristupacan a nije preterano star model. Koristio bih ga za igrice, najvise Asphalt 9, ali i Call of Duty, PUBG, Genshin Impact i ostale. Takodje i za gledanje filmova u Neflix aplikaciji. Zanima me da li baterija moze da izdrzi bar cetiri sata non stop takvog koriscenja ili ne? Hvala puno na pomoci!!"
https://mobilnisvet.com/mobilni-komentari/7651/Apple/iPhone-SE-(2020)/3,Apple,Apple iPhone SE (2020),Dada,2022-01-27 08:26:00,"Pitanje za korisnike ovog telefona, koliko vam realno drzi baterija i sa kojim koriscenjem? I koliko ga dugo imate? Planiram kupovinu bas ovog modela jer mi se svidja, pa je svaki odgovor od znacaja :)"
https://mobilnisvet.com/mobilni-komentari/7651/Apple/iPhone-SE-(2020)/3,Apple,Apple iPhone SE (2020),Fica,2022-01-27 04:28:00,"Za prolece je najavljen se 3, bice najverovatnije isti dizajn sa a15-bionic cipom i jacom baterijom, kome se ne zuri bice to pravi izbor..."
https://mobilnisvet.com/mobilni-komentari/7651/Apple/iPhone-SE-(2020)/3,Apple,Apple iPhone SE (2020),Nikola,2022-01-25 20:43:00,"8 plus ili se 2020, i razlog zbog cega mislite tako? Ne mogu da se odlucim, a hteo bih da ostanem kod staromodnog dizajna, tako da ne bih x, xr i slicno.. A u slicnom su cenovnom rangu"
https://mobilnisvet.com/mobilni-komentari/8055/Apple/iPhone-12/3,Apple,Apple iPhone 12,Alekdandar,2023-09-19 23:26:00,Da li je dobro da uzmem iphone 12 mini 85℅ zdravlje baterije ispravan skroz inace polovan je ili neku marku samsung honor do 300€
https://mobilnisvet.com/mobilni-komentari/8055/Apple/iPhone-12/3,Apple,Apple iPhone 12,M,2023-09-16 11:51:00,Zašto mi se čini da je bolja kamera na iphone 12 mini nego na 12?
https://mobilnisvet.com/mobilni-komentari/8055/Apple/iPhone-12/3,Apple,Apple iPhone 12,Dea,2023-09-14 06:46:00,"O cemu ovi pisu za 12 kakvo zracenje, i zasto su neke zemlje povukle 12 iz prodaje?"
https://mobilnisvet.com/mobilni-komentari/8055/Apple/iPhone-12/3,Apple,Apple iPhone 12,Luka,2023-09-11 23:02:00,Interesuje me da li je isplativije uzeti 11 64gb ili 12 128gb razlika u ceni je 100e
https://mobilnisvet.com/mobilni-komentari/8055/Apple/iPhone-12/3,Apple,Apple iPhone 12,DraganJ,2023-08-23 03:05:00,"Da je lek od smrti, ne dam 450-500 € za polovan iPhone 12, svaka čast, ali ne dam za telefon iz 2020. Nije meni sporna činjenica da su iPhone super dobri, kvalitetni i ostalo, ali ako se telefon koristi kao što većina ljudi koristi, onda eto problema sa baterijom, druga, bitna stvar, ogromna većina nas želi da npr. dve godine promeni telefon. I ispada da treba da budem stalno ""u kreditu"" zbog skupocenog telefona. Ima i drugih bitnih i lepših stvari u životu od mobilnog."
https://mobilnisvet.com/mobilni-komentari/8055/Apple/iPhone-12/3,Apple,Apple iPhone 12,Jovan,2023-08-05 03:10:00,Da li moze zamena za poco f3 star 6 meseci 8 gb ram 128 gb memorije kao nov
https://mobilnisvet.com/mobilni-komentari/8055/Apple/iPhone-12/3,Apple,Apple iPhone 12,Iva,2023-07-24 15:45:00,"Interesuje me koliko drzi baterija na ip12 obicnom?posto je 2020 godiste dali vredi sada ‘23 za oko 550€ nov ? Voleo bih da mi odgovore oni sto ga imaju ili su ga imali, dali su zadovoljni s njim i sta im je bilo naj bolje a sta lose ? Poz"
https://mobilnisvet.com/mobilni-komentari/8055/Apple/iPhone-12/3,Apple,Apple iPhone 12,teo,2023-07-16 20:16:00,jel velika razlika izmedju ip 12 i 13
https://mobilnisvet.com/mobilni-komentari/8055/Apple/iPhone-12/3,Apple,Apple iPhone 12,Ich,2023-07-09 15:47:00,"Ovi ljudi sto prodaju za 400e nisu normalni,a tek ovi klipani sto kupuju ip 12 za te pare ne budite naivni,u nemackoj ip 12 je 300 350e top stanje pusti tu pricu druze 400e"
https://mobilnisvet.com/mobilni-komentari/8055/Apple/iPhone-12/3,Apple,Apple iPhone 12,Boban,2023-06-14 00:38:00,Da li vredi preci sa IPhon 12 na 13 pro max?
https://mobilnisvet.com/mobilni-komentari/8055/Apple/iPhone-12/3,Apple,Apple iPhone 12,Iv,2023-06-11 18:36:00,Da li vredi sad uzeti iphone 12?
https://mobilnisvet.com/mobilni-komentari/8055/Apple/iPhone-12/3,Apple,Apple iPhone 12,?,2023-06-05 21:24:00,"Dobar dan, da li neko zna koliko baterija traje?"
https://mobilnisvet.com/mobilni-komentari/8055/Apple/iPhone-12/3,Apple,Apple iPhone 12,Gagis,2023-06-05 01:47:00,Imam ponudu izmedju iphona SE 2022 i iPhona 12 i 12 mini sad koji da izaberem ¿?
https://mobilnisvet.com/mobilni-komentari/8055/Apple/iPhone-12/3,Apple,Apple iPhone 12,Neša,2023-05-28 20:10:00,"Imam ponudu da ga kupim za 400e sa 100%BH. Prodavac tvrdi da je sve fabrički na njemu, buni me da je baterija na 100% a telefon 3 godine već star...."
https://mobilnisvet.com/mobilni-komentari/8055/Apple/iPhone-12/3,Apple,Apple iPhone 12,Pavle,2023-05-24 14:42:00,Zanima me da li iphone 12 moze biti kupljen za 600 e za 64 gb?
https://mobilnisvet.com/mobilni-komentari/8055/Apple/iPhone-12/3,Apple,Apple iPhone 12,Ema,2023-05-18 10:52:00,Interesuje me da li neko ima isti problem posle zadnjeg azuriranja telefon ajfon 12 se slabo puni ne puni se prilikom razgovora uključim ga i ostavim pokazuje da se puni ali u stvari se ne puni pa onda moraš ponovo da isključi i ponovo ukljucis i tek tada se puni imam dve 12ce i isti je slučaj ponavljam posle zadnjeg azuriranja sistema da li neko ima isti problem i da li zna u čemu je stvar
https://mobilnisvet.com/mobilni-komentari/8055/Apple/iPhone-12/3,Apple,Apple iPhone 12,Cofi,2023-05-13 01:24:00,"Pozdrav, u dilemi sam za kupovinu novog telefona, pa bih voleo da vidim vaše mišljenje. Dvoumim se između s21 FE, s22 običan i Iphone 12. Prvenstveno su mi jako bitne kamere, kako selfi tako i glavna wide, i naravno portret mod, ali mi je takođe bitan i sam rad i stabilnost telefona. Koji je bolji izbor? Da li Iphone 12 nudi bolje fotografije i sam rad telefona naspram s21 FE i s22?"
https://mobilnisvet.com/mobilni-komentari/8055/Apple/iPhone-12/3,Apple,Apple iPhone 12,Mirko,2023-05-09 16:48:00,"Da li vredi uzeti ovaj telefon, 64gb ili 128?"
https://mobilnisvet.com/mobilni-komentari/8055/Apple/iPhone-12/3,Apple,Apple iPhone 12,Aleksandar,2023-04-28 07:35:00,Nikad nisam koristi ajfon zato i pitam da ga ne izmuvam nesto
https://mobilnisvet.com/mobilni-komentari/8055/Apple/iPhone-12/3,Apple,Apple iPhone 12,Aleksandar,2023-04-28 07:34:00,Zna li neko ko koristi ovaj telefon da napravi nalog cuo sam kad zaboravis podaci ne mozes da ga otkljucas
https://mobilnisvet.com/mobilni-komentari/8055/Apple/iPhone-12/3,Apple,Apple iPhone 12,Aleksandar,2023-04-28 07:32:00,Moze li da mi kaze neko ko koristi ovaj telefon da mi kaze koliko traje baterija i kakva je kamera
https://mobilnisvet.com/mobilni-komentari/8055/Apple/iPhone-12/3,Apple,Apple iPhone 12,Aleksandar,2023-04-25 00:06:00,Vredi li huawei honor 8x menjati za ovaj
https://mobilnisvet.com/mobilni-komentari/8055/Apple/iPhone-12/3,Apple,Apple iPhone 12,Petar,2023-04-24 00:17:00,"Koji je najbolji ajfon za uzeti u ovom momentu 11,12 ili 13?"
https://mobilnisvet.com/mobilni-komentari/8055/Apple/iPhone-12/3,Apple,Apple iPhone 12,Aleksa,2023-04-22 03:50:00,"Cao, zanima me da li se isplati dati Google Pixel 6 i dodati 50e za 12-icu 88% BH?🤗"
https://mobilnisvet.com/mobilni-komentari/8055/Apple/iPhone-12/3,Apple,Apple iPhone 12,Nika,2023-03-28 15:28:00,"Pozdrav, omišljam se između samsuga s 22 ili iphone 12 pa me zanimaju iskustva."
https://mobilnisvet.com/mobilni/9812/Apple/iPhone-SE-2022-256GB,Apple,Apple iPhone SE 2022,Aca,2026-04-21 17:16:00,"Nije mi jasno kako na ovom telefonu pravim manje masenje slova na tastaturi,na svakom vecem ekranu od ovog,gresim dosta a na ovim ne,ekstra nostalgican telefon,veoma brzo radi i ne primecujem bilo kakve probleme,na ios najnoviji ne apdedujem..ostajem na 16.2"
https://mobilnisvet.com/mobilni/9812/Apple/iPhone-SE-2022-256GB,Apple,Apple iPhone SE 2022,Дарко,2026-02-06 10:25:00,"Vrhunski telefon. Baterija u proseku izdrži jedan dan, mali-kompaktan, stane u bilo koji džep, ekstra brz... ne bih ga nikada menjao."
https://mobilnisvet.com/mobilni/9812/Apple/iPhone-SE-2022-256GB,Apple,Apple iPhone SE 2022,Cobi,2026-01-31 07:33:00,Baterija ‘ne traje nista slabo’bas
https://mobilnisvet.com/mobilni/9812/Apple/iPhone-SE-2022-256GB,Apple,Apple iPhone SE 2022,Stojan,2025-11-26 15:28:00,"Radi bez greske, baterija 77% drzi celi dan..."
https://mobilnisvet.com/mobilni/9812/Apple/iPhone-SE-2022-256GB,Apple,Apple iPhone SE 2022,Rade,2025-09-17 06:44:00,Da li je neko instalirao ios 26?
https://mobilnisvet.com/mobilni/9812/Apple/iPhone-SE-2022-256GB,Apple,Apple iPhone SE 2022,Saled,2025-09-16 16:15:00,"Koristio sam 4s, se 1 , 12, 13 i sada se 3. Ne volim velike telefone. Ekran je sasvim korektan kao i svaki retina displej. Neverovatno tanak telefon bez maske, a dosta tezak za svoju velicinu. Glavna kamera skroz ok, zvuk odlican, puni se bezicno, baterija jedan dan ali gledam da bluetooth i gps budu iskljuceni kad nisu potrebni. Koristi se jednom rukom. Selfi kamera je glavna mana ovog telefona i za dame je preporuka da ga zbog toga izbegnu."
https://mobilnisvet.com/mobilni/9812/Apple/iPhone-SE-2022-256GB,Apple,Apple iPhone SE 2022,jelena,2025-08-28 19:42:00,mooolim vas da mi kažete za neki android(noviji) a da je veličine ovog telefona...prosto ne podnosim ogromne telefone a nikako ne mogu da pronađem neki manji :(
https://mobilnisvet.com/mobilni/9812/Apple/iPhone-SE-2022-256GB,Apple,Apple iPhone SE 2022,Fica,2025-07-25 22:23:00,"Kamera ubitacno dobra, slike koje sam slikao u sumi u hladu prebacio sam u komp.slikano kao profesionalnim aparatom..."
https://mobilnisvet.com/mobilni/9812/Apple/iPhone-SE-2022-256GB,Apple,Apple iPhone SE 2022,Milena,2025-05-26 20:43:00,"Ekran bas mali. Ali to sam nekako istolerisala. Problem je trajanje baterija kod novog telefona. Ovo je bas, bas, kratko, a nema Androida u ovoj dijagonali. Barem ne kod nas. Bez powerbanka nigde ne idem. Jbt takav telefon."
https://mobilnisvet.com/mobilni/9812/Apple/iPhone-SE-2022-256GB,Apple,Apple iPhone SE 2022,david,2025-05-05 21:17:00,jel dobar upgrade sa polomljenog i unistenog se 2?
https://mobilnisvet.com/mobilni/9812/Apple/iPhone-SE-2022-256GB,Apple,Apple iPhone SE 2022,Duća,2025-04-09 20:31:00,Podržava li bezicno punjenje?
https://mobilnisvet.com/mobilni/9812/Apple/iPhone-SE-2022-256GB,Apple,Apple iPhone SE 2022,Pera,2025-03-19 12:56:00,Ovaj model deluje smesno u 2025 ali je ustvari ubica mekog srca...
https://mobilnisvet.com/mobilni/9812/Apple/iPhone-SE-2022-256GB,Apple,Apple iPhone SE 2022,Dark going,2025-03-04 20:23:00,Ii kakav je danas se3? Treba mi zbog veličine a zanima me baterija koliko može da izgura sa baterijom od 7h do 8h
https://mobilnisvet.com/mobilni/9812/Apple/iPhone-SE-2022-256GB,Apple,Apple iPhone SE 2022,Toma,2025-02-19 20:32:00,Da li neko zna do kad ce biti softverski podrzan i da li vredi uzeti nov u 2025? Hvala.
https://mobilnisvet.com/mobilni/9812/Apple/iPhone-SE-2022-256GB,Apple,Apple iPhone SE 2022,Duća,2025-02-02 21:33:00,"Mane ovog modela u odnosu na iphone 11,12..."
https://mobilnisvet.com/mobilni/9812/Apple/iPhone-SE-2022-256GB,Apple,Apple iPhone SE 2022,Гокси,2025-01-03 21:38:00,"Mali problem, nije strašno ali iritira, dok traje poziv ne može da se koristi internet, konkretno dok razgovaram ne mogu da pošaljem ili primim poruku preko Vibera. Da li može to da se reši u podešavanjima ili da ""trpim""? Ako neko zna bio bih mu zahvalan."
https://mobilnisvet.com/mobilni/9812/Apple/iPhone-SE-2022-256GB,Apple,Apple iPhone SE 2022,Aki Mafija,2024-12-26 16:19:00,Da li je normalno da zdravlje baterije posle godinu dana koriscenja padne na 95%?
https://mobilnisvet.com/mobilni/9812/Apple/iPhone-SE-2022-256GB,Apple,Apple iPhone SE 2022,Danijel,2024-11-07 02:53:00,Da li neko od skora ima problem sa novim unosom  u kontakte da je nema u viberu i nemoguce je pozvati ili poslati poruku preko vibera?
https://mobilnisvet.com/mobilni/9812/Apple/iPhone-SE-2022-256GB,Apple,Apple iPhone SE 2022,Alen,2024-11-05 06:34:00,Da li je neko ažurirao IOS 18.1 na iPhone 2022 i kakva su iskustva općenito i kakva vam je baterija?
https://mobilnisvet.com/mobilni/9812/Apple/iPhone-SE-2022-256GB,Apple,Apple iPhone SE 2022,Nikola,2024-10-17 07:31:00,"Po meni ovo defitno vrh telefon,iako je ekran mali,moze da se koristi slobodno,cak sam mogao bez problema igrati igrice,ali zvuk preko slusalica ili bluettoth zvucnika je 1 mesto na svetu,tu samsung i ostale marke ne mogu prici apple brandu...."
https://mobilnisvet.com/mobilni/9812/Apple/iPhone-SE-2022-256GB,Apple,Apple iPhone SE 2022,Fjodor,2024-10-13 21:47:00,"Kao model je prevazidjen definitivno ali je lep i praktican uredjaj… ekran je mali za danasnje potrebe odn. za navike… kome treba za neko vreme pozdan i stabilan mob to je to… baterija dobra za svoju velicinu! Znaci poruke (viber, whatsapp itd) pozivi, poneki mail, pregled drustvenih mreza i slusalice… 👌🏻"
https://mobilnisvet.com/mobilni/9812/Apple/iPhone-SE-2022-256GB,Apple,Apple iPhone SE 2022,Nikola,2024-10-08 17:54:00,"Ekran nije isti kao kod iphone 11,ovde je dosta bolji,pravi ips ekran"
https://mobilnisvet.com/mobilni/9812/Apple/iPhone-SE-2022-256GB,Apple,Apple iPhone SE 2022,Aca,2024-09-29 18:03:00,"Imao sa iphone 12 obican bas se grejao dosta,za igrice koje su jednostavog tipa su kocile,da li se ovaj greje uopste se 3"
https://mobilnisvet.com/mobilni-komentari/9810/Apple/iPhone-SE-2022/2,Apple,Apple iPhone SE 2022,Dejan,2024-09-20 18:17:00,Savet svima da ne azuriraju na ios 18 ovo je zivo smece do tad je bilo sve super.
https://mobilnisvet.com/mobilni-komentari/9810/Apple/iPhone-SE-2022/2,Apple,Apple iPhone SE 2022,V,2024-09-17 00:56:00,"Da li se isplati uzimati se3 u 2024 ili da uzmem 12,13? I da li je istina da je baterija stvarno toliko losa, jel cesto dolazi do bagovanja/pregrevanja telefona? Ko ima se3 da cujem utiske, da li bi preporucio ili ne."
https://mobilnisvet.com/mobilni-komentari/9810/Apple/iPhone-SE-2022/2,Apple,Apple iPhone SE 2022,L90,2024-07-30 22:29:00,Samo me interesuje baterija koliko moze
https://mobilnisvet.com/mobilni-komentari/9810/Apple/iPhone-SE-2022/2,Apple,Apple iPhone SE 2022,Caki,2024-07-25 17:23:00,Ovaj telefon je vrh i pravi odmor za ruke posle gomile crepova koji su prosli mojim rukama...
https://mobilnisvet.com/mobilni-komentari/9810/Apple/iPhone-SE-2022/2,Apple,Apple iPhone SE 2022,Markodonjackboss,2024-05-28 10:49:00,"Želim da promenim iphone 12 mini za se 2023,12 mini je već malo dotrajao i želim noviji uredjaj koji je kompaktan,želim da čujem misljenje drugih"
https://mobilnisvet.com/mobilni-komentari/9810/Apple/iPhone-SE-2022/2,Apple,Apple iPhone SE 2022,Fica,2024-05-24 12:10:00,Da li ce biti Se-4?
https://mobilnisvet.com/mobilni-komentari/9810/Apple/iPhone-SE-2022/2,Apple,Apple iPhone SE 2022,Konstantin Miljkovic,2024-04-22 19:41:00,"Pozdrav👋ja se razmišljam o kupovini ovog modela ili iPhone 14,se 2022 vakum pakovanje ili polovan 14?Razlika u ceni se vidi ja bih samo da pitam vredi li dodavati toliko novca za 14?"
https://mobilnisvet.com/mobilni-komentari/9810/Apple/iPhone-SE-2022/2,Apple,Apple iPhone SE 2022,Dejan,2024-04-02 22:54:00,Imam se 2 i se 3 i ono sto mi deluje neverovatno je da je se 3 za nijansu deblji i crna boja se znatno razlikuje nego na se 2...oba telefona su originalna.
https://mobilnisvet.com/mobilni-komentari/9810/Apple/iPhone-SE-2022/2,Apple,Apple iPhone SE 2022,Zoki,2024-03-28 02:53:00,Da li neko ima problema sa bagovima tipa blic da se upali sam ili nece da se probudi ekran ili sl.?
https://mobilnisvet.com/mobilni-komentari/9810/Apple/iPhone-SE-2022/2,Apple,Apple iPhone SE 2022,Kole,2024-03-18 21:01:00,Kako funkcioniše e sim + sim? Ima li kakvih problema?
https://mobilnisvet.com/mobilni-komentari/9810/Apple/iPhone-SE-2022/2,Apple,Apple iPhone SE 2022,Dzoki,2024-03-01 22:09:00,Po meni verovatno najlepsi model posle 5s.Steta sto je po svemu sudeci zadnji...
https://mobilnisvet.com/mobilni-komentari/9810/Apple/iPhone-SE-2022/2,Apple,Apple iPhone SE 2022,Toma,2024-02-17 19:13:00,Pozdrav moze li pomoc kako ukljuciti/iskljuciti Lte volte pozive? A1-mreza.
https://mobilnisvet.com/mobilni-komentari/9810/Apple/iPhone-SE-2022/2,Apple,Apple iPhone SE 2022,Matija,2024-02-10 15:30:00,Da li ga uzeti zanima me koliko moze baterija da traje
https://mobilnisvet.com/mobilni-komentari/9810/Apple/iPhone-SE-2022/2,Apple,Apple iPhone SE 2022,Goran,2024-01-29 22:36:00,"Da li u opcijama ovog telefona u vezi mreze moze da se podesi posebno da izbor bude samo 2g,samo 3g,4g ili 5g.?Ili je automatsko biranje mreze?"
https://mobilnisvet.com/mobilni-komentari/9810/Apple/iPhone-SE-2022/2,Apple,Apple iPhone SE 2022,neinformisan,2024-01-13 16:27:00,vi koji imate SE 3 jel kod svih vas isti problem oko notifikacija za poruke razne vrste? ili je to bio trenutni bug
https://mobilnisvet.com/mobilni-komentari/9810/Apple/iPhone-SE-2022/2,Apple,Apple iPhone SE 2022,Nenad,2023-12-27 19:41:00,Jel moguce da nema ovoga telefona nigde na stanju ovde kod nas.....Bio za 350 evra u prodavnicama do pre par dana
https://mobilnisvet.com/mobilni-komentari/9810/Apple/iPhone-SE-2022/2,Apple,Apple iPhone SE 2022,MiLan,2023-12-08 01:09:00,"Nisam zadovoljan telefonom. Da li, u slucaju kupovine u nasim radnjama, postoji mogucnost vracanja? Znam da je moguce online, ali ja sam dalabu kupio i fizickoj radnji. Povukao me je brend i price o njemu. Evo vec dva meseca ga koriatim i daleko od toga da sam zadovoljan. Cip lepo radi, ali ekran i boje kao da au isprani, dizajn je osuvise retro, kamera dobra, dijagonala mala."
https://mobilnisvet.com/mobilni-komentari/9810/Apple/iPhone-SE-2022/2,Apple,Apple iPhone SE 2022,Konobap JoBo,2023-11-29 04:11:00,"Prelep sklop dizajna i performansi… umjetnost za sebe … premium osjecaj u ruci. Baterija dosta jaka, prejaka za svoju velicinu… ekran mali ali tople boje lcd, prijatan za gledanje… o brzini nema se sto reci… a15 chip… sve u svemu, milina rukovati njime."
https://mobilnisvet.com/mobilni-komentari/9810/Apple/iPhone-SE-2022/2,Apple,Apple iPhone SE 2022,n,2023-11-22 16:12:00,da li je neko kupovao iphone telefone u logic shopu? kakva su iskustva?
https://mobilnisvet.com/mobilni-komentari/9810/Apple/iPhone-SE-2022/2,Apple,Apple iPhone SE 2022,Mihajlo aka Miki,2023-11-22 03:25:00,Nasao i uzeo nov za 167$ iz metro pcs… treba 6 meseci na mrezi da se otkljucava da bi ga poslao u CG… izgleda retro ali kazu da je nevidjeno brz… javicu utiske kad stigne… sad sam na 13ticu!
https://mobilnisvet.com/mobilni-komentari/9810/Apple/iPhone-SE-2022/2,Apple,Apple iPhone SE 2022,mare,2023-11-19 21:33:00,ja sam imao problem sa tel.Par bagova
https://mobilnisvet.com/mobilni-komentari/9810/Apple/iPhone-SE-2022/2,Apple,Apple iPhone SE 2022,Dax,2023-11-17 12:07:00,"Kad odabereš telefone do 400e u glavnom filteru izlazi ovaj telefon kao ""najbolji"", a sam telefon je odavno zastarelo i prevaziđeno smeće od uređaja (sem ajde da kažemo procesora koji je nebitan u apple telefonu jer im je operativni sistem ograničen kao daska za peglanje)... Mora malo da se redizajnira filter i pretraga uređaja na sajtu, neke informacije jednostavno nemaju smisla, ulazimo u 2024. godinu pobogu, a preporučuje mi se uređaj iz marta 2022. Svašta."
https://mobilnisvet.com/mobilni-komentari/9810/Apple/iPhone-SE-2022/2,Apple,Apple iPhone SE 2022,goca,2023-11-10 11:30:00,da li neko ima problem sa se3 kad je povezan na wi-fi da nista ne ucitava ako nisam bas uz ruter ako se pomerim tipa u sobu 2m dalje nista ne ucitava. zna li neko u cemu je problem?
https://mobilnisvet.com/mobilni-komentari/8055/Apple/iPhone-12/4,Apple,Apple iPhone 12,Mila,2023-03-13 10:50:00,"Imam iphon 12, od skoro kako sam ažurirala softver ( ne znam dal ima to ikakve veze), telefon je počemo da se zakoči i ugasi. Da li neko ima slična iskustva, šta to može biti?"
https://mobilnisvet.com/mobilni-komentari/8055/Apple/iPhone-12/4,Apple,Apple iPhone 12,Petar,2023-03-03 09:10:00,Koristim Samung galaxy a52s već 8 meseci i zadovoljan sam.
https://mobilnisvet.com/mobilni-komentari/8055/Apple/iPhone-12/4,Apple,Apple iPhone 12,Vlajko,2023-02-24 00:40:00,"Imam 12 obican,2 kom,mesec dana"
https://mobilnisvet.com/mobilni-komentari/8055/Apple/iPhone-12/4,Apple,Apple iPhone 12,MMM,2023-02-17 17:54:00,Iphone 11 pro max 89% 64gb ili iphone 12 99% 64gb.
https://mobilnisvet.com/mobilni-komentari/8055/Apple/iPhone-12/4,Apple,Apple iPhone 12,Mica,2023-02-17 12:39:00,Da li je ovaj telefon u mts u kad se kupi zakljucan na mrezu?
https://mobilnisvet.com/mobilni-komentari/8055/Apple/iPhone-12/4,Apple,Apple iPhone 12,🖐️,2023-02-15 10:03:00,"Zdravo, zanima me koja je razlika između 12 i 12 pro?"
https://mobilnisvet.com/mobilni-komentari/8055/Apple/iPhone-12/4,Apple,Apple iPhone 12,Mateja,2023-02-10 13:22:00,"Pozdrav ljudi ,zanima me strucno misljenje da li 60hz ekrena na ovom modelu kao i na 13 i 14 predstavljaju problem u buducnosti jer planiram da ako ga kupim korisitm nekoliko godina,(imam SE 2  vec 2 godine).Zanima me da li ce tih 60 hz biti problem za godinu dana odnosno da lice aplikacije uticati da sam dozivljaj bude losiji.tih 60 hz me jedino koci u kupovini iphone 12"
https://mobilnisvet.com/mobilni-komentari/8055/Apple/iPhone-12/4,Apple,Apple iPhone 12,Nikola..,2023-02-09 15:58:00,12mini ili obican 12?
https://mobilnisvet.com/mobilni-komentari/8055/Apple/iPhone-12/4,Apple,Apple iPhone 12,zašto su im tako,2023-02-08 20:56:00,loše baterije?!
https://mobilnisvet.com/mobilni-komentari/8055/Apple/iPhone-12/4,Apple,Apple iPhone 12,Alex,2023-02-08 09:18:00,"Ćao, da li je bolje uzeti iphone 12 ili samsung s22?"
https://mobilnisvet.com/mobilni-komentari/8055/Apple/iPhone-12/4,Apple,Apple iPhone 12,Sasa,2023-01-31 15:12:00,"Pozdrav, da li je bolje uzeti 11 pro ili običan 12?"
https://mobilnisvet.com/mobilni-komentari/8055/Apple/iPhone-12/4,Apple,Apple iPhone 12,Marko,2023-01-19 14:41:00,"Koliko drži baterija na ios 16, pošto vidim dosta žalbi?"
https://mobilnisvet.com/mobilni-komentari/8055/Apple/iPhone-12/4,Apple,Apple iPhone 12,Tramp,2023-01-11 14:57:00,Da li neko koristi istovremeno fizičku SIM i eSIM karticu u ovom modelu? U mom slučaju i pored svih potrebnih podešavanja eSIM (Yettel) brljavi i propušta svaki drugi poziv dok kada je samo ta ista eSIM kartica u telefonu bez fizičke SIM kartice to sa pozivima mnogo bolje funkcioniše. U čemu je štos?
https://mobilnisvet.com/mobilni-komentari/8055/Apple/iPhone-12/4,Apple,Apple iPhone 12,Uros,2022-12-22 00:03:00,Da li je ikako moguce vratiti na ios 16 da se koriste 2g i 3g mreze?
https://mobilnisvet.com/mobilni-komentari/8055/Apple/iPhone-12/4,Apple,Apple iPhone 12,Makiii,2022-12-15 15:32:00,Zdravo ljudi. Da li je resen problem sa ekranima na 12ici. Bilo je dosta slucajeva gde ekran postane zelen u dark modu ili rozikast ?
https://mobilnisvet.com/mobilni-komentari/8055/Apple/iPhone-12/4,Apple,Apple iPhone 12,nikitz,2022-12-14 06:41:00,"raja jel bolji 11 ili 12 običan jer mi treba samo poslovno, ovamo za zanimaciju imam vec android"
https://mobilnisvet.com/mobilni-komentari/8055/Apple/iPhone-12/4,Apple,Apple iPhone 12,As,2022-11-28 22:25:00,12 ili 13 mini?
https://mobilnisvet.com/mobilni-komentari/8055/Apple/iPhone-12/4,Apple,Apple iPhone 12,Vuk,2022-11-16 21:33:00,Drugari kako 12-ica radi na Ios 16.1. !?
https://mobilnisvet.com/mobilni-komentari/8055/Apple/iPhone-12/4,Apple,Apple iPhone 12,Milan,2022-11-13 13:52:00,"Zdravo dragi korisnici Iphone_a imam dilemu da li uzeti iphone 12 95% baterija,ili iphone 11 vakum novi,inace sam android korisnik pa zato pitam za savet. Unapred hvala..."
https://mobilnisvet.com/mobilni-komentari/8055/Apple/iPhone-12/4,Apple,Apple iPhone 12,Ana,2022-11-08 22:25:00,Imam jedno glupo pitanje. Kao korisnik androida imam gomilu skinutih pesama u telefonu. Kako se na ajfonu slusa muzika? Postoji neki folder ili samo preko yt?
https://mobilnisvet.com/mobilni-komentari/8055/Apple/iPhone-12/4,Apple,Apple iPhone 12,Velimir,2022-10-28 20:13:00,"Pozdrav svima. Prvi put sam korisnik iPhone i očekivao sam više, ali ok. Masu stvari su zakomplikovali bespotrebno. Vidim da većina postova/pitanja na forumu se svodi na savet oko kupovine između dva modela."
https://mobilnisvet.com/mobilni-komentari/8055/Apple/iPhone-12/4,Apple,Apple iPhone 12,Coa,2022-10-28 17:40:00,Baterija na 16 je katastrofa...
https://mobilnisvet.com/mobilni-komentari/8055/Apple/iPhone-12/4,Apple,Apple iPhone 12,Jovan,2022-10-27 12:19:00,"Kupujem prvi iPhone, da li uzeti 13 128gb (760€) ili 12 128gb (680€)? Vredi li dati više para ili nema značajne razlike"
https://mobilnisvet.com/mobilni-komentari/8055/Apple/iPhone-12/4,Apple,Apple iPhone 12,mt,2022-10-13 08:18:00,"Premisljam se izmedju iphone 12 i iphone 13, zanima me da li je 13ica znatno bolja od 12ice?"
https://mobilnisvet.com/mobilni-komentari/8055/Apple/iPhone-12/4,Apple,Apple iPhone 12,Heksan,2022-09-29 01:28:00,"Zao mi sto moram ovo reci, ali serija 12 (svi modeli)  je jedna od najlosijih ikad napravljena! Takve su slabe baterije napravili ili mozda ispale da cak ni model 12 pro max nemoze da izdrzi jedan dan!"
https://mobilnisvet.com/mobilni-komentari/7651/Apple/iPhone-SE-(2020)/4,Apple,Apple iPhone SE (2020),Djo,2022-01-19 16:04:00,Odlican telefon spram cene realno.
https://mobilnisvet.com/mobilni-komentari/7651/Apple/iPhone-SE-(2020)/4,Apple,Apple iPhone SE (2020),Milos,2022-01-18 08:37:00,"Moram da napišem za bateriju, imam ovaj telefon kupio sam nov pre nedelju dana, pre njega imao stariji SE. Baterija... Na papiru NULA, ALI ja koristim društvene mreže, 3 messengera aktivno, slabo filmovi i YT klipovi, na stari SE baterija od 5h ujutru do odprilike 15-18h popodne traži punjač. Dok sa ovaj SE druga priča, od ujutru 5h kad se skine s punjača ista navika korišćenja kao i predhodni baterija izgrura ceo dan bez ikakvih problema komotno. Mislim da komentari sa trejanjem baterija kako se ovde piše 4-5-6 sati stvarno nemojte da pišete to jer ima neko kome je potreban baš ovakav telefon, uz normalno korišćenje bez igrica i filmova na YT može da zaokruže lepo jedan ceo dan bez problema."
https://mobilnisvet.com/mobilni-komentari/7651/Apple/iPhone-SE-(2020)/4,Apple,Apple iPhone SE (2020),Brdjanin,2022-01-15 17:50:00,"Isplati li se ovaj telefon, za nekoliko poziva, nekoliko poruka, citanje vesti na netu kad uhvatim vremena. Radim puno i imam puno obaveza van posla, igrice ne igram, youtube ne , drustvene mreze jedino ako neko posalje poruku na mesendzeru. Druga opcija mi je i znatno skuplja u paketu iPhone 13 mini, a 12 mini vise nemaju u ponudi. Treba mi mali i brz telefon. Ubija me u pojam kad telefon sporo radi."
https://mobilnisvet.com/mobilni-komentari/7651/Apple/iPhone-SE-(2020)/4,Apple,Apple iPhone SE (2020),Luka,2022-01-10 19:32:00,Da li low battery mod steti zdravlju baterije?
https://mobilnisvet.com/mobilni-komentari/7651/Apple/iPhone-SE-(2020)/4,Apple,Apple iPhone SE (2020),Filip,2022-01-08 14:55:00,Meni baterija traje 2-3dana ako nekome to znaci...
https://mobilnisvet.com/mobilni-komentari/7651/Apple/iPhone-SE-(2020)/4,Apple,Apple iPhone SE (2020),Nane,2022-01-08 09:34:00,"Zaobidjite ovaj model slabu bateriju ima, kupujte 8 plus ili xr"
https://mobilnisvet.com/mobilni-komentari/7651/Apple/iPhone-SE-(2020)/4,Apple,Apple iPhone SE (2020),Martin Randjelovic,2022-01-07 12:52:00,"Pozdrav, da li se telefon greje kao sto procitah i da li je stvarno toliko losa baterija? Planiram da ga uzmem, ne gledam video sadrzaje preko telefona niti igram igrice. Koristim telefon za pozive, poruke i eventualno neka drustvena mreza umereno i mejlove. Pozdrav i Srecni praznici!"
https://mobilnisvet.com/mobilni-komentari/7651/Apple/iPhone-SE-(2020)/4,Apple,Apple iPhone SE (2020),Vita,2022-01-06 22:26:00,"Se 2020,s20 ili xperia 10 III?"
https://mobilnisvet.com/mobilni-komentari/7651/Apple/iPhone-SE-(2020)/4,Apple,Apple iPhone SE (2020),1,2021-12-30 12:20:00,Da li se isplati kupiti ovaj telefon u 2022 i kakva mu je baterija
https://mobilnisvet.com/mobilni-komentari/7651/Apple/iPhone-SE-(2020)/4,Apple,Apple iPhone SE (2020),nikolic,2021-12-29 21:03:00,da li da kupim SE koristio bih ga samo za drustvene mreze igrice ne igram
https://mobilnisvet.com/mobilni-komentari/7651/Apple/iPhone-SE-(2020)/4,Apple,Apple iPhone SE (2020),Iva,2021-12-29 13:44:00,Da li se dobijaju slusalice uz telefon?
https://mobilnisvet.com/mobilni-komentari/7651/Apple/iPhone-SE-(2020)/4,Apple,Apple iPhone SE (2020),Dzaja,2021-12-28 12:06:00,Lep mali telefon sa dobrom kamerom ali veoma losom baterijom.
https://mobilnisvet.com/mobilni-komentari/7651/Apple/iPhone-SE-(2020)/4,Apple,Apple iPhone SE (2020),Neko,2021-12-26 10:36:00,Ovaj ili samsung a52/a72
https://mobilnisvet.com/mobilni-komentari/7651/Apple/iPhone-SE-(2020)/4,Apple,Apple iPhone SE (2020),Marica,2021-12-07 18:51:00,Da li može da se podesi na srpskom jeziku?
https://mobilnisvet.com/mobilni-komentari/7651/Apple/iPhone-SE-(2020)/4,Apple,Apple iPhone SE (2020),iphone SE,2021-12-07 16:34:00,Da li vredi kupiti ovaj telefon danas?
https://mobilnisvet.com/mobilni-komentari/7651/Apple/iPhone-SE-(2020)/4,Apple,Apple iPhone SE (2020),iva,2021-12-05 21:49:00,"da li se kamera na se i xr modelu razlikuje? odlepiću dok odlučim izmedju ova dva telefona, dolazim sa iphone-a se 1, služi me i dalje dobro nakon 3+ godina, ali sam ga razbila i sad ne mogu da odlučim izmedju ova dva gore"
https://mobilnisvet.com/mobilni-komentari/7651/Apple/iPhone-SE-(2020)/4,Apple,Apple iPhone SE (2020),Luka,2021-11-23 13:19:00,Iphone se2 ili samsung s10
https://mobilnisvet.com/mobilni-komentari/7651/Apple/iPhone-SE-(2020)/4,Apple,Apple iPhone SE (2020),Dejan,2021-11-09 16:25:00,"Tel.imam nesto duze od godinu dana i sve je bilo ok.do pre par dana kada je poceo da se uzasno greje prilikom koriscenja i baterija se prosto istopi, da li neko zna sta bi mogo da bude problem?ps pre toga se to nije uopste desavalo i baterija mi je trajala jedan dan bez problema..."
https://mobilnisvet.com/mobilni-komentari/7651/Apple/iPhone-SE-(2020)/4,Apple,Apple iPhone SE (2020),Vuk,2021-11-03 21:14:00,"Telefon je savršen , mnogo je fluidan."
https://mobilnisvet.com/mobilni-komentari/7651/Apple/iPhone-SE-(2020)/4,Apple,Apple iPhone SE (2020),Vuk,2021-11-03 21:06:00,Jer moze molimvas neko da mi odgovori?Imam dilemu da li da kupim iphone se sa 64 gigabajta ali isto mi se sviđa i poco f3.Dolazim sa samsunga a 5(2017) i da li vredi u opšte upgrade?Sta vi mislite?
https://mobilnisvet.com/mobilni-komentari/7651/Apple/iPhone-SE-(2020)/4,Apple,Apple iPhone SE (2020),Ana,2021-11-03 08:52:00,Ima li ovaj tel.brzo punjenje?preko punjaca koji sam dobila uz njega ide dosta sporo a preko bezicnog jos sporije pa ako moze pomoc?
https://mobilnisvet.com/mobilni-komentari/7176/Apple/iPhone-11-Pro-64GB/4,Apple,Apple iPhone 11 Pro,GD,2021-05-23 11:36:00,Dali iko zna kako se na ovom usranom sistemu ubacuju mp3 pesme? a da nije to njegov original music player? svaki player koji sam skinuo ne ocitava mp3 pesme osim njegovog! hvala
https://mobilnisvet.com/mobilni-komentari/7176/Apple/iPhone-11-Pro-64GB/4,Apple,Apple iPhone 11 Pro,Maja,2021-05-16 02:01:00,Ip 11 pro (256gb ) ili 12 mini (128gb)
https://mobilnisvet.com/mobilni-komentari/7176/Apple/iPhone-11-Pro-64GB/4,Apple,Apple iPhone 11 Pro,Marko,2021-05-09 06:36:00,"kada sam instalirao 14.5 pisalo je (u vezi baterije) da mora da se kaliblira i da traje kao nekoliko dana! imao sam 91%. pre neki dan instaliram 14.5.1  radi perfect sve super. juce gledao battery health 91%, sve isto! e danas tj sada, gledam opet battery health, pise da je gotovo kalibriranje i da imam 86%!! jel zna neko o cemu se radi? jel moguce da je skinuo 5% za nedelju+/- dana? ili je ovo samo ispiranje mozga i namerno nadmetanje zamene baterije ili kupovine novog modela? posto sam negde procitao da 2017-18g priznali da su namerno odrasili update za starije telefone( 4s,5,5s,6) kako bi se pokvarili! ako je to istina.. onda dzaba mu ta podrska na 5godina, i taj stabilni sistem kada varaju!"
https://mobilnisvet.com/mobilni-komentari/7176/Apple/iPhone-11-Pro-64GB/4,Apple,Apple iPhone 11 Pro,Amin,2021-05-06 21:39:00,"Zasto mi se aplikacije ne azuriraju same, vec moram rucno da otvorim app store i pokrenem azuriranje?"
https://mobilnisvet.com/mobilni-komentari/7176/Apple/iPhone-11-Pro-64GB/4,Apple,Apple iPhone 11 Pro,Ilija,2021-04-23 11:31:00,Ovaj ili iphone 12 obican
https://mobilnisvet.com/mobilni-komentari/7176/Apple/iPhone-11-Pro-64GB/4,Apple,Apple iPhone 11 Pro,M,2021-04-21 09:12:00,S21 plus ili iphone 11 pro.Ista je cena sta preporucujete
https://mobilnisvet.com/mobilni-komentari/7176/Apple/iPhone-11-Pro-64GB/4,Apple,Apple iPhone 11 Pro,Nada,2021-04-17 17:42:00,Da li vam kamera nekada vuče na žuto? Nekada sa blicem ode i na plavo?
https://mobilnisvet.com/mobilni-komentari/7176/Apple/iPhone-11-Pro-64GB/4,Apple,Apple iPhone 11 Pro,M,2021-04-09 14:20:00,"Kako drzi baterija na ios 14,da li battery health opada brzo.Dvoumim se izmedju 11 pro i obicnog 12.Molim za neke utiske i preporuku.Hvala"
https://mobilnisvet.com/mobilni-komentari/7176/Apple/iPhone-11-Pro-64GB/4,Apple,Apple iPhone 11 Pro,Nix,2021-04-04 18:48:00,"Pozdrav, kako da pustim neku seriju preko tv? Kada povezem preko wifi hoće da pusti sa YouTube, konkretno sve radi. Ali kada pustim neku seriju sa nekog sajta neće na tv da se prikaze?"
https://mobilnisvet.com/mobilni-komentari/7176/Apple/iPhone-11-Pro-64GB/4,Apple,Apple iPhone 11 Pro,The Mask is Back,2021-03-30 16:37:00,"Posle 15+meseci telefon radi perfektno isto kao i prvog dana. baterija uz vece drndanje izdrzi celi dan. a uz manje onda dan ipo do jedva 2. ako igrate igrice (call of duty kao ja) onda morate 2x dnevno da punite! zdravlje baterije je 91% punim ga iskljucivo samo nocu i to od 1,5,15..%! kazu da je normalno da za 2godine battery health opadne do 80%. ako padne menjam bateriju za 80€ i vozim dalje. jer iskreno ovakvu masinu ne bih menjao za slicne modele (12,pro...) razmislicu tek na iphone 14/15. znaci sve u svemu.. telefon jeste zver i ja sam PREZADOVOLJAN. topla preporuka! i da.. moj je midnight Green 256gb.. gledam cena mu je jos oko 800€ msm ovde gde sam ja. i plus airpods pro.. ode na 1000.😂😂 tako da... sve pohvale za ovaj model.  Pozdrav 🤪🤪👌👍🏻"
https://mobilnisvet.com/mobilni-komentari/7176/Apple/iPhone-11-Pro-64GB/4,Apple,Apple iPhone 11 Pro,Amin,2021-03-12 21:35:00,"Da li postoji neka aplikacija za iOS poput iTube ili Play Tube, za reprodukciju videa i muzike u pozadini?"
https://mobilnisvet.com/mobilni-komentari/7176/Apple/iPhone-11-Pro-64GB/4,Apple,Apple iPhone 11 Pro,Andrea,2021-03-09 15:55:00,"da li je dovoljno za iphone pro 256gb? vredi li iphone 12 pro tu razliku u novcu, po meni ne..."
https://mobilnisvet.com/mobilni-komentari/7176/Apple/iPhone-11-Pro-64GB/4,Apple,Apple iPhone 11 Pro,Nix,2021-03-03 12:50:00,"Kada kupim 50gb iCloud , da li će sada svaki mesec sam da skida po 1e ili ću ja to morati stalno da uplacujem ?"
https://mobilnisvet.com/mobilni-komentari/7176/Apple/iPhone-11-Pro-64GB/4,Apple,Apple iPhone 11 Pro,Milko,2021-02-20 21:08:00,"Model od 256 GB memorije 600€, da ili ne? Baterija 93% kapaciteta."
https://mobilnisvet.com/mobilni-komentari/7176/Apple/iPhone-11-Pro-64GB/4,Apple,Apple iPhone 11 Pro,Mare,2021-02-19 07:12:00,"Što se tiče zdravlja baterija, što je generalno stariji model/baterija, vremenom zdravlje baterije opada, pošto zdravlje baterije vremenom opada i kada se uopšte ne koristi."
https://mobilnisvet.com/mobilni-komentari/7176/Apple/iPhone-11-Pro-64GB/4,Apple,Apple iPhone 11 Pro,Milko,2021-02-16 19:00:00,Pozdrav svima. Da li se isplati uzimati polovan model kome je baterija na 90% kapaciteta? Unapred hvala na odgovoru.
https://mobilnisvet.com/mobilni-komentari/7176/Apple/iPhone-11-Pro-64GB/4,Apple,Apple iPhone 11 Pro,Maja,2021-02-09 13:29:00,Ovaj ili iphone 12 mini ?
https://mobilnisvet.com/mobilni-komentari/7176/Apple/iPhone-11-Pro-64GB/4,Apple,Apple iPhone 11 Pro,M,2021-01-30 07:45:00,"Sto se tice baterije i baterije zdravlja. Apple je sve to objasnio ZASTO. ko ima Bilo koji model od novijih Apple telefona( 11,11pro,11proMAX, 12,12mini,12pro i 12proMAX) moze procitati o cemu se radi. sto to vase punjenje ovako ili onako nema veze sa time. nego je sistem tako optimizovan!  Daje ti najbolje  moguce performance."
https://mobilnisvet.com/mobilni-komentari/7176/Apple/iPhone-11-Pro-64GB/4,Apple,Apple iPhone 11 Pro,Dzoni,2021-01-26 22:56:00,Da li ste instalirali 14.4? Kakva su vam iskustva?
https://mobilnisvet.com/mobilni-komentari/7176/Apple/iPhone-11-Pro-64GB/4,Apple,Apple iPhone 11 Pro,Burazer,2021-01-24 17:56:00,"Kupio sam iphone 11 max pro 64 gb e sad da li sam trebao uzeti iphone pro 256gb pitanje je ,sta mislite?"
https://mobilnisvet.com/mobilni-komentari/7176/Apple/iPhone-11-Pro-64GB/4,Apple,Apple iPhone 11 Pro,Koja,2021-01-23 14:12:00,Jeli moguce da nema 5g
https://mobilnisvet.com/mobilni-komentari/7176/Apple/iPhone-11-Pro-64GB/4,Apple,Apple iPhone 11 Pro,Mini me,2021-01-23 14:03:00,Da li se isplati ovaj telefon uzeti ove godine?
https://mobilnisvet.com/mobilni-komentari/7176/Apple/iPhone-11-Pro-64GB/4,Apple,Apple iPhone 11 Pro,roki,2021-01-12 11:26:00,"Da kupim iPhone 11 pro 64gb ili iPhone 12 64gb, sta je bolje, ne znam zasto nesto me vuce ka 11 pro, baterija kamera"
https://mobilnisvet.com/mobilni-komentari/7176/Apple/iPhone-11-Pro-64GB/4,Apple,Apple iPhone 11 Pro,LL,2021-01-11 10:55:00,Ja sam prosle nedelje imao 96% za vikend 95% i sada tj danas pogledao.. stoji na 94%. i sad ne znam ko koga ovde J.
https://mobilnisvet.com/mobilni-komentari/7176/Apple/iPhone-11-Pro-64GB/4,Apple,Apple iPhone 11 Pro,Koj,2021-01-08 07:57:00,"Ljudi posle mesec dana 98%,jel to normalno ili trebam neki savet? Punim ga preko noći,i sa 5 i sa 18w. Baterija traje dan uz dosta korišćenja. Kako da sačuvam bateriju da ne padaju procenti ovako brzo?"
https://mobilnisvet.com/mobilni-komentari/7179/Apple/iPhone-11-64GB/4,Apple,Apple iPhone 11,Kokanidja,2023-11-06 08:13:00,"Sticajem okolnosti presao sam na ovaj telefon sa androida. Poslednji put sam IOS koristio na 6s. Telefon je zaista ok za ono sto ga ja koristim. Uglavnom emailovi ,pozivi drustvene mrrze itd. Bio sam dosta skeptican oko baterije ali meni izdrzi bez problema do od ujutru do 18 19 casova dok se ne spusti do 25% 20%. Verovatno jer je baterija jos uvek dobra na 96 % bh. Tako da ko ima neki budzet u rangu ovog telefona zaista topla preporuka."
https://mobilnisvet.com/mobilni-komentari/7179/Apple/iPhone-11-64GB/4,Apple,Apple iPhone 11,neko,2023-11-05 19:57:00,Da li je normalno da posle 10 punih meseci battery health padne na 97%?
https://mobilnisvet.com/mobilni-komentari/7179/Apple/iPhone-11-64GB/4,Apple,Apple iPhone 11,MacOs,2023-10-29 10:53:00,Šta se pojavilo na oglasima ip 11 od 220€ pa do 350€
https://mobilnisvet.com/mobilni-komentari/7179/Apple/iPhone-11-64GB/4,Apple,Apple iPhone 11,Realno,2023-10-15 13:29:00,Meni treba telefon sa top baterijom nekada hoću da povežem slušalice preko bluetooth-a da slušam muziku sad pitanje da li je to pravi telefon iphone 11 ili Samsung galaxy A54??
https://mobilnisvet.com/mobilni-komentari/7179/Apple/iPhone-11-64GB/4,Apple,Apple iPhone 11,XX,2023-10-13 16:17:00,Kakvih sve manijaka ima prodaju telefon iz 2019 godine 450 evra.
https://mobilnisvet.com/mobilni-komentari/7179/Apple/iPhone-11-64GB/4,Apple,Apple iPhone 11,V_41,2023-10-11 22:23:00,Pozdrav svima koliko vas ima :).
https://mobilnisvet.com/mobilni-komentari/7179/Apple/iPhone-11-64GB/4,Apple,Apple iPhone 11,Ex,2023-10-08 16:05:00,Da li neko ima da prodaje iphone 11 u solidnom stanju do 260 evra??
https://mobilnisvet.com/mobilni-komentari/7179/Apple/iPhone-11-64GB/4,Apple,Apple iPhone 11,Ana,2023-09-22 17:02:00,"Pozdrav. Treba mi pomoc od vas. Htjela bih da kupim iphone 11. Odgovaraju mi svi parametri. Zbunjuje me jedino sto ne podrzava 5g mrezu, vidim da se to navodi kao nedostatak. Nijesam sigurna koliko je to vazno i sta to uopste znaci. Vidim da se uveliko prelazi na 5g svuda, plasim se da mi uskoro ne bude beskoristan. Planiram da ga koristim nekih 2-3 godine... hvala unaprijed."
https://mobilnisvet.com/mobilni-komentari/7179/Apple/iPhone-11-64GB/4,Apple,Apple iPhone 11,Milica,2023-09-22 08:32:00,Imam pitanje
https://mobilnisvet.com/mobilni-komentari/7179/Apple/iPhone-11-64GB/4,Apple,Apple iPhone 11,Sh,2023-09-21 18:39:00,"Ako nemas poverenja u ove prodavce, vidi na oglasima ima ih masa, prodaju po istim cenama"
https://mobilnisvet.com/mobilni-komentari/7179/Apple/iPhone-11-64GB/4,Apple,Apple iPhone 11,Davor,2023-09-21 10:37:00,"Videh danas da imam opciju da ažuriram na iOS 17 telefon… da li je neko ažurirao, kakva je baterija, ima li nekih bagova? Hvala unapred"
https://mobilnisvet.com/mobilni-komentari/7179/Apple/iPhone-11-64GB/4,Apple,Apple iPhone 11,Mila,2023-09-20 23:09:00,"Dobro vece! Želela bih da kupim iphone11 128GB u oktobru mesecu, ali nisam sigurna da li će on i dalje biti u prodaji uzevši u obzir da je izašao najnoviji model. Takodje, ovo ce mi biti prvi apple uredja pa da li neko ima neki savet. Hvala unapred!"
https://mobilnisvet.com/mobilni-komentari/7179/Apple/iPhone-11-64GB/4,Apple,Apple iPhone 11,Mirjana,2023-09-19 19:08:00,"Dobila sam koriscen iphone 11 (iz Melburna) bez punjaca, da li mogu kod kineza da kupim?"
https://mobilnisvet.com/mobilni-komentari/7179/Apple/iPhone-11-64GB/4,Apple,Apple iPhone 11,kovi,2023-09-18 00:44:00,kakva je baterija kolika je battery healt?
https://mobilnisvet.com/mobilni-komentari/7179/Apple/iPhone-11-64GB/4,Apple,Apple iPhone 11,,2023-09-17 13:52:00,Najbolja serija ajfon telefona!
https://mobilnisvet.com/mobilni-komentari/7179/Apple/iPhone-11-64GB/4,Apple,Apple iPhone 11,Lazar Pavlovic,2023-09-16 15:45:00,ako kupim u nekoj od ovih radnji telefon da li mogu da ubacim svoju sim karticu iz yettela i da imam isto interneta i ostalo iz paketa?
https://mobilnisvet.com/mobilni-komentari/7179/Apple/iPhone-11-64GB/4,Apple,Apple iPhone 11,Jovana,2023-09-09 09:43:00,Iphone 11 ili Honor 90? Prioritet kamera. Ono što me odbija od Iphone je samo 64gb. Ista im je cena kod operatera.
https://mobilnisvet.com/mobilni-komentari/7179/Apple/iPhone-11-64GB/4,Apple,Apple iPhone 11,Dejan,2023-09-01 19:23:00,Da li je velika razlika izmedju iphone 11 i 12 i ko ima bolju bateriju u kameru?
https://mobilnisvet.com/mobilni-komentari/7179/Apple/iPhone-11-64GB/4,Apple,Apple iPhone 11,marko,2023-08-31 10:59:00,"Da li se isplati kupiti iphone 11 nov , posto je stariji model"
https://mobilnisvet.com/mobilni-komentari/7179/Apple/iPhone-11-64GB/4,Apple,Apple iPhone 11,Manuel,2023-08-28 13:12:00,"Da li ovaj iphone 11 ,nov ili polovan u marvel mobile"
https://mobilnisvet.com/mobilni-komentari/7179/Apple/iPhone-11-64GB/4,Apple,Apple iPhone 11,Aja,2023-08-25 23:57:00,Imam budžet za iPhone 11 64gb ili Samsung a54?
https://mobilnisvet.com/mobilni-komentari/7179/Apple/iPhone-11-64GB/4,Apple,Apple iPhone 11,Helouuuu,2023-08-24 09:40:00,Helouuu imam jedan problem sa ovim telefonom.Imam ga vec skoro celu godinu i super radi ali u zadnje vreme nesto baguje.Ne igram igrice snimam za tiktok i editovanje na ovom telefonu ne bih pozeleo ni najgorem neprijatleju. Doslovno je iPhone 7 plus bolje editovao(moj stari tel). Igrice sam probao igrati i bas ide fluidno i jako je brz ali tiktok mu pravi neki problem doslo je do toga da videe moram editovati na stari tel. Jel zna neko kako da mi pomogne😅
https://mobilnisvet.com/mobilni-komentari/7179/Apple/iPhone-11-64GB/4,Apple,Apple iPhone 11,Nikola,2023-08-06 14:30:00,Da li je bolje uzeti nov ajfon 11 sa nekih 90%BH ili polovanu 12ku ili nesto tako za neekih 500-600e mozda malo vise
https://mobilnisvet.com/mobilni-komentari/7179/Apple/iPhone-11-64GB/4,Apple,Apple iPhone 11,Mile,2023-08-01 02:09:00,Your battery health reporting system is recalibrating Maximum Capacity and Peak Performance Capability. This process may take a few weeks. Learn more...
https://mobilnisvet.com/mobilni-komentari/8061/Apple/iPhone-12-mini/3,Apple,Apple iPhone 12 mini,Prezadovoljan,2022-05-14 19:56:00,Koje sve baljezgarije pišu ovde u vezi baterije ljudi koji su telefon videli samo na slikama. Baterija je jednom rečju extra. Lomio sam da li da ga kupim baš zbog baterije jer sam ovde čitao da je loša. Ppgrešio bih. Pre njega sam koristio xr godinama i mogu reći da ne vidim ništa lošiju autonomiju.
https://mobilnisvet.com/mobilni-komentari/8061/Apple/iPhone-12-mini/3,Apple,Apple iPhone 12 mini,NIkola,2022-05-02 12:24:00,"jel podryava ovaj tel 4g mrezu,drugar ga ima upaljena mu je a uvek je 3g,yna li neko nesto o tome,hvala"
https://mobilnisvet.com/mobilni-komentari/8061/Apple/iPhone-12-mini/3,Apple,Apple iPhone 12 mini,Mini,2022-04-13 10:33:00,Planiram da uzmem iphone. Dvoumim se izmedju 12 mini i 13 mini. Videh na recenzijama da se iphone 12 mini dosta vise zagreje u gejmingu i da mu je baterija manja. Da li vredi dati 135€ vise za 13 mini ili ipak uzeti 12 mini? Naravno razlika u ceni nije mala a barem meni razlike nisu toliko drasticne. Hvala na odg
https://mobilnisvet.com/mobilni-komentari/8061/Apple/iPhone-12-mini/3,Apple,Apple iPhone 12 mini,123J,2022-03-30 12:35:00,"Ako neko ima savet, koji adapter bi bilo dobro koristiti? Planiram da mi to bude telefon narednih 5, 6 godina"
https://mobilnisvet.com/mobilni-komentari/8061/Apple/iPhone-12-mini/3,Apple,Apple iPhone 12 mini,M,2022-03-25 17:48:00,12 mini ili s21 fe?
https://mobilnisvet.com/mobilni-komentari/8061/Apple/iPhone-12-mini/3,Apple,Apple iPhone 12 mini,Mladyo,2022-03-15 16:01:00,90 % komentara se odnosi na bateriju.
https://mobilnisvet.com/mobilni-komentari/8061/Apple/iPhone-12-mini/3,Apple,Apple iPhone 12 mini,Evandjelina,2022-03-13 13:15:00,"Da li se dobija u pakovanju punjac uz iphone 12 mini ovaj put,ako se kupi u radnji koja nije istyle?"
https://mobilnisvet.com/mobilni-komentari/8061/Apple/iPhone-12-mini/3,Apple,Apple iPhone 12 mini,Jelena,2022-03-11 10:08:00,"Pozdrav, zanima me da li na našem tržištu može da se koristi 12 mini sa dve kartice - e sim + nano sim?"
https://mobilnisvet.com/mobilni-komentari/8061/Apple/iPhone-12-mini/3,Apple,Apple iPhone 12 mini,Dusan,2022-02-18 16:57:00,Cekati da izadje S22 ili uzeti 12 mini? Planiram za nesto duze koriscenje tipa 3 4 god? Ne smeta mi sto je mali treba mi kompaktan. Uzimam u Vipu. S22 je jeftiniji malo nesto. Zato pitam
https://mobilnisvet.com/mobilni-komentari/8061/Apple/iPhone-12-mini/3,Apple,Apple iPhone 12 mini,Orhideja,2022-02-17 16:36:00,12mini ili 13mini?
https://mobilnisvet.com/mobilni-komentari/8061/Apple/iPhone-12-mini/3,Apple,Apple iPhone 12 mini,Eei,2022-02-09 09:58:00,"Pozdrav ljudi, kupio sam 12mini. Jel moze neko da mi kaze jel okej kupiti brzi punjac od 20w i da li se dobro pokazao u smislu kakav vam je batery health posle par meseci.."
https://mobilnisvet.com/mobilni-komentari/8061/Apple/iPhone-12-mini/3,Apple,Apple iPhone 12 mini,Boka,2022-02-01 14:18:00,"Pozdrav, potrebna mi je pomoć, dvoumim se izmedju modela Iphone 12 mini i Iphone 12?"
https://mobilnisvet.com/mobilni-komentari/8061/Apple/iPhone-12-mini/3,Apple,Apple iPhone 12 mini,damn,2022-01-20 09:30:00,iPhone 11 ili iPhone 12 mini??
https://mobilnisvet.com/mobilni-komentari/8061/Apple/iPhone-12-mini/3,Apple,Apple iPhone 12 mini,sasa,2022-01-15 18:38:00,"opasna mala masinica,savrsenstvo malo,baterija meni 5 sati upaljenog ekrana i ostane 10-15 posto...ko voli manje telefone to je to"
https://mobilnisvet.com/mobilni-komentari/8061/Apple/iPhone-12-mini/3,Apple,Apple iPhone 12 mini,NN,2022-01-14 21:32:00,"Zdravo svima, da li neko zna da li može da se split screen na Iphone 12 mini bez 3rd party apo, već uz pomoć nekog podešavanja na telefonu?"
https://mobilnisvet.com/mobilni-komentari/8061/Apple/iPhone-12-mini/3,Apple,Apple iPhone 12 mini,?,2022-01-01 19:10:00,Pozdrav zanima me koji telefon je bolji iphone 12mini ili iphone 11?
https://mobilnisvet.com/mobilni-komentari/8061/Apple/iPhone-12-mini/3,Apple,Apple iPhone 12 mini,Milena,2021-12-22 19:07:00,Da li 12 mini ima problem sa pregrejavanjem kao obicna 12-ica? Hvala
https://mobilnisvet.com/mobilni-komentari/8061/Apple/iPhone-12-mini/3,Apple,Apple iPhone 12 mini,Renka,2021-12-15 12:58:00,"Koristim 12 mini (64GB) nekih 10ak meseci. Brz, precizan, kamera, slika sjajni, ne zakucava. Mana je sto na jakom suncu prakticno ne vidim ništa. Menjala sam 11 za 12 mini samo zbog veličine. Ništa dalje nisam ni tražila ni čitala. Sad vidim da mi je battery health na 89%?! Da li je to normalno? Nijednu pesmu nemam u tel, film nikad nisam pustila o igricama da ne govorim. Koristim ga isključivo za pozive, slike i društvene mreže."
https://mobilnisvet.com/mobilni-komentari/8061/Apple/iPhone-12-mini/3,Apple,Apple iPhone 12 mini,elena,2021-11-18 23:30:00,"razmisljam izmedju ovog i iphone xr, koji je bolji"
https://mobilnisvet.com/mobilni-komentari/8061/Apple/iPhone-12-mini/3,Apple,Apple iPhone 12 mini,trilulilu,2021-11-16 18:30:00,"Ljudi, mene zanima, sa obzirom da Apple i u seriji 12 i u 13, ne podrzava srpski jezik, cirilicna slova posebno, na kojem jeziku drzite mobilne uredjaje, eng, nem, mozda hrvatski, jel se oseca korisnik/ca onda vise proevropski ili zapadno orijentisano, ako je na telefonu neki od tih jezika, zbog tehnickih problema? Jel se moze tako jezik nauciti, bar osnove, za nekoga ko je pocetnik u Apple svetu?  Hvala unapred"
https://mobilnisvet.com/mobilni-komentari/8061/Apple/iPhone-12-mini/3,Apple,Apple iPhone 12 mini,S,2021-11-15 12:47:00,"Zdravo, uskoro kupujem telefon, planiram da narucim original kabal i adapter jer punjac sa proslog nije vise upotrebljiv. Video sam komentare da je kabal koji je u kutiji uz telefon namenjen za brzo punjenje koji moze da osteti bateriju nakon duzeg koriscenja, pa me zanima da li je to tacno?"
https://mobilnisvet.com/mobilni-komentari/8061/Apple/iPhone-12-mini/3,Apple,Apple iPhone 12 mini,trilulilu,2021-11-14 14:15:00,"@Olena: kazu, iPhone 13 Pro (Max, posebno), ima jednu od najboljih baterija (trajanje), kada se poredi sa svim aktuelnim, ne samo flagship uredjajima, nego i onim nize klase (gde, generalno, stavljaju baterije veceg kapaciteta i manje zahtevan SoC). Znaci, dok vredi, prodajte 12 mini, i oravac ka, 13 Pro Max. (:"
https://mobilnisvet.com/mobilni-komentari/8061/Apple/iPhone-12-mini/3,Apple,Apple iPhone 12 mini,milica,2021-11-03 06:36:00,telefon je malo savrsenstvo :)
https://mobilnisvet.com/mobilni-komentari/8061/Apple/iPhone-12-mini/3,Apple,Apple iPhone 12 mini,m,2021-10-29 13:53:00,"je li moguce da mi je telefon skinuo 30% baterije, 7 sati ga nisam ni dirnula?"
https://mobilnisvet.com/mobilni-komentari/9266/Apple/iPhone-13-mini/3,Apple,Apple iPhone 13 mini,Steva,2023-06-02 16:02:00,"Da li zna neko kako funkcionise ova e sim u kombinaciji sa drugom karticom, pogotovo kad se ubaci inostrani broj (bilo e ili sim card)? Naravno zbog net-a i eventualno poziva u toj stranoj zemlji...."
https://mobilnisvet.com/mobilni-komentari/9266/Apple/iPhone-13-mini/3,Apple,Apple iPhone 13 mini,...,2023-06-02 08:13:00,"Pozdrav, da li je normalno da mi BH opadne sa 99% na 96% u 7 dana..? Telefon star 10 meseci"
https://mobilnisvet.com/mobilni-komentari/9266/Apple/iPhone-13-mini/3,Apple,Apple iPhone 13 mini,Ana,2023-05-09 23:14:00,"Koji je po vama bolji telefon na duže staze 12 ili 13 mini? Veličina mi nije bitna, nisam zahtjevan korisnik ali baterija i kamera su mi od važnosti pa se jos uvijem dvoumim koji uzeti🙃"
https://mobilnisvet.com/mobilni-komentari/9266/Apple/iPhone-13-mini/3,Apple,Apple iPhone 13 mini,RadeNS,2023-05-06 03:49:00,Isplati li se da prelazim sa Nokije 3310 na iPhone 13 mini?
https://mobilnisvet.com/mobilni-komentari/9266/Apple/iPhone-13-mini/3,Apple,Apple iPhone 13 mini,miata,2023-04-15 12:00:00,"Imam iphone 13 mini oko god. dana, sada je battery health na 88%. Znaci pola god. mi je drzalo nonstop 100% i preko zime mi se health brzo spustio na 88% da li je to ok isk?"
https://mobilnisvet.com/mobilni-komentari/9266/Apple/iPhone-13-mini/3,Apple,Apple iPhone 13 mini,Predrag,2023-04-14 02:51:00,Iphone 13 mini ili 13 obican
https://mobilnisvet.com/mobilni-komentari/9266/Apple/iPhone-13-mini/3,Apple,Apple iPhone 13 mini,Sanela,2023-04-03 20:30:00,"Da li moze na neku caku da se skine aplikacija moj doktor,elektronski dnevnik i sl.?hvala."
https://mobilnisvet.com/mobilni-komentari/9266/Apple/iPhone-13-mini/3,Apple,Apple iPhone 13 mini,Zox,2023-03-21 20:38:00,"Uzeo tel.pre neki dan utisci uglavnom negativni...svetle tacke bih izdvojio odlicne dimenzije i dobru kameru pogotovo snimke koji su extra...e sad idu stavke koje su me razocarale:baterija,zvuk,ekran,prijem signala i wifi signal katastrofa,gde drugu telefoni hvataju signal bez problema ovaj se muci sa jednom crtom ili uopste i nema signal a za wifi je posebna prica treba ga po nekoliko puta ukljuc.iskljuc.dok se poveze mislim stvarno bzv.i glupo ostaje zal za bacene pare tel.kupljen nov kod operatera."
https://mobilnisvet.com/mobilni-komentari/9266/Apple/iPhone-13-mini/3,Apple,Apple iPhone 13 mini,Ip xx,2023-03-21 11:08:00,Ljudi desava se prob sa mrezom izbaci no sim card. I posle nekolko min dobije mrezu. Star je mesec dana uzet nov u yetelu. Ili dobije mrezu sam ili ukljucim avio mod jednom ili dva puta i dobije mrezu. Sta moze da bude? U pitanju je 13 mini
https://mobilnisvet.com/mobilni-komentari/9266/Apple/iPhone-13-mini/3,Apple,Apple iPhone 13 mini,Marko,2023-03-17 22:31:00,Zdravo ljudii kupio 13 mini znaci ovo je nenormalno kako je dobar telefon kamera video ekran. Znaci topp stvarno. Pre njega sam imao iphone 12. Kupio sam starlight belu boju. Jedino okvir mi gde ima puno svetla dodje ne srebro boja nego nesto kao zlatno 😁
https://mobilnisvet.com/mobilni-komentari/9266/Apple/iPhone-13-mini/3,Apple,Apple iPhone 13 mini,Acko,2023-03-10 22:53:00,"Kamera odlicna, video brutalan, ekran cist kao suza, baterija sasvim ok.mali zgodan za koriscenje od mene sve preporuke za ovaj tel."
https://mobilnisvet.com/mobilni-komentari/9266/Apple/iPhone-13-mini/3,Apple,Apple iPhone 13 mini,Aleksa Trnić,2023-03-10 19:26:00,Koliko bi kostao sa zamjenom iphone 11 pro max
https://mobilnisvet.com/mobilni-komentari/9266/Apple/iPhone-13-mini/3,Apple,Apple iPhone 13 mini,Miki,2023-03-06 16:37:00,"Kupio 13 mini pre nekoliko dana, prvenstveno zvog veličine tefona."
https://mobilnisvet.com/mobilni-komentari/9266/Apple/iPhone-13-mini/3,Apple,Apple iPhone 13 mini,Mladen,2023-02-18 21:22:00,Moze li neko da mi kaze kakav je kvalitet 4g mreze i kako hvata wifi mrezu?
https://mobilnisvet.com/mobilni-komentari/9266/Apple/iPhone-13-mini/3,Apple,Apple iPhone 13 mini,KATARINA,2023-02-15 15:35:00,cao da li mogu  dve  kartice  ici u njega
https://mobilnisvet.com/mobilni-komentari/9266/Apple/iPhone-13-mini/3,Apple,Apple iPhone 13 mini,Daki,2023-02-07 10:17:00,Pozdrav svima. iPhone 12 ili 13 mini?
https://mobilnisvet.com/mobilni-komentari/9266/Apple/iPhone-13-mini/3,Apple,Apple iPhone 13 mini,Goran,2023-01-27 20:59:00,Da li se gasi na niskim temperaturama?
https://mobilnisvet.com/mobilni-komentari/9266/Apple/iPhone-13-mini/3,Apple,Apple iPhone 13 mini,Petar,2023-01-25 01:58:00,"Trenutno posedujem SE2 na niega sam presao sa 6 trenutno menjam telefon zbog slabe baterije pa sam kontao 13 mini,jer volim manje telefone,kakvo je stanje kod njega sa bat.i jel vredi prelaziti"
https://mobilnisvet.com/mobilni-komentari/9266/Apple/iPhone-13-mini/3,Apple,Apple iPhone 13 mini,Theredkingdoms,2023-01-20 06:33:00,"Pozdrav trenutno sam na Huawei P30 pro, ali uopšte nisam pristalica velikih ekrana iskreno. Najbolji telefon po dimenzijama mi je bio Samsung S8. E sad prešao bih na Iphone 13mini ali me zanima ju performanse u odnosu na P30 pro ako neko hoće da kaže šta da radim"
https://mobilnisvet.com/mobilni-komentari/9266/Apple/iPhone-13-mini/3,Apple,Apple iPhone 13 mini,Vanja,2023-01-18 09:52:00,Pozdrav da li u iphone 13 mini mogu 2 sim kartice? Poz
https://mobilnisvet.com/mobilni-komentari/9266/Apple/iPhone-13-mini/3,Apple,Apple iPhone 13 mini,Tomislav,2023-01-14 15:14:00,Posle godinu dana baterija spala na 99%.Punjenje samo nocu kablom bez adaptera ukljucenog u usb ulaz na tv.pa eto savet ako neko hoce da sacuva bat.
https://mobilnisvet.com/mobilni-komentari/9266/Apple/iPhone-13-mini/3,Apple,Apple iPhone 13 mini,Nikola,2023-01-12 17:49:00,bh me ne zanima uopste to je najveca glupost nego kakva je baterija koliko u sustini drzi u toku dana za posao internet drustvene mreze i kakav je telefon jel bolje uzeti 12  ili 13 mini meni odhovara velicina telefona samo me baterija brine
https://mobilnisvet.com/mobilni-komentari/9266/Apple/iPhone-13-mini/3,Apple,Apple iPhone 13 mini,Milan,2023-01-07 21:58:00,Zelim da predjem na iOS pa me zanima da li je moguce instalirati dva Viber naloga(drugi zbog posla) i kako to u praksi radi i koliko baterije trosi? Hvala
https://mobilnisvet.com/mobilni-komentari/9266/Apple/iPhone-13-mini/3,Apple,Apple iPhone 13 mini,Gorana,2023-01-01 21:43:00,"Htla bih da pitam vlasnike ovog telefona, jer planiram da ga kupim uskoro, predpostavljam da vam je baterija sada vec na nekih 90% helta nakon da kazemo godinu dana koriscenja, Zanima me da li moze da izgura makar pola dana prosecnog koriscenja? Htla bih da cujem iz necijeg licnog iskustva kako stoji sa baterijom."
https://mobilnisvet.com/mobilni-komentari/9260/Apple/iPhone-13/3,Apple,Apple iPhone 13,Keko,2025-05-05 13:46:00,"Dobio sam na poklon iPhone 13,a prije sam imao XS,na kojem sam imao osobni hotspot tj.internet da mogu da podijelim na ovom nema."
https://mobilnisvet.com/mobilni-komentari/9260/Apple/iPhone-13/3,Apple,Apple iPhone 13,rkoMi,2025-04-22 16:59:00,"Uzeo polovan pre mesec dana, e sad zanima me da li je slusalica za pozove tj. gornji stereo zvucnik slabiji kod svih u odnosu na donji jer bukvalno ne razumem nikog kad me zove, jako je slab."
https://mobilnisvet.com/mobilni-komentari/9260/Apple/iPhone-13/3,Apple,Apple iPhone 13,Jelena,2025-04-20 21:12:00,Health baterije mi je poceo mnogo brzo da opada. U poslednjih 15ak dana mi je spao health baterije za 3%. Da li se jos nekome ovo desava? Ne znam sta je razlog da tako brzo opada
https://mobilnisvet.com/mobilni-komentari/9260/Apple/iPhone-13/3,Apple,Apple iPhone 13,Ste,2025-04-07 11:03:00,"Slucajno uleteh u ovaj telefon pre mozda nekih godinu dana. Moj prvi i neplanirani ajfon, a i poslednji! Tako sam bar mislio prvih nekoliko dana, medjutim, posle skoro god dana mi toliko odgovara da je to neverovatno. Da se razumemo, od ajfona i ne ocekujem cuda (i dalje mi je tu Huavej pun krekovanih igrica i aplikacija) ali za klasicno koriscenje je savrsen, narocito mi odgovara ta fluidnost u radu, nema greake sa ovim modelom iako je vec stariji"
https://mobilnisvet.com/mobilni-komentari/9260/Apple/iPhone-13/3,Apple,Apple iPhone 13,mimi0911,2025-03-04 21:05:00,imam samsung A71 već 4ipo godine trebam da predjem na iphone 13 zanimam misljenje i dali u opšte da predjem na iphone 13
https://mobilnisvet.com/mobilni-komentari/9260/Apple/iPhone-13/3,Apple,Apple iPhone 13,rss,2025-03-01 12:07:00,Da li je neko radio update na 18.3.1?
https://mobilnisvet.com/mobilni-komentari/9260/Apple/iPhone-13/3,Apple,Apple iPhone 13,Maja,2025-02-18 10:12:00,Zdravo. Zainteresovana sam za ovaj telefon... od drustvenih mreza koristim iskljucivo linkedin.. sad imam a52s ili mozda bolje da ostanem na nekom samsungu?
https://mobilnisvet.com/mobilni-komentari/9260/Apple/iPhone-13/3,Apple,Apple iPhone 13,AT,2025-02-17 18:36:00,Šta je isplativije uzeti iphone 13 ili 15 jeli velika razlika između 13 i 15
https://mobilnisvet.com/mobilni-komentari/9260/Apple/iPhone-13/3,Apple,Apple iPhone 13,V,2025-02-06 22:40:00,Da li vredi uzimati iphone 13 u 2025 godini ovi novi od serije 15 su mi svi odvratni a 13 i 14 su isti sta je bolje uzeti 13 ili 14
https://mobilnisvet.com/mobilni-komentari/9260/Apple/iPhone-13/3,Apple,Apple iPhone 13,Miki,2025-02-03 05:56:00,"Planiram uzeti ovaj 13 pa me zanima,koliko izdrzi baterija..ukljuceni ekran, preko noci koliko skine, kako se ponasa tel? Cujem da ima manu da se kod njega cesto baterija naduva? Hvala svima,sad koristim Xiaomi 14t"
https://mobilnisvet.com/mobilni-komentari/9260/Apple/iPhone-13/3,Apple,Apple iPhone 13,David,2025-02-02 23:16:00,Da li vredi kupiti iPhone 13 idalje?
https://mobilnisvet.com/mobilni-komentari/9260/Apple/iPhone-13/3,Apple,Apple iPhone 13,Aleks,2025-01-31 21:38:00,"Pozdrav, kupio sam polovnu 13icu i imam par problema sa istom. Naime, tastatura zna da bude neresponsivna (kao i ostatak displeja ponekad, jednostavno ne odreaguje na komandu), da zabada, samo upravljanje sistemom nije uopste toliko fluidno, u safariju takodje zna da zabode, ne znam o čemu se radi. Imao je inst iOS 18.1. kad sam ga kupio, instalirao sam mu 18.3 i isto. iPhone 11 koji sam imao pre njega i koji je bio na iOS 15 nije imao nikakvih problema ove prirode, cak je radio i bolje. Takodje se i dosta greje."
https://mobilnisvet.com/mobilni-komentari/9260/Apple/iPhone-13/3,Apple,Apple iPhone 13,.,2025-01-30 16:00:00,da li imate u rozoj boji?
https://mobilnisvet.com/mobilni-komentari/9260/Apple/iPhone-13/3,Apple,Apple iPhone 13,V,2025-01-17 04:36:00,Koja je razlika izmedju iphone 13 i 14 sta je bolje kupiti 13 ili 14
https://mobilnisvet.com/mobilni-komentari/9260/Apple/iPhone-13/3,Apple,Apple iPhone 13,Maka,2025-01-11 12:21:00,"Pozdrav, treba mi vasa pomoc ovdje.."
https://mobilnisvet.com/mobilni-komentari/9260/Apple/iPhone-13/3,Apple,Apple iPhone 13,Nikola,2025-01-10 01:56:00,koji od ovih prodavnica bi prepurucili buduci da vidim da su cena slicne ako ne i iste
https://mobilnisvet.com/mobilni-komentari/9260/Apple/iPhone-13/3,Apple,Apple iPhone 13,Tinejdžerka,2025-01-08 14:16:00,"Da li Iphone treba uzimati u nekoj specijalnoj prodavnici (npr MTS, Yettel, Gigatron...) ili može u bilo kojoj prodavnici mobilnih telefona? Pitam zbog kvaliteta i garancija,cene sam videla otprilike."
https://mobilnisvet.com/mobilni-komentari/9260/Apple/iPhone-13/3,Apple,Apple iPhone 13,Dušan,2025-01-05 21:32:00,Da li ima logike preći sa Iphone 13 na Xiaomi 14t pro 512?
https://mobilnisvet.com/mobilni-komentari/9260/Apple/iPhone-13/3,Apple,Apple iPhone 13,Zorica,2024-12-09 00:47:00,Motorola Edge 50 Pro----ovaj-----14t pro za slike ponajvise....?Mozda H.200 pro🙏🙏🙏
https://mobilnisvet.com/mobilni-komentari/9260/Apple/iPhone-13/3,Apple,Apple iPhone 13,masa,2024-11-29 19:13:00,iphone 13 ili samsung s23? kamera i baterija mi je najbitnije
https://mobilnisvet.com/mobilni-komentari/9260/Apple/iPhone-13/3,Apple,Apple iPhone 13,ana,2024-11-28 10:06:00,"Moze savet? Da li uzeti iphone 13 4/512gb ili iphone 14 6/128gb? Koliko je bitno da ta RAM memorija bude veca? Da li je 4gb dovoljno da je telefon brz, ne koci...?"
https://mobilnisvet.com/mobilni-komentari/9260/Apple/iPhone-13/3,Apple,Apple iPhone 13,Mari,2024-11-26 17:09:00,"Iphone 11 ili 13? Prvi put prelazim na iphone, cula sam da 11 nece imati podrsku vise, da li to znaci da ce telefon imati bagove i da se nece moci koristiti od 2026? Da li je pametno uzeti 11 i ako ne zasto. Hvala unapred svima koji su zeljni da pomognu u odabiru."
https://mobilnisvet.com/mobilni-komentari/9260/Apple/iPhone-13/3,Apple,Apple iPhone 13,salimir,2024-11-12 13:28:00,"drugari, paralelno koristim iphone 13 i xiaomi...."
https://mobilnisvet.com/mobilni-komentari/9272/Apple/iPhone-13-Pro/3,Apple,Apple iPhone 13 Pro,Xy,2024-02-20 11:25:00,"Pozdrav, zanima me da li je okej maksimalni kapacitet na iphone 13 pro 84%, uzet prije dva dana da li vrijedi 650e"
https://mobilnisvet.com/mobilni-komentari/9272/Apple/iPhone-13-Pro/3,Apple,Apple iPhone 13 Pro,Rade,2024-02-17 13:35:00,Dali uzeti iPhone 13pro ili honor magic 5pro.
https://mobilnisvet.com/mobilni-komentari/9272/Apple/iPhone-13-Pro/3,Apple,Apple iPhone 13 Pro,Zoran,2024-02-08 15:21:00,"Koji kupiti,ovaj 13 pro nov vakum pakovanje ili iphone 15 obican takodje nov vakum? Telefon koristim najvise za internet i to je to,inace 13 pro vakum dobijam na 600€ iz Austrije donet"
https://mobilnisvet.com/mobilni-komentari/9272/Apple/iPhone-13-Pro/3,Apple,Apple iPhone 13 Pro,Kosta,2024-01-28 14:08:00,"Trenutno imam iPhone 11 hteo bi ga zamenio za noviji uredjaj.Razmisljam izmedju ovog,12 pro max,14 i 13.Najbitnija mi je kamera,da moze da vrti bas zahtevne igrice i da je odlican za editovnje.Koja je vasa preporuka hvala unapred."
https://mobilnisvet.com/mobilni-komentari/9272/Apple/iPhone-13-Pro/3,Apple,Apple iPhone 13 Pro,Ana,2024-01-24 19:18:00,"Zdravo, zanima me da li može neko da mi kaže šta je isplativije, kupiti iphone 12 pro 128gb nov, ili iphone 13 pro 128gb polovan, s obzirom da je BH 87%, kažu da je telefon potpuno ispravan, face ID mu radi, odlično je očuvan i da je subjektivna ocena estetike 9.5/10 ."
https://mobilnisvet.com/mobilni-komentari/9272/Apple/iPhone-13-Pro/3,Apple,Apple iPhone 13 Pro,Natasa,2024-01-22 19:44:00,Koliko traje baterija na 13 pro?
https://mobilnisvet.com/mobilni-komentari/9272/Apple/iPhone-13-Pro/3,Apple,Apple iPhone 13 Pro,Mira,2024-01-22 17:50:00,"Zdravo svima. Kupila sam ovaj telefon skoro (nije nov) i sve je odlično osim fokusa na kameri. Dešava se da kamera sama traži fokus i nekad kad je miran telefon napravi ružnu sliku a kad ""dođe sebi"" i izoštri budr lepa. Moram da zaključam fokus na lepo, da bi slika bila lepa. Do sada sam koristila android pa nisam upućena šta je normalno na ajfonu. Da li je zo rešiv problem i ima li ga još neko?"
https://mobilnisvet.com/mobilni-komentari/9272/Apple/iPhone-13-Pro/3,Apple,Apple iPhone 13 Pro,Nikola,2024-01-18 20:01:00,da li je ok da uzmem iphone 13 pro sa 87 bh?
https://mobilnisvet.com/mobilni-komentari/9272/Apple/iPhone-13-Pro/3,Apple,Apple iPhone 13 Pro,Ja,2024-01-16 13:45:00,Da li jos neko ima problem da su mu viber poruke jako tihe?
https://mobilnisvet.com/mobilni-komentari/9272/Apple/iPhone-13-Pro/3,Apple,Apple iPhone 13 Pro,Ja,2024-01-07 08:17:00,Iphone 13 pro ili 14 obican? I ako moze obrazlozenje pozdrav
https://mobilnisvet.com/mobilni-komentari/9272/Apple/iPhone-13-Pro/3,Apple,Apple iPhone 13 Pro,Dex,2023-12-20 11:25:00,Jel ima svrhe lreci sa ip 13 pro na 15 pro?
https://mobilnisvet.com/mobilni-komentari/9272/Apple/iPhone-13-Pro/3,Apple,Apple iPhone 13 Pro,iv,2023-11-27 10:33:00,Da li je bolje uzeti 13 pro ili 14? Najbitnija mi je baterija i kamera.
https://mobilnisvet.com/mobilni-komentari/9272/Apple/iPhone-13-Pro/3,Apple,Apple iPhone 13 Pro,WrongButton,2023-11-25 17:27:00,"Sta mislite koja bi realna cena bila za 13 pro, od operatera, star 6 meseci, 6/128gb?"
https://mobilnisvet.com/mobilni-komentari/9272/Apple/iPhone-13-Pro/3,Apple,Apple iPhone 13 Pro,Veljko,2023-11-09 14:39:00,Da li se isplati kupiti ovaj telefon u 2023?
https://mobilnisvet.com/mobilni-komentari/9272/Apple/iPhone-13-Pro/3,Apple,Apple iPhone 13 Pro,Miloš,2023-11-04 07:51:00,Da li vrijedi mijenjati 13 pro za 15? 15 dva puta punjena?
https://mobilnisvet.com/mobilni-komentari/9272/Apple/iPhone-13-Pro/3,Apple,Apple iPhone 13 Pro,ognjen,2023-10-30 09:38:00,da li su ovde telefoni polovni ili novi
https://mobilnisvet.com/mobilni-komentari/9272/Apple/iPhone-13-Pro/3,Apple,Apple iPhone 13 Pro,Malina,2023-10-16 10:32:00,Da li uzimati 13pro sad ili uzeti neki iz serije 14?
https://mobilnisvet.com/mobilni-komentari/9272/Apple/iPhone-13-Pro/3,Apple,Apple iPhone 13 Pro,Danka,2023-10-05 00:25:00,"Pozdrav svima, prvi put kupujem iphone pa imam veliku dilemu. Dal kupiti iphone 13 nov za 670e il iphone 13pro polovan, tj u garanciji jos 6 meseci za te iste pare??"
https://mobilnisvet.com/mobilni-komentari/9272/Apple/iPhone-13-Pro/3,Apple,Apple iPhone 13 Pro,Marija,2023-09-15 22:10:00,"Pozdrav svima, ja sam u velikoj dilemi i čitam vaše komentare  i ne znam sta da radim na kraju.. trenutno koristim 11 pro 3 godine, ali bih sad zelela da uzmem 13 pro ili 14 pro,(ali sam vise za 14pro) pa mi treba mišljenje koje već koristio oba telefona. Koji je bolji? Neki kažu da je baterija lošija na 14-ci da bolje da uzmem 13. Meni inače treba telefon najviše zbog kamere. Pa ako imate neka iskustva, pišite, značilo bi mi."
https://mobilnisvet.com/mobilni-komentari/9272/Apple/iPhone-13-Pro/3,Apple,Apple iPhone 13 Pro,M,2023-09-13 16:56:00,Iphone 13 pro ili samsung s23+?
https://mobilnisvet.com/mobilni-komentari/9272/Apple/iPhone-13-Pro/3,Apple,Apple iPhone 13 Pro,Bolero94,2023-09-11 09:00:00,Evo utisaka posle tačno godinu dana.
https://mobilnisvet.com/mobilni-komentari/9272/Apple/iPhone-13-Pro/3,Apple,Apple iPhone 13 Pro,Pavle,2023-09-09 09:07:00,"Prešao bih sa Huawei-a P30 na 13 Pro. Nikada pre toga nisam koristio Iphone, malo bih da promenim. Treba mi dobar ali kompaktan uređaj. Nesto mi se ne uzima S23. Zanima me samo da li mogu sa svog laptopa HP da prebacujem word, excel i pdf dokumenta kao i da li mogu da putem kabla na laptop prebacujem slike, video snimke i muziku?"
https://mobilnisvet.com/mobilni-komentari/9272/Apple/iPhone-13-Pro/3,Apple,Apple iPhone 13 Pro,Mila,2023-08-12 16:01:00,Da li je istina da ovaj model ima najbolju bateriju u zadnjih par godina?😀
https://mobilnisvet.com/mobilni-komentari/9272/Apple/iPhone-13-Pro/3,Apple,Apple iPhone 13 Pro,Bubi,2023-07-31 07:41:00,"Pozdrav, da li je ok da baterija padne na 89% procenata, telefon se koristi godinu dana?"
https://mobilnisvet.com/mobilni-komentari/9280/Apple/iPhone-13-Pro-Max/3,Apple,Apple iPhone 13 Pro Max,Plavi,2022-09-30 10:34:00,"Ovaj telefon je KRALj DŽUNGLE! Jedinu zamerku imam kod dual sim rezima (jedna e-sim, a druga fizicka SIM kartica), jer kada razgovarate preko jedne kartice za to vreme ste nedostupni na drugoj i stigne vam poruka o propustenom pozivu. Ako neko zna kako moze ovo da se podesi da uvek budete dostupni na obe kartice, bio bih jako zahvalan na savetu. Veliki pozdrav"
https://mobilnisvet.com/mobilni-komentari/9280/Apple/iPhone-13-Pro-Max/3,Apple,Apple iPhone 13 Pro Max,goran,2022-09-23 10:41:00,Imam 13 Pro Max telefon je zver kao i kamera samo jedna stvar me malo nervira brzina punjenja baterije imam punjac 20w i kad mi stoji na telefonu 32 % da bi napunio do 100% treba mu 2 sata i 20.minuta sto je mnogo dugo ako moze savet mali za to
https://mobilnisvet.com/mobilni-komentari/9280/Apple/iPhone-13-Pro-Max/3,Apple,Apple iPhone 13 Pro Max,Andrea,2022-09-14 06:59:00,"Koji region je najbolje staviti a da ima sve googlove servise (gboard, google photos,mape…) da nisu skupe pretplate za app? Dajte tačan region, mesto i ako moze neki zip code a ja cu tražiti neku adresu tu. Eto ako bi neko da pomogne i napiše :)"
https://mobilnisvet.com/mobilni-komentari/9280/Apple/iPhone-13-Pro-Max/3,Apple,Apple iPhone 13 Pro Max,Dušan,2022-09-06 19:56:00,Koji uzeti 13pm zlatni ili zeleni? Dvoumim se i ne mogu da prelomim. Takodje nzm da li uzeti 128 ili 256gb…
https://mobilnisvet.com/mobilni-komentari/9280/Apple/iPhone-13-Pro-Max/3,Apple,Apple iPhone 13 Pro Max,Tom,2022-09-06 18:13:00,Kupio sam Nov 13pm pre otprilike malo
https://mobilnisvet.com/mobilni-komentari/9280/Apple/iPhone-13-Pro-Max/3,Apple,Apple iPhone 13 Pro Max,Ana,2022-09-03 19:55:00,"Jel zna neko da li ima besplatna aplikacija za editovanje pdf u ios prodavnici? Ako ima koja je? Sve na koje sam naišla se plaćaju po 4,5 ili više $ mesecno, mnogo mi je to još na već postojeće pretplate koje imam…"
https://mobilnisvet.com/mobilni-komentari/9280/Apple/iPhone-13-Pro-Max/3,Apple,Apple iPhone 13 Pro Max,Telefon,2022-08-31 18:07:00,"Vi koji imate 13 pro max koju ste boju izabrali? Vidim da masovno pljuju ovu Sierra blue kako je ružna boja i mnogi ga vratili zbog toga a meni najlepši. Zanima me kakvo je stanje kod nas, koja se boja najbolje prodaje, koju ste izabrali?"
https://mobilnisvet.com/mobilni-komentari/9280/Apple/iPhone-13-Pro-Max/3,Apple,Apple iPhone 13 Pro Max,Ana,2022-08-18 11:32:00,"Možda je malo glupo pitanje al nemam koga da pitam da mi pomogne. Kako preko safarija skinuti rezultate testa za kovid? Odem na ezdravlje, ulogujem se, stoji mi ono za download i kad kliknem samo vrti krug i prestane, ne pita me ni gde da sacuvam ni nista. Nema sta nisam probala i na kraju instalirala chrome da bih skinula glupi rezultat testa. Da li je uopste moguce to skinuti preko safarija i kako? Gde posle da gledam da li je skinulo kad mi ne izlazi opcija za skladištenje? Pregledala sam sve i nigde se nije skinulo preko safarija a preko chroma jeste."
https://mobilnisvet.com/mobilni-komentari/9280/Apple/iPhone-13-Pro-Max/3,Apple,Apple iPhone 13 Pro Max,E,2022-08-12 05:43:00,"Da li može neko da mi objasni ko ima ovaj uređaj zašto je tastatura ,,loša ?"
https://mobilnisvet.com/mobilni-komentari/9280/Apple/iPhone-13-Pro-Max/3,Apple,Apple iPhone 13 Pro Max,🍏,2022-08-07 04:10:00,"Da li neko od vas koristi iCloud+ dodatni prostor na iCloudu, koji se placa ?"
https://mobilnisvet.com/mobilni-komentari/9280/Apple/iPhone-13-Pro-Max/3,Apple,Apple iPhone 13 Pro Max,Anita,2022-08-06 18:44:00,Jel može neko da mi objasni šta tačno predstavlja ova opcija optimised battery charging? Na samsungu mi slično to prekine punjenje kad dodje do 85% baterije a ovde opet ode do 100%. Koja je tačno svrha? Mislila sam da prekine samo da ne moram stalno da proveravam dokle je stiglo…
https://mobilnisvet.com/mobilni-komentari/9280/Apple/iPhone-13-Pro-Max/3,Apple,Apple iPhone 13 Pro Max,marko,2022-08-02 12:34:00,"Pozdrav, dvoumim se izmedju s22 ultra i iphone 13 pro max. Koji telefon bi ste mi preporucili i ako neko ima iskustva da ih podeli"
https://mobilnisvet.com/mobilni-komentari/9280/Apple/iPhone-13-Pro-Max/3,Apple,Apple iPhone 13 Pro Max,Novi korisnik,2022-08-01 18:43:00,"Prvi put sam uzeo iphone i prešao sa android. Kako da instaliram teams ili zoom? Stalno traži karticu da se plati, jel moze ovo besplatno da se skine i kako? I jel ima neki pretraživač za internet kao Google Chrome?"
https://mobilnisvet.com/mobilni-komentari/9280/Apple/iPhone-13-Pro-Max/3,Apple,Apple iPhone 13 Pro Max,Goga,2022-07-28 04:51:00,"Fenomenalan telefon, zverina na svakom polju!"
https://mobilnisvet.com/mobilni-komentari/9280/Apple/iPhone-13-Pro-Max/3,Apple,Apple iPhone 13 Pro Max,Iphone,2022-07-18 18:54:00,"Odličan telefon! Zvuk, ekran i baterija fantazija. Bolji telefon nisam imala. Do sad sve huawei, samsung i xiaomi, mogu reći da ostajem uz jabuku. Dugo sam se dvoumila izmedju samsunga s22 plus i ovog, zadovoljna sam odabranim telefonom. Jedina negativna strana je cena telefona i opreme. Sve preporuke za mobilni!"
https://mobilnisvet.com/mobilni-komentari/9280/Apple/iPhone-13-Pro-Max/3,Apple,Apple iPhone 13 Pro Max,Mikica,2022-07-14 22:09:00,Kako instalirati shazzam na iphone? Pretplatila se na apple music iz tog razloga jer sam na androidu svaku pesmu koju shazamujem odmah prebacivala u listu za slušanje a sad kad sam prešla na iphone nema shazzam. 13 pro max je extra ali me izludjuju ove podele aplikacija po regionima. Ako promenim region na US jel zadržavam sve svoje pretplate( i cloud i applemusic) ? Tj da li se još nešto menja u telefonu kad promenim region?
https://mobilnisvet.com/mobilni-komentari/9280/Apple/iPhone-13-Pro-Max/3,Apple,Apple iPhone 13 Pro Max,Sanja,2022-07-10 00:06:00,"Ćao, da li postoji dual sim iphone 13 pro max? Bitno mi je jer koristim 2 broja. Uzeću telefon u a1 i vidim piše u specifikaciji dual sim, da li je neko uzimao tu i ima dual sim?"
https://mobilnisvet.com/mobilni-komentari/9280/Apple/iPhone-13-Pro-Max/3,Apple,Apple iPhone 13 Pro Max,Buba,2022-07-07 04:52:00,"Pozdrav, imam pitanje. Čitala sam da se ajfon često povezuje na računar, da li je to neophodno? Razmišljam o ajfonu, ali nemam računar jer sve obavljam preko telefona, pa da se ne zaletim. 😁"
https://mobilnisvet.com/mobilni-komentari/9280/Apple/iPhone-13-Pro-Max/3,Apple,Apple iPhone 13 Pro Max,MikiBg,2022-07-01 06:16:00,Kupio plavi pa sad zeleni uzeo
https://mobilnisvet.com/mobilni-komentari/9280/Apple/iPhone-13-Pro-Max/3,Apple,Apple iPhone 13 Pro Max,Mali andjeo,2022-06-29 13:24:00,Pozz imam samsung 20sFe pa razmisljam da uzmem iphone 13 pro max recite mi molim vas dal da nastavim sa samsungom ili da kupim iphone hvala unapred
https://mobilnisvet.com/mobilni-komentari/9280/Apple/iPhone-13-Pro-Max/3,Apple,Apple iPhone 13 Pro Max,Milos,2022-06-28 17:21:00,Pozdrav ljudi skoro sam kupio 13 pro max pa me zanima koliko izvlacite sot?
https://mobilnisvet.com/mobilni-komentari/9280/Apple/iPhone-13-Pro-Max/3,Apple,Apple iPhone 13 Pro Max,Bubi,2022-06-25 18:06:00,"Zna li se cena koja ce biti za 14 pro max? Da li ce cena 13 pro max pasti cim izadje u najavi serija 14? Razmisljam se da li da cekam 14 ili uzmem 13, s tim da mi je i 13 prilicno skup pa ako ce ovaj novi biti mnogo skuplji da onda ipak uzmem 13. Takodje me zanima kako ste resili buku prilikom poziva, kad se sve drugo cuje samo ne sagovornik? Drugarica ima taj problem da je jedva cuju kad prica dok je na ulici, da li ce to resiti neki novi update ili ima neka fora u podesavanjima?"
https://mobilnisvet.com/mobilni-komentari/9280/Apple/iPhone-13-Pro-Max/4,Apple,Apple iPhone 13 Pro Max,StayFun,2022-06-25 18:04:00,Iphone 13 pro max i svaki drugi iphone treba puniti ispod
https://mobilnisvet.com/mobilni-komentari/9280/Apple/iPhone-13-Pro-Max/4,Apple,Apple iPhone 13 Pro Max,Vladimir,2022-06-23 05:46:00,Da li i ovaj model kao i 13 ima provlem sa sumom u slusalici gde se sagovornik slabo cuje jer se sve okolo cuje poato je apple izbacio ko d aerije 13 prigusenje apoljnog zvuka ?
https://mobilnisvet.com/mobilni-komentari/9280/Apple/iPhone-13-Pro-Max/4,Apple,Apple iPhone 13 Pro Max,Ivan,2022-06-22 12:52:00,Kupio sam 13 pro max 256gb. Bukvalno nemam nijednu manu sa mu zamerim.
https://mobilnisvet.com/mobilni-komentari/9280/Apple/iPhone-13-Pro-Max/4,Apple,Apple iPhone 13 Pro Max,Ana,2022-06-21 19:53:00,"Ćao, htela bih da uzmem 13pro max ali pre toga da se informišem o mogućnostima istog. Zadnji put sam imala iphone 8. Ovako da li sad mogu da se instaliraju google photos i da rade? Da li može da se instalira gboard jer ima slova šćčžđ posebno a ne skriveno? Da li je moguće promeniti font u telefonu? Na kraju da li može da koristi app koje snimaju pozive kao Cube Acr?"
https://mobilnisvet.com/mobilni-komentari/9280/Apple/iPhone-13-Pro-Max/4,Apple,Apple iPhone 13 Pro Max,Veseli,2022-06-18 05:57:00,"Kupujem 13pro max , imam 12pro max 256gb, potrosio sam 100gb memorije"
https://mobilnisvet.com/mobilni-komentari/9280/Apple/iPhone-13-Pro-Max/4,Apple,Apple iPhone 13 Pro Max,Neko,2022-06-17 18:23:00,Iphone 13 pro max  ili Huawei p50 pro?
https://mobilnisvet.com/mobilni-komentari/9280/Apple/iPhone-13-Pro-Max/4,Apple,Apple iPhone 13 Pro Max,Toma,2022-06-17 17:59:00,"Da li neko zna jel dovoljno 256gb za 13pm, neka normalna upotreba, nikakvo posebno snimanje itd… slikanje, snimanje instagram i te fore, nista specijalno"
https://mobilnisvet.com/mobilni-komentari/9280/Apple/iPhone-13-Pro-Max/4,Apple,Apple iPhone 13 Pro Max,Becan8,2022-06-10 21:02:00,Da li neko zna zasto mi kad slusam muziku pa udjem na fb ili instagram i gledam neki video prekine zvuk na muzici? Da li mogu nekako namjestiti da ne prekida zvuk muzike/pjesmi ?
https://mobilnisvet.com/mobilni-komentari/9280/Apple/iPhone-13-Pro-Max/4,Apple,Apple iPhone 13 Pro Max,Kiza,2022-06-05 10:50:00,Tastatura katastrofa.
https://mobilnisvet.com/mobilni-komentari/9280/Apple/iPhone-13-Pro-Max/4,Apple,Apple iPhone 13 Pro Max,Irvas,2022-06-04 22:48:00,"Pozdrav ljudi, moze li se od predhodnog modela 12 pro mah koristiti punjac (originalan apple) , za 13 pro mah? Vec neko vreme ga punim sa njim"
https://mobilnisvet.com/mobilni-komentari/9280/Apple/iPhone-13-Pro-Max/4,Apple,Apple iPhone 13 Pro Max,maxim,2022-06-04 11:19:00,"Ok telefon, a bio bi odličan samo da se ne pregreje često, i moj drug mi se isto žalio na često pregrejavanje..."
https://mobilnisvet.com/mobilni-komentari/9280/Apple/iPhone-13-Pro-Max/4,Apple,Apple iPhone 13 Pro Max,Miksi,2022-06-04 10:55:00,"Pozdrav clanovi grupe, mobtel sam kupio pre 2 meseca nov preko mts/a originalni punjac, i neko normalno koriscenje . Da , mi padne BH na 97% uopste dali je to sasvim uredu ? Pre par godina sam dobio nov iphone (x)iz Nemacke BH 100% je drzao 6/7 meseci"
https://mobilnisvet.com/mobilni-komentari/9280/Apple/iPhone-13-Pro-Max/4,Apple,Apple iPhone 13 Pro Max,Daka,2022-06-04 10:52:00,"Da ne bude da hejtujem sve, baterija je stvarno brutalna. Družim se sa ovim aparatom već par nedelja. Bateriju ne spuštam ispod 20% i podesio sam da je ne puni preko 80%, preko noći. Još drži health na 100% i drži duže nego bilo koji aparat koji sam koristio do sad. Dakle, Skype video pozivi, YT, slanje mail-ova, video pozivi preko različitih app, i dalje drži dobro preko 24h. Svaka čast! Samo da je sistem hlađenja prilagođen i imao bih savršen model, što se baterije tiče. Dao bih 5 samo da nema ovog nepodnošljivog pregrijavanja, bar što se baterije tiče 🙂"
https://mobilnisvet.com/mobilni-komentari/9280/Apple/iPhone-13-Pro-Max/4,Apple,Apple iPhone 13 Pro Max,Daka,2022-06-02 19:26:00,Tastatura me i dalje izluđuje! Ali su zato ostavili 2cm ispod ( ( dvije ikonice ) za jezik i mikrofon ( !? )
https://mobilnisvet.com/mobilni-komentari/9280/Apple/iPhone-13-Pro-Max/4,Apple,Apple iPhone 13 Pro Max,Radoslav,2022-05-30 00:36:00,"Ljudi pomagajte, telefon sam kupio u Austriji 13 pro max pre par meseca ,u apple store dosao sam na odmoru u srbiji sve radi funkcionise mobolne mreze / sim... Ali vidim da nije globalan za EU trziste nego A2484 i pise da je za United States/ Amerika ... Dali je to nesto bolje , lose pisite??? Inace nerazumem se pozz"
https://mobilnisvet.com/mobilni-komentari/9280/Apple/iPhone-13-Pro-Max/4,Apple,Apple iPhone 13 Pro Max,Daka,2022-05-23 18:15:00,"Kupio sam Iphone 13 Pro Max i...pokajao sam se. Naglasio bih da ne pišem ovo kao neko koje prešao na drugu stranu , već iz ugla ličnih očekivanja. Djevojka je vjerni korisnik ovog brenda godinama i ja se nikada nisam primio. Ispostavilo se sa razlogom. Nego da ne dužim. Telefon sam uzeo jer u Crnoj Gori još uvijek nije dostupan S22U (!?), posjedujem S20 i imamo u kući nekog starog kineskog ( mada ne vidim kako se i IP13 ne vodi kao kineski, jer na kutiji piše sastavljen u Kini) i, naravno jabuke koje koristi djevojka."
https://mobilnisvet.com/mobilni-komentari/9280/Apple/iPhone-13-Pro-Max/4,Apple,Apple iPhone 13 Pro Max,IvanaLuna,2022-05-20 21:43:00,"Caos svima,"
https://mobilnisvet.com/mobilni-komentari/9280/Apple/iPhone-13-Pro-Max/4,Apple,Apple iPhone 13 Pro Max,Alonso,2022-05-19 11:40:00,Ljudi dali vredi preci sa 12 pro mah 256 na 13 pro mah 256
https://mobilnisvet.com/mobilni-komentari/9280/Apple/iPhone-13-Pro-Max/4,Apple,Apple iPhone 13 Pro Max,Mare,2022-05-18 20:44:00,"Uzeo sam prvi Iphone u zivotu,bio sam veciti hejter jabuke i dalje sam manje vise,ali protiv cinjenica ne moze covek ici.Posle Huawei mate 30 pro,presao sam na Oppo find x3 pro,zbog ocajne baterije sam ga zamenio brze bolje za Vivo x70 pro plus,malo jaca baterija alj opet stucanje oko 21-22h.Posle svega pukao mi je film i uzeo sam prvi put u zivotu Iphone 13 pro max,u ovom trebutku u 22:30 baterija stoji na 60 posto,skinut sa punjaca u 5 i 20 ujutru.Posle prelaska imao sam utisak da je ios za nijansu sporiji i ako glatko radi,sad sam se vec navikao pa nema vise tog osecaja.Tel radi odlicno,sta me nervira,pojedinacno gasenje aplikacija i sto nema taster za nazad u donjem delu,vec skroz gore levo sto je totalno ne prakticno,ali stvar navike.Sve ostale,pa sta reci,vrhunski uredjaj."
https://mobilnisvet.com/mobilni-komentari/9280/Apple/iPhone-13-Pro-Max/4,Apple,Apple iPhone 13 Pro Max,Sonja,2022-05-11 22:14:00,Drugarica je kupila neki dan polovan 13 pro max i nema apple garanciju ne ispise joj nista u telefonu
https://mobilnisvet.com/mobilni-komentari/9280/Apple/iPhone-13-Pro-Max/4,Apple,Apple iPhone 13 Pro Max,Ina,2022-05-03 16:39:00,"Zdravo, da li neko moze da objasni kako da prebacim WhatsApp chat (celokupno dopisivanje) sa Androida na IOS? Da li postoji besplatna aplikacija ili neki poseban nacin za to?"
https://mobilnisvet.com/mobilni-komentari/9280/Apple/iPhone-13-Pro-Max/4,Apple,Apple iPhone 13 Pro Max,Eu,2022-05-02 18:39:00,"Pojedini jedva kupe ajfon , a laptop mu je windows. I na kraju kaze kako se sporo prenose podatke , fajlovi ovo ono... Iphone/ Apple uredjaji su za bogate druze moj"
https://mobilnisvet.com/mobilni-komentari/9280/Apple/iPhone-13-Pro-Max/4,Apple,Apple iPhone 13 Pro Max,Jovan 1.,2022-05-01 00:34:00,"Kao od nedavna korisnik iPhon 13 PM kao početnik uz dosta truda i korisnih saveta uspeo sam da savladam veliku većinu problema, pa bih u tom smislu pomogao nekim Komentarima - pitanjima. U vezi Servisa i Garancija idite na PC-računar i sait"
https://mobilnisvet.com/mobilni-komentari/9272/Apple/iPhone-13-Pro/4,Apple,Apple iPhone 13 Pro,Milena,2023-07-13 12:54:00,Da li vredi preci sa iphona 12 na iphone 13 pro?🙂
https://mobilnisvet.com/mobilni-komentari/9272/Apple/iPhone-13-Pro/4,Apple,Apple iPhone 13 Pro,Zoran,2023-06-30 19:40:00,Dali se isplati dati nov iphone 14 za polovan iphone 13 pro star 8 meseci sa baterijom 98%.Hvala
https://mobilnisvet.com/mobilni-komentari/9272/Apple/iPhone-13-Pro/4,Apple,Apple iPhone 13 Pro,Mia,2023-06-27 23:12:00,Ip 13 pro ili 14pro ? Iskreno misljenje
https://mobilnisvet.com/mobilni-komentari/9272/Apple/iPhone-13-Pro/4,Apple,Apple iPhone 13 Pro,Erol,2023-06-09 01:17:00,"Pozdrav, imam dilemu između s23/iphone 13 pro/iphone 14 običan - koji kupiti? U suštini najbitnija stavka su mi kamere jer ću ih često koristiti pogotovo za putovanja. Po nekim yt testovima što sam gledao poređenja između ip14 i s23, lično mi se rezultati više dopadaju na s23, iako je to tu negde, a adekvatno poređenje između s23 i ip 13 pro ne mogu da nađem. Da li neko ko je koristio i s23 i ip13p/ip14 može da mi podeli realne utiske što se kamere tiče? (Glavna, portret, selfi, noćne) Sve ostalo mi je daleko na strani s23 tu dileme nemam, ali ako ću osetno bolje fotografije dobiti sa ajfonom onda ću radije njega uzeti."
https://mobilnisvet.com/mobilni-komentari/9272/Apple/iPhone-13-Pro/4,Apple,Apple iPhone 13 Pro,Vanja,2023-05-27 12:40:00,"Pozdrav,imam ponudu za 13 pro ali je batery health 90! Pa me zanima moze li da izgura dan bez problema ili cu morati da dopunjujem preko dana! Inace nisam neki zahtevni korisnik cisto drustvene mreze i youtube!"
https://mobilnisvet.com/mobilni-komentari/9272/Apple/iPhone-13-Pro/4,Apple,Apple iPhone 13 Pro,Marko 11,2023-05-22 12:33:00,"Zdravo da li 13 mini i 13 pro imaju iste kamere i video ili ima razlike? Naravno bez telefoto kamere. Imam 13 mini koristim ga god dana kamere su stvarno vrh pogotovo po danu video isto, pa me zanima ima li neke velike razlike."
https://mobilnisvet.com/mobilni-komentari/9272/Apple/iPhone-13-Pro/4,Apple,Apple iPhone 13 Pro,Zoran,2023-05-17 16:57:00,"Pozdrav,trenutno koristim iphone 12 planiram da ga zamenim pa dali uzeti iphone 13pro sa 95%bateriju ili nov iphone 14."
https://mobilnisvet.com/mobilni-komentari/9272/Apple/iPhone-13-Pro/4,Apple,Apple iPhone 13 Pro,Mirko,2023-05-02 07:18:00,"Pozdrav, treba mi vase misljenje.. U dvoumici sam oko kupovine telefona, naime dvoumim se izmedju iphone 12 pro ili 13 pro. Budzet mi je ok mogu si priustiti i 13 pro, ali je bas dosta velika razlika u cijeni. Pa me zanima da li se isplati tolika razlika u cijeni ili da ipak pazarim 12 pro?"
https://mobilnisvet.com/mobilni-komentari/9272/Apple/iPhone-13-Pro/4,Apple,Apple iPhone 13 Pro,Marko,2023-03-29 22:18:00,Opet su nesto zeznuli...
https://mobilnisvet.com/mobilni-komentari/9272/Apple/iPhone-13-Pro/4,Apple,Apple iPhone 13 Pro,Miodrag,2023-03-17 06:09:00,"Uzeo sam 13 pro 1og septembra, pre 15 dana battery health bio 98% sad 94% previse je opao za tako malo vremena,vredi li reklamirati u istyle?"
https://mobilnisvet.com/mobilni-komentari/9272/Apple/iPhone-13-Pro/4,Apple,Apple iPhone 13 Pro,Miloš,2023-02-28 23:42:00,"Pozdrav drugari :-) planiram da uzmem ovaj telefon, u grafitno sivoj boji. Manje-više znam sve o telefonu ali me zanima koliko je otporan na habanje? Nikada ne koristim zaštitne maske pa ne bih ni na njemu. Nekako mi te maske idu na zivce, totalno mi izmene telefon."
https://mobilnisvet.com/mobilni-komentari/9272/Apple/iPhone-13-Pro/4,Apple,Apple iPhone 13 Pro,Marko,2023-02-28 13:17:00,"Pozdrav, koji lightning to 3.5mm koristiti za ovaj uređaj. Kupovao sam par njih i na većini se čuje samo zvuk, ali kad hoću da koristim mikrofon, ne reaguje. Kupio sam u prodavnici navodno original, ali ni taj nije radio. Znam da je potreban MFI sertifikat da bi radio, pa ako iko ima neki adapter na kom radi i zvuk i slušalica poziva, neka mi napiše u komentaru, ili da link gde je kupio. Hvala unapred"
https://mobilnisvet.com/mobilni-komentari/9272/Apple/iPhone-13-Pro/4,Apple,Apple iPhone 13 Pro,.m.,2023-02-26 00:47:00,Pozdrav gde ima da se kupi ovaj telefon novi? Koja je cena i da li je bolje uzeti 128gb ili 256h
https://mobilnisvet.com/mobilni-komentari/9272/Apple/iPhone-13-Pro/4,Apple,Apple iPhone 13 Pro,Miki,2023-02-23 07:34:00,Dali je normalno da u sjedenju dana smakne sa 97 na 95h imam original punjač i koristim tel normalno?
https://mobilnisvet.com/mobilni-komentari/9272/Apple/iPhone-13-Pro/4,Apple,Apple iPhone 13 Pro,Ana,2023-02-19 22:43:00,Fenomenalan!!!
https://mobilnisvet.com/mobilni-komentari/9272/Apple/iPhone-13-Pro/4,Apple,Apple iPhone 13 Pro,Marko,2023-02-13 21:01:00,"Najjace da ovaj telefon poskupljuje iz dana u dan i pravi sve vecu razliku u odnosu na obicnu 13-ticu, vec je razlika 350e sto je previse a te razlike ne vrede toliko bas...koji je razlog da cena raste ko ce ga znati... a cena 14 pro pada ne puno ali se primeti."
https://mobilnisvet.com/mobilni-komentari/9272/Apple/iPhone-13-Pro/4,Apple,Apple iPhone 13 Pro,Mario,2023-02-11 18:03:00,Vaše mišljenje o kameri i baterija ?
https://mobilnisvet.com/mobilni-komentari/9272/Apple/iPhone-13-Pro/4,Apple,Apple iPhone 13 Pro,R,2023-02-08 16:41:00,"Koji se bolje pokazao, iphone 12 pro ili iphone 13 pro? Na kojem modelu duze traje baterija?"
https://mobilnisvet.com/mobilni-komentari/9272/Apple/iPhone-13-Pro/4,Apple,Apple iPhone 13 Pro,Mik,2023-02-06 19:21:00,Dali je ok uzeti iPhone 13pro star 7 meseci 96h baterija kao nov? Hvala
https://mobilnisvet.com/mobilni-komentari/9272/Apple/iPhone-13-Pro/4,Apple,Apple iPhone 13 Pro,Milan018,2023-01-18 17:45:00,"Posedujem Iphone 13pro, i primetio sam da prilikom korišćenja viber aplikacije skrolovanje po chat istoriji nije fluidno, izuzetno se koči i prilikom rotacije telefona iz vertikalnog u horizontalni položaj dolazi do pojave crnog ekrana (oko 1/3 veličine) na par sekundi."
https://mobilnisvet.com/mobilni-komentari/9272/Apple/iPhone-13-Pro/4,Apple,Apple iPhone 13 Pro,Nikola,2023-01-14 16:30:00,Da li je bolje uzeti obicnan 13 ili 12 pro ?
https://mobilnisvet.com/mobilni-komentari/9272/Apple/iPhone-13-Pro/4,Apple,Apple iPhone 13 Pro,Milena,2022-12-26 11:49:00,"Samo jedno pitanjce, da li je normalo da bbaterija spadne od 100% na 85 za 3 sata a telefon nije koriscen?"
https://mobilnisvet.com/mobilni-komentari/9272/Apple/iPhone-13-Pro/4,Apple,Apple iPhone 13 Pro,Nikola,2022-12-19 11:36:00,Ima li neko da ima ajfon 13 pro da mu je 87 bh . Hvala pozdrav
https://mobilnisvet.com/mobilni-komentari/9272/Apple/iPhone-13-Pro/4,Apple,Apple iPhone 13 Pro,Miroslav,2022-12-15 15:01:00,Evo ljudi da napišem nešto
https://mobilnisvet.com/mobilni-komentari/9260/Apple/iPhone-13/4,Apple,Apple iPhone 13,Aber,2024-10-19 07:15:00,"Dal ovo uzeti ili 15 običan, treba mi čisto poslovno ništa specijalno kontam da ne dajem više novca kad možda i ovaj nudi sve isto??"
https://mobilnisvet.com/mobilni-komentari/9260/Apple/iPhone-13/4,Apple,Apple iPhone 13,Milica,2024-10-13 21:45:00,Da li uzeti Iphone 13 ili Samsung S23? Kamera i baterija bitni
https://mobilnisvet.com/mobilni-komentari/9260/Apple/iPhone-13/4,Apple,Apple iPhone 13,M,2024-10-10 15:34:00,Da li je moguce placanje u ratama
https://mobilnisvet.com/mobilni-komentari/9260/Apple/iPhone-13/4,Apple,Apple iPhone 13,855,2024-09-29 12:09:00,Iphone 13 ili samsung s23
https://mobilnisvet.com/mobilni-komentari/9260/Apple/iPhone-13/4,Apple,Apple iPhone 13,Sanja,2024-09-24 10:02:00,Jel imate ovaj telefon na stanju?
https://mobilnisvet.com/mobilni-komentari/9260/Apple/iPhone-13/4,Apple,Apple iPhone 13,Tihi,2024-09-14 11:06:00,"Pozdrav sta je bolja kupovina nova 13 ca 128gb,ili 14 pro bat.92 h ??"
https://mobilnisvet.com/mobilni-komentari/9260/Apple/iPhone-13/4,Apple,Apple iPhone 13,Kkk,2024-09-11 17:32:00,Kako najlakše prebaciti poruke sa vibera sa androida na iphone 13?
https://mobilnisvet.com/mobilni-komentari/9260/Apple/iPhone-13/4,Apple,Apple iPhone 13,Sale,2024-09-08 19:50:00,Pozdrav.Koji je bolja kupovina telefona iPhone 13 ili Samsung S24?
https://mobilnisvet.com/mobilni-komentari/9260/Apple/iPhone-13/4,Apple,Apple iPhone 13,Petar,2024-09-07 23:40:00,Pozdrav zanima me koje boje imate iphone 13
https://mobilnisvet.com/mobilni-komentari/9260/Apple/iPhone-13/4,Apple,Apple iPhone 13,Maruca,2024-09-05 11:06:00,Postoji li ikakva mogucnost da jezik Iphona bude srpski umesto hrvatskog ili engleskog?
https://mobilnisvet.com/mobilni-komentari/9260/Apple/iPhone-13/4,Apple,Apple iPhone 13,.,2024-09-02 06:38:00,Iphone 13 ili iphone 14 plus?
https://mobilnisvet.com/mobilni-komentari/9260/Apple/iPhone-13/4,Apple,Apple iPhone 13,Zoran,2024-08-29 13:31:00,"Pozdrav, potrebna mi je pomoc u odabiru Iphone 13 ili 15 obicna varijanta?"
https://mobilnisvet.com/mobilni-komentari/9260/Apple/iPhone-13/4,Apple,Apple iPhone 13,Milo,2024-08-28 22:45:00,Mogu li kako da se upale one lampice da trepere kao indikatori
https://mobilnisvet.com/mobilni-komentari/9260/Apple/iPhone-13/4,Apple,Apple iPhone 13,KupacZ,2024-08-27 21:47:00,Molim pomoć. Uzeo bi ovaj telefon samo zbog video zapisa. Da li je on 4k u 30 ili 60f? Sada koristim Samsung koji ima FHD u 60f ali mu nije sjajna stabilizacija.
https://mobilnisvet.com/mobilni-komentari/9260/Apple/iPhone-13/4,Apple,Apple iPhone 13,Стефф,2024-08-20 05:01:00,"Evo i ja da dam neke svoje utiske. Kao korisnik androida, nisam često menjao telefone, jednom u 3,4 godine, ali su uvek bili flegšip modeli. I tako, nekoliko godina sam koristio svoj poslednji android telefon(huavej p40 pro) do pre neki dan kada je supruga rešila da me iznenadi novim telefonom a ne razume se baš u telefone, i kupila je Ajfon 13. Naravno, ne delim se ni na jednu stranu (android ili ios), prvih nekoliko dana mi je bio haos da se snađem na ovom telefonu, dok mi nike leglo sve na svoje mesto, mislio sam da nije ovo za mene, i da nastavim da koristim stari telefon, ali eto, posle nekoliko dana privikavanja mi se u stvari jako svideo Ajfon, i mogu reći da mi odgovara sve na njemu, kamera okej ali i dalje koristim p40 pro za slikanje. Mislim da se neću ni vraćati više na android u skorije vreme."
https://mobilnisvet.com/mobilni-komentari/9260/Apple/iPhone-13/4,Apple,Apple iPhone 13,Bora,2024-08-19 09:09:00,Koju prodavnicu preporučujete za kupovinu ovog telefona?
https://mobilnisvet.com/mobilni-komentari/9260/Apple/iPhone-13/4,Apple,Apple iPhone 13,Rhh,2024-08-18 10:33:00,"Juce kuoim iPhone 13 za 240 e, 87 battery health. Nije u nekom stanju, ali nije ni los…"
https://mobilnisvet.com/mobilni-komentari/9260/Apple/iPhone-13/4,Apple,Apple iPhone 13,Aca,2024-08-12 08:37:00,Gde je najbolje uzeti Iphone 13 White sa spiska prodavnica gore?
https://mobilnisvet.com/mobilni-komentari/9260/Apple/iPhone-13/4,Apple,Apple iPhone 13,Lazar,2024-07-31 16:28:00,I šta znači 86 body
https://mobilnisvet.com/mobilni-komentari/9260/Apple/iPhone-13/4,Apple,Apple iPhone 13,ccccc,2024-07-31 01:15:00,"Nikada nisam koristila iphone pa me zanima ovo oko baterije, vidim svi su optereceni BH, kako je u praksi, tipa koliko ce baterija drzati ako je na primer BH 90%? I da li stvarno mora da se menja kad padne ispod 80%? Hvala."
https://mobilnisvet.com/mobilni-komentari/9260/Apple/iPhone-13/4,Apple,Apple iPhone 13,v,2024-07-27 02:48:00,Šta je bolje uzeti nov samsung a55 ili nov iphone 11 ili polovan iphone 13
https://mobilnisvet.com/mobilni-komentari/9266/Apple/iPhone-13-mini/4,Apple,Apple iPhone 13 mini,Goki,2023-01-01 20:05:00,Vredi li uzeti u 2023?
https://mobilnisvet.com/mobilni-komentari/9266/Apple/iPhone-13-mini/4,Apple,Apple iPhone 13 mini,Sinisa,2022-12-30 10:29:00,Da li je neko koristio ovaj iphone 13 mini i galaxy s22? Moze li mi uporediti sa baterijom i kamerom ove modele
https://mobilnisvet.com/mobilni-komentari/9266/Apple/iPhone-13-mini/4,Apple,Apple iPhone 13 mini,Toma,2022-12-27 19:21:00,Mozda cu neobicno pitanje da postavim ali zanima me pre svega da li je blic(bateriska lampa)dovoljno jaka?
https://mobilnisvet.com/mobilni-komentari/9266/Apple/iPhone-13-mini/4,Apple,Apple iPhone 13 mini,Jm,2022-12-27 09:27:00,Koje slusalice koristite a da nisu apple?
https://mobilnisvet.com/mobilni-komentari/9266/Apple/iPhone-13-mini/4,Apple,Apple iPhone 13 mini,Tera,2022-12-24 17:19:00,"Iphone 11 128g ili 13 mini, da li može neko da uporedi osnovne karakteristike i za koji model se opredeliti? Da li vredi 100 evra više Iphone 13"
https://mobilnisvet.com/mobilni-komentari/9266/Apple/iPhone-13-mini/4,Apple,Apple iPhone 13 mini,Vasko Z.,2022-12-18 12:38:00,Ima li blutut?
https://mobilnisvet.com/mobilni-komentari/9266/Apple/iPhone-13-mini/4,Apple,Apple iPhone 13 mini,Borko,2022-12-07 22:22:00,"Telefon fantasticnog izgleda obozavam ovaj stari frejm poput starog iPhone 5s ,a sto se samog rada tice tu su svi komentari suvisni ,ja licno vise volim kada telefon lepo lezi u ruci i bez ikakvih poteskoca se rukuje jednom rukom za mene je mini model best bay"
https://mobilnisvet.com/mobilni-komentari/9266/Apple/iPhone-13-mini/4,Apple,Apple iPhone 13 mini,Pomoc,2022-12-06 20:26:00,"Ljudi, koji moze biti razlog za prebrzo opadanje zdravlja baterije? Znaci telefon imam skoro 5 meseci otislo mi je 11%. Od toga 6% mi je pojelo odmah nakon dva azuriranja softvera, to sam prestala vise da radim."
https://mobilnisvet.com/mobilni-komentari/9266/Apple/iPhone-13-mini/4,Apple,Apple iPhone 13 mini,>3,2022-11-28 19:06:00,"13 mini ili 12 obican, prednosti i mane?"
https://mobilnisvet.com/mobilni-komentari/9266/Apple/iPhone-13-mini/4,Apple,Apple iPhone 13 mini,Bole6,2022-11-26 12:34:00,"Pozdrav, hteo sam da pitam nekoga ko koristi ovaj telefon duze vreme za utiske neke, sta su najvece prednosti/mane. Kad bih kupio ovaj telefon s obzirom na cenu ne bih ga sigurno koristio manje od 3 godine, pa dal mislite da se isplati?"
https://mobilnisvet.com/mobilni-komentari/9266/Apple/iPhone-13-mini/4,Apple,Apple iPhone 13 mini,Pitanje,2022-11-18 11:48:00,Da li uzeti se 22 ili 13 mini s obzirom da je budžet veoma bitan?
https://mobilnisvet.com/mobilni-komentari/9266/Apple/iPhone-13-mini/4,Apple,Apple iPhone 13 mini,Filip,2022-11-04 21:14:00,13 mini ili asus zenfone 9?
https://mobilnisvet.com/mobilni-komentari/9266/Apple/iPhone-13-mini/4,Apple,Apple iPhone 13 mini,Coaa,2022-10-30 09:06:00,Iphone 13 mini ili s22 obican?
https://mobilnisvet.com/mobilni-komentari/9266/Apple/iPhone-13-mini/4,Apple,Apple iPhone 13 mini,Veselin,2022-10-18 19:18:00,Kakav je stereo zvuk i zvuk u slusalici?
https://mobilnisvet.com/mobilni-komentari/9266/Apple/iPhone-13-mini/4,Apple,Apple iPhone 13 mini,13 mini,2022-10-06 13:53:00,"Pozz, da li je neka pratio za koliko mu procenata opadne baterija u toku noci (kada su iskljuceni wifi i mobilni podaci)?"
https://mobilnisvet.com/mobilni-komentari/9266/Apple/iPhone-13-mini/4,Apple,Apple iPhone 13 mini,Andrija,2022-10-02 15:59:00,"Imam iphone 11 koji me odlicno sluzi,a sada imam ponudu za iphone 13 mini pa me zanima da li je bas velika razlika izmedju ova dva telefona ? hvala"
https://mobilnisvet.com/mobilni-komentari/9266/Apple/iPhone-13-mini/4,Apple,Apple iPhone 13 mini,D,2022-09-24 19:11:00,cao evo planiram na 13 mini uskoro kakva je baterija da li  je telefon premali imam malo vece nego prosecne sake
https://mobilnisvet.com/mobilni-komentari/9266/Apple/iPhone-13-mini/4,Apple,Apple iPhone 13 mini,M,2022-09-23 12:36:00,Da li je bolje uzeti 12 ili 13 mini?
https://mobilnisvet.com/mobilni-komentari/9266/Apple/iPhone-13-mini/4,Apple,Apple iPhone 13 mini,LG,2022-09-18 14:26:00,Da li svaki iphone 13 podrzava dual sim (esim+nanosim) ili postoji razlika izmedju obicnog i dual sim modela?
https://mobilnisvet.com/mobilni-komentari/9266/Apple/iPhone-13-mini/4,Apple,Apple iPhone 13 mini,Anjica,2022-09-14 22:11:00,"Caos,planiram da kupim ovaj tel.ali procitala sam da ne prijavljujem Srbiju kao region,nego neki drugi,tipa Aljaska ili slicno,zbog aplikacija i placanja istih,moze li mi neko malo objasniti o cemu je rec i da li je uopste bitan region?? Hvalaaaa"
https://mobilnisvet.com/mobilni-komentari/9266/Apple/iPhone-13-mini/4,Apple,Apple iPhone 13 mini,Brdjanin,2022-09-13 12:28:00,"Posle 8 meseci koriscenja, 13 mini , jako zadovoljan. Stvarno top telefon."
https://mobilnisvet.com/mobilni-komentari/9266/Apple/iPhone-13-mini/4,Apple,Apple iPhone 13 mini,Goran,2022-09-13 10:50:00,Kako u silent modu iskljuciti i ukljuciti vibraciju???
https://mobilnisvet.com/mobilni-komentari/9266/Apple/iPhone-13-mini/4,Apple,Apple iPhone 13 mini,☠️,2022-09-09 08:18:00,"Napišite mi iskustva za ovaj telefon razmišljam se da ga kupim, ali pročitao sam da se nekima greje da se baterija brzo prazni."
https://mobilnisvet.com/mobilni-komentari/9266/Apple/iPhone-13-mini/4,Apple,Apple iPhone 13 mini,13 mini,2022-09-06 07:41:00,"Interesuje me da li neko ima sličan problem ili je ovo normalno na ip 13 mini modelu. Telefon sam kupila pre manje od mesec dana i od prvog dana korišćenja baterija ne može da izdrži ceo dan. Telefon se ne greje ali sam više puta imala situacije da ga punim dva puta dnevno. Ne provodim previše vremena na telefonu i ne znam koliko bi bio na punjaču kad bih ga više koristila. U toku noći(6-8 sati), ukoliko nisu mobilni podatci i wi fi isključeni, a štednja baterije uključena, potroši i do 15% baterije. Zdravlje baterije je 100%."
https://mobilnisvet.com/mobilni-komentari/9266/Apple/iPhone-13-mini/4,Apple,Apple iPhone 13 mini,Mali Urke,2022-09-03 12:28:00,"Tel je puška! 3 meseca ga imam poslednji ios bio 5s od tad samo android. Od sad samo ios. Bh 100% ali se ne opterećujem time ni malo. Nosite ga rokajte ga slikajte snimajte uživajte u svemu što poseduje. Pogotovu osećaj kad sedne u ruku. Za god ipo 2 biće i dalje vrhunski aparat ako bude loša baterija zameniš i teraj dalje. To je samo telefon, ipak. :)"
https://mobilnisvet.com/mobilni-komentari/8061/Apple/iPhone-12-mini/4,Apple,Apple iPhone 12 mini,mici,2021-10-28 09:40:00,moze li da se vrate viber poruke ako sam presla sa androida na ios?
https://mobilnisvet.com/mobilni-komentari/8061/Apple/iPhone-12-mini/4,Apple,Apple iPhone 12 mini,janko,2021-10-12 13:13:00,"koliko je sigurno uzeti polovan telefon, 98% baterije,  ni jedne tackice na njemu?"
https://mobilnisvet.com/mobilni-komentari/8061/Apple/iPhone-12-mini/4,Apple,Apple iPhone 12 mini,m,2021-10-07 15:34:00,"ima 12 mini 97% baterija , zna li se koliko je koristen"
https://mobilnisvet.com/mobilni-komentari/8061/Apple/iPhone-12-mini/4,Apple,Apple iPhone 12 mini,Mirjana,2021-10-06 20:42:00,"Dobro veče, molim za savet, 12 mini ili 11 pro?"
https://mobilnisvet.com/mobilni-komentari/8061/Apple/iPhone-12-mini/4,Apple,Apple iPhone 12 mini,Petar,2021-10-06 20:25:00,"Koristim telefon već neko vreme, predhodno sam koristio iPhone 11... Utisci su sledeći, ekran odličan, kamera takođe, brzina glupo je i govoriti...sve u svemu telefon vredi.. Vidim dosta zamerki na bateriju, ja za sada nemam problema doduše tel je nov, ali se i dosta koristi (privatno i službeno) baterija traje jedan dan... Brže se puni u odnosu na 11 što je super.. Sve u svemu odlična kupovina kome odgovara veličina, ja sam ovu baš želeo jer sam nekad imao 5s..."
https://mobilnisvet.com/mobilni-komentari/8061/Apple/iPhone-12-mini/4,Apple,Apple iPhone 12 mini,Jelena,2021-10-02 21:42:00,Pozz
https://mobilnisvet.com/mobilni-komentari/8061/Apple/iPhone-12-mini/4,Apple,Apple iPhone 12 mini,Sasa,2021-10-02 15:54:00,Koliko sota izdrzi mini? Ne igram igrice ali surfujem dosta ponekad navigacija itd da li izdrzi normalan dan?
https://mobilnisvet.com/mobilni-komentari/8061/Apple/iPhone-12-mini/4,Apple,Apple iPhone 12 mini,Status,2021-09-30 09:01:00,Da li je kamera bolja nego na SE 2020? Imam ga pa se razmisljam o prelasku
https://mobilnisvet.com/mobilni-komentari/8061/Apple/iPhone-12-mini/4,Apple,Apple iPhone 12 mini,Davson,2021-09-27 21:16:00,Zanima me ako moze neko da mi kaze
https://mobilnisvet.com/mobilni-komentari/8061/Apple/iPhone-12-mini/4,Apple,Apple iPhone 12 mini,Igor,2021-09-26 18:06:00,"Kakvi su prvi utisci sto se baterije tice na iOS 15? Bolja,ista,gora?"
https://mobilnisvet.com/mobilni-komentari/8061/Apple/iPhone-12-mini/4,Apple,Apple iPhone 12 mini,M,2021-09-23 17:36:00,Da li je bolje uzeti 12 mini 128gb ili obican 12 64gb?
https://mobilnisvet.com/mobilni-komentari/8061/Apple/iPhone-12-mini/4,Apple,Apple iPhone 12 mini,Neodlucna,2021-09-17 14:41:00,Cao svima! Imam samsung galaxy S10e i od kad znam za sebe imam samsung. Ali sad bih menjala ali ne mogu da se odlucim da li da ostanem u mini fazonu sa S12 mini ili da uzmem S12 pro? Da li ima neko da mi kaze nesto pametno? Dosta puno koristim drustvene mreze i puno i dugo gledam yt. Znam i sama da mi mozda pro vise sluzila ali volim manje telefone a sa druge strane bojim se zbog baterije kod mini dosta vas pise da ne drzi bas puno a zbog gore navedenih mi treba baterija...🤷‍♀️
https://mobilnisvet.com/mobilni-komentari/8061/Apple/iPhone-12-mini/4,Apple,Apple iPhone 12 mini,Dejan,2021-08-29 19:49:00,Neko ko citav zivot koristi Samsung odluci da predje na Iphone 12 mini. Telefon je zmaj u svakom smislu te reci…nisam se pokajao ni jednog momenta. Baterija izdrzi dan i po bez problema…
https://mobilnisvet.com/mobilni-komentari/8061/Apple/iPhone-12-mini/4,Apple,Apple iPhone 12 mini,Bora,2021-08-08 10:24:00,Ako planiram da koristim telefon narednih 4-5-6 godina da uzmem 128gb ili je dovoljno i 64gb ???
https://mobilnisvet.com/mobilni-komentari/8061/Apple/iPhone-12-mini/4,Apple,Apple iPhone 12 mini,Milos,2021-07-29 00:39:00,Kamera vs Xiaomi 11i?
https://mobilnisvet.com/mobilni-komentari/8061/Apple/iPhone-12-mini/4,Apple,Apple iPhone 12 mini,Bubalo,2021-07-19 20:01:00,"Znaci telefon je vrh, kamera je toliko dobar i selfie kamera je bruka. Baterija je ok 3 ipo ,4 sata upaljenog ekrana realno. Ljudi telefon je mali za danasnje telefone ko je navikao na velike telefone tesko ce mu biti na ovom, ekran jesta 5,4 inca ali je ceo u ekranu i jako je mali. Meni licno odgovara zato sto sam imao X pre njega , pa cak je malo manji i od njega."
https://mobilnisvet.com/mobilni-komentari/8061/Apple/iPhone-12-mini/4,Apple,Apple iPhone 12 mini,f,2021-07-18 22:03:00,"je l vam se desava da se telefon greje nenormalno dok je na punjacu, bez maske?"
https://mobilnisvet.com/mobilni-komentari/8061/Apple/iPhone-12-mini/4,Apple,Apple iPhone 12 mini,Vuk,2021-07-18 19:33:00,"Telefon je MALI zmaj,kida na svim poljima,nema greske.Preporuka za ovaj model."
https://mobilnisvet.com/mobilni-komentari/8061/Apple/iPhone-12-mini/4,Apple,Apple iPhone 12 mini,Suzana,2021-07-10 22:35:00,"Nikada nisam imala Iphone do sada, zanimljv mi je ovaj telefon ali me brine kamera, rezolucija, ram... sve je (skoro) upola manje nego kod Xiaomi-ja, Samsung-a itd. Da li vredi najiskrenije? Samsung bih preskocila jer me smorio, Xiaomi onako.. sve je na isti fazon pa bih mozda probala ovaj ali me brine gore pomenuto a i cena plus sto se sve posebno dokupljuje, te punjac te kabl...  Vidim da su komentari pozitivni ali kad pogledam specifikacije jako mi je cudno sve to.. Pomozite :)"
https://mobilnisvet.com/mobilni-komentari/8061/Apple/iPhone-12-mini/4,Apple,Apple iPhone 12 mini,Djordje,2021-06-30 17:44:00,Cao pozdrav svima zanima me ovaj telefon a nikad nisam koristio ios ajfon da li je dovoljno 64 gb memorije? I da li su aplikacije velike da li isto prostora zauzimaju kao na androidu ili nešto manje ?
https://mobilnisvet.com/mobilni-komentari/8061/Apple/iPhone-12-mini/4,Apple,Apple iPhone 12 mini,Zver,2021-06-29 23:08:00,"Zver od mašine!! Iako koristim pro max kupujem i ovaj ,pa makar ga zakačio kao privezak"
https://mobilnisvet.com/mobilni-komentari/8061/Apple/iPhone-12-mini/4,Apple,Apple iPhone 12 mini,Dušan,2021-06-29 19:40:00,Kako funkcionise verzija sa dual sim(nano sim i e-sim) koja ima kod operatora ili je ipak bolja verzija klasican dual sim (sa dva slota)?
https://mobilnisvet.com/mobilni-komentari/8061/Apple/iPhone-12-mini/4,Apple,Apple iPhone 12 mini,Alex,2021-06-24 20:48:00,"Apple 12 mini ili Samusng s21,potreban mi je manji telefon sa dobrim karakteristikama"
https://mobilnisvet.com/mobilni-komentari/8061/Apple/iPhone-12-mini/4,Apple,Apple iPhone 12 mini,Anastasija,2021-06-20 10:30:00,Iphone 11 64gb ili iphone 12 mini 64gb?
https://mobilnisvet.com/mobilni-komentari/7179/Apple/iPhone-11-64GB/5,Apple,Apple iPhone 11,LAn,2023-07-26 12:52:00,Moze li neko reci koliko bi kostao polovan s obzirom da je BH oko 90.Planiram da predjem na IOS koristo sam 7 godina ANDROID a koliko citam komentare ovaj telefon je dobar i ako neko moze da mi kaze da li bi bilo bolje uzeti Pro model.
https://mobilnisvet.com/mobilni-komentari/7179/Apple/iPhone-11-64GB/5,Apple,Apple iPhone 11,Marko,2023-07-24 18:14:00,Da li uzeti iphone 11 ili sasmung a54 i ko ima bolju kameru?
https://mobilnisvet.com/mobilni-komentari/7179/Apple/iPhone-11-64GB/5,Apple,Apple iPhone 11,Zoki,2023-07-18 23:58:00,Jel ume neko da mi objasni oko ios koja je verzija najbolja?
https://mobilnisvet.com/mobilni-komentari/7179/Apple/iPhone-11-64GB/5,Apple,Apple iPhone 11,Tarik,2023-07-15 20:33:00,Ljudi ako nije problem da mi kažete kakva je baterija na iphon 11 64gb
https://mobilnisvet.com/mobilni-komentari/7179/Apple/iPhone-11-64GB/5,Apple,Apple iPhone 11,Sogija,2023-07-15 14:33:00,Imam pitanje.Kolika je cena Iphona 11?
https://mobilnisvet.com/mobilni-komentari/7179/Apple/iPhone-11-64GB/5,Apple,Apple iPhone 11,Zoran,2023-07-06 14:25:00,"Ljudi moze pomoć, uzeo sam telefon iPhone 64gb kod operatera 28.06.2023, da bi ga već 30.06.2023 vratio na reklamaciju iz daljih razloga:"
https://mobilnisvet.com/mobilni-komentari/7179/Apple/iPhone-11-64GB/5,Apple,Apple iPhone 11,Marko,2023-07-05 15:32:00,Ko ima bolju kameru iphone 11 ili samsung s 21 fe? I koji je bolji telefon
https://mobilnisvet.com/mobilni-komentari/7179/Apple/iPhone-11-64GB/5,Apple,Apple iPhone 11,Dolo,2023-07-05 00:12:00,Da li se isplati uzeti polovan Iphone 11 64gb sa 94BH za 275e?
https://mobilnisvet.com/mobilni-komentari/7179/Apple/iPhone-11-64GB/5,Apple,Apple iPhone 11,Luka,2023-06-10 20:28:00,Da li da kupim u mts ili yettel-u od 64gb?
https://mobilnisvet.com/mobilni-komentari/7179/Apple/iPhone-11-64GB/5,Apple,Apple iPhone 11,Nz,2023-06-08 14:43:00,"Telefon se non stop pregreva kad se puni, da li se to i vama desava ili postoji neki problem ( originalan punjac u pitanju od 20 w)."
https://mobilnisvet.com/mobilni-komentari/7179/Apple/iPhone-11-64GB/5,Apple,Apple iPhone 11,Anka,2023-06-06 21:26:00,"Jel bolje sledece ili one tamo godine uzeti iphone 11,12 ili 13?"
https://mobilnisvet.com/mobilni-komentari/7179/Apple/iPhone-11-64GB/5,Apple,Apple iPhone 11,Dejan,2023-06-03 16:17:00,"Zanimaju me iskustva ovog telefona. Trenutno imam Xaomi Redmi Note 12 pro, međutim imam problem sa njim u evidenciji propuštenih poziva, baterija se jako brzo troši, pa bih uzeo nešto drugo. Par ljudi mi je reklo da pređem na Iphone, ali ga nikad nisam koristio. Pa me zanima da li se isplati sada ga uzimati.."
https://mobilnisvet.com/mobilni-komentari/7179/Apple/iPhone-11-64GB/5,Apple,Apple iPhone 11,Boske,2023-05-31 23:45:00,"Koliko se isplati kupiti ga u ovom momentu? Kakva je baterija, podrška ?"
https://mobilnisvet.com/mobilni-komentari/7179/Apple/iPhone-11-64GB/5,Apple,Apple iPhone 11,Andrej,2023-05-30 18:23:00,Zanima me da li je bitno da deo punjaca koji ide u uticnicu (brick) bude original od Apple-a ?
https://mobilnisvet.com/mobilni-komentari/7179/Apple/iPhone-11-64GB/5,Apple,Apple iPhone 11,Luka,2023-05-29 08:33:00,Da li je dobro instalirati ios16 na iPhone 11
https://mobilnisvet.com/mobilni-komentari/7179/Apple/iPhone-11-64GB/5,Apple,Apple iPhone 11,jan,2023-05-24 20:11:00,"Telefon je i dalje odlican izbor (kamera, performanse...)."
https://mobilnisvet.com/mobilni-komentari/7179/Apple/iPhone-11-64GB/5,Apple,Apple iPhone 11,111,2023-05-15 16:49:00,"Nema greske sa iPhone, model 11 odlican, svaka preporuka od nekog ko ga koristi svakodnevno 3 god i ne zelim da menjam."
https://mobilnisvet.com/mobilni-komentari/7179/Apple/iPhone-11-64GB/5,Apple,Apple iPhone 11,Mare,2023-05-12 22:36:00,Zna li neko koliko ce jos ovaj model da ima podrsku za softver?
https://mobilnisvet.com/mobilni-komentari/7179/Apple/iPhone-11-64GB/5,Apple,Apple iPhone 11,apple,2023-05-07 00:21:00,"xr, 11, 12 mini, 12? Imam budzet za sve, nekako mi je 12 mini najbolji. Nasao sam ga za 300 evra. Nikad iphone nisam imao, zelim da imam jedan u rukama da isprobam makar. Savet?"
https://mobilnisvet.com/mobilni-komentari/7179/Apple/iPhone-11-64GB/5,Apple,Apple iPhone 11,Zoran,2023-05-04 13:56:00,"Stari model,matoro,matoro..."
https://mobilnisvet.com/mobilni-komentari/7179/Apple/iPhone-11-64GB/5,Apple,Apple iPhone 11,X3m,2023-04-20 16:49:00,"Pozdrav, imate li neku preporuku gde u Bgd zameniti bateriju na iphone 11??"
https://mobilnisvet.com/mobilni-komentari/7179/Apple/iPhone-11-64GB/5,Apple,Apple iPhone 11,Marko,2023-04-20 02:44:00,Jel bolja baterija na ip11 pro u odnosu na običan?
https://mobilnisvet.com/mobilni-komentari/7179/Apple/iPhone-11-64GB/5,Apple,Apple iPhone 11,Xxy,2023-04-16 06:33:00,"Koristim 2 mjeseca ajfon 11 i baterija na 98 odsto. Punim ga po uputama od 20 odsto do 80 odsto i tih 60 odsto baterije traje bekih 3 do 3 i pi sata. Je li to u redu, pišto odnedavno sam korusnik ajfona"
https://mobilnisvet.com/mobilni-komentari/7176/Apple/iPhone-11-Pro-64GB/5,Apple,Apple iPhone 11 Pro,Koj,2020-12-31 05:49:00,Posle nepunih mesec dana tel ima 99 posto baterije. Da li je to normalno?
https://mobilnisvet.com/mobilni-komentari/7176/Apple/iPhone-11-Pro-64GB/5,Apple,Apple iPhone 11 Pro,Dusan,2020-12-30 19:31:00,"Razne gluposti čovek ima da pročita i čuje od stručnjaka koji veze s’mozgom nemaju i nikakvih dodirnih tačaka sa “materijom”.Iphone sada isporucuje samo kabal uz telefon koji umesto usb sada ima usb-c konektor da bi kupili novi punjač (nemora ko zna 😁) sa usb-c konetorom.Nemora ni ko ima punjač od starog,svaka prič da stari punjči npune baterju kako treba je glupost ( kao svojevremeno punjenje 12h da se formira baterija),zapravo punjač je ispravljač i nista drugo a u telefonu se reguliše punjenje baterije.Vek baterije zavisi od vise faktora a jedan je i struja punjenja,za svaku bateriju postoje preporučene struje punjenja i karkteristike i uvek j bolje puniti je manjom strujom od maksimalne za sto duži radni vek.Znaci punjač je isprvljač a u telefonu se regulise punjenje i ostalo."
https://mobilnisvet.com/mobilni-komentari/7176/Apple/iPhone-11-Pro-64GB/5,Apple,Apple iPhone 11 Pro,NN,2020-12-30 17:59:00,Da li je dovoljno 64GB?
https://mobilnisvet.com/mobilni-komentari/7176/Apple/iPhone-11-Pro-64GB/5,Apple,Apple iPhone 11 Pro,Amin,2020-12-08 17:39:00,"Koristim telefon neko vreme i zaista je iOS potpuno drugaciji od androida. Uvek sam koristio Samsung flagship uredjaje i odlucio da probam iPhone, medjutim iz dana u dan sve mi više nedostaje android."
https://mobilnisvet.com/mobilni-komentari/7176/Apple/iPhone-11-Pro-64GB/5,Apple,Apple iPhone 11 Pro,Nino,2020-12-07 00:12:00,"Stabilan ios, a kvarovi i to koliko brzo vek baterije opada, to se jamo laz da je uos stabilan. I njihove aokikacije imanu bagove, ko i svaki teelfon... Drugo na dxomark p40pro je kud i kamo daleko sto s ekamera tice i sposobnosti svega, a najgore od svega je sto sve radis preko itunsa, i muzika... Pa da namestis neku pesmu moras je tamo kratiti pa oremestati u komp... Koja logiga??? Dok na android prevuces sta oces i slusas... A 3 stvar je sto avi koriste i kuouju telefone od 30 don50 eira iznjakane,,, vidim kao ide prodaja na fejsu i kava je moc kupovine... Ima ljudi koji imaju i love. Ali vecina kupuje najgore... Tako da kad jednom kupis p40pro od 1000e nema bagova nema kocenja nema nista. A ujedno dobijes pro kamere slike fantasticneja sam kupio 11pro i zamenio za hiawei p40pro hvala bogu prezadovoljan sam"
https://mobilnisvet.com/mobilni-komentari/7176/Apple/iPhone-11-Pro-64GB/5,Apple,Apple iPhone 11 Pro,Pitanje,2020-12-04 20:02:00,"Zamolio bih za odgovor nekoga ko ima iskustva sa ovim telefonom. Zanima me da li je normalno da se greje telefon tokom korišćeni,uglavnom surfovanja,poziva,drustvene mreže,i malo yt. Telefon je imace nov,ali sam primetio da se pomalo greje. Nije pretoplo ali se oseti pod rukom. Ne znam da li je to normalno s’ obrizom da je nov telefon u pitanju,pa se možda optimizuje sve,baterija... ili je do kućišta,sad prvi put koristim telefon sa čeličnim kucostem? Hvala."
https://mobilnisvet.com/mobilni-komentari/7176/Apple/iPhone-11-Pro-64GB/5,Apple,Apple iPhone 11 Pro,Maroon,2020-11-28 20:24:00,Ja sam danas kupio bas ovaj model. Dvoumio sam se izmedju 12ce i ovog modela i presudila je treca kamera za telephoto. Nemam sta da kazem osim da je bas premium. Uzeo sam ga iskljucivo iz stabilnosti iosa i kamere ali moram da priznam da mi je glupo da ljudi vide koji telefon imam jer je bas skup. Ljudima je to wow i boom sto mi se ne svidja. Odlican stvarno. Nema tu sta da se dodaje ni da se pita. Platis ali znas da si dobio bembaru.
https://mobilnisvet.com/mobilni-komentari/7176/Apple/iPhone-11-Pro-64GB/5,Apple,Apple iPhone 11 Pro,Amin,2020-11-28 18:52:00,"Ljudi, molim vas za pomoc..."
https://mobilnisvet.com/mobilni-komentari/7176/Apple/iPhone-11-Pro-64GB/5,Apple,Apple iPhone 11 Pro,Kris,2020-11-25 21:16:00,Iphone 11pro ili iphone 12? 🙊
https://mobilnisvet.com/mobilni-komentari/7176/Apple/iPhone-11-Pro-64GB/5,Apple,Apple iPhone 11 Pro,Amin,2020-11-19 21:54:00,"Posle mesec ipo dana koriscenja, zdravlje baterije je 99%. Cini mi se da je dosta brzo poceo da se smanjuje kapacitet."
https://mobilnisvet.com/mobilni-komentari/7176/Apple/iPhone-11-Pro-64GB/5,Apple,Apple iPhone 11 Pro,Dejan,2020-11-11 16:07:00,Mozda je glupo pitanje...
https://mobilnisvet.com/mobilni-komentari/7176/Apple/iPhone-11-Pro-64GB/5,Apple,Apple iPhone 11 Pro,Ivan,2020-11-08 09:09:00,"Pozdrav kako da vidim koliki mi je Sot od poslednjeg punjenja, on nešto sapira Al računa i prošli dan?"
https://mobilnisvet.com/mobilni-komentari/7176/Apple/iPhone-11-Pro-64GB/5,Apple,Apple iPhone 11 Pro,Weska,2020-11-07 21:38:00,"Pozdrav, da li je neko prebacio na Srpski region?"
https://mobilnisvet.com/mobilni-komentari/7176/Apple/iPhone-11-Pro-64GB/5,Apple,Apple iPhone 11 Pro,Ajkula,2020-11-05 08:24:00,Ljudi jel moze neko da mi pomogne? Imam 11 pro i pao sam na njega i slomio mi se ekran. Jel mogu nekako da saznam da li samo treba ekran da stavim novi ili se jos nesto od pada pokvarilo. Jer ako je nesto vise od ekrana ne isplati mi se da ga popravim.
https://mobilnisvet.com/mobilni-komentari/7176/Apple/iPhone-11-Pro-64GB/5,Apple,Apple iPhone 11 Pro,Dex,2020-10-31 14:13:00,11pro ili 12 obican?
https://mobilnisvet.com/mobilni-komentari/7176/Apple/iPhone-11-Pro-64GB/5,Apple,Apple iPhone 11 Pro,Amin,2020-10-31 09:02:00,Jos uvek se navikavam na iOS...
https://mobilnisvet.com/mobilni-komentari/7176/Apple/iPhone-11-Pro-64GB/5,Apple,Apple iPhone 11 Pro,Ivan,2020-10-26 19:45:00,"Neko ko bi prvi put kupio iphone moze li da proveri da li je aktiviran kucanjem IMEI broja, ili kako vec dok ga ne upalim, da vidim na licu meata. Kupio bih u balkanskoj."
https://mobilnisvet.com/mobilni-komentari/7176/Apple/iPhone-11-Pro-64GB/5,Apple,Apple iPhone 11 Pro,The Mask,2020-10-24 08:41:00,"Marko@ vidim tvoj post u vezi vibracije.. e ovako (svakako ce izbrisati) srbija nije zvanicni uvoznik za iphone telefone.. nabavljaju ih tako-kako..( da ne pisem kako jer par puta sam pisao i UVEK su brisali.. znam ljude koji to rade i kako rade) i zato se to desava sto se desava. ne znam sta ce biti sa reklamacijom, ali znam, da si ovde gde sam ja... dali bi ti novi uredjaj ili bi te pitali da uz doplatu uzmes neki noviji model.. u ovom slucaju bi bio neki iz serija 12. predlazem ti da proveris aktivaciju svog telefona, tj kaka je aktiviran.. citao sam ovde dosta slucejeva koji su kupili novi iphone sa vakuum pakovanjem... i da su bili stari mesec do 3. iskreno meni je zao sro se to desava iz razloga sto koristim  od 5s ajfone i svi su bili VRH.. ali se ne moze protiv.. ae neka bude „švercera“ koji zaradjuju tako sto prodaju krseve. pozdrav"
https://mobilnisvet.com/mobilni-komentari/7176/Apple/iPhone-11-Pro-64GB/5,Apple,Apple iPhone 11 Pro,Cvrle,2020-10-22 17:31:00,Kupio sam 11 pro u Telenoru. Telefon je sim free.
https://mobilnisvet.com/mobilni-komentari/7176/Apple/iPhone-11-Pro-64GB/5,Apple,Apple iPhone 11 Pro,samo ja,2020-10-19 08:29:00,"jel dovoljno 64gb? Imam android sa 128gb, sad je pun oko pola. imam ga oko 1.5 godinu"
https://mobilnisvet.com/mobilni-komentari/7176/Apple/iPhone-11-Pro-64GB/5,Apple,Apple iPhone 11 Pro,Nix,2020-10-18 15:00:00,Koliki vam je SOT?
https://mobilnisvet.com/mobilni-komentari/7176/Apple/iPhone-11-Pro-64GB/5,Apple,Apple iPhone 11 Pro,The Mask,2020-10-15 18:46:00,"Dali ste primetili da kada se telefon puni preko noci, da do 80% napuni za nekih 45min. a od 80% do 100% za nekih 4sata!! a preko dana sve normlano.. za 1:30 do 100%. to se desava od kako je ios 14 instaliran."
https://mobilnisvet.com/mobilni-komentari/7176/Apple/iPhone-11-Pro-64GB/5,Apple,Apple iPhone 11 Pro,Weska,2020-10-10 17:06:00,Hoću da kupim 11pro. Imam neki Android. Kako da sacuvam kontakte i sms na racunar pa posle da prebacim na iphone? Koji program ili šta?
https://mobilnisvet.com/mobilni-komentari/7651/Apple/iPhone-SE-(2020)/5,Apple,Apple iPhone SE (2020),Deki,2021-10-23 17:53:00,"Tel.bez mana brzina,kompaktnost,kamera, sve na mestu osim baterije, posle godinu dana je spala na 82% i tesko da moze da pregura dan obavezno ga dopunim u toku dana, ako iphone se 3 bude isti ovakav sa boljom baterijom bice cista 10-ka!"
https://mobilnisvet.com/mobilni-komentari/7651/Apple/iPhone-SE-(2020)/5,Apple,Apple iPhone SE (2020),Milos,2021-10-18 15:10:00,Iphone se2020 ili honor20. Hvala
https://mobilnisvet.com/mobilni-komentari/7651/Apple/iPhone-SE-(2020)/5,Apple,Apple iPhone SE (2020),Daša,2021-10-16 21:08:00,"Može li pomoć,  ovaj, xr ili 11?"
https://mobilnisvet.com/mobilni-komentari/7651/Apple/iPhone-SE-(2020)/5,Apple,Apple iPhone SE (2020),mici,2021-09-20 15:22:00,"da li ovaj da uzmem  ili xr? bitna mi je kamera ,brzina i budžet mi je do 400e:)"
https://mobilnisvet.com/mobilni-komentari/7651/Apple/iPhone-SE-(2020)/5,Apple,Apple iPhone SE (2020),Goran,2021-09-06 18:03:00,Kakva je realno kamera?Imao sam stari se pa me zanima da li je u tom rangu?
https://mobilnisvet.com/mobilni-komentari/7651/Apple/iPhone-SE-(2020)/5,Apple,Apple iPhone SE (2020),Sandokan,2021-08-18 20:03:00,Odlican telefon
https://mobilnisvet.com/mobilni-komentari/7651/Apple/iPhone-SE-(2020)/5,Apple,Apple iPhone SE (2020),Radmilo,2021-08-17 20:29:00,Ima li infrared?
https://mobilnisvet.com/mobilni-komentari/7651/Apple/iPhone-SE-(2020)/5,Apple,Apple iPhone SE (2020),Zoran,2021-08-01 18:31:00,Interesuje me koliko vam je potrebno da napunite 64gb memorije. Citao sam neke komentare na stranim forumima i kazu da se jako brzo popuni. Pa se sad nesto razmisljam da li uzeti 64 ili doplatiti nekih 50e za 128gb.
https://mobilnisvet.com/mobilni-komentari/7651/Apple/iPhone-SE-(2020)/5,Apple,Apple iPhone SE (2020),Igor Stojkovic,2021-08-01 17:07:00,Uzeti se 128 ili x 256?
https://mobilnisvet.com/mobilni-komentari/7651/Apple/iPhone-SE-(2020)/5,Apple,Apple iPhone SE (2020),Gari,2021-07-14 19:28:00,"Koristim Iphone još od praistorije tj od iphone 3G pa 4,4s,5 itd uključujući ponekad i ove novije pro i max verzije i onako baš konjska baterija je bila samo na SE onom prethodnom i na 11-ici  i to do ovih najskorijih IOS verzija,više ne. Tako da je ovaj u tom Iphone proseku izdržljivosti baterija,ponavljam nikako za gejmere."
https://mobilnisvet.com/mobilni-komentari/7651/Apple/iPhone-SE-(2020)/5,Apple,Apple iPhone SE (2020),Aca,2021-07-14 17:33:00,Skrin tajm u low power modu ide od 6 do 7.5h.Zavisi sta najvise koristite:jutjub i kamera najvise crpe bateriju i naravno igrice...nadam se da sam nekome pomogao iz prve ruke...
https://mobilnisvet.com/mobilni-komentari/7651/Apple/iPhone-SE-(2020)/5,Apple,Apple iPhone SE (2020),Igor,2021-07-12 16:20:00,Baterija preko noci ode 3-4% ne svirajte!!!
https://mobilnisvet.com/mobilni-komentari/7651/Apple/iPhone-SE-(2020)/5,Apple,Apple iPhone SE (2020),Gari,2021-07-10 19:50:00,Još jedan dokaz da je bitna optimizacija a ne amperaža.
https://mobilnisvet.com/mobilni-komentari/7651/Apple/iPhone-SE-(2020)/5,Apple,Apple iPhone SE (2020),Gari,2021-07-10 19:47:00,Na IOS 14.6 se očigledno dvostruko poboljšala izdržljivost baterije između dva punjenja. Ko bi reko čuda da se dese…
https://mobilnisvet.com/mobilni-komentari/7651/Apple/iPhone-SE-(2020)/5,Apple,Apple iPhone SE (2020),Mima,2021-07-10 18:41:00,"Pozdrav svims ...sve sam pročitala vaše komentare i danas sebi rezervisals i od nedelje kupujem Ajfon SE 2020 64-beli  :) Imals sam nezodu i razbio mi se ajfon u novembru prosle god.koristim pozajmljeni Samsung i to.malo stariji....jedva se snalazim, konačno sam skupila pare i kupujem niv ajfon da opušteno nirmalno koristim sve bez raznih blokiranja i kocenja aplikacije. pozzz"
https://mobilnisvet.com/mobilni-komentari/7651/Apple/iPhone-SE-(2020)/5,Apple,Apple iPhone SE (2020),Ocajan,2021-07-05 20:07:00,"Presao sa huawei p40 lite koji je duplo jeftiniji, na Iphone SE... Kao da sam se vratio 5god unazad."
https://mobilnisvet.com/mobilni-komentari/7651/Apple/iPhone-SE-(2020)/5,Apple,Apple iPhone SE (2020),Stefan,2021-07-02 12:22:00,Ljudi imam vrlo specificno pitanje :)
https://mobilnisvet.com/mobilni-komentari/7651/Apple/iPhone-SE-(2020)/5,Apple,Apple iPhone SE (2020),Aleksandar,2021-06-26 17:42:00,"Se iPhone ili Samsung a 52,najbitnija mi je kamera i video zapis"
https://mobilnisvet.com/mobilni-komentari/7651/Apple/iPhone-SE-(2020)/5,Apple,Apple iPhone SE (2020),Neko iz mase,2021-06-26 17:24:00,"Jer se isplati menjati s20fe,za ovaj se2020??"
https://mobilnisvet.com/mobilni-komentari/7651/Apple/iPhone-SE-(2020)/5,Apple,Apple iPhone SE (2020),Miki,2021-05-28 19:11:00,Koji je bolji Samsung s10e ili ovaj?
https://mobilnisvet.com/mobilni-komentari/7651/Apple/iPhone-SE-(2020)/5,Apple,Apple iPhone SE (2020),Nedjeljko,2021-05-22 21:02:00,Vredi li ovo kupovati u 2021. ili ipak da dodam malo za XR?
https://mobilnisvet.com/mobilni-komentari/7651/Apple/iPhone-SE-(2020)/5,Apple,Apple iPhone SE (2020),Marko,2021-05-17 13:27:00,"Postoje jednostavni saveti za ustedu baterije, treba guglati malo i procesljati podesavanja. Dobra vecina ljudi cim aktivira telefon instalira drustvene mreze i tako tera a u pozadini radi gomila servisa koji obicnom korisniku uopste nisu potrebni."
https://mobilnisvet.com/mobilni-komentari/7651/Apple/iPhone-SE-(2020)/5,Apple,Apple iPhone SE (2020),Radisav,2021-05-17 12:58:00,"Uzeo sam telefon pre par nedelja, telefon je odlican, ali kada prstima tapkam iza kod kamere cuje se neko zveckanje kao da nesto unutar kucista telefona nije pritegnuti, zanina me da li jos neko ima ovaj problem?"
https://mobilnisvet.com/mobilni-komentari/8055/Apple/iPhone-12/5,Apple,Apple iPhone 12,kole,2022-09-28 10:17:00,baterije jako loseeeeee
https://mobilnisvet.com/mobilni-komentari/8055/Apple/iPhone-12/5,Apple,Apple iPhone 12,M,2022-09-23 12:37:00,Da li je bolje uzeti 12 ili 13mini?
https://mobilnisvet.com/mobilni-komentari/8055/Apple/iPhone-12/5,Apple,Apple iPhone 12,Mimi,2022-09-22 07:35:00,Da li da uzmem iphone 12 ili iphone 11 pro? Inače do sada sam koristila samo android telefonw
https://mobilnisvet.com/mobilni-komentari/8055/Apple/iPhone-12/5,Apple,Apple iPhone 12,HM,2022-09-18 18:38:00,Jel neko instalirao iOS 16!? Kakva je baterija i kako rade aplikacije!?
https://mobilnisvet.com/mobilni-komentari/8055/Apple/iPhone-12/5,Apple,Apple iPhone 12,Vuk,2022-09-17 15:36:00,"Telefon koristim 20-ak dana i sve sto mogu da kažem TOP TOP TOP….. Sve radi kao podmazano… Kamera, ekran brutalni, zvuk fenomenalan, o softveru ne treba trošiti reci… Telefon je savršenstvo, ludost je trošiti pare na 13 ili 14… Baterija izgura dan… Sve preporuke"
https://mobilnisvet.com/mobilni-komentari/8055/Apple/iPhone-12/5,Apple,Apple iPhone 12,TCT,2022-09-09 11:24:00,Baterija na ovom telefonu procitao sam ovde da se nekima brzo prazni.
https://mobilnisvet.com/mobilni-komentari/8055/Apple/iPhone-12/5,Apple,Apple iPhone 12,K,2022-08-29 14:27:00,Da li mnogo losija baterija nego na Ip 13?
https://mobilnisvet.com/mobilni-komentari/8055/Apple/iPhone-12/5,Apple,Apple iPhone 12,Hv,2022-08-27 05:45:00,"Koristim ovaj telefon dva dana, pa da kažem neke svije utiske. Bio sam u dilemi uzeti obican 12 ili 13 mini ali iskljucivo zbog veličine ekrana sam se odlucio za obican 12! Telefon je odličan sve radi kao podmazano. Dugogodišnji sam korisnik Android telefona. Sa S20 sam prešao na ovaj i stvarno sam zadovoljan."
https://mobilnisvet.com/mobilni-komentari/8055/Apple/iPhone-12/5,Apple,Apple iPhone 12,V,2022-08-21 19:40:00,Ovaj ili 13 mini!?
https://mobilnisvet.com/mobilni-komentari/8055/Apple/iPhone-12/5,Apple,Apple iPhone 12,Losmi,2022-08-10 21:54:00,"Ljudi, zainteresovan sam za iphone 11 ili 12. Koristim trenutno Samsung S8 i generalno sam zadovoljan ali bih da promenim."
https://mobilnisvet.com/mobilni-komentari/8055/Apple/iPhone-12/5,Apple,Apple iPhone 12,Tamara,2022-08-10 09:54:00,Da li postoji mogućnost plaćanja karticom?
https://mobilnisvet.com/mobilni-komentari/8055/Apple/iPhone-12/5,Apple,Apple iPhone 12,Nikos,2022-08-07 19:28:00,Pozdrav da li je isplativo uzeti u 2022 god ovaj telefon kao drugi poslovni??
https://mobilnisvet.com/mobilni-komentari/8055/Apple/iPhone-12/5,Apple,Apple iPhone 12,HM,2022-07-27 14:13:00,"U dilemi sam dali da uzmem ovaj telefon ili Samsung S22, molim vas za iskren savet!"
https://mobilnisvet.com/mobilni-komentari/8055/Apple/iPhone-12/5,Apple,Apple iPhone 12,petarpan,2022-07-24 18:17:00,"poz, vredi li uzeti ovaj telefon u 2022 kao sekundarni u upotrebi, android mi je zbog posla a ovaj bih voleo čisto za ostale stvari"
https://mobilnisvet.com/mobilni-komentari/8055/Apple/iPhone-12/5,Apple,Apple iPhone 12,Nugi,2022-07-21 20:31:00,"Pozdrav, da li neko ima problem sa punjenjem? Konkretno otprilike jednom u 50 puta mi uopšte ne registruje punjač. Kupio sam potpuno nov telefon kao i nove nastavke. Na primer, stavim kabl, ne registruje ga, izvučem i vratim opet i krene da puni. Takodje mi se dešavalo da ga sporo puni, na primer 50% mi puni 3 sata, izvučem kabl, vratim opet i napuni ostatak za pola sata. Jel se dešava još nekome?"
https://mobilnisvet.com/mobilni-komentari/8055/Apple/iPhone-12/5,Apple,Apple iPhone 12,Vlado,2022-07-12 09:08:00,Da li jos neko ima problem sa baterijom kod ajfona 12?
https://mobilnisvet.com/mobilni-komentari/8055/Apple/iPhone-12/5,Apple,Apple iPhone 12,Vuk,2022-07-03 07:58:00,Sta je bolji izbor ovaj telefon ili 13 Mini!?
https://mobilnisvet.com/mobilni-komentari/8055/Apple/iPhone-12/5,Apple,Apple iPhone 12,Vlado,2022-06-23 06:11:00,"Zdravo svima, imao sam u izboru da kupim ili iphone 12 ili 13. Ipak sam se odlucio za 12 jer nije neka ogromna razlika izmedju ta dva telefona ali mi se i nije davalo onda i vise para."
https://mobilnisvet.com/mobilni-komentari/8055/Apple/iPhone-12/5,Apple,Apple iPhone 12,Jovana,2022-06-20 19:14:00,"Da li je jos neko imao problem sa ekranom na obicnoj 12tici? Razmisljam izmedju 11 i 12, a htela bih 12"
https://mobilnisvet.com/mobilni-komentari/8055/Apple/iPhone-12/5,Apple,Apple iPhone 12,Dany,2022-06-18 02:40:00,"Uzeo u MTS na pretplatu, posle 2 dana vratio, ekran u donjem desnom uglu postao nekako roze. Nisam hteo drigi, već doplatim za 13 mini, a na 13 mini health baterije za mesec dana pao 2% ni Apple nije kao što je bio, model 6 sam koristio od 2018 do pre mesec dana i dan danas radi super, samo mu baterija jako loše drži."
https://mobilnisvet.com/mobilni-komentari/8055/Apple/iPhone-12/5,Apple,Apple iPhone 12,Sasa,2022-06-16 17:14:00,"Zanima me da li baterija izgura 1 dan,pored drustvenih mreza i po koja igrica?"
https://mobilnisvet.com/mobilni-komentari/8055/Apple/iPhone-12/5,Apple,Apple iPhone 12,Uros,2022-06-10 19:47:00,"Dvoumim se izmedju iPhone 11 i iPhone 12. Da li postoji neka razlika u kvalitetu? Jer ne znam koji od ta dva da izaberem, a voleo bih da ustedim novac ukoliko ne postoji velikih razlika"
https://mobilnisvet.com/mobilni-komentari/8055/Apple/iPhone-12/5,Apple,Apple iPhone 12,Miroljub,2022-05-23 11:14:00,Iphone 11 ili 12? Gledam na duzi period(4/5 god)
https://mobilnisvet.com/mobilni-komentari/9810/Apple/iPhone-SE-2022/3,Apple,Apple iPhone SE 2022,Milan,2023-11-04 14:23:00,Trenutno mi izgleda da nema telefona ni u jednoj radnji. Kao da je nestašica…
https://mobilnisvet.com/mobilni-komentari/9810/Apple/iPhone-SE-2022/3,Apple,Apple iPhone SE 2022,Goran,2023-11-04 11:57:00,Extra tel.
https://mobilnisvet.com/mobilni-komentari/9810/Apple/iPhone-SE-2022/3,Apple,Apple iPhone SE 2022,Zeka,2023-10-19 15:30:00,Malo lici na ip7.ili pak ip8.?Hm.
https://mobilnisvet.com/mobilni-komentari/9810/Apple/iPhone-SE-2022/3,Apple,Apple iPhone SE 2022,Смаја,2023-10-17 11:20:00,Najgori odnos cene i performasna
https://mobilnisvet.com/mobilni-komentari/9810/Apple/iPhone-SE-2022/3,Apple,Apple iPhone SE 2022,Sasa,2023-10-15 18:39:00,Najgore dve kupovine u zivotu: Rokit i Apple SE 2022 telefoni.
https://mobilnisvet.com/mobilni-komentari/9810/Apple/iPhone-SE-2022/3,Apple,Apple iPhone SE 2022,Ana,2023-10-07 19:39:00,"Zdravo svima, koji telefon pravi bolje slike, ovaj iphone se 3 ili 12 mini?"
https://mobilnisvet.com/mobilni-komentari/9810/Apple/iPhone-SE-2022/3,Apple,Apple iPhone SE 2022,Bex,2023-10-02 22:24:00,Zna li neko da li će biti iphone se4??
https://mobilnisvet.com/mobilni-komentari/9810/Apple/iPhone-SE-2022/3,Apple,Apple iPhone SE 2022,Zoran,2023-09-28 09:18:00,Sta znaci ova zelena tackica kod cene gore?
https://mobilnisvet.com/mobilni-komentari/9810/Apple/iPhone-SE-2022/3,Apple,Apple iPhone SE 2022,Lixi,2023-09-20 16:57:00,"SE 2022 ili Google Pixel 6pro? Bitna stavka je i kamera, snimanje videa ponekad.."
https://mobilnisvet.com/mobilni-komentari/9810/Apple/iPhone-SE-2022/3,Apple,Apple iPhone SE 2022,Kanda,2023-08-13 18:46:00,Ako ovaj telefon kupujete u L sh ili Max ph pre kupovine proverite telefon dok je u vakuum pakovanju da ne biste dobili primerak sa isteklom Apple garancijom.
https://mobilnisvet.com/mobilni-komentari/9810/Apple/iPhone-SE-2022/3,Apple,Apple iPhone SE 2022,Zoran,2023-07-25 07:15:00,"Da li je moguce da je cena vec godinu dana ista za ovaj model, ni malo ne pada."
https://mobilnisvet.com/mobilni-komentari/9810/Apple/iPhone-SE-2022/3,Apple,Apple iPhone SE 2022,Preporuka,2023-07-02 17:29:00,"Zanimaju me utisci o telefonu od nekog ko ga ima,posto razmisljam da ga kupim jer sam netolerantan na OLED ekrane pa mi je LCD savrsena opcija."
https://mobilnisvet.com/mobilni-komentari/9810/Apple/iPhone-SE-2022/3,Apple,Apple iPhone SE 2022,markodonjackboss,2023-06-25 23:09:00,Trenutno koristim iPhone 12 mini i sada me zanima da li vredi preci na SE2022 ili ne
https://mobilnisvet.com/mobilni-komentari/9810/Apple/iPhone-SE-2022/3,Apple,Apple iPhone SE 2022,mare,2023-06-24 22:06:00,evo ja sada skoro pa god dana inam se3
https://mobilnisvet.com/mobilni-komentari/9810/Apple/iPhone-SE-2022/3,Apple,Apple iPhone SE 2022,Stefan,2023-06-16 20:11:00,Imam ponudu iPhone se3 nov neaktiviran za 260 eura a polovan malo koriscen za 200 eura e sada da li je to trenutna stvarna cena za ovaj uredjan ili je to dobra prevara.
https://mobilnisvet.com/mobilni-komentari/9810/Apple/iPhone-SE-2022/3,Apple,Apple iPhone SE 2022,Mihajlo,2023-06-16 20:08:00,Da li vredi uzeti sada ovaj fon
https://mobilnisvet.com/mobilni-komentari/9810/Apple/iPhone-SE-2022/3,Apple,Apple iPhone SE 2022,Slobex,2023-06-14 10:28:00,"U velikoj sam dilemi, uzeo bih neki manji telefon ali me mnogo odbija to što je baterija na ovom iphonu slaba, kao i to što mi se generalno više sviđa android jer imam veći izbor nekih aplikacija koje su plaćene. Možda bih žrtvovao veličinu ekrana i uzeo Xiaomi 13 lite, da li neko može da mi kaže koji je telefon generalno bolji, odnosno kamere, jer ako su slične, verovatno bih uzeo Xiaomi.."
https://mobilnisvet.com/mobilni-komentari/9810/Apple/iPhone-SE-2022/3,Apple,Apple iPhone SE 2022,Markodonjackboss,2023-06-08 16:45:00,"Prvo sam koristiio neki samsung koji je bas bio slab pa sam posle njega uzeo nov s21 fe a pre ta dva samsunga sve sam iPhone koristio.S21fe stvarno radi odlicno ali sam se zbog predhodnog samsunga stvarno zasitio androida .iPhone se mi se stvarno svidja kako zbog dizajna,kompaktonsti i snage tako i zboh ostalih stvari.I sad da li vredi preci sa s21 fe na iPhone se 2022."
https://mobilnisvet.com/mobilni-komentari/9810/Apple/iPhone-SE-2022/3,Apple,Apple iPhone SE 2022,Gagis,2023-06-05 01:45:00,Sad mogu da odaberem izmedju iPhona 12 i iPhone se oba dva su odlicna ali ne znam za koji da se odlucim
https://mobilnisvet.com/mobilni-komentari/9810/Apple/iPhone-SE-2022/3,Apple,Apple iPhone SE 2022,v,2023-05-30 18:02:00,"koji uzeti iphone 11 ili iphone se, obe verzije memorije sa 64gb"
https://mobilnisvet.com/mobilni-komentari/9810/Apple/iPhone-SE-2022/3,Apple,Apple iPhone SE 2022,Trtko,2023-05-26 22:44:00,Da li neko ima problem sa wifi povezivanjem?
https://mobilnisvet.com/mobilni-komentari/9810/Apple/iPhone-SE-2022/3,Apple,Apple iPhone SE 2022,Marko,2023-04-22 11:28:00,S21 ili SE3?
https://mobilnisvet.com/mobilni-komentari/9810/Apple/iPhone-SE-2022/3,Apple,Apple iPhone SE 2022,Luka,2023-04-19 20:39:00,da li vredi preci sa poco f3 na se 2022 utisci o bateriji?
https://mobilnisvet.com/mobilni-komentari/9810/Apple/iPhone-SE-2022/3,Apple,Apple iPhone SE 2022,gagi,2023-03-21 00:31:00,"kako funkcionise sto se tice baterije,sistema,kamere i ostalih stvari i da li ga vredi kupiti u 2023"
https://mobilnisvet.com/mobilni-komentari/9810/Apple/iPhone-SE-2022/3,Apple,Apple iPhone SE 2022,.,2023-03-19 15:34:00,Da li vredi preci sa 21 fe na ovaj
https://mobilnisvet.com/mobilni/md63z/Apple/iPhone-14-512GB-Dual-SIM,Apple,Apple iPhone 14,Snezana,2026-07-03 19:40:00,Želim najednotavniji Vajber za kratke razgovore i neku sličicu !
https://mobilnisvet.com/mobilni/md63z/Apple/iPhone-14-512GB-Dual-SIM,Apple,Apple iPhone 14,Pavle,2026-06-20 02:24:00,Upomoc dal vredi da se sa redmi note 12 prebacim na ovo jel ovo polovan tel i dokad ima podrsku
https://mobilnisvet.com/mobilni/md63z/Apple/iPhone-14-512GB-Dual-SIM,Apple,Apple iPhone 14,Ana,2026-06-09 10:33:00,Interesuje me da li se isplati za koriscenje 2-3 godina.
https://mobilnisvet.com/mobilni/md63z/Apple/iPhone-14-512GB-Dual-SIM,Apple,Apple iPhone 14,Nostalgija,2026-05-29 06:54:00,Poslednji iPhone model koji je dobar
https://mobilnisvet.com/mobilni/md63z/Apple/iPhone-14-512GB-Dual-SIM,Apple,Apple iPhone 14,Darko,2026-05-09 12:26:00,Da li uzeti ip14 256 sa 84 bh ili honor 400 pro sa 20 ciklusa punjenja 12/512
https://mobilnisvet.com/mobilni/md63z/Apple/iPhone-14-512GB-Dual-SIM,Apple,Apple iPhone 14,Iki,2026-05-02 23:22:00,Imam iph 14 128gb bh80% za 250e da li vredi uzeti? Kakvi su ti modeli? Kakva su vam iskustva? Inace koristim android
https://mobilnisvet.com/mobilni/md63z/Apple/iPhone-14-512GB-Dual-SIM,Apple,Apple iPhone 14,Љубо,2025-12-11 08:32:00,"Ovaj telefon je danas krš. I ne vredi više od 300 evra. Slaba baterija, malo memorije. Vadi ga jedino što je mali."
https://mobilnisvet.com/mobilni/md63z/Apple/iPhone-14-512GB-Dual-SIM,Apple,Apple iPhone 14,Jelena,2025-10-15 08:13:00,Da li vredi uzeti u 2025?
https://mobilnisvet.com/mobilni/md63z/Apple/iPhone-14-512GB-Dual-SIM,Apple,Apple iPhone 14,anica,2025-10-11 22:14:00,da li da uzmem ovaj telefon ili samsung a56 ?
https://mobilnisvet.com/mobilni/md63z/Apple/iPhone-14-512GB-Dual-SIM,Apple,Apple iPhone 14,Aaa,2025-10-07 17:16:00,"Šta mislite hoće li još da pada cena na oglasima? Već sad je oko 500, da li sačekati proleće ili uzeti sad?"
https://mobilnisvet.com/mobilni/md63z/Apple/iPhone-14-512GB-Dual-SIM,Apple,Apple iPhone 14,Maja,2025-09-03 09:18:00,"Upomoc, jel bolji ovaj da uzmem ili Samsung S25 ?"
https://mobilnisvet.com/mobilni/md63z/Apple/iPhone-14-512GB-Dual-SIM,Apple,Apple iPhone 14,Milica,2025-07-06 00:45:00,"Zdravo, sta je bolje uzeti iphone 13, 14 ili 16e. Najbitnija mi je kamera. Hvala unapred ☺️"
https://mobilnisvet.com/mobilni/md63z/Apple/iPhone-14-512GB-Dual-SIM,Apple,Apple iPhone 14,Misa,2025-06-24 07:23:00,Sto se svi lože na ove iPhone kad nikakve funkcije nemaju?  totalno ograničene mogućnosti
https://mobilnisvet.com/mobilni/md63z/Apple/iPhone-14-512GB-Dual-SIM,Apple,Apple iPhone 14,V,2025-06-17 01:24:00,Da li vredi uzimati ovaj 14 do kada ce imagine softversku podrsku
https://mobilnisvet.com/mobilni/md63z/Apple/iPhone-14-512GB-Dual-SIM,Apple,Apple iPhone 14,Sxd877,2025-04-14 12:07:00,Jel moguca zamena
https://mobilnisvet.com/mobilni/md63z/Apple/iPhone-14-512GB-Dual-SIM,Apple,Apple iPhone 14,Pomoc,2025-04-02 10:15:00,Molim vas za pomoc. Razmisljam da li da kupim iphone 13 ili iphone 14? Do sad sam koristila 12 mini i trajao mi je skoro 4 godine.
https://mobilnisvet.com/mobilni/md63z/Apple/iPhone-14-512GB-Dual-SIM,Apple,Apple iPhone 14,andjjj,2025-03-20 18:35:00,Da li je bolje uzeti 13 sa 100% baterije ili 14 sa 88%  po istoj ceni?? Brz odgovor bi dobro dosao
https://mobilnisvet.com/mobilni/md63z/Apple/iPhone-14-512GB-Dual-SIM,Apple,Apple iPhone 14,L,2025-01-27 16:37:00,"ljudi da li se isplati uzimati sada 14, jel zna neko kada ce opasti cena i da li ce biti telefon dobar narednih 3 godine ili da uzmem 15"
https://mobilnisvet.com/mobilni/md63z/Apple/iPhone-14-512GB-Dual-SIM,Apple,Apple iPhone 14,Dale,2025-01-14 23:37:00,"Molim Vas ,dal se isplati menjati iphone 12 pro max za ip 14 88% baterija i da doplatim 100€ .Hvala Vam ."
https://mobilnisvet.com/mobilni/md63z/Apple/iPhone-14-512GB-Dual-SIM,Apple,Apple iPhone 14,neo,2025-01-02 13:18:00,"Ja se posle S23, Mi13, Mi14, Mi14tPro vratio na nov omiljeni mi iP14. Radi ko' DOXA. Jedino me kopka S24+ donesen iz USA (Snapdragon SoC) ali je Verizon SIM Locked i tako zakljucan ""nije skup"". Permanento otkljucavanje= 29$ bez centa dodatnih troskova... To be or not to be :("
https://mobilnisvet.com/mobilni/md63z/Apple/iPhone-14-512GB-Dual-SIM,Apple,Apple iPhone 14,Б,2024-11-22 21:10:00,"Samsung 24 ili Ajfon 14, ako je akcenat na brzini, bateriji, kameri, sistemu?"
https://mobilnisvet.com/mobilni/md63z/Apple/iPhone-14-512GB-Dual-SIM,Apple,Apple iPhone 14,Dilema,2024-11-12 20:23:00,"Ovaj telefon ili iphone 14? Imao sam jedan Samsung ranije, i ma koliko ga hvalili i imao dobre performanse nekako mi je dosadan tj imam osećaj da će mi biti kao i svaki drugi Samsung..isto me brine da posle 2 godine ne krene da baguje koči usporava ili mu baterija drastično opadne pa moram da ga punim i do 2x dnevno uz aktivnije korišćenje.Trenutno imam Pixel 4a već 4 godine i hteo bih da promenim malo i vidim kakav je Iphone koji nisam imao mada mnogi u komentarima kažu da je slab u odnosu na ovaj pa ne bih da zažalim.Treba mi telefon koji će mi i posle 4-5 godina raditi najnormalnije, držati solidno bateriju i da ima ok kameru.Smara me da menjam telefon često i najradije bih da mogu da koristim i jedan i drugi na po mesec dva ali me mrzi da prodajem i kupujem pa opet prodajem."
https://mobilnisvet.com/mobilni/md63z/Apple/iPhone-14-512GB-Dual-SIM,Apple,Apple iPhone 14,Vanja,2024-11-12 17:22:00,14 ili 15
https://mobilnisvet.com/mobilni-komentari/44nql/Apple/iPhone-14/2,Apple,Apple iPhone 14,Goran,2024-11-08 10:18:00,IP 13 ILI IP14 (čini mi se da je razlika samo u ram memoriji 13 ima 4gb a 14 6gb sve ostalo isto)??
https://mobilnisvet.com/mobilni-komentari/44nql/Apple/iPhone-14/2,Apple,Apple iPhone 14,Milica,2024-11-07 19:45:00,Da li mogu da donesem svoj iphone 11 128gb pa da cena bude niza?😁
https://mobilnisvet.com/mobilni-komentari/44nql/Apple/iPhone-14/2,Apple,Apple iPhone 14,Srki,2024-10-24 22:47:00,Iphone 14 ili s23...
https://mobilnisvet.com/mobilni-komentari/44nql/Apple/iPhone-14/2,Apple,Apple iPhone 14,Goran,2024-10-13 23:33:00,Ljudi da li postoji mogućnost da se zameni baterija kad oslabi?
https://mobilnisvet.com/mobilni-komentari/44nql/Apple/iPhone-14/2,Apple,Apple iPhone 14,neo,2024-09-22 05:22:00,"Da li je neko instalirao iOS 18 na svoj iP14, kako Vam se fon ponasa sa njime i kako ste zadovoljni vidnim poboljsanjima?"
https://mobilnisvet.com/mobilni-komentari/44nql/Apple/iPhone-14/2,Apple,Apple iPhone 14,iPhone 11,2024-09-16 23:07:00,Potreban mala pomoć ;) Da li da uzmem iPhone 14 ili iPhone 14 plus?
https://mobilnisvet.com/mobilni-komentari/44nql/Apple/iPhone-14/2,Apple,Apple iPhone 14,Isidora,2024-09-16 18:15:00,Pozdrav gde je najbezbednije kupiti Iphone telefon zanima me 15 pro. Ja sam iz Zrenjanin e sad da li ima u Novom Sadu neka prodavnica koja je sigurna gde se prodaju originali? Ili iz Beograda? Mogu da narucim online? Da mi ne poture neki koriscen … hvala ☺️
https://mobilnisvet.com/mobilni-komentari/44nql/Apple/iPhone-14/2,Apple,Apple iPhone 14,Лаки,2024-07-27 13:23:00,"Redmi 12 Pro koristim trenutno i planiram kupovinu Iphone-a 14, pa zanima da li je mnogo primetna razlika u osvežavanju ekrana, pošto je Iphone 60, a Xiaomi 120 Hz?"
https://mobilnisvet.com/mobilni-komentari/44nql/Apple/iPhone-14/2,Apple,Apple iPhone 14,daca,2024-07-06 15:16:00,"jel c punjac na 14, ko na 15?hvala"
https://mobilnisvet.com/mobilni-komentari/44nql/Apple/iPhone-14/2,Apple,Apple iPhone 14,Marko,2024-07-01 19:38:00,"Pozdrav, čitao sam svuda da 14 nije nešto Bog zna šta drugačiji od 13, ali je 13 već star skoro 3 godine i bh mu je lošiji itd. Sad me zanima, znam priliku da uzmem 14 sa 100% bh, aktiviran u aprilu ove godine, stanje perfektno, pa da li uzeti njega ili možda pogledati neku 13cu?"
https://mobilnisvet.com/mobilni-komentari/44nql/Apple/iPhone-14/2,Apple,Apple iPhone 14,.,2024-06-18 16:12:00,Iphone 14 ili Samsung S24?
https://mobilnisvet.com/mobilni-komentari/44nql/Apple/iPhone-14/2,Apple,Apple iPhone 14,Marko,2024-06-08 17:30:00,Koja je stranica pouzdana za kupovanje  mobilnih telefona u HR? Hvala
https://mobilnisvet.com/mobilni-komentari/44nql/Apple/iPhone-14/2,Apple,Apple iPhone 14,Nn,2024-06-05 23:23:00,Iphone 14 ili 15?
https://mobilnisvet.com/mobilni-komentari/44nql/Apple/iPhone-14/2,Apple,Apple iPhone 14,Mia,2024-06-05 23:08:00,Iphone 14 ili iphone 15?
https://mobilnisvet.com/mobilni-komentari/44nql/Apple/iPhone-14/2,Apple,Apple iPhone 14,Lola,2024-06-03 12:34:00,S23 običan ili običan iphone 14
https://mobilnisvet.com/mobilni-komentari/44nql/Apple/iPhone-14/2,Apple,Apple iPhone 14,Sladjana,2024-05-18 13:49:00,"Cao,"
https://mobilnisvet.com/mobilni-komentari/44nql/Apple/iPhone-14/2,Apple,Apple iPhone 14,Maks,2024-05-15 19:53:00,Jel ažurirao neko na 17.5?
https://mobilnisvet.com/mobilni-komentari/44nql/Apple/iPhone-14/2,Apple,Apple iPhone 14,Anitta,2024-05-09 17:56:00,Da li se isplati da se kupi 14 u 2024? Ili 15icu? Kažu da je lošija kamera na 15 u odnosu na 14
https://mobilnisvet.com/mobilni-komentari/44nql/Apple/iPhone-14/2,Apple,Apple iPhone 14,Mira,2024-05-03 09:38:00,Koliko vam % baterije opadne u toku noćiii?
https://mobilnisvet.com/mobilni-komentari/44nql/Apple/iPhone-14/2,Apple,Apple iPhone 14,Natasa,2024-05-02 09:19:00,Da li i vama bh opada nenormalno brzo?
https://mobilnisvet.com/mobilni-komentari/44nql/Apple/iPhone-14/2,Apple,Apple iPhone 14,Marinko,2024-04-26 08:55:00,"Vidim da pisu razlika izmedju 13 i 14 da postoji, na papiru mozda da a u praksi je to jedno te isto samo sa kojom funkciom vise kod 14 modela ali to ne opravdava 150-200 eur razliku u ceni. Imam i jedan i drugi, prevario sam se naravno, ostavicu sebi 14 samo iz razloga sto cu vise para dobiti kada ga budem prodavao. Tako da nemojte slusati komentare da je mnogo bolji i prelaziti sa 13 ako vec imate na 14 jer cete posle sami sebe ubedjivati da je bolji a u stvari jedan te isti telefon."
https://mobilnisvet.com/mobilni-komentari/44nql/Apple/iPhone-14/2,Apple,Apple iPhone 14,Ljiljana,2024-04-26 05:36:00,"Pozz, imam iphone 14, pre mesec dana kupljen. Nikada se nije ispraznio ispod 20%. Čim padne na 20 % odmah stavljam na punjač i punim do 80-85%, retko kad do 100%. I batery helt je posle tačno mesec dana opao za 1%. Da li je to normalno ili?"
https://mobilnisvet.com/mobilni-komentari/44nql/Apple/iPhone-14/2,Apple,Apple iPhone 14,Zarko,2024-04-15 12:35:00,"Da li se jos nekome desava da se relativno brzo napuni do 80 posto, onda mi iskljuci ustedu baterije i jako sporo puni, mislim da bi trebalo da bude jos par sati da dodje do stotke?"
https://mobilnisvet.com/mobilni-komentari/44nql/Apple/iPhone-14/2,Apple,Apple iPhone 14,Marko,2024-04-11 21:34:00,"Pozdrav, ljudi, vredi li platiti 15ak hiljada više 14ticu ili uzet ipak 13ticu? Gde je bolja kamera, to me pogotovo zanima ili je isto?"
https://mobilnisvet.com/mobilni-komentari/9810/Apple/iPhone-SE-2022/4,Apple,Apple iPhone SE 2022,M,2023-02-22 19:28:00,"Pozdrav. Nikad nisam imao ajfon telefon i hteo bih da kupim neki manjeg budžeta da vidim o čemu je reč. S toga, IPhone SE 2022 ili Iphone XR?"
https://mobilnisvet.com/mobilni-komentari/9810/Apple/iPhone-SE-2022/4,Apple,Apple iPhone SE 2022,Milan,2023-02-13 12:58:00,"Da li neko ko zaista ima ovaj telefon može da kaže nešto o par najbitnijih stvari? Da li je stabilan (brz, ne baguje i sl.), da li home dugme radi dobro, da li je baterija ok (jasno je da nije najbolja baterija na svetu)..."
https://mobilnisvet.com/mobilni-komentari/9810/Apple/iPhone-SE-2022/4,Apple,Apple iPhone SE 2022,mare,2023-02-11 20:02:00,da li jos neko ima problem da zaglupi nece ekran da se upali a home dugme reaguje vibracijom.Mozda na par min i onda sve ok.Dva puta mi se desilo i evo uradio sam reset i cekam da vidim da li je resio problem.Dva puta mi se desilo to.
https://mobilnisvet.com/mobilni-komentari/9810/Apple/iPhone-SE-2022/4,Apple,Apple iPhone SE 2022,Kunjo,2023-01-26 21:17:00,"Ja ga kupio i imao problem sa wifi, dje android hvata signal solidno iphone-u opada signal konstantno, i stalno mi se vrtio onaj kruzic pored wifi ikonice, vratio telefon isti dan"
https://mobilnisvet.com/mobilni-komentari/9810/Apple/iPhone-SE-2022/4,Apple,Apple iPhone SE 2022,Mn,2023-01-22 16:17:00,Pozz da li uzeti ovaj tel
https://mobilnisvet.com/mobilni-komentari/9810/Apple/iPhone-SE-2022/4,Apple,Apple iPhone SE 2022,Sasko,2023-01-20 00:02:00,Zna li se nesto o SE 3 za ovu godinu? Ili od toga nema nista....
https://mobilnisvet.com/mobilni-komentari/9810/Apple/iPhone-SE-2022/4,Apple,Apple iPhone SE 2022,Dragoljub,2022-12-21 23:30:00,Kakav je telefon da li vredi preći za s21 fe na njega
https://mobilnisvet.com/mobilni-komentari/9810/Apple/iPhone-SE-2022/4,Apple,Apple iPhone SE 2022,Sladja,2022-12-13 13:20:00,Dvoumim se izmedju se3 i 11 ? Koji uzeti?
https://mobilnisvet.com/mobilni-komentari/9810/Apple/iPhone-SE-2022/4,Apple,Apple iPhone SE 2022,M,2022-11-22 19:36:00,Da li uzeti se 2 ili se 3?
https://mobilnisvet.com/mobilni-komentari/9810/Apple/iPhone-SE-2022/4,Apple,Apple iPhone SE 2022,Pitanje,2022-11-18 11:52:00,"Da li je bolje uzeti se 22, 11 ili neku mini verziju ?"
https://mobilnisvet.com/mobilni-komentari/9810/Apple/iPhone-SE-2022/4,Apple,Apple iPhone SE 2022,marko,2022-11-04 11:51:00,ja jos nisam azurirao na 16 a sigurno je izasao i 16’1.Ako jeste molim ove sto imaju 16 da napisu ima li razlike za bateriju na 16.1.Da li da instaliram ili ne?
https://mobilnisvet.com/mobilni-komentari/9810/Apple/iPhone-SE-2022/4,Apple,Apple iPhone SE 2022,Se zakon,2022-11-03 05:44:00,"Jedini konkurenti se-u su 12 i 13 mini, a ja ipak preporucujem se jer je tel.klasika zmaj, mnogo zgodniji za baratanje i dzep nego mini modeli zbog zaobljenih ivica jedinu zamerku dajem sto displej nije preko celog ekrana."
https://mobilnisvet.com/mobilni-komentari/9810/Apple/iPhone-SE-2022/4,Apple,Apple iPhone SE 2022,Mrk,2022-11-02 11:06:00,"Pola njih sto komentarise uopste nije ni videlo ovaj telefon a ne koristilo, daju komentare a nigde veza, citajuci komentare ovde nikad ne bih kupio ovaj tel. Pola njih ne bi ni primetilo razliku u displeju, baterija drzi extra. Ko hoce malu masinu nece se pokajati. Dosadilo mi da nosim ciglu po dzepovima."
https://mobilnisvet.com/mobilni-komentari/9810/Apple/iPhone-SE-2022/4,Apple,Apple iPhone SE 2022,HI,2022-10-29 07:00:00,Ovo ili Honor 70?
https://mobilnisvet.com/mobilni-komentari/9810/Apple/iPhone-SE-2022/4,Apple,Apple iPhone SE 2022,MiodragMaster,2022-10-26 06:32:00,"Odlican je za tu lovu. Uzeo sam ga u mts-u. Odlicno radi, ne baguje uopste, samo jeste mana ko ima debele prste, tesko se navici. Ovako inace, telefon kida i lepo radi. Zvuk dobar, odlicno cujem sagovornika. Preko ju tjuba zvuk takodje dobar. Hvala Bogu igrice sam prerastao, tako da mi baterija pristojno traje."
https://mobilnisvet.com/mobilni-komentari/9810/Apple/iPhone-SE-2022/4,Apple,Apple iPhone SE 2022,marko,2022-10-19 14:26:00,"da napisem inja posle dve nedelje koriscenja.Moj prvi iphone .Ljudi tel leti brz baterija skroz super.Punim od 20 posto do 100 posto.Kamera odlicna video kida,zvuk na youtubu bas kvalitetan.Ne znam koju bi manu stavio.Velicina telefona i ekrana top.Ali za ljude mladje i koji nemaju problem sa vidom.Npr moja zena malo corava ne vidi ni tel a kamoli ekran hahahahah.Salim se malo.Stvarno pravo osvezenje za mene.Pre ovog sam imam premium android moto edge 30 pro.Ma necu vise uzimati bagovoti android.Za sada sve radi kao sat.E jos jedna stvar prilikom kupovine sam stavio staklo full face jer je samo to imalo u radnji.Prasina se uvuce pod senzora blizine pa hoce da baguje prilikom razgovora!Znaci samo obicno staklo ne full!Eto nadam se da sam pomogao nekome.Znaci baterija ekran kvalitet istog osvetljenje sve je kako treba!"
https://mobilnisvet.com/mobilni-komentari/9810/Apple/iPhone-SE-2022/4,Apple,Apple iPhone SE 2022,Nikola,2022-10-06 13:50:00,"Jel ima neko ovaj telefon neki duzi period, par meseci? Interesuje me da li je i koliko baterija oslabila u odnosno na period kad je bio nov."
https://mobilnisvet.com/mobilni-komentari/9810/Apple/iPhone-SE-2022/4,Apple,Apple iPhone SE 2022,Yuex,2022-09-24 00:37:00,"Ne moGu se nikako odluciti između oVoG i Xaomi 12x. Xaomi imam vec dosta dugo oa mi malo i dosaodio njihov Miui, a iphone nisam nikad imao pa bih probao, al opet kad vidim dizajn i ekran iphone-a razocaram se odmah."
https://mobilnisvet.com/mobilni-komentari/9810/Apple/iPhone-SE-2022/4,Apple,Apple iPhone SE 2022,Maki,2022-09-15 18:34:00,"Savet ljudima da ne instaliruju ios 16 prepun je bagova sto viber,instagram itd.i sto je najgore baterija je katastrofalna prosecan sot pre iosa 16 bio oko 5h a sad nemoze ni 3."
https://mobilnisvet.com/mobilni-komentari/9810/Apple/iPhone-SE-2022/4,Apple,Apple iPhone SE 2022,Petar,2022-09-14 09:12:00,Od kad sam updejtovao na ips 16 bat mnogoo losija i viber koci
https://mobilnisvet.com/mobilni-komentari/9810/Apple/iPhone-SE-2022/4,Apple,Apple iPhone SE 2022,Im80,2022-09-07 19:26:00,"Vredi li uzimati se 22? Kako se pokazala baterija, kamere itd?"
https://mobilnisvet.com/mobilni-komentari/9810/Apple/iPhone-SE-2022/4,Apple,Apple iPhone SE 2022,Nikola,2022-09-07 07:43:00,Samsung S21 FE ili iPhone SE 2022?
https://mobilnisvet.com/mobilni-komentari/8055/Apple/iPhone-12/6,Apple,Apple iPhone 12,Mihajlo,2022-05-15 08:12:00,"Da li da kupim iphone12 ili samsung s21plus,da li iphone 12 ima ulaz za 2 kartice"
https://mobilnisvet.com/mobilni-komentari/8055/Apple/iPhone-12/6,Apple,Apple iPhone 12,Peđa,2022-05-12 08:43:00,"Pozdrav svima! Koliko vidim, ovde se piše isključivo o kameri i bateriji kao glavnim parametrima za kupovinu telefona, što je ok, jer takva je potreba većine ljudi danas. Planiram da kupim iPhone 12, jer nikad do sada nisam imao iPhone, a najviše me zanima operativni sistem, update-ovi, sinhronizacija sa Microsoft i Google servisima. Da li tu postoje određeni problemi i da li mi neko može reći nešto više o tome? Pozdrav!"
https://mobilnisvet.com/mobilni-komentari/8055/Apple/iPhone-12/6,Apple,Apple iPhone 12,Andjela,2022-05-11 18:38:00,"Da li smeta 60Hz i 4gb rama? Trenutno koristim tel sa 144Hz i 8gb rama, da li bi ralzika bila primetna ? Razlog zamene telefona je zbog posla i kamere a mnogo mi je da dam 1030e za 13 pro ukoliko bi i 12 odradjivao posao?"
https://mobilnisvet.com/mobilni-komentari/8055/Apple/iPhone-12/6,Apple,Apple iPhone 12,kristina,2022-04-22 17:16:00,"Sta je bolje uzeti, iphone 12 ili 13?"
https://mobilnisvet.com/mobilni-komentari/8055/Apple/iPhone-12/6,Apple,Apple iPhone 12,Stefan,2022-04-07 09:17:00,Dal je dovoljno 64 GB
https://mobilnisvet.com/mobilni-komentari/8055/Apple/iPhone-12/6,Apple,Apple iPhone 12,Sasa,2022-03-23 05:30:00,Jel resen onaj problem sa ekranom? Da odmah kupim ako jeste. Samo da i on ne pozeleni.
https://mobilnisvet.com/mobilni-komentari/8055/Apple/iPhone-12/6,Apple,Apple iPhone 12,Jovana,2022-03-18 15:01:00,Kakva je baterija? Da li izdrži ceo dan aktivnog korišćenja? (Drustvene mreze i malo kamera) ? :)
https://mobilnisvet.com/mobilni-komentari/8055/Apple/iPhone-12/6,Apple,Apple iPhone 12,Jela,2022-03-15 21:01:00,"Recite mi molim Vas da li je kvalitet fotografija na 12 pro modelu mnogo bolji i odnosu na slike sa modela 12, samo mi je to važno pa da ne plaćam skuplje ako nije velika razlika? Hvala."
https://mobilnisvet.com/mobilni-komentari/8055/Apple/iPhone-12/6,Apple,Apple iPhone 12,Boban,2022-03-13 18:46:00,Sta je bolje uze ti iPhone 11 pro max ili 12 ticu  posto su cenovno tu negde ?
https://mobilnisvet.com/mobilni-komentari/8055/Apple/iPhone-12/6,Apple,Apple iPhone 12,badee,2022-03-08 16:05:00,Uskoro planiram da uzimam nov iPhone razmisljam se izmedju 12 mini ili 12 ali me brine jedna stvar. Da li je Apple resio problem oled ekrana na iPhone 12 seriji
https://mobilnisvet.com/mobilni-komentari/8055/Apple/iPhone-12/6,Apple,Apple iPhone 12,Bobi,2022-02-08 15:10:00,Interesuje me iskustvo iphone12  baterija planiram sa 11 da predjem na 12.
https://mobilnisvet.com/mobilni-komentari/8055/Apple/iPhone-12/6,Apple,Apple iPhone 12,Dule,2022-02-06 19:10:00,"Ljudi ako se uzme na paket u Telenoru planiram Iphone 12 ili iphone 13 mini, da li ce biti sim free ili raditi samo na telenor mrezi?"
https://mobilnisvet.com/mobilni-komentari/8055/Apple/iPhone-12/6,Apple,Apple iPhone 12,Brzi,2022-02-01 00:56:00,"Pozdrav,planiram da u narednim danima kupim ovaj telefon ali sam u dilemi da li uzeti ovaj ajfon ili kupovati noviji(13) iako mi 13 ne deluje kao nesto mnogo bolja kupovina od 12. Ovo mi je prvi ajfon koji kupujem pa sam u dilemi,ako moze mala pomoc?"
https://mobilnisvet.com/mobilni-komentari/8055/Apple/iPhone-12/6,Apple,Apple iPhone 12,F,2022-01-29 15:50:00,"Zanima me misljenje, nov iphone 11 ili 12 mini sa 99%baterije,a ista im je cena.hvala unapred :)."
https://mobilnisvet.com/mobilni-komentari/8055/Apple/iPhone-12/6,Apple,Apple iPhone 12,dajana,2022-01-24 18:46:00,"zanimame me vaše mišljenje o tome da li je bolji iphone 12 ili iphone 11 pro, čula sam da su svi pro mnogo bolji ali 12 je novjij telefon pa imam dilemu"
https://mobilnisvet.com/mobilni-komentari/8055/Apple/iPhone-12/6,Apple,Apple iPhone 12,Upomoc,2022-01-14 13:15:00,Da li neko moze da mi kaze koja je naj bolja zastita za kameru a da ne pokvari kvalitet slike i da li je uopste potrebna ?Hvala.
https://mobilnisvet.com/mobilni-komentari/8055/Apple/iPhone-12/6,Apple,Apple iPhone 12,Marko,2022-01-14 12:34:00,"Planiram da kupim Iphone 12 64GB pa bih me zanimalo da li ima ovaj Iphone 12 64GB nekih čestih problema oko ekrana, kamere i slično ili je dobra kupovina?"
https://mobilnisvet.com/mobilni-komentari/8055/Apple/iPhone-12/6,Apple,Apple iPhone 12,pomoc,2022-01-13 19:24:00,"Cao, Ja imam iPhone 12 (običan ovaj)"
https://mobilnisvet.com/mobilni-komentari/8055/Apple/iPhone-12/6,Apple,Apple iPhone 12,Mahdj,2022-01-13 10:28:00,"Cao, zanima me da li neko ima slican problem. U mobile data options uopste nemam 5g, samo 3g i 4g. Zanima me da li je moguce da ipak nije 5g za nase trziste model je a2403"
https://mobilnisvet.com/mobilni-komentari/8055/Apple/iPhone-12/6,Apple,Apple iPhone 12,:),2022-01-02 14:29:00,Zdravo zanima me dali je dobra baterija kod iphone 12 i 12mini i da li je bolja varijanta iphone 11 ili 12 mini
https://mobilnisvet.com/mobilni-komentari/8055/Apple/iPhone-12/6,Apple,Apple iPhone 12,Coa,2021-12-25 19:38:00,Da li fabricki ima zaštitu za kameru? U vidu folije na primer ?
https://mobilnisvet.com/mobilni-komentari/7651/Apple/iPhone-SE-(2020)/6,Apple,Apple iPhone SE (2020),milan voli golo dupe,2021-05-11 17:47:00,mogu reci samo za sada da je dobar telefon i da se brzo prazni ali se isto tako brzo i pune>50 % za pola sata uz iphone adapter.
https://mobilnisvet.com/mobilni-komentari/7651/Apple/iPhone-SE-(2020)/6,Apple,Apple iPhone SE (2020),Mi,2021-04-26 15:20:00,"Pozdrav svima, da li je baterija zaista toliko loša? Imala sam na umu ovaj telefon ali vidim da dosta ljudi kaže da je baterija loša, ja uglavnom ne igram igrice, možda ponekad GTA nekih pola sata, većinom slučaja sam više na jutjubu ili instagramu, kakvi su vam utisci? I takođe kakva je kamera? Hvala!"
https://mobilnisvet.com/mobilni-komentari/7651/Apple/iPhone-SE-(2020)/6,Apple,Apple iPhone SE (2020),Dana,2021-04-25 06:42:00,"Cao svima. Zelela bih da kupim iphobe SE 2020 64gb. Pre neki dan sam cula da je iphone sad nes izmislio da ako se pokvari telefon i neko pokusa da mu skine ledja on se automatski blokira, i samo u iphone radnjama ga mogu odblokirati. Da li je to istina, ili samo ljudi pricaju gluposti?"
https://mobilnisvet.com/mobilni-komentari/7651/Apple/iPhone-SE-(2020)/6,Apple,Apple iPhone SE (2020),Ognjen,2021-04-23 15:01:00,"Ovaj komentar pišem u nadi da će pomoći onima koji ne mogu da se odluče da li da kupe ovaj model. Jako dugo sam se dvoumio da li da kupim ovaj telefon zbog raznih negativnih komentara vezanih za bateriju, međutim na kraju sam rešio da takoreći rizikujem i uzmem ga. Koristim ga ativno 2 i po meseca (to mi je jedini telefon) i, istina, ne mogu reći da je baterija odlična ali daleko od toga da je katastrofa. Screen time mi je u proseku 5-7 sati dnevno a dnevna potrošnja baterije u proseku oko 80% što bi značilo da bi u principu mogao da mi izdrži od ujutro do uveče ako krenem sa 100%. Međutim, ja ga uvek punim kad spadne na 30-40% do 80-90% jer kažu da baterija tako manje propada (ne znam koliko je tačno ali ništa me ne košta da pokušam) battery health je i dalje 100% (iOS 13). Ne igram igrice ali sam gotovo konstatno na društvenim mrežama. Moj lični utisak što se tiče baterije je - okej je. Sve ostale performanse su me oduševile (brzina rada, kamera...), telefon je zaista odličan (s obzirom na cenu u odnosu na ostale iphone modele) i nimalo nisam zažalio što sam se na kraju odlučio za njega."
https://mobilnisvet.com/mobilni-komentari/7651/Apple/iPhone-SE-(2020)/6,Apple,Apple iPhone SE (2020),Deki,2021-04-22 02:50:00,"Blago reci katastrofa, imam ga 6 mes. I sa njim na posao i van grada sa punjacem.Jednom sam otisao od kuce bez punjaca i tel. se ugasio.A bas kad mi je zatrebao zbog posla,uzas!"
https://mobilnisvet.com/mobilni-komentari/7651/Apple/iPhone-SE-(2020)/6,Apple,Apple iPhone SE (2020),Milica,2021-04-18 19:02:00,"Pozdrav, treba mi mala pomoć i savet. Da li uzeti Iphone 7+ ili Iphone SE 2020? Nisam do sada nikad koristila IOS sistem pa me zanima mišljenje."
https://mobilnisvet.com/mobilni-komentari/7651/Apple/iPhone-SE-(2020)/6,Apple,Apple iPhone SE (2020),Lana,2021-04-08 21:43:00,"Molim vas za savet i pomoć. Ne razumem se u telefone gotovo uopšte. Proteklih 5 godina sam koristila samsung glaxy s 6 i izvanredno me je služio, sve mi je žao bilo da ga manjam, ali sada je već stvarno vreme. Htela bih da kupim dobar telefon oko 500e koji će me takođe dugo služiti. Šta mi preporučujete i gde da kupim? Važno mi je da ima dobru kameru jer mi instagram delimično služi i kao posao."
https://mobilnisvet.com/mobilni-komentari/7651/Apple/iPhone-SE-(2020)/6,Apple,Apple iPhone SE (2020),T,2021-04-08 00:30:00,"dvoumim se između samsung a71 i iphone se2 ako neko ima preporuke, šta da radim?"
https://mobilnisvet.com/mobilni-komentari/7651/Apple/iPhone-SE-(2020)/6,Apple,Apple iPhone SE (2020),Mighty,2021-04-07 17:56:00,"Iphone SE 2020 star 3 4 meseca ili x, xr stari po godinu dana i skuplji za 20 30e?"
https://mobilnisvet.com/mobilni-komentari/7651/Apple/iPhone-SE-(2020)/6,Apple,Apple iPhone SE (2020),Mrki,2021-04-03 19:18:00,Iphone se ili 12 mini i zasto?hvala.
https://mobilnisvet.com/mobilni-komentari/7651/Apple/iPhone-SE-(2020)/6,Apple,Apple iPhone SE (2020),Marko,2021-03-31 06:31:00,"Ja imam iphone SE samo 3 meseca i meni je battery health 95%(pre dva dana je bio 97% ,za dva dana je spalo 2%) apsolutno mi nije jasno zasto isporbao sam i da ga punim od 20 do 80% i ne pomaze nesto specijalno"
https://mobilnisvet.com/mobilni-komentari/7651/Apple/iPhone-SE-(2020)/6,Apple,Apple iPhone SE (2020),Petar,2021-03-30 16:45:00,Jel bolji xs ili se 2020?
https://mobilnisvet.com/mobilni-komentari/7651/Apple/iPhone-SE-(2020)/6,Apple,Apple iPhone SE (2020),Mighty,2021-03-29 13:14:00,Iphone SE 2020 ili Huawei P40?
https://mobilnisvet.com/mobilni-komentari/7651/Apple/iPhone-SE-(2020)/6,Apple,Apple iPhone SE (2020),Petar,2021-03-27 08:53:00,"Uzeo sam pre par dana nov vakum SE 2020, koliko sam sada godina miran sa njim?"
https://mobilnisvet.com/mobilni-komentari/7651/Apple/iPhone-SE-(2020)/6,Apple,Apple iPhone SE (2020),Nikolina,2021-03-25 10:07:00,"Imam jedno pitanje,hocu da kupim telefon ali ne znam koji da uznem iphone 7,iphone 8 ili iphone SE 2020.Hvala unapred!"
https://mobilnisvet.com/mobilni-komentari/7651/Apple/iPhone-SE-(2020)/6,Apple,Apple iPhone SE (2020),SM,2021-03-23 20:57:00,"Iskustva sa dual sim, esim + nano sim?"
https://mobilnisvet.com/mobilni-komentari/7651/Apple/iPhone-SE-(2020)/6,Apple,Apple iPhone SE (2020),Asd,2021-03-20 21:01:00,"Samo da napisem ovima koji kazu da nije do baterije sto kratko traje vec do koriscenja... Prodao sam SE i uzeo galaxy s10+, isto koristim telefon i na kraju dana mi ostane 60% a na SE je jedva 20% bilo. Progledao sam sto se tice telefona, ekran super amoled savrsen, tako da ako se dvoumite da li da menjate telefon, moj savet je da. Srdacan pozdrav"
https://mobilnisvet.com/mobilni-komentari/7651/Apple/iPhone-SE-(2020)/6,Apple,Apple iPhone SE (2020),Vidza,2021-03-20 20:17:00,Ima li neko problem da se nakon poziva zacrni ekran i nemogu da prekinem poziv?
https://mobilnisvet.com/mobilni-komentari/7651/Apple/iPhone-SE-(2020)/6,Apple,Apple iPhone SE (2020),Slobodan,2021-03-10 23:48:00,"Da li menjati nov SE2020 za polovan Iphone XS, hitno!"
https://mobilnisvet.com/mobilni-komentari/7651/Apple/iPhone-SE-(2020)/6,Apple,Apple iPhone SE (2020),j,2021-02-28 20:41:00,"Da li neko zna kako usporiti da opada battery health, nemam telefon ni 2 puna meseca vec je na 98%"
https://mobilnisvet.com/mobilni-komentari/7651/Apple/iPhone-SE-(2020)/6,Apple,Apple iPhone SE (2020),Janko,2021-02-24 12:39:00,Da li koristi neko dve kartice na telefonu(jednu e-sim i jednu klasičnu)? Kako sa dve kartice drži baterija?
https://mobilnisvet.com/mobilni-komentari/7651/Apple/iPhone-SE-(2020)/6,Apple,Apple iPhone SE (2020),tea,2021-02-20 02:07:00,kolikoo baterija izdrzi?
https://mobilnisvet.com/mobilni-komentari/7651/Apple/iPhone-SE-(2020)/6,Apple,Apple iPhone SE (2020),Vaki,2021-02-17 20:33:00,"Koristim telefon 2 meseca, sve savrseno baterija ceo dan od 5:30 do uvece oko 23:30h stavljam na punjenje sa 10-20%... Svako ko se dvoumi preporuka."
https://mobilnisvet.com/mobilni-komentari/7651/Apple/iPhone-SE-(2020)/6,Apple,Apple iPhone SE (2020),Mašan,2021-02-17 16:11:00,"Da li može savet i eventualno neka preporuka. Nisam ljubitelj telefona sa velikim ekranima. Trenutno nosim Honor 9 ali je doslo vreme za zamenu. Gledajuci modele teško se nalazi uređaj sa manjim ekranom. Videh ovaj model pa razmišljam. Ono što mi treba je dual-sim uređaj, čitanje mail-ova, viber i pozivi i da recimo baterija izdrži dan. Honor 9 zavisno od korišćenja izdrži sa baterijom, izjutra od 06:30-23:00h. Kada manje koristim može i malo duže. Da li je ovo uređaj koji može da pruži nešto slično. Ukoliko ne molim za neku preporuku. Hvala unapred."
https://mobilnisvet.com/mobilni-komentari/7176/Apple/iPhone-11-Pro-64GB/6,Apple,Apple iPhone 11 Pro,Iva,2020-10-06 19:45:00,"Dal ce mu pasti cena jos malo, za par dana izlazi 12. Da li sacekati jos 10ak dana ili ga uzimati?"
https://mobilnisvet.com/mobilni-komentari/7176/Apple/iPhone-11-Pro-64GB/6,Apple,Apple iPhone 11 Pro,Nenad,2020-10-01 10:32:00,Interesuje me dali je 11pro sa ovih 188g tezak ili lak na ruku!?
https://mobilnisvet.com/mobilni-komentari/7176/Apple/iPhone-11-Pro-64GB/6,Apple,Apple iPhone 11 Pro,Boki,2020-09-29 10:14:00,"Ljudi da li je jos neko imao problem sa grebanjem ekrana posle 2 dana nosenja bez zastitnog stakla? Nisam bio u prilici da kupim staklo odmah kad sam pazario telefon, nosio ga u dzepu normalno i sad gledam gomilu ogrebotina i ne mogu da verujem sta se desilo. Par ogrebotina se moze osetiti pod noktom koliko su duboke. Apple forumi su puni ljudi koji se zale na previse lako grebanje ekrana od standardne upotrebe"
https://mobilnisvet.com/mobilni-komentari/7176/Apple/iPhone-11-Pro-64GB/6,Apple,Apple iPhone 11 Pro,zzz,2020-09-25 20:56:00,"Drustvo moze li mi neko reci kako sa skinem yt aplikaciju, probao sam da menjam region ali bezuspesno, ne zn am sta da radim :(("
https://mobilnisvet.com/mobilni-komentari/7176/Apple/iPhone-11-Pro-64GB/6,Apple,Apple iPhone 11 Pro,zzz,2020-09-25 20:54:00,"drustvo ne mogu nikako da skinem yt, moze li mi neko pomoci. pokusao sam da menjam region ali ne moze :(("
https://mobilnisvet.com/mobilni-komentari/7176/Apple/iPhone-11-Pro-64GB/6,Apple,Apple iPhone 11 Pro,Nn,2020-09-19 13:03:00,"Drustvo, da li neko zna kako da skinem youtube na iphone-u? Nema ga u appstore-u."
https://mobilnisvet.com/mobilni-komentari/7176/Apple/iPhone-11-Pro-64GB/6,Apple,Apple iPhone 11 Pro,Ja,2020-08-22 13:07:00,"Glupo pitanje, ima li Srpsi jezik?"
https://mobilnisvet.com/mobilni-komentari/7176/Apple/iPhone-11-Pro-64GB/6,Apple,Apple iPhone 11 Pro,E,2020-08-17 08:29:00,11pro ili xs?
https://mobilnisvet.com/mobilni-komentari/7176/Apple/iPhone-11-Pro-64GB/6,Apple,Apple iPhone 11 Pro,Nix,2020-08-16 21:36:00,"Uspete li da se uklopite u ovih 64gb? Ili da jurim 256. Trenutno imam 128gb na mom mob. 2 godine koristim, nisam nikada praznio ima ave i svasta nepotrbno. Koristite li icloud, kolika je njegova cena?"
https://mobilnisvet.com/mobilni-komentari/7176/Apple/iPhone-11-Pro-64GB/6,Apple,Apple iPhone 11 Pro,Dejan,2020-08-10 12:05:00,bv6bfr325pvvxv79tnb6
https://mobilnisvet.com/mobilni-komentari/7176/Apple/iPhone-11-Pro-64GB/6,Apple,Apple iPhone 11 Pro,Yoki,2020-07-28 12:59:00,i kako vam se čini ergonomija (kako leži u uvu i slično)
https://mobilnisvet.com/mobilni-komentari/7176/Apple/iPhone-11-Pro-64GB/6,Apple,Apple iPhone 11 Pro,Junge,2020-07-14 21:34:00,Moze li mi neko reći za koliko vremena sa telefon napuni? Jer su od ovog modela uveli brzi punjac
https://mobilnisvet.com/mobilni-komentari/7176/Apple/iPhone-11-Pro-64GB/6,Apple,Apple iPhone 11 Pro,Bobo Vieri32,2020-07-07 00:40:00,"Skoro da sam odlucio da uzmem ovaj telefon nakon dvoumljenja. Zanima me samo jedno - da li mi treba tel od 64gb ili 128gb uz to da nemam drustv mreze, ne slikam se ne snimam sad klipove i ne igram igrice a planiram ovaj model da koristim bar tri godine jer mislim da je idealan. Hvala"
https://mobilnisvet.com/mobilni-komentari/7176/Apple/iPhone-11-Pro-64GB/6,Apple,Apple iPhone 11 Pro,xyz,2020-06-21 18:48:00,"da li se jos nekom desava da kada otkljuca telefon,ekran bude primetno bledji nego inace i nakon par sekundi boja se vrati u normalu? u vecini slucajeva mi se to desava pri vestackoj svetlosti ili u pred vece kada je sunce slabije. True tone je iskljucen"
https://mobilnisvet.com/mobilni-komentari/7176/Apple/iPhone-11-Pro-64GB/6,Apple,Apple iPhone 11 Pro,M,2020-05-22 14:01:00,"pozz, koliki vam je battery health? meni za 3 meseca smako 3posto tj 97 sad ima. citam na netu dosta kazu da je zbog ne originalnih futrola ili da je telefon izlozen toploti. e sad ja imam original koznu futrolu, ali mi je tel u dzepu stalno i neki put bude mokar od znoja tj od mene. pa me zanima sta vi mislite o tome? hvala"
https://mobilnisvet.com/mobilni-komentari/7176/Apple/iPhone-11-Pro-64GB/6,Apple,Apple iPhone 11 Pro,Kiki,2020-05-20 22:25:00,Da li neko zna zbog cega su skocile cene telefona u poslednjih 7 dana?
https://mobilnisvet.com/mobilni-komentari/7176/Apple/iPhone-11-Pro-64GB/6,Apple,Apple iPhone 11 Pro,Sasha,2020-05-18 13:19:00,p30 pro ili iphone 11 pro - kamera? Hvala
https://mobilnisvet.com/mobilni-komentari/7176/Apple/iPhone-11-Pro-64GB/6,Apple,Apple iPhone 11 Pro,xyz,2020-05-15 21:29:00,Mala pomoc
https://mobilnisvet.com/mobilni-komentari/7176/Apple/iPhone-11-Pro-64GB/6,Apple,Apple iPhone 11 Pro,marko,2020-05-04 16:12:00,fantazija
https://mobilnisvet.com/mobilni-komentari/7176/Apple/iPhone-11-Pro-64GB/6,Apple,Apple iPhone 11 Pro,m,2020-05-02 19:13:00,"posto se dosta njih zale da je komplikacija stavljanje melodije zvona, sada mozete sami da to uradite bez da se kacite na komp, i takodje mozete sami da izaberete zeljeni deo pesme i mnogo toga. sve je u aplikaciji garageband."
https://mobilnisvet.com/mobilni-komentari/7176/Apple/iPhone-11-Pro-64GB/6,Apple,Apple iPhone 11 Pro,M,2020-04-30 18:59:00,"o telefonu nema puno toga sta da se prica, jer je vrh. hteo bih da pohvalim novi dizajn stranice i nove opcije.  pozdrav"
https://mobilnisvet.com/mobilni-komentari/7176/Apple/iPhone-11-Pro-64GB/6,Apple,Apple iPhone 11 Pro,Gog,2020-04-30 16:55:00,g
https://mobilnisvet.com/mobilni-komentari/7179/Apple/iPhone-11-64GB/6,Apple,Apple iPhone 11,Upomoc,2023-04-16 02:12:00,dobar dan dobri ljudi
https://mobilnisvet.com/mobilni-komentari/7179/Apple/iPhone-11-64GB/6,Apple,Apple iPhone 11,Gnjila jabuka,2023-04-15 20:53:00,"Uzeo novi iphon11 64gb tacnije dobio na mrezi,prvo problem sa ekranom gornji levi ugao ekran saren nista se ne vidi pa tako do pola ekrana 0,5 cm sa 3 otprilike,samo se povuklo,a sada be mogu da listsm sa leva na desno osim kad pritisnrm na one tackice koje signaliziraju da ima jos za prelistavanje! Tri meseca star,govno od telefona SONY zakon!"
https://mobilnisvet.com/mobilni-komentari/7179/Apple/iPhone-11-64GB/6,Apple,Apple iPhone 11,Miladin,2023-04-08 15:38:00,Kako skinuti pesmu sa jutjuba i postaviti je kao melodiju zvona?
https://mobilnisvet.com/mobilni-komentari/7179/Apple/iPhone-11-64GB/6,Apple,Apple iPhone 11,Nenad,2023-04-08 15:37:00,"Dešava li se nekom od vas da mu kada kuca poruku na Viberu tipke dobiju ubrzanje i da izlaze i po tri slova, tako da je gotovo nemoguće otkucati poruku."
https://mobilnisvet.com/mobilni-komentari/7179/Apple/iPhone-11-64GB/6,Apple,Apple iPhone 11,Vlada,2023-04-08 15:30:00,"Da li je i dalje dobra kupovina Ajfona 11 64 gb?Sa obzirom da je izasao pre 3 godine,da li moze da sljaka jos jedno 2 do 3 godine sa tim specifikacijama koje poseduje..Jel imao neko iskustva sa tim modelom i ako jeste kakva su?"
https://mobilnisvet.com/mobilni-komentari/7179/Apple/iPhone-11-64GB/6,Apple,Apple iPhone 11,Vlada,2023-04-08 10:44:00,"Pozdrav,pitanje...Da li je bolja odluka uzeti ovaj Apple 11 64 gb ili Xaomi 12 t od 128 gb?Izmedju ta dva telefona se dvoumim,pa sam hteo da cujem i misljenja ljudi koji ovde pisu.."
https://mobilnisvet.com/mobilni-komentari/7179/Apple/iPhone-11-64GB/6,Apple,Apple iPhone 11,Pedja ts,2023-04-02 21:53:00,Dali je iphone 11 vodootporan?
https://mobilnisvet.com/mobilni-komentari/7179/Apple/iPhone-11-64GB/6,Apple,Apple iPhone 11,Iph11,2023-04-01 17:50:00,"pozdrav, da li je bolje uzeti iphone 11 ili xiaomi mi 11 ? Hvala"
https://mobilnisvet.com/mobilni-komentari/7179/Apple/iPhone-11-64GB/6,Apple,Apple iPhone 11,Nenad,2023-03-22 21:49:00,"Jedno pitanje ,Viber neće da se uloguje ne stiže mi kod uopšte jel zna neko resenje"
https://mobilnisvet.com/mobilni-komentari/7179/Apple/iPhone-11-64GB/6,Apple,Apple iPhone 11,Mix,2023-03-01 13:49:00,Zna li neko kolika bi bila rata iphone-a 11 ili 12 u yettel-u??
https://mobilnisvet.com/mobilni-komentari/7179/Apple/iPhone-11-64GB/6,Apple,Apple iPhone 11,Lala,2023-02-28 21:18:00,Ovo je cijena u eurima ili KM?
https://mobilnisvet.com/mobilni-komentari/7179/Apple/iPhone-11-64GB/6,Apple,Apple iPhone 11,Dc,2023-02-23 23:22:00,"Iphone 11, Iphone 12 mini ili SE 2022?"
https://mobilnisvet.com/mobilni-komentari/7179/Apple/iPhone-11-64GB/6,Apple,Apple iPhone 11,Nikolica..,2023-02-20 21:59:00,11 ili 12 mini sta je bolje uzeti?
https://mobilnisvet.com/mobilni-komentari/7179/Apple/iPhone-11-64GB/6,Apple,Apple iPhone 11,Nemanja,2023-02-18 18:41:00,"Uzeo bih u A1 Iphone 11 pa me zanima kako se pokazao jer vidim da je bilo i nekih primedbi na pregrevanje, bateriju. Dosta njih kažu da je bat mnogo dobra sobzirom da je Iphone. I ače ovo bi mi bio prvi Iphone nisam ga nikada do sada koristio. Hvala na odgovorima."
https://mobilnisvet.com/mobilni-komentari/7179/Apple/iPhone-11-64GB/6,Apple,Apple iPhone 11,Mister No,2023-02-14 00:45:00,"Kupio sam prije 7 dana ajfon 11 ova osnovna verzija, prije sam koristio android. Baterija mi brzo iscuri, na fejsu i ina instagramu sam 90 odsto vremena provedenog na telefonu,ali baterija traje nekih 6 sati. Drugi problem kako da namjestim na srpski jezik,i treća stvar,zvono mi se skoro pa ne čuje iako u podešavanjima namjestim na maksimalno."
https://mobilnisvet.com/mobilni-komentari/7179/Apple/iPhone-11-64GB/6,Apple,Apple iPhone 11,Neko tamo,2023-02-11 14:09:00,"Pozdrav, koristim Android nikada ranije nisam koristio IOS zanimaju me iskustva i da li je bolji od Android-a? Kupio bih Iphone 11 pa me zanima da li je to dobra kupovina s obzirom da je telefon izasao pre 4 godine. Kao i da li je 64gb dovoljno za Instagram, Snapchat i osnovne potrebe. Hvala unapred"
https://mobilnisvet.com/mobilni-komentari/7179/Apple/iPhone-11-64GB/6,Apple,Apple iPhone 11,Lana,2023-02-05 14:40:00,"Dobar dan culi smo se malo pre,ipak da javim ne odg mi"
https://mobilnisvet.com/mobilni-komentari/7179/Apple/iPhone-11-64GB/6,Apple,Apple iPhone 11,Dragoljub,2023-02-01 00:07:00,Koristim xiaomi mi 10t lite 5g. Odličan telefon ali nakon dve godine vreme je za zamenu. Već neko vreme razmišljam o apple 11! Sad da li 64gb ili 128gb? U A1 gde je najpovoljnije ima samo 64gb. Nov ili polovan? Kako prebaciti sve sa androida na ios kao što se to radi sa androida na android. Prvi bi put bio na iosu nemam nikakvo iskustvo! Molim za iskreni savet i preporuku. Budžet mi je veoma skroman.
https://mobilnisvet.com/mobilni-komentari/7179/Apple/iPhone-11-64GB/6,Apple,Apple iPhone 11,Joca,2023-01-25 09:57:00,Da li je neko kome se pregreva iphone posle prelaska na ios 16 pokusao sa DOWNGRADE IOS 16.1 TO 15.7.1?
https://mobilnisvet.com/mobilni-komentari/7179/Apple/iPhone-11-64GB/6,Apple,Apple iPhone 11,Mare87,2023-01-24 23:18:00,Zanima me vase misljenje...Iphone 11 64gb ili Motorola edge 30 fusion...Unapred hvala
https://mobilnisvet.com/mobilni-komentari/7179/Apple/iPhone-11-64GB/6,Apple,Apple iPhone 11,Ja,2023-01-24 19:56:00,Pozdrav koristio sam Iphone 11 oko 7 dana i vec je zavrsio na reklamaciji.
https://mobilnisvet.com/mobilni-komentari/7179/Apple/iPhone-11-64GB/6,Apple,Apple iPhone 11,Zorz,2023-01-24 11:27:00,Da li se isplati uzeti nov!
https://mobilnisvet.com/mobilni-komentari/7179/Apple/iPhone-11-64GB/6,Apple,Apple iPhone 11,Lana,2023-01-23 22:08:00,"Zdravo,da li je dovolljno 64 gb za aplikacije i forografije na iphonu 11..."
https://mobilnisvet.com/mobilni-komentari/7179/Apple/iPhone-11-64GB/6,Apple,Apple iPhone 11,K,2023-01-23 20:31:00,Da li uzeti iph 11 ili iph se2022
https://mobilnisvet.com/mobilni-komentari/8061/Apple/iPhone-12-mini/5,Apple,Apple iPhone 12 mini,Milos,2021-06-18 11:53:00,"Da li uzeti ili ne? Vredi li te pare? Definitivno je najbolji mali telefon jer i nema konkurenciju, svi prave velike telefone? I koliko zapravo drzi baterija? Moze li izgurati dan?"
https://mobilnisvet.com/mobilni-komentari/8061/Apple/iPhone-12-mini/5,Apple,Apple iPhone 12 mini,Valexa,2021-06-17 06:21:00,"Pre mesec dana sam ga uzeo,nisam bio neki ljubitelj iPhone, ali me je telefon odusevio. Mislim da nema neku posebno slabu tacku, ono sto mu mnogi zameraju je duzina trajanja baterija, meni uopste ne stoji, normalnim koriscenjem izgura dan i po. E,sad ako je nekome normalno da visi na ekranu telefona vise od 5-6 sati na dan (sto garantovano sa svojim on screen time moze da izgura lagano), onda razumem da mu ne ispunjava ocekivanja. Meni savrsen."
https://mobilnisvet.com/mobilni-komentari/8061/Apple/iPhone-12-mini/5,Apple,Apple iPhone 12 mini,Konan III,2021-06-10 07:01:00,Ako je neko kod 12 mini ažurirao na IOS 14.6 kako se ponaša baterija? Da bih znao da li je potpuno nov telefon ispravan ili ova verzija jednostavno iscedi bateriju u toku jednog dana slabog korišćenja?
https://mobilnisvet.com/mobilni-komentari/8061/Apple/iPhone-12-mini/5,Apple,Apple iPhone 12 mini,Aca561990,2021-06-01 19:31:00,"Ja kad bi ovo kupio,bio bi miran i vise od 5 godina,ali asus zenfone 8 ga je stigao,ali je ipak veci"
https://mobilnisvet.com/mobilni-komentari/8061/Apple/iPhone-12-mini/5,Apple,Apple iPhone 12 mini,Zagor,2021-05-23 22:29:00,Baterija bas slaba...dako bude bolja sa 13mini.
https://mobilnisvet.com/mobilni-komentari/8061/Apple/iPhone-12-mini/5,Apple,Apple iPhone 12 mini,Bob,2021-05-18 20:03:00,"Najviše ljudi se žali na bateriju na ovom telefonu, ja ga koristim sa dve kartice i baš sam oduševljen."
https://mobilnisvet.com/mobilni-komentari/8061/Apple/iPhone-12-mini/5,Apple,Apple iPhone 12 mini,Predrag,2021-05-18 14:51:00,"Sta mi bi da predjem sa iphone 11 na iphone 12 mini jer nikad nisam imao male telefone-ne znam,ali fala Bogu da sam to uradio!"
https://mobilnisvet.com/mobilni-komentari/8061/Apple/iPhone-12-mini/5,Apple,Apple iPhone 12 mini,Maja,2021-05-16 01:49:00,Iphone 12 mini 128 gb ili 11 pro 256 gb ? Ozbiljna dilema
https://mobilnisvet.com/mobilni-komentari/8061/Apple/iPhone-12-mini/5,Apple,Apple iPhone 12 mini,filip,2021-05-06 17:19:00,"Telefon lagano izgura jedan dan uz normalno koriscenje cak i vise ukoliko smanjis osvetljenje pogasis pozadinske aplikacije sig moze dan ipo da radi.Idealna ali idealna velicina telefona sve perfektno. Ne znam kako ljudi koriste telefon jedino ako uopste ne pricaju ni sa kim i nemaju drustveni zivot pa i da razumem da isprazne bateriju.Ponesete punjac u dzepu i uvek bude uz vas ako vec toliko koristite tel.Osvetljenje na sto odsto je isuvise jako treba ga smanjiti jer smeta i eto ustede ,samo povedite racuna malo.Greske pri kucanju su moguce jer je mali ekran ko ima debele prste ume da smara. To je mizerno u pogledu sta tel pruza .Slobodno uzmite ovaj model bez dileme jedan od boljih poslova applea svih vremena"
https://mobilnisvet.com/mobilni-komentari/8061/Apple/iPhone-12-mini/5,Apple,Apple iPhone 12 mini,Aleksej,2021-04-23 10:42:00,"Posle neka dva meseca korišćenja generalno sam zadovoljan. Telefon koristim za posao tako da dnevno primim i pošaljem 10-15 imejlova uz 50ak wa i viber poruka i recimo 2-3 sata razgovora pa se baterija relativno brzo isprazni. Uz eksterni bežični punjač to nije problem, uglavnom jednom dnevno ga dopunjujem kada padne na 60% oko 12-13h i onda izdrži do recimo 21-22h bez ponovnog punjenja. Sve ostalo je ekstra. Manji je ekran pa se češće greši kod kucanja (umesto space kucam n) ali sve je to zanemarljivo. Bitno mi je bilo da je telefon manji i da lakše stane u džep."
https://mobilnisvet.com/mobilni-komentari/8061/Apple/iPhone-12-mini/5,Apple,Apple iPhone 12 mini,136,2021-04-21 08:24:00,"Veoma sam zadovoljna telefonom. Sistem funkcionise fluidno, brzo, tacno kamera u dnevnom, a narocito nocnom modu daje odlicne fotografije dimenzija telefona je perfektna za svakodnevno koriscenje. Baterija se izdvaja kao najslabija tacka modela. Uz nocno punjenje telefona i dnevni SOT 4-5h, baterija na kraju dana ostanem na ~30-35%, sto je veoma malo u poredjenju sa ostalim proizvodjacima i modelima telefona. Medjutim, kada se saberu svi plusevi i minusevi - ja bih toplo preporucila ovaj model."
https://mobilnisvet.com/mobilni-komentari/8061/Apple/iPhone-12-mini/5,Apple,Apple iPhone 12 mini,Tijana,2021-04-11 14:28:00,12 mini ili 11? Koji je bolji? S obzirom da je cena slična
https://mobilnisvet.com/mobilni-komentari/8061/Apple/iPhone-12-mini/5,Apple,Apple iPhone 12 mini,Mia,2021-04-01 21:31:00,Razlike izmedju xs i 12 mini ?
https://mobilnisvet.com/mobilni-komentari/8061/Apple/iPhone-12-mini/5,Apple,Apple iPhone 12 mini,Darko,2021-03-28 00:06:00,Dobijaju li se slusalice i punjac u pakovanju?
https://mobilnisvet.com/mobilni-komentari/8061/Apple/iPhone-12-mini/5,Apple,Apple iPhone 12 mini,Stefan,2021-03-20 15:32:00,Odlican telefon. Mozda i najbolji do sada od apple.
https://mobilnisvet.com/mobilni-komentari/8061/Apple/iPhone-12-mini/5,Apple,Apple iPhone 12 mini,M,2021-03-18 23:44:00,Iphone 11 ili 12 mini?
https://mobilnisvet.com/mobilni-komentari/8061/Apple/iPhone-12-mini/5,Apple,Apple iPhone 12 mini,Dejana,2021-03-18 20:54:00,"Pozdrav svima! Dvoumim se izmedju Iphone 12, 12 mini i iphone 11 pro. Prioriteti- baterija, kvalitet snimaka i fotografija. Do sada sam koristila 7+ i prezadovoljna sam, imam ga 5 godina ali moram da ga menjam zbog baterije. Svaki savet je dobrodosao. Hvala!"
https://mobilnisvet.com/mobilni-komentari/8061/Apple/iPhone-12-mini/5,Apple,Apple iPhone 12 mini,miki,2021-02-28 19:48:00,Da li iphone 12 mini ima dual sim/fizicke kartice?
https://mobilnisvet.com/mobilni-komentari/8061/Apple/iPhone-12-mini/5,Apple,Apple iPhone 12 mini,Zlaja,2021-02-18 21:38:00,"Cao drugari. Imam dilemu, dvoumim se izmedju Note 10+ i Iphone 12 mini. Znam da je razlika velika u svemu, oba mi odgovaraju. Samo ne znam sta je pametno uzeti. Planiram duzi period da koristim, 3-4 god. Hvala unapred na savetima. 😁"
https://mobilnisvet.com/mobilni-komentari/8061/Apple/iPhone-12-mini/5,Apple,Apple iPhone 12 mini,Milana,2021-02-17 20:28:00,"Pozdrav svima. Hocu da kupim 12 mini ili 11 i ne znam koja je veca razlika. Meni je bitna da je kamera jako dobra i da je ekran takodje ono full full, da se ne zamutne storiji na Instagramu, snepčetu i slično. I koliko bi popust dobila kad bi dala svoj 6s 32gb kao staro za novo? Pozdraav"
https://mobilnisvet.com/mobilni-komentari/8061/Apple/iPhone-12-mini/5,Apple,Apple iPhone 12 mini,Vladimir,2021-02-08 22:55:00,"Imam iphone 11 Dual Sim( fizicki dve kartice) i imao sam problem cesto sam bio nedostupan, nznm iz kog razloga inace je telefon odlican. Sada sam dobio na poklon ovaj telefon i isao sam u MTS da zamenim sim card za esim, uspeo, ali nisam nista uradio. Pozvao sam call. Entar mts -a i rekli su mi da ovaj telefon ne podrzava esim. pitanje da li na ovom telefonu mogu da koristim dve kartice, sim nano card i esim, posto nema dva slota. Hvala izvinite na opsirnosti. Inace telefon je odlican."
https://mobilnisvet.com/mobilni-komentari/8061/Apple/iPhone-12-mini/5,Apple,Apple iPhone 12 mini,Dux,2021-02-07 20:42:00,"Zainteresovan sam za kupovinu ovog modela, pitanje za Vas koji ga vec koristite, da li je 64 gb dovoljno za osnovne aplikacije ( drustvene mreze, novine itd. ) i poneku igricu ili se brzo napuni?"
https://mobilnisvet.com/mobilni-komentari/8061/Apple/iPhone-12-mini/5,Apple,Apple iPhone 12 mini,Ana,2021-02-06 11:24:00,Zahtevan sam korisnik i ovaj telefon punim dva puta dnevno. Eto info ako nekoga zanima baterija :)
https://mobilnisvet.com/mobilni-komentari/8061/Apple/iPhone-12-mini/5,Apple,Apple iPhone 12 mini,Igor,2021-02-06 10:41:00,"Ovako, telefon je zaista savrsen, sve je na mestu i utegnuto. Medjutim imam problem koji nisam ocekivao, nakon nekoj vremena gledanja u telefon oci mi se zamaraju i glava pocinje uzasno da me boli. Na stranim recenzijama sam primetio da mnogi ljudi imaju isti problem zbog tehnologije ekrana koju ovaj iphone koristi. I sad posle dve nedelje koriscenja ne znam sta da radim, zao mi je da ga se odreknem jer je zaista savrsen telefon u svakom smislu, ali zbog zdravlja nisam siguran.."
https://mobilnisvet.com/mobilni-komentari/9266/Apple/iPhone-13-mini/5,Apple,Apple iPhone 13 mini,Alexa,2022-09-02 04:50:00,"Uzeo sam 13 mini pre neki dan i bas sam zadovoljan telefonom, posto se prvi put susrecem sa ios operativnim sistemom neke stvari jos uvek ne mogu da podesim napr.ako moze pomoc kad koristim google maps da li mogu nekako da promenim glasovni jezik na srpski ili hrvatski?"
https://mobilnisvet.com/mobilni-komentari/9266/Apple/iPhone-13-mini/5,Apple,Apple iPhone 13 mini,Branislav,2022-09-01 18:20:00,@Zorica
https://mobilnisvet.com/mobilni-komentari/9266/Apple/iPhone-13-mini/5,Apple,Apple iPhone 13 mini,Lola,2022-08-30 17:28:00,"Meni je kod telefona najvaznija kamera, kakva su iskustva sa Mini 13?"
https://mobilnisvet.com/mobilni-komentari/9266/Apple/iPhone-13-mini/5,Apple,Apple iPhone 13 mini,Marija,2022-08-26 11:28:00,"Da li je normalno da mi za 2 meseca koriscenja telefona 13 mini baterija opadne za 2%, primetila sam nakon azuriranja softvera da je opalo 🤦🏻‍♀️"
https://mobilnisvet.com/mobilni-komentari/9266/Apple/iPhone-13-mini/5,Apple,Apple iPhone 13 mini,Ana,2022-08-25 14:48:00,Moze li pomoc u vezi punjenja kako podesiti punjenje da li treba da je ukljuceno(optimised battery charging)? I drugo zanima me da li mogu da koristim adapter od samsunga ili mora original? Unapred hvala.
https://mobilnisvet.com/mobilni-komentari/9266/Apple/iPhone-13-mini/5,Apple,Apple iPhone 13 mini,Supraa,2022-08-24 12:01:00,Posle skoro 5 meseci od kupovine ip 13 minija zdravlje baterije je palo sa 100% na 99% da li je to normalno?
https://mobilnisvet.com/mobilni-komentari/9266/Apple/iPhone-13-mini/5,Apple,Apple iPhone 13 mini,Jelena,2022-08-19 21:34:00,13 mini ili 11?
https://mobilnisvet.com/mobilni-komentari/9266/Apple/iPhone-13-mini/5,Apple,Apple iPhone 13 mini,marko,2022-08-19 16:47:00,molim vas pomoc da li uzeti samsung note 9 ili apple mini 13?
https://mobilnisvet.com/mobilni-komentari/9266/Apple/iPhone-13-mini/5,Apple,Apple iPhone 13 mini,Нинџа,2022-08-18 20:55:00,"Da li postoji razlika između 13 i 13 mini, sem veličine ekrana i baterije?"
https://mobilnisvet.com/mobilni-komentari/9266/Apple/iPhone-13-mini/5,Apple,Apple iPhone 13 mini,Fica,2022-08-17 12:14:00,Da li moze da se koristi punjac od ajfona 5s koji vec imam ili je nephodan nov.?
https://mobilnisvet.com/mobilni-komentari/9266/Apple/iPhone-13-mini/5,Apple,Apple iPhone 13 mini,Goran,2022-08-15 20:47:00,Ako moze iskrena preporuka da li uzeti 13 mini ili s22?
https://mobilnisvet.com/mobilni-komentari/9266/Apple/iPhone-13-mini/5,Apple,Apple iPhone 13 mini,Cva,2022-08-08 19:23:00,"Nakon 3mj..Mob je odličan ,baterija za prosječne korisnike Oke izdrži dan ,kamera top ,uzeo sam i Magsafe bateriju ako zafali struje ..najbolji mobitel s obzirom na veličinu i specifikacije ,totalni pogodak nakon dugog razmišljanja ,MINi top :D"
https://mobilnisvet.com/mobilni-komentari/9266/Apple/iPhone-13-mini/5,Apple,Apple iPhone 13 mini,Aca,2022-08-03 13:43:00,Da li ce odgovarati punjac od ipad 9 tableta za ovaj telefon na slikama izgleda isto?
https://mobilnisvet.com/mobilni-komentari/9266/Apple/iPhone-13-mini/5,Apple,Apple iPhone 13 mini,Lav,2022-08-01 06:23:00,"Ovo je mali top, brz, lepo lezi u ruci, baterija dobra za nekog ko radi, od 6h do 16h ostane prosecnog koriscenja 65%, posle lagano izgura jedan film ili serije 5-6, i oko 23h na 10% stavim na punjac."
https://mobilnisvet.com/mobilni-komentari/9266/Apple/iPhone-13-mini/5,Apple,Apple iPhone 13 mini,Nesa,2022-07-29 20:36:00,Polovan 13 mini ili nov se 3?Ili preporuka za neki manji tel.normalnih dimenzija.Hvala.
https://mobilnisvet.com/mobilni-komentari/9266/Apple/iPhone-13-mini/5,Apple,Apple iPhone 13 mini,HM,2022-07-29 11:10:00,Ovaj telefon ili Iphone 12!?
https://mobilnisvet.com/mobilni-komentari/9266/Apple/iPhone-13-mini/5,Apple,Apple iPhone 13 mini,Vuk,2022-07-29 10:29:00,Ljudi hocu da kupim ovaj telefon!
https://mobilnisvet.com/mobilni-komentari/9266/Apple/iPhone-13-mini/5,Apple,Apple iPhone 13 mini,Miloš,2022-07-23 09:14:00,"Imam iphone 11 pro 64gb 89bh, planiram da prodam i uzmem iphon 13 mini."
https://mobilnisvet.com/mobilni-komentari/9266/Apple/iPhone-13-mini/5,Apple,Apple iPhone 13 mini,Slobodan,2022-07-13 15:17:00,"Nov iphone 13 mini, danas kupljen. Primetio sam da se greje. da li je to normalno? Presao sam sa androida pa ne znam da li se to i drugima desava?"
https://mobilnisvet.com/mobilni-komentari/9266/Apple/iPhone-13-mini/5,Apple,Apple iPhone 13 mini,iPhone 13Mini,2022-07-12 12:44:00,Da li neko ima islustva sa beta verzijama softvera :)
https://mobilnisvet.com/mobilni-komentari/9266/Apple/iPhone-13-mini/5,Apple,Apple iPhone 13 mini,Branislav,2022-07-09 20:04:00,Jedno pitanje nevezano za model. Da li u verzijama iOS-a od 13 pa nadalje postoji opcija da se baterija puni samo do 80% da bi se tako sacuvala od brzeg propadanja?
https://mobilnisvet.com/mobilni-komentari/9266/Apple/iPhone-13-mini/5,Apple,Apple iPhone 13 mini,Vuk,2022-07-03 07:57:00,Drugari po vama sta je bolji izbor: Iphone 12 obican ili Iphone 13 mini!?
https://mobilnisvet.com/mobilni-komentari/9266/Apple/iPhone-13-mini/5,Apple,Apple iPhone 13 mini,Mac,2022-06-30 19:21:00,Kupiti sada 13 mini ili sačekati 14 mini?
https://mobilnisvet.com/mobilni-komentari/9266/Apple/iPhone-13-mini/5,Apple,Apple iPhone 13 mini,123J,2022-06-26 10:23:00,"Cao, imam stariji originalni punjac od 10w, na 6s super radi, odlicno ocuvan..ako neko zna jel to ok za zdravlje baterije 13mini, a neko brzo punjenje mi uopste nije vazno"
https://mobilnisvet.com/mobilni-komentari/9260/Apple/iPhone-13/5,Apple,Apple iPhone 13,Miodrag,2024-07-26 13:29:00,Može li kod naših operatera da radi eSIM? Treba mi dva sima u iphone!
https://mobilnisvet.com/mobilni-komentari/9260/Apple/iPhone-13/5,Apple,Apple iPhone 13,Marko,2024-07-18 11:05:00,Koliko vam izvuče sot na mobilnim podacima a koliko na wifi?
https://mobilnisvet.com/mobilni-komentari/9260/Apple/iPhone-13/5,Apple,Apple iPhone 13,Nn,2024-07-17 11:05:00,"Uzeo sam iphone 13 pre nedelju dana, nov potpuno, neaktiviran i deluje mi da troši više baterije nego što je da kažem normalno. Da li postoje neki saveti oko baterije za tek aktiviran ajfon ili ovo nešto nije kako treba? Hvala"
https://mobilnisvet.com/mobilni-komentari/9260/Apple/iPhone-13/5,Apple,Apple iPhone 13,Mikan,2024-07-17 08:24:00,"Ljudi, koliko mogu da se porede Samsung s21 fe i ovaj fon, zanima me razlika u kameri, je li velika i šta mislite o memoriji na oba uređaja? Bio sam zagrejan za s21 fe ali se dvoumim"
https://mobilnisvet.com/mobilni-komentari/9260/Apple/iPhone-13/5,Apple,Apple iPhone 13,Slavko,2024-07-15 22:25:00,Bolje imati garanciju 24 meseca
https://mobilnisvet.com/mobilni-komentari/9260/Apple/iPhone-13/5,Apple,Apple iPhone 13,Zoran,2024-07-13 08:36:00,"Naravno, svakako je bolje kupiti domaci telefon da je od nekog naseg operatera koji ima racun i garanciju 24 meseca, sigurnije je sto posto, nego telefon koji je EU sa 12 meseci garancije"
https://mobilnisvet.com/mobilni-komentari/9260/Apple/iPhone-13/5,Apple,Apple iPhone 13,Boris,2024-07-09 13:12:00,"Masina od telefona, samo domace modele sa racunom i garancijom od 24 meseca"
https://mobilnisvet.com/mobilni-komentari/9260/Apple/iPhone-13/5,Apple,Apple iPhone 13,Nemanja,2024-07-04 01:59:00,"Pozdrav ljudi, na ip 13 crkao mi je Nand Chip za memoriju. Da li neko zna da li ce nakon popravke biti nekih smetnji na telefonu zbog toga?"
https://mobilnisvet.com/mobilni-komentari/9260/Apple/iPhone-13/5,Apple,Apple iPhone 13,Marko,2024-07-01 19:41:00,"Pozdrav, čitao sam svuda da 14 nije nešto Bog zna šta drugačiji od 13, ali je 13 već star skoro 3 godine i bh mu je lošiji itd. Sad me zanima, znam priliku da uzmem 14 sa 100% bh, aktiviran u aprilu ove godine, stanje perfektno, pa da li uzeti njega koji je 'polovan' ili možda pogledati neku 13cu novu, jer je cena slična?"
https://mobilnisvet.com/mobilni-komentari/9260/Apple/iPhone-13/5,Apple,Apple iPhone 13,Ccc,2024-07-01 19:23:00,Koji je bolji izbor 12 pro ili 13 obican
https://mobilnisvet.com/mobilni-komentari/9260/Apple/iPhone-13/5,Apple,Apple iPhone 13,Laki,2024-06-14 15:01:00,Koliko vam je vreme ukljucenog ekrana SOT od kad napunite na 100% pa do 15 ili 20% bez dopunjavanja u medjuvremenu? Meni je battery health 89% i za dva sata ukljucenog ekrana padne do 30% sa punih 100%.
https://mobilnisvet.com/mobilni-komentari/9260/Apple/iPhone-13/5,Apple,Apple iPhone 13,MILAN,2024-06-04 19:33:00,"Ovako za sve koje zanima razlika u cenama je zbog garancije.. Pojedine radnje koje daju najnizu cenu daju  garanciju od samo godinu dana , placanje je svuda iskljucivo u kesu , kartice ne primaju ."
https://mobilnisvet.com/mobilni-komentari/9260/Apple/iPhone-13/5,Apple,Apple iPhone 13,Goran,2024-06-04 19:31:00,"Koliko steti bateriji ako punim 13-ku sa punjacem od 7plus. Jasno mi je da mnogo sporije puni ali to mi ne predstavlja problem. Trenutno sam tako prinudjen narednih 7-8 dana ,dal mogu nastaviti ili moram uzimati brzi punjac ? Hvala"
https://mobilnisvet.com/mobilni-komentari/9260/Apple/iPhone-13/5,Apple,Apple iPhone 13,Jova,2024-06-02 10:13:00,S23 il ajfon 13?
https://mobilnisvet.com/mobilni-komentari/9260/Apple/iPhone-13/5,Apple,Apple iPhone 13,Vladislav,2024-06-01 17:57:00,12 pro ili 13?
https://mobilnisvet.com/mobilni-komentari/9260/Apple/iPhone-13/5,Apple,Apple iPhone 13,Hydrogen,2024-05-29 22:18:00,Da li neka od radnji sa gornjeg spiska prodaje na rate sa intesa karticom?
https://mobilnisvet.com/mobilni-komentari/9260/Apple/iPhone-13/5,Apple,Apple iPhone 13,.,2024-05-29 12:19:00,Kakav je u crvenoj boji uzivo?
https://mobilnisvet.com/mobilni-komentari/9260/Apple/iPhone-13/5,Apple,Apple iPhone 13,Aleksandar,2024-05-27 14:17:00,Da li vredi uzeti ga sa 89% batery health?
https://mobilnisvet.com/mobilni-komentari/9260/Apple/iPhone-13/5,Apple,Apple iPhone 13,Miki,2024-05-25 17:57:00,"Imam problem, kad me neko zove telefon krene normalno da zvoni a onda utisa zvuk. Je l zna neko o cemu se radi i kako resiti?"
https://mobilnisvet.com/mobilni-komentari/9260/Apple/iPhone-13/5,Apple,Apple iPhone 13,Jelena,2024-05-17 13:50:00,Da li je okej uzeti iph 13 s obzirom da je izašao pre 3 godine?
https://mobilnisvet.com/mobilni-komentari/9260/Apple/iPhone-13/5,Apple,Apple iPhone 13,Rale,2024-05-16 07:17:00,"Pozdrav, telefon imam neki 8 meseci i sve do pre dve nedelje je baterija bila 100% i pocela je naglo da pada tako da sam sad na 97%, da li ima razloga za brigu ili je to tako normalno?"
https://mobilnisvet.com/mobilni-komentari/9260/Apple/iPhone-13/5,Apple,Apple iPhone 13,Milan,2024-05-09 19:21:00,Zasto su ovolike razlike u ceni ?  Sad vidim da u Istyle-u kosta za preko 100 evra vise nego sto nudi najjeftiniji ? U cemu je zapravo fora
https://mobilnisvet.com/mobilni-komentari/9260/Apple/iPhone-13/5,Apple,Apple iPhone 13,Igor,2024-05-03 11:20:00,"Pozdrav iphone 13 mi koci dok je na punjacu do nekih 90% kabal je orignal ali kuciste nije (znam d ase ne treba koristiti dok se puni ali nekad se mora , da li je to do adaptera ili nije )"
https://mobilnisvet.com/mobilni-komentari/9260/Apple/iPhone-13/5,Apple,Apple iPhone 13,Mirko,2024-04-30 20:33:00,Posle obavljenog razgovora prenos podataka se sa 4g prebacuje na edge i tako ostaje sve dok ne restartujem telefon
https://mobilnisvet.com/mobilni-komentari/9272/Apple/iPhone-13-Pro/5,Apple,Apple iPhone 13 Pro,Il duce,2022-12-14 19:44:00,"Pozdrav, da li neko ima iskustva sa poliranjem ili reparacijom stakla na ekranu? Model iphone 13 pro."
https://mobilnisvet.com/mobilni-komentari/9272/Apple/iPhone-13-Pro/5,Apple,Apple iPhone 13 Pro,Po,2022-12-08 22:05:00,"Cao. Zanima me sledece, imam 13 pro, hocu da kupim redmi buds 4 pro slusalice, koliko je to pametno s obzirom da je drugi proizvodjac? Hvala."
https://mobilnisvet.com/mobilni-komentari/9272/Apple/iPhone-13-Pro/5,Apple,Apple iPhone 13 Pro,MP,2022-11-22 17:30:00,"Pozdrav,pomoc u vezi punjaca Iphone 13 pro...Kupljen je sa 2 porta,jedan je 15w usb ulaz,a drugi do 65w tzv.C ulaz.Da li je ovaj ulaz od 65w prejak za bateriju,inace je bas brzo puni?"
https://mobilnisvet.com/mobilni-komentari/9272/Apple/iPhone-13-Pro/5,Apple,Apple iPhone 13 Pro,N,2022-11-19 21:49:00,Iphone 13 pro star 9 meseci 89 bh dali je to okej ili njje . Pozdrav hvala
https://mobilnisvet.com/mobilni-komentari/9272/Apple/iPhone-13-Pro/5,Apple,Apple iPhone 13 Pro,Ivan,2022-11-17 22:07:00,"Da li je malo 128gb memorije na ovom telefonu? 100e je razlika izmedju 128 i 256, da li vredi doplatiti?"
https://mobilnisvet.com/mobilni-komentari/9272/Apple/iPhone-13-Pro/5,Apple,Apple iPhone 13 Pro,Jovica,2022-11-12 04:27:00,"Da li vredi dati 200e vise i uzeti 13 pro umesto obican 13? Prosecan sam korisnik, u sustini su mi najbitnije kamera i baterija i sigurno ga necu menjati 2 godine"
https://mobilnisvet.com/mobilni-komentari/9272/Apple/iPhone-13-Pro/5,Apple,Apple iPhone 13 Pro,Jelena,2022-11-09 10:17:00,Je l neću mnogo da pogrešim ako uzmem iPhone 14 umesto 13 pro? Zbog razlike u ceni bih preče njega
https://mobilnisvet.com/mobilni-komentari/9272/Apple/iPhone-13-Pro/5,Apple,Apple iPhone 13 Pro,Ko,2022-10-30 16:29:00,Dali ovaj model ili s22ultra kamera bitna najvise?
https://mobilnisvet.com/mobilni-komentari/9272/Apple/iPhone-13-Pro/5,Apple,Apple iPhone 13 Pro,.,2022-10-29 19:13:00,Treba da uzmem kroz par dana telefon kod operatera i dvoumim sa između iPhone 13 pro i iPhone 14. Šta mislite?
https://mobilnisvet.com/mobilni-komentari/9272/Apple/iPhone-13-Pro/5,Apple,Apple iPhone 13 Pro,Rok,2022-10-26 18:26:00,Star 3meseca i smako na 99h bateriju ne igram igrice koristim normalno tel i imam org punjač dali je to ok?
https://mobilnisvet.com/mobilni-komentari/9272/Apple/iPhone-13-Pro/5,Apple,Apple iPhone 13 Pro,Mila,2022-10-23 15:59:00,"Pomoć, da li uzeti iPhone 13 pro ili iPhone 14?"
https://mobilnisvet.com/mobilni-komentari/9272/Apple/iPhone-13-Pro/5,Apple,Apple iPhone 13 Pro,Nikola,2022-10-18 18:21:00,Pozdrav imam iphone 13 pro 8 meseci star i helt mi pao na 93 % jel to normalno .. Pozdrav unapred hvala
https://mobilnisvet.com/mobilni-komentari/9272/Apple/iPhone-13-Pro/5,Apple,Apple iPhone 13 Pro,Jelena,2022-10-13 16:18:00,"Da li se isplati platiti više i uzeti iPhone 14 pro? Prvi put uzimam iPhone, pa nisam baš upućena, a telefone ne menjam često"
https://mobilnisvet.com/mobilni-komentari/9272/Apple/iPhone-13-Pro/5,Apple,Apple iPhone 13 Pro,.,2022-10-08 18:56:00,iPhone 13 pro ili 14 pro?
https://mobilnisvet.com/mobilni-komentari/9272/Apple/iPhone-13-Pro/5,Apple,Apple iPhone 13 Pro,Knele,2022-10-01 11:06:00,Samsung S21+ ili IPhone 13 pro?
https://mobilnisvet.com/mobilni-komentari/9272/Apple/iPhone-13-Pro/5,Apple,Apple iPhone 13 Pro,Laki,2022-09-26 21:52:00,Pozdrav. Prosečan sam korisnik ne previše zahtevan ali se dvoumim između apple 13 i apple 13 pro. Da li vredi dati više novca za apple 13 pro i iz iskustva šta savetujte? Zanima me Vaše mišljenje? Hvala
https://mobilnisvet.com/mobilni-komentari/9272/Apple/iPhone-13-Pro/5,Apple,Apple iPhone 13 Pro,Darko,2022-09-26 14:31:00,"Jel ima jos neko problem sa ios 16.02 , ne moze da se izbrise sms poruka ???"
https://mobilnisvet.com/mobilni-komentari/9272/Apple/iPhone-13-Pro/5,Apple,Apple iPhone 13 Pro,Marko,2022-09-26 12:12:00,"Pozdrav, da li je normalno da se prilikom punjenja greje telefon?? U radu nema nikakvih problema.."
https://mobilnisvet.com/mobilni-komentari/9272/Apple/iPhone-13-Pro/5,Apple,Apple iPhone 13 Pro,Stefkee,2022-09-25 08:55:00,Koristim Samsung telefone otkad znam za sebe razmisljao sam da predjem na ovaj uredjaj najbitnija stvar mi je baterija i jel lako navikanje na ios?hvala
https://mobilnisvet.com/mobilni-komentari/9272/Apple/iPhone-13-Pro/5,Apple,Apple iPhone 13 Pro,R. Đ.,2022-09-19 14:29:00,"Pozdrav. Je l moze neka preporuka za telefon? Koristio sam Huawei P10 pa sam presao na Huawei p30. Njega koristim vec 3 godine, baterija mi i dalje izdrzi ceo dan. Planiram da ga zamenim ali ne bih uzimao telefon vecih dimenzija od P30. Bitno mi je da telefon ima dobru bateriju i kameru. Igrice ne igram, uglavnom mi je ceo dan ukljucen internet, preko aplikacija kontaktoram sa ostalima i obavim 10 ak poziva u toku dana. Imao sam i Iphone 5s, tu sam se prevario posto sam uzeo model sa malo memorije, a kasnije mu je baterija oslabila pa sam ga punio 5 puta na dan. Je l moze neka preporuka za telefon kome baterija moze da izdrzi bar ceo dan bez problema a da nije vecih dimenzija od 6,1?"
https://mobilnisvet.com/mobilni-komentari/9272/Apple/iPhone-13-Pro/5,Apple,Apple iPhone 13 Pro,Alex,2022-09-17 19:53:00,Kakva je baterija na ovom modelu.
https://mobilnisvet.com/mobilni-komentari/9280/Apple/iPhone-13-Pro-Max/5,Apple,Apple iPhone 13 Pro Max,Salvatore,2022-04-14 22:01:00,Ko god pise da ne valja i da ima problema taj nema ovaj telefon porede ga sa saomijem to je smijesno iphone je najbolji kosta ali je zver
https://mobilnisvet.com/mobilni-komentari/9280/Apple/iPhone-13-Pro-Max/5,Apple,Apple iPhone 13 Pro Max,Dax,2022-04-09 12:15:00,Da li je Graphite ruzan? Znam da je stvar ukusa ali neko misljenje.. Nemam priliku uzivo da vidim a samo je u toj boji dostupan
https://mobilnisvet.com/mobilni-komentari/9280/Apple/iPhone-13-Pro-Max/5,Apple,Apple iPhone 13 Pro Max,dejan,2022-04-01 05:37:00,Da li ima srpski jezik u telefonu?
https://mobilnisvet.com/mobilni-komentari/9280/Apple/iPhone-13-Pro-Max/5,Apple,Apple iPhone 13 Pro Max,Igor,2022-03-30 10:58:00,"Cao, sta znaci ovo dual-SIM i zasto je za njih veca cena? Zar nisu svi iPhone-i standardno dual-SIM (nano-SIM + eSim)?"
https://mobilnisvet.com/mobilni-komentari/9280/Apple/iPhone-13-Pro-Max/5,Apple,Apple iPhone 13 Pro Max,Coa,2022-03-20 22:09:00,Ovo je strasno kako se telefon greje..
https://mobilnisvet.com/mobilni-komentari/9280/Apple/iPhone-13-Pro-Max/5,Apple,Apple iPhone 13 Pro Max,Maja,2022-03-17 18:43:00,Je l šteti bateriji punjač koji nije original bas za taj telefon
https://mobilnisvet.com/mobilni-komentari/9280/Apple/iPhone-13-Pro-Max/5,Apple,Apple iPhone 13 Pro Max,Boban,2022-03-14 17:17:00,"Postoji li neki način da se prebace svi podaci sa Android telefona na ovaj, uključujući Viber i Whats app?"
https://mobilnisvet.com/mobilni-komentari/9280/Apple/iPhone-13-Pro-Max/5,Apple,Apple iPhone 13 Pro Max,Sinisa,2022-03-04 00:48:00,Koristim notev20 ultra 5 G
https://mobilnisvet.com/mobilni-komentari/9280/Apple/iPhone-13-Pro-Max/5,Apple,Apple iPhone 13 Pro Max,Sonja,2022-02-21 22:11:00,Kupila sam telefon pre par dana primetila sam da kad je osvetlenje na minimum malo sa desne strane ekrana je kao rozikast neznam jel jos neko to primetio hoce li se to povuci
https://mobilnisvet.com/mobilni-komentari/9280/Apple/iPhone-13-Pro-Max/5,Apple,Apple iPhone 13 Pro Max,Miki,2022-02-11 19:58:00,Stigao mi pre nekoliko dana posle skoro 2 meseca čekanja
https://mobilnisvet.com/mobilni-komentari/9280/Apple/iPhone-13-Pro-Max/5,Apple,Apple iPhone 13 Pro Max,Hi,2022-02-06 12:42:00,Koliki vam je screen on time na ovom telefonu?
https://mobilnisvet.com/mobilni-komentari/9280/Apple/iPhone-13-Pro-Max/5,Apple,Apple iPhone 13 Pro Max,Milo,2022-01-31 14:44:00,ja zelim reci da je lepa boja telefona zato dajem 5 zvezdica
https://mobilnisvet.com/mobilni-komentari/9280/Apple/iPhone-13-Pro-Max/5,Apple,Apple iPhone 13 Pro Max,Rabindrant,2022-01-26 21:30:00,Je l neko zna kako se radi jalbreak ovog telefona?
https://mobilnisvet.com/mobilni-komentari/9280/Apple/iPhone-13-Pro-Max/5,Apple,Apple iPhone 13 Pro Max,mimi,2022-01-19 08:35:00,Imam Samsung cijeli zivot ne radim nista preko telefona pa da mi je potreban Ajfon ali poslije svake kupovine Samsunga pitam se zasto nisam kupila Ajfon.Sada kada je 13 pro max tu mnogo me vuce da ga kupim sada me iskreno zanima vase misljenje za jednu zenu koja ne koristi nista previse i ogromne zelje za jabukicom sta da radim
https://mobilnisvet.com/mobilni-komentari/9280/Apple/iPhone-13-Pro-Max/5,Apple,Apple iPhone 13 Pro Max,Goran,2022-01-16 20:33:00,"Uzeo sam ovaj model pre mesec dana, prešao sa Samsunga S20 Ultra. Telefon me je oduvao najviše sa baterijom, brzinom i izgledom. Besprekorno rade animacije i prelazi, ekran mnogo dobro izgleda. Zvuk je dosta jak. Samo što se navikavam na iOS, dugogodišnji sam korisnik Androida. Mada ne vidim problem u tome, sistem je dosta jednostavan i logičan, mislim da sam veći deo funkcija pohvatao."
https://mobilnisvet.com/mobilni-komentari/9280/Apple/iPhone-13-Pro-Max/5,Apple,Apple iPhone 13 Pro Max,Ivona,2021-12-31 06:30:00,Ako može savet ko se razume
https://mobilnisvet.com/mobilni-komentari/9280/Apple/iPhone-13-Pro-Max/5,Apple,Apple iPhone 13 Pro Max,Anica,2021-12-25 22:02:00,Iphone 13 pro ili 13 pro max?
https://mobilnisvet.com/mobilni-komentari/9280/Apple/iPhone-13-Pro-Max/5,Apple,Apple iPhone 13 Pro Max,Dulebossque,2021-12-25 17:19:00,"Telefon je babaroga. Fantastični materijali od kojih je napravljen. Brz. Dosta precizan. Baterija je neverovatna. Ja sam prezadovoljan. Pri tom 7 godina nisam koristio iPhone i hteo sam da ga izlomim kad sam shvatio da ne mogu da vratim istoriju Vibera i Whatsappa. Kad me prošao bes, shvatio sam da ću se dugo družiti sa ovom spravom. Predobar je."
https://mobilnisvet.com/mobilni-komentari/9280/Apple/iPhone-13-Pro-Max/5,Apple,Apple iPhone 13 Pro Max,Milica,2021-12-23 01:22:00,"Moj dečko mi je juče kupio ovaj fon za godišnjicu.Sve radi besprekorno a posebno kamera koju i najčešće koristimo.Sve mi je top.Nisam mu našla nikakvu manu, ali baš nikakvu.Nema boljeg telefona.Preporučujem svima da kupe."
https://mobilnisvet.com/mobilni-komentari/9280/Apple/iPhone-13-Pro-Max/5,Apple,Apple iPhone 13 Pro Max,Sasa,2021-12-22 16:27:00,dvoumim se izmedju s21ultra i ovoga modela. vec 5 i vise godina kako imam s7edge i sto se tice kvaliteta i pouzdanosti tu sam prezadovoljan kao i sa kamerom. pa me zanima zasto Iphone? dali vredi i zbog cega. hvala
https://mobilnisvet.com/mobilni-komentari/9280/Apple/iPhone-13-Pro-Max/5,Apple,Apple iPhone 13 Pro Max,Yoyo,2021-12-20 16:31:00,Predobar uredjjaj
https://mobilnisvet.com/mobilni-komentari/9280/Apple/iPhone-13-Pro-Max/5,Apple,Apple iPhone 13 Pro Max,Panda,2021-12-04 09:31:00,"Kakav moćan sistem, sve preko icloud-a ide! Ako ne plaćaš mesecno onda ne vise od 5gb ne mozes imati. A kako prebaciti nesto na PC?! Trebaš 100programa i 2,3 hakera! Izbrišes sliku iz telefona nemaš je na icloud, izbrišes sliku sa icloud-a, nemaš je na telefonu ili tabletu Mac-u.. ahaha UŽASS!!! Svesno ti uzimaju novac. A ovamo kao najbolji ecosystem. Da bi ubacio jednu pesmu skinutu sa neta u njegov player trebas je skinuti u icloud pa onda preko kompa je iz icloud-a ubaciti u komp pa onda preko itunes je sihronizovati u player.. ahahq pa nema dalje!! Zasto tako? E ako imaš 5gb icloud onda prc, svaku petu stvar moraš da brišes. Takođe kazu IOS je prost, jednostavan i lak sistem.. ahaha toliko jednostavan da za jednu pesmu trebam pola sata! I toliko jednostavan da ni ikonicu ne mogu da stavim samu na sredini ekrana!"
https://mobilnisvet.com/mobilni-komentari/9280/Apple/iPhone-13-Pro-Max/5,Apple,Apple iPhone 13 Pro Max,Dule,2021-11-25 19:27:00,Smece od telefona.
https://mobilnisvet.com/mobilni/c9y6l/Apple/iPhone-14-Plus-256GB-Red,Apple,Apple iPhone 14 Plus,AoD,2026-03-24 23:20:00,Da li zameniti SM S23 plus za iph 14+ 256gb bh 85%
https://mobilnisvet.com/mobilni/c9y6l/Apple/iPhone-14-Plus-256GB-Red,Apple,Apple iPhone 14 Plus,Dali idalje imate,2026-01-28 09:22:00,Dali idalje imate u ponudi iphone 14 plus
https://mobilnisvet.com/mobilni/c9y6l/Apple/iPhone-14-Plus-256GB-Red,Apple,Apple iPhone 14 Plus,Mia,2025-07-26 14:37:00,Koliko košta?
https://mobilnisvet.com/mobilni/c9y6l/Apple/iPhone-14-Plus-256GB-Red,Apple,Apple iPhone 14 Plus,Roggy,2025-04-21 23:04:00,Jel moguće da su skočile cene od pre mesec dana za sve ajfone od 12 do 16?
https://mobilnisvet.com/mobilni/c9y6l/Apple/iPhone-14-Plus-256GB-Red,Apple,Apple iPhone 14 Plus,Jelena,2024-12-03 08:29:00,Planiram da kupim ovaj telefon. Koliko maksimalno vredi da se da za neki dobar polovni? Realne neke cene
https://mobilnisvet.com/mobilni/c9y6l/Apple/iPhone-14-Plus-256GB-Red,Apple,Apple iPhone 14 Plus,Nikola,2024-11-26 21:46:00,Zašto oglašavate ovaj model da ima u 10 radnji kada proverno nema i neće ga niti nabavljati?
https://mobilnisvet.com/mobilni/c9y6l/Apple/iPhone-14-Plus-256GB-Red,Apple,Apple iPhone 14 Plus,Miroslav,2024-10-03 18:55:00,"Zdravo drugari,da podelim mišljenje sa Vama,"
https://mobilnisvet.com/mobilni/c9y6l/Apple/iPhone-14-Plus-256GB-Red,Apple,Apple iPhone 14 Plus,Bojana,2024-09-22 14:48:00,Da li dajete na rate i koliko je rata mesecno?
https://mobilnisvet.com/mobilni/c9y6l/Apple/iPhone-14-Plus-256GB-Red,Apple,Apple iPhone 14 Plus,Ana,2024-09-02 14:59:00,"Zdravo svima,treba mi pomoc.Da li moze da mi neko da savet po pitanju memorije na iphone 14 sa 128gb.Prvi mi je ajfon a imala sam adroid sa 256gb i za punih 2 god sam tamo samo iskoristila 45gb.Zanima me da li se na ajfonu brzo puni memorija da li da platim icloud za slike posle nekog vremena ili da zamenim za malo jaci tel sa memorijom?Malo je ovde zeznuto sto ne mozes staviti memorijsku karticu na ajfonu.Znam da ce mi mozda biti problem ovde zbog slika ne do aplikacija.Aplikacije imam osnovne,bukvalno samo drustvene mreze."
https://mobilnisvet.com/mobilni/c9y6l/Apple/iPhone-14-Plus-256GB-Red,Apple,Apple iPhone 14 Plus,.,2024-09-02 06:41:00,Iphone 13 ili 14 plus?
https://mobilnisvet.com/mobilni/c9y6l/Apple/iPhone-14-Plus-256GB-Red,Apple,Apple iPhone 14 Plus,Nemanja,2024-09-01 21:59:00,"Pozdrav treba mi pomoc,da li vredi zameniti IPhone 13 Pro za ovaj model iPhone 14 plus?"
https://mobilnisvet.com/mobilni/c9y6l/Apple/iPhone-14-Plus-256GB-Red,Apple,Apple iPhone 14 Plus,G,2024-07-03 13:51:00,14 plus ili 15?
https://mobilnisvet.com/mobilni/c9y6l/Apple/iPhone-14-Plus-256GB-Red,Apple,Apple iPhone 14 Plus,alex,2024-01-17 18:24:00,Šta je sa cenama ? wtf
https://mobilnisvet.com/mobilni/c9y6l/Apple/iPhone-14-Plus-256GB-Red,Apple,Apple iPhone 14 Plus,Tica,2024-01-03 17:31:00,"Zdravo, da li uzeti iphone 14 plus ili samsung s23?"
https://mobilnisvet.com/mobilni/c9y6l/Apple/iPhone-14-Plus-256GB-Red,Apple,Apple iPhone 14 Plus,Marko,2023-12-13 16:52:00,Da li kupiti ovaj ili samsung S23+
https://mobilnisvet.com/mobilni/c9y6l/Apple/iPhone-14-Plus-256GB-Red,Apple,Apple iPhone 14 Plus,Nikola,2023-11-26 15:43:00,"Pozdrav,ovaj ili xiaomi 13T pro?"
https://mobilnisvet.com/mobilni/c9y6l/Apple/iPhone-14-Plus-256GB-Red,Apple,Apple iPhone 14 Plus,Vojin,2023-10-23 11:28:00,"Da li zaista ovaj telefon vredi toliko i jel se isplati uzeti ga. Jer u poređenju sa recimo Samsung a54 koji ima odlične performanse za samo 340e uz 256GB memorijom? Jel zaista toliko bolji ovaj telefon da košta skoro 450e skuplje? Treba mi dobar telefon sa dobrom baterijom i dobrim performansama koji može lagano da izdrži bar 4,5god?"
https://mobilnisvet.com/mobilni/c9y6l/Apple/iPhone-14-Plus-256GB-Red,Apple,Apple iPhone 14 Plus,nina,2023-10-20 14:50:00,zanima me da li je bolje uzeti 14+ili 15obican?
https://mobilnisvet.com/mobilni/c9y6l/Apple/iPhone-14-Plus-256GB-Red,Apple,Apple iPhone 14 Plus,Yu,2023-10-15 22:11:00,Iohone 14 plus ili samsung galaxy s23??
https://mobilnisvet.com/mobilni/c9y6l/Apple/iPhone-14-Plus-256GB-Red,Apple,Apple iPhone 14 Plus,Joksi,2023-10-04 08:59:00,"Zdravo, ja sam uzela pre 4 dana Iphone 14 plus nov. Meni je odlican, baterija lagano izdrzi dva dana iako ga ja maksimalno koristim. Slike fenomenalne pravi(jer meni to i treba).Inace sam imala Iphone 11, tako da ovaj mi je super."
https://mobilnisvet.com/mobilni/c9y6l/Apple/iPhone-14-Plus-256GB-Red,Apple,Apple iPhone 14 Plus,Boxi,2023-09-29 21:06:00,Da li ostati sa 13 pro max ili 14 pro
https://mobilnisvet.com/mobilni/c9y6l/Apple/iPhone-14-Plus-256GB-Red,Apple,Apple iPhone 14 Plus,Ana,2023-06-10 09:06:00,"Uzela sam ovaj telefon pre par dana u A1. Telefon je odlican,kamera,baterija,sve full. Odlicno lezi u ruci iako je veliki. Od mene preporuka za ovaj model 😁"
https://mobilnisvet.com/mobilni-komentari/m4z4w/Apple/iPhone-14-Plus/2,Apple,Apple iPhone 14 Plus,R,2023-06-01 11:22:00,Polovan 13 pro max ili 14plus nov?
https://mobilnisvet.com/mobilni-komentari/m4z4w/Apple/iPhone-14-Plus/2,Apple,Apple iPhone 14 Plus,Prezadovoljan,2023-03-25 22:04:00,Vlasnik sam 12 pro max modela 2 godine. Pre 2 dana sam raspakovao 14 plus 128gb. Tefon je top. Baterija odlična. Kamera bolja. Za ove novce smatram da nema boljeg telefona na duge staze.
https://mobilnisvet.com/mobilni-komentari/m4z4w/Apple/iPhone-14-Plus/2,Apple,Apple iPhone 14 Plus,ljiljana,2023-01-09 14:11:00,Da li je bolje uzeti ovaj ili 13 pro max? Hvala.
https://mobilnisvet.com/mobilni-komentari/m4z4w/Apple/iPhone-14-Plus/2,Apple,Apple iPhone 14 Plus,Draki85,2022-12-22 06:27:00,Jel ga uzeo neko kako ste zadovoljni?
https://mobilnisvet.com/mobilni-komentari/m4z4w/Apple/iPhone-14-Plus/2,Apple,Apple iPhone 14 Plus,Stiv87,2022-12-13 20:46:00,Sta je bolje uzeti ovaj iphone 14 plus ili iphone 12 pro max?
https://mobilnisvet.com/mobilni-komentari/m4z4w/Apple/iPhone-14-Plus/2,Apple,Apple iPhone 14 Plus,Leks,2022-09-08 20:34:00,"Obična 14ica ista kao 12/13, ništa novo."
https://mobilnisvet.com/mobilni-komentari/9280/Apple/iPhone-13-Pro-Max/6,Apple,Apple iPhone 13 Pro Max,123,2021-11-20 11:49:00,"Jake performance, dobar kvalitet. Ali je ruzan za medalju. Ovaj smanjeni notch je uzas, zadebljane ivice ekrana. Kao da je iz 2010godine dok su jos pravili plastične telefone. Strasno, ne razumem one koji ga kupe sta vide u njemu osim Logo Jabuke. Nekada se status dostizao a ne kupovao. A o zatvorenom sistemu da me pricam."
https://mobilnisvet.com/mobilni-komentari/9280/Apple/iPhone-13-Pro-Max/6,Apple,Apple iPhone 13 Pro Max,Mare,2021-10-31 06:34:00,Pozdrav ljudi. Juce sam nabavio 13 pro max i kada sam obavio prvi razgovor primetio sam da mi zvuk sagovornika cunan tj. kao da naglasava pojedina slova i pomalo susti u tom momentu. Pomalo je iritirajuce . Inace sva podesavanja su naravno fabricka .ima li neko slican problem
https://mobilnisvet.com/mobilni-komentari/9280/Apple/iPhone-13-Pro-Max/6,Apple,Apple iPhone 13 Pro Max,M,2021-10-24 13:41:00,"Pozdrav, zasto aplikacije nece automatski da se aktuliziraju i ako je podešeno sve na Auto? I zasto nece softvare da se instalira ako nije telefon na punjacu? Jel ima neka fota."
https://mobilnisvet.com/mobilni-komentari/9280/Apple/iPhone-13-Pro-Max/6,Apple,Apple iPhone 13 Pro Max,Razocarenje,2021-10-10 11:38:00,obavezno pogledajte pre nego kupite telefon.
https://mobilnisvet.com/mobilni-komentari/9280/Apple/iPhone-13-Pro-Max/6,Apple,Apple iPhone 13 Pro Max,Johhan,2021-09-30 07:38:00,"Ok, ali što se u ovoj seriji modela nije izbacio očito apsolutnoj većini korisnika odvratni notch, što se iz praktičnih razloga već dvogodišnjeg nošenja zaštitnih maski ili brnjica kako kome drago nije ubacio fingerprint sa strane jer za to postoje tehničke mogućnosti zašto na IOS 15 nema opcije AOD što svakako nije beskorisno. Zar za to treba čekati Iphone 113 jer da su sada odradili te promene ne bi znali šta da ponude na Iphone 14 seriji?! Promene u zbiru - manje od ništa pa bi trebalo da 13-ca bude ne više od 10% skuplja od serije 12 iz čega se naravno izuzima ludačko srpsko nazovi tržište."
https://mobilnisvet.com/mobilni-komentari/9280/Apple/iPhone-13-Pro-Max/6,Apple,Apple iPhone 13 Pro Max,IronMan,2021-09-27 14:04:00,"Apple pravi dobre i kvalitetne uredjaje tu nema sta da se priča, svaka čast. Ali brate dizajn i sistem su smor žešći. Jedno te isto, dosadno, nikakavo... Užas. Izgled jos od IP X, sistem nikakav i dosadan. Sta reći a ne zaplakati."
https://mobilnisvet.com/mobilni-komentari/9280/Apple/iPhone-13-Pro-Max/6,Apple,Apple iPhone 13 Pro Max,Johhan,2021-09-27 10:50:00,"Sledeće i bliže nego što se može pomisliti je da se gasi proizvodnja mobilnih telefona i prelazi na neku novu igračku. Zablokiralo se već duže vreme unazad za jednu modernu tehnologiju i nema više ideja makar to bio i ekran na kome je nemoguće ostaviti otiske prstiju (neki ultrakvalitetni premaz) i kakav je jednako jasan i svetao pod bilo kakvim uglom na direktnoj sunčevoj svetlosti. Osim Wnidows bio je tu i sjajan Blackberry OS i to vrlo žestoka konkurencija IOS. Ne znam šta je urađeno sa Harmony OS ali sumnjam da tu ima nečeg značajno kvalitetnog, voleo bih da grešim."
https://mobilnisvet.com/mobilni-komentari/9280/Apple/iPhone-13-Pro-Max/6,Apple,Apple iPhone 13 Pro Max,Mexalen,2021-09-25 01:23:00,"Stvarno ovi procesori Hexa-core 6x cepajuu kao da su od zlata , Ali bas Bas Jaki 👊 ostavljaju te bez Daxa ahaha"
https://mobilnisvet.com/mobilni-komentari/9280/Apple/iPhone-13-Pro-Max/6,Apple,Apple iPhone 13 Pro Max,Eu,2021-09-25 00:09:00,"Dali neki drugi telefon ,ima jaci procesor od ovog??"
https://mobilnisvet.com/mobilni-komentari/9280/Apple/iPhone-13-Pro-Max/6,Apple,Apple iPhone 13 Pro Max,Zika,2021-09-20 06:20:00,Sa tezinom od 240 g je potpuno neupotrebljiv za zene i slabije muske sake ako se ne koriste slusalice ili spikerfon. Nema sanse da se drzi 20 min a da se ne oseti bol u ruci. Sta su mislili kada su ga pravili nemam pojma.
https://mobilnisvet.com/mobilni-komentari/9280/Apple/iPhone-13-Pro-Max/6,Apple,Apple iPhone 13 Pro Max,Ivan,2021-09-19 13:47:00,"I ovaj iphone pati od istih mana kao i prethodni modeli.To su nedostatak file managera,slota za sd karticu i radija,a blutut je ogranicen.Iako se zove pro kamera nije profesionalna,a opticki zum je lazan."
https://mobilnisvet.com/mobilni-komentari/9280/Apple/iPhone-13-Pro-Max/6,Apple,Apple iPhone 13 Pro Max,jabukaa,2021-09-16 11:31:00,"i sta sad, da prodam svoj 12 pro max koji je star mozda mesec i nesto dana da bih uzeo 13 pro max, sta cu dobiti time? nista.. sve je to isto.. i na ovom mom baterija traje skoro 2 dana, nisam neki zahtevan korisnik..  a da li je ekean 60 ili 120hz, znas kolko meni to igra ulogu.. isti djavo 😃🤣"
https://mobilnisvet.com/mobilni-komentari/9280/Apple/iPhone-13-Pro-Max/6,Apple,Apple iPhone 13 Pro Max,DejA,2021-09-16 05:34:00,"Cim stigne kod nas, moram obavezno da ga uzmem, jer trenutno nema boljeg telefona od njega....Ajde mnogi pisu da nema za otisak prsta, iskreno ne treba mi, nije mi bitno, prepoznaje lice, a sta ce mi maska xD"
https://mobilnisvet.com/mobilni-komentari/9280/Apple/iPhone-13-Pro-Max/6,Apple,Apple iPhone 13 Pro Max,M,2021-09-15 19:02:00,"Jedva cekam komentare, Ahahah... a i drago mi je sto je i ovaj model isti. 🤢"
https://mobilnisvet.com/mobilni-komentari/9280/Apple/iPhone-13-Pro-Max/6,Apple,Apple iPhone 13 Pro Max,Šta ima,2021-09-15 15:54:00,Sve pise samo ne pise kapacitet baterije kontam da ce biti manja nego na prethodnim modelima.... da se ustedi
https://mobilnisvet.com/mobilni-komentari/9272/Apple/iPhone-13-Pro/6,Apple,Apple iPhone 13 Pro,Jovana,2022-09-15 10:22:00,"Pozdrav, kakav je zvuk poziva na ovom telefonu? Negde se pisalo da Iphone 13 ima neki problem, da li se to odnosi na celu seriju ili samo na 13icu osnovnu? Hvala"
https://mobilnisvet.com/mobilni-komentari/9272/Apple/iPhone-13-Pro/6,Apple,Apple iPhone 13 Pro,Deja,2022-09-12 15:10:00,Ovaj ili s22ultra
https://mobilnisvet.com/mobilni-komentari/9272/Apple/iPhone-13-Pro/6,Apple,Apple iPhone 13 Pro,D,2022-09-05 05:14:00,"Da li se nekome desava pri razgovoru kad se stavi na zvucnik, da ga sagovornik cuje kroz neko seckanje? Meni su par njih rekli da im se ‘gubim’ i seckam kad su ni na zvucniku."
https://mobilnisvet.com/mobilni-komentari/9272/Apple/iPhone-13-Pro/6,Apple,Apple iPhone 13 Pro,Ljud,2022-08-27 19:23:00,Da li imate problema sa aktivacijom imessage?
https://mobilnisvet.com/mobilni-komentari/9272/Apple/iPhone-13-Pro/6,Apple,Apple iPhone 13 Pro,Buba,2022-08-27 08:33:00,Kako ste skinuli 16-icu na telefon?
https://mobilnisvet.com/mobilni-komentari/9272/Apple/iPhone-13-Pro/6,Apple,Apple iPhone 13 Pro,Deja,2022-08-13 11:14:00,Zasto mi true tone prestalo da radi iz cista mira??
https://mobilnisvet.com/mobilni-komentari/9272/Apple/iPhone-13-Pro/6,Apple,Apple iPhone 13 Pro,Darko,2022-08-10 06:20:00,Da li je normalno da preko noci u mirovanju baterija padne sa 100 na 95 posto ?
https://mobilnisvet.com/mobilni-komentari/9272/Apple/iPhone-13-Pro/6,Apple,Apple iPhone 13 Pro,Vladimir,2022-08-08 09:16:00,Baterija drzi ako ga koristis normalno bez igrica max dan ipo ako ga koristis malo vise onda jedan dan. Sve ostalo sto se pise su gluposti
https://mobilnisvet.com/mobilni-komentari/9272/Apple/iPhone-13-Pro/6,Apple,Apple iPhone 13 Pro,Deja,2022-08-07 05:22:00,Zasto cim ga napunim posle 10minuta smakne odmsh bateriju na99 star tel 3dana kupljen nov?
https://mobilnisvet.com/mobilni-komentari/9272/Apple/iPhone-13-Pro/6,Apple,Apple iPhone 13 Pro,Joca,2022-07-16 10:37:00,Vredi li preci sa 13 mini na 13 pro ?
https://mobilnisvet.com/mobilni-komentari/9272/Apple/iPhone-13-Pro/6,Apple,Apple iPhone 13 Pro,Љубица,2022-07-12 20:41:00,"Ćao, da li uzeti 13 pro maks 128gb ili 13 pro 256? Za prosečnog korisnika."
https://mobilnisvet.com/mobilni-komentari/9272/Apple/iPhone-13-Pro/6,Apple,Apple iPhone 13 Pro,Cvrle,2022-07-05 21:34:00,Alpine green ili sierra blue? Sta uzeti?
https://mobilnisvet.com/mobilni-komentari/9272/Apple/iPhone-13-Pro/6,Apple,Apple iPhone 13 Pro,Ana,2022-07-05 19:33:00,Fenomenalan!!!! Sve najbolje o ovom modelu mogu reći. Paralelno koristim iphone XR i HUAWEI p30 i utisci su ispunili očekivanja.
https://mobilnisvet.com/mobilni-komentari/9272/Apple/iPhone-13-Pro/6,Apple,Apple iPhone 13 Pro,Pedja,2022-06-10 21:44:00,zverina u svakom smislu te reci.
https://mobilnisvet.com/mobilni-komentari/9272/Apple/iPhone-13-Pro/6,Apple,Apple iPhone 13 Pro,13 Pro baterija,2022-06-06 13:40:00,Kakva su iskustva sa trajanjem baterije u normalnim uslovima upotrebe 13 pro?
https://mobilnisvet.com/mobilni-komentari/9272/Apple/iPhone-13-Pro/6,Apple,Apple iPhone 13 Pro,Dusan,2022-06-04 18:06:00,Da li neko zna kako da se prebaci viber istorija sa androida na iphone?
https://mobilnisvet.com/mobilni-komentari/9272/Apple/iPhone-13-Pro/6,Apple,Apple iPhone 13 Pro,Mare,2022-05-02 19:39:00,"Da li uzeti iphone 13 pro ili huawei p50 pro, ne gledajuci taj zoom od 100x. Da i on ima koliko iphone. Sta je bolje za period 3 4 godina, ekran i kamere brzina?"
https://mobilnisvet.com/mobilni-komentari/9272/Apple/iPhone-13-Pro/6,Apple,Apple iPhone 13 Pro,Joca 1.,2022-05-02 16:18:00,Oni koji imaju iPhon novije serije da bi izvršoili kompletan pregled svog telefona mogu to preko izvanrednog programa - Skinite na PC 3uTools i Kablićem za vezu PC- iPhon USB povežite svoj Kompjuter i svoj telefon (posebn ako ste kupili polovan i želite da znate u kom je stanju) te aktivirajte 3uTools... tu ćete sve videti...
https://mobilnisvet.com/mobilni-komentari/9272/Apple/iPhone-13-Pro/6,Apple,Apple iPhone 13 Pro,.,2022-05-01 23:17:00,Da li se isplati preci na ovaj sa Huawei p30 pro?
https://mobilnisvet.com/mobilni-komentari/9272/Apple/iPhone-13-Pro/6,Apple,Apple iPhone 13 Pro,Dušan,2022-05-01 09:14:00,"Pozdrav, vaše mišljenje?"
https://mobilnisvet.com/mobilni-komentari/9272/Apple/iPhone-13-Pro/6,Apple,Apple iPhone 13 Pro,Petar,2022-04-27 10:51:00,Da li uzeti sad 13 Pro ili cekati 14 Pro
https://mobilnisvet.com/mobilni-komentari/9272/Apple/iPhone-13-Pro/6,Apple,Apple iPhone 13 Pro,i,2022-04-21 11:03:00,Kako je bolje slikati slike sa HEIF ili JPG formatom
https://mobilnisvet.com/mobilni-komentari/9272/Apple/iPhone-13-Pro/6,Apple,Apple iPhone 13 Pro,Bojan,2022-04-19 12:52:00,Pozdrav imam 13 pro vakum uzeo pre par meseci i dosta mi je u kuci slab signal crta dve nekad bude 3  desi se i da izgubi .. dok drug ima huawei neki njemu kostantno pun signal ista smo mreza ..
https://mobilnisvet.com/mobilni-komentari/9260/Apple/iPhone-13/6,Apple,Apple iPhone 13,Pjerr,2024-04-25 18:23:00,"Uzeo pre neki dan ovaj tel star 10 meseci, sa papirima i u kutiji , 96% batery health za 380eur. U oglasima su bili od 400 pa navise sve sa ispod 90% zdravlja baterije. Lično smatram da je i ovih 380e datih za njega previše i sem dobre baterije, solidne kamere i odličnog zvuka ne nudi ništa što bi opravdalo cenu od 550e za nov. Realna cena je 350 za nov i ni evro više, kao i 250e polovan. Na žalost ovo je klasična brand izmišljotina kao i kripto valute gde nepostojeću vrednost trebate masno da platite."
https://mobilnisvet.com/mobilni-komentari/9260/Apple/iPhone-13/6,Apple,Apple iPhone 13,Goran,2024-04-21 23:22:00,"Ako ima neko sa iskustvom i brzim odg. hitno je. Ponuda iphon13 sa 87% , star oko 2god  zeleni kao iz radnje bez tackice koliko je ocuvan 390€."
https://mobilnisvet.com/mobilni-komentari/9260/Apple/iPhone-13/6,Apple,Apple iPhone 13,Luka,2024-04-20 16:42:00,Da li se vi drzite onoga da punite telefon do 80%?
https://mobilnisvet.com/mobilni-komentari/9260/Apple/iPhone-13/6,Apple,Apple iPhone 13,Tole,2024-04-20 14:22:00,Da li je preporučljivo i dozvoljeno puniti iphone 13 sa original Samsungovim punjačem od 25w? Molim hitan komentar. Hvala
https://mobilnisvet.com/mobilni-komentari/9260/Apple/iPhone-13/6,Apple,Apple iPhone 13,irnes,2024-04-17 14:41:00,Pozzz svima zanima me da li ko zna da isključim na iPhone 13 napr. Kad pišem poruku ono glasovno ponavlja šta pišem ne umijem da nađem gdje sam greškom uključio lijep pozz
https://mobilnisvet.com/mobilni-komentari/9260/Apple/iPhone-13/6,Apple,Apple iPhone 13,Marijana,2024-04-11 09:28:00,"Zanima me kakav je prelaz sa Samsung tel. na Iphone? Godinama koristim Samsung,vreme je da ga menjam..."
https://mobilnisvet.com/mobilni-komentari/9260/Apple/iPhone-13/6,Apple,Apple iPhone 13,Milica,2024-03-30 21:31:00,"Pozdrav, planiram da kupim iphone 13, ali me plaši Ram memorija od 4G. Da li mislite da je sasvim dovoljna, inače sam osoba koja obožava da fotografiše i snima, samim tim brzo punim galeriju. Kamera sam čula da je odlična inače, koliko je to istina?"
https://mobilnisvet.com/mobilni-komentari/9260/Apple/iPhone-13/6,Apple,Apple iPhone 13,Dalibor,2024-03-29 14:44:00,"Pozdrav ljudi. Sta biste rekli da li mi je bolja kupovina samsung galaxy s23 ili iphone 13 obican? Inace sam android korisnik, imam samsung galaxy a71 vise od 3 godine ali mislim da bih se navikao na ios. Nisam najzahtevniji korisnik, a71 i dalje sljaka sasvim solidno ali sada zelim da isprobam i flagship. Kamera bi mi bila prioritet. Svaki savet je dobrodosao, hvala!"
https://mobilnisvet.com/mobilni-komentari/9260/Apple/iPhone-13/6,Apple,Apple iPhone 13,Milan,2024-03-27 22:52:00,"Koji pre iphone 13 ili 15? Nisam zahtevan korisnik, najbitnije su mi kamera i baterija."
https://mobilnisvet.com/mobilni-komentari/9260/Apple/iPhone-13/6,Apple,Apple iPhone 13,paki,2024-03-19 11:36:00,"dobar dan, imam 2 pitanja da li moze telefon da se placa na rate ili mora odmah u kešu i da li moze da se koristi normalno da ostane paket od operatera koji koristim?"
https://mobilnisvet.com/mobilni-komentari/9260/Apple/iPhone-13/6,Apple,Apple iPhone 13,Deki,2024-03-17 17:59:00,"Ljudi kakva je baterija na 13ci, može li da izdrži dan korišćenja, a da ne moram da brinem da će se ugasiti?"
https://mobilnisvet.com/mobilni-komentari/9260/Apple/iPhone-13/6,Apple,Apple iPhone 13,Igor,2024-03-05 19:32:00,Kako instalirati Gboard tastauru? Ova mi ne lezi nikako…
https://mobilnisvet.com/mobilni-komentari/9260/Apple/iPhone-13/6,Apple,Apple iPhone 13,okmomak,2024-03-01 21:14:00,Pomoć za punjač... Jedino što imam je Huawei stari punjač od 5W i kabal od 1A za SE 2020. E sad da li kupiti kvalitetan kabal USB A na lightning ili kupiti originalni USB C punjač? Ili čak punito na ovaj mada ćw biti jako sporo. Svaka preporuka znači... Hvala
https://mobilnisvet.com/mobilni-komentari/9260/Apple/iPhone-13/6,Apple,Apple iPhone 13,Nikola,2024-02-24 21:23:00,"Drugari , hoću u Vipu da potpišem ugovor i dvoimim se između 13.ice i Honor 90 . U suštini mi je važna kamera i baterija , ujedno i selfi kamera jer telefon bi koristio najviše za snimanje i lajvove. Nikad nisam koristio ajfon već sam uvek na adroidu i zato se dvoumim . Gledam na pretplatu, su tu negde u istom rangu po cenama . Hvala na savetu"
https://mobilnisvet.com/mobilni-komentari/9260/Apple/iPhone-13/6,Apple,Apple iPhone 13,...,2024-02-20 13:16:00,Da li vam opadaju brzo procenti baterija na iphone 13? Cini mi se da se prebrzo skidaju i tokom noci skine mi jedno 7% dok ga ne koristim
https://mobilnisvet.com/mobilni-komentari/9260/Apple/iPhone-13/6,Apple,Apple iPhone 13,.,2024-02-19 14:05:00,koliko su pouzdane navedene radnje na sajtu? da li je pametnije kupiti negde tu ili otići u vece radnje ili kod operatera i platiti veću cenu
https://mobilnisvet.com/mobilni-komentari/9260/Apple/iPhone-13/6,Apple,Apple iPhone 13,Bane,2024-02-10 11:30:00,Na iphone 13 se izgulio prsten oko kamere da li moze da se zameni ili kako da zastitim taj deo telefona?
https://mobilnisvet.com/mobilni-komentari/9260/Apple/iPhone-13/6,Apple,Apple iPhone 13,Andjela,2024-02-08 20:14:00,Da li je bolje uzeti 13 ili 12 pro?
https://mobilnisvet.com/mobilni-komentari/9260/Apple/iPhone-13/6,Apple,Apple iPhone 13,Tamara,2024-02-03 11:10:00,Da li se isplati preci sa s21 fe na iphone 13?
https://mobilnisvet.com/mobilni-komentari/9260/Apple/iPhone-13/6,Apple,Apple iPhone 13,Bane hun,2024-02-03 10:25:00,"Sa ponosom mogu reći da sam se resio ovog smeća od telefona. Dati tolike novce i razmišljati o memoriji u 2024 god je ne dopustivo. Samo posle mesec dana se skinula boja sa kućista. Nemam nista lepo za reći. Dodao sam pare i uzeo Vivo X90 Pro ,fantazija. Nikad vise iPhone u zivotu"
https://mobilnisvet.com/mobilni-komentari/9260/Apple/iPhone-13/6,Apple,Apple iPhone 13,Dule,2024-02-01 11:31:00,Po vama jel bolje kupiti 12 pro i 13 ?
https://mobilnisvet.com/mobilni-komentari/9260/Apple/iPhone-13/6,Apple,Apple iPhone 13,Luka,2024-01-30 14:53:00,Dali neko moze da mi kaze koji da uzmem 13 ili 14 koji je bolji
https://mobilnisvet.com/mobilni-komentari/9260/Apple/iPhone-13/6,Apple,Apple iPhone 13,Gox,2024-01-30 11:38:00,"IOS 17.3 mnogo brže troši bateriju. Odlagao sam ažuriranje ali telefon nešto počeo da secka i usporava, i neki vidžeti poput sata su nestajali pa se vraćali. Sad kad sam ga ažurirao sve je prestalo ali bateriju su definitivno zeznuli, vrlo brzo padaju procenti."
https://mobilnisvet.com/mobilni-komentari/9266/Apple/iPhone-13-mini/6,Apple,Apple iPhone 13 mini,Branislav.,2022-06-25 06:56:00,"I jos nesto ja kad sam u stanu mobilni skoro u opste ne koristim. Samo za pozive ili eventualno poruke. Poneko slikanje (kamera mi nije toliko vazna). Kako ga stavim na sto tako i ostane. Najvise ga koristim na poslu ili u prevozu za internet,Viber kao i slusanje muzike (trenutno slusam sa YouTube-a jer nisam stavio mp3 muziku u njega (imao sam ranije). Osim kada odem na more gde ga malo vise koristim.."
https://mobilnisvet.com/mobilni-komentari/9266/Apple/iPhone-13-mini/6,Apple,Apple iPhone 13 mini,Branislav,2022-06-19 07:52:00,"Ako bih ga kupio koristio bih na poslu za internet (Viber,drustvene mreze) u prevozu da slusam muziku. Kuci ga ne bih uopste koristio sem za pozive. Da li tako moze da izgura bar dan i po? Eventualno po nekada da pravim slike i snimam video"
https://mobilnisvet.com/mobilni-komentari/9266/Apple/iPhone-13-mini/6,Apple,Apple iPhone 13 mini,App ios,2022-06-17 19:28:00,"Da li se aplikacije za ios viber,kp,insta.naplacuju ili su besplatne?"
https://mobilnisvet.com/mobilni-komentari/9266/Apple/iPhone-13-mini/6,Apple,Apple iPhone 13 mini,iPhone 13 Mini,2022-06-14 18:26:00,"ovaj telefon je babaroga,sot mi je 6ipo sati i ostaje mi 30% joa baterije,od 05h do 20:26 :) svaka preporuka za ovaj telefon..."
https://mobilnisvet.com/mobilni-komentari/9266/Apple/iPhone-13-mini/6,Apple,Apple iPhone 13 mini,Andrea,2022-06-05 21:07:00,"A da li je neko kupovao za ovaj telefon eksternu bateriju,koja dodje u futroli?? Gledala sam na Aliexpresu da ima. Mada telefon postaje dosta deblji,ali djeluje ok."
https://mobilnisvet.com/mobilni-komentari/9266/Apple/iPhone-13-mini/6,Apple,Apple iPhone 13 mini,13 mini baterija,2022-06-04 20:45:00,Kakva su iskustva sa bateriom u normalnim uslovima koricenja da li moze da izdrzi bar jedan dan?
https://mobilnisvet.com/mobilni-komentari/9266/Apple/iPhone-13-mini/6,Apple,Apple iPhone 13 mini,Ivan z,2022-06-02 08:43:00,Od koliko wati punjac koristite za 13 mini?
https://mobilnisvet.com/mobilni-komentari/9266/Apple/iPhone-13-mini/6,Apple,Apple iPhone 13 mini,Iphone 13 Mini,2022-05-29 09:42:00,"Telefon je vrh,baterija ceo dan drzi a zahtevan sam korisnik,sve pohvale za batrriju a i ostale stvari koje su na njemu dobre..."
https://mobilnisvet.com/mobilni-komentari/9266/Apple/iPhone-13-mini/6,Apple,Apple iPhone 13 mini,240 sx,2022-05-06 11:26:00,Inace posle mesec dana je odlican
https://mobilnisvet.com/mobilni-komentari/9266/Apple/iPhone-13-mini/6,Apple,Apple iPhone 13 mini,Dule,2022-05-02 23:18:00,"Da li je kamera po danu kao na ip 11 pro, 12 pro mislim onako bez zuma i toga? Znam kakva je na 12 pro po danu stvarno slike su vrh vrhova, trava, nebo, ili slike sa mora. Ciste bojee stvarno prelepo slika. I zanima me nije li bas premali :) inace planiram uzeti beli ili crveni sa 256gb i ne menjati bar 3 naredne god."
https://mobilnisvet.com/mobilni-komentari/9266/Apple/iPhone-13-mini/6,Apple,Apple iPhone 13 mini,Deki,2022-04-22 11:41:00,"Kao korisnik android telefona, premišljam se da uzmem iPhone."
https://mobilnisvet.com/mobilni-komentari/9266/Apple/iPhone-13-mini/6,Apple,Apple iPhone 13 mini,Kiki,2022-04-20 17:39:00,Ako citas ovaj komentar onda nema sta da razmisljas nego uzimaj ovaj tel odlican je sto se toce svega baterija kamera zvuk itd itd. Pozz
https://mobilnisvet.com/mobilni-komentari/9266/Apple/iPhone-13-mini/6,Apple,Apple iPhone 13 mini,Coa22,2022-04-15 11:06:00,"Pozdrav, može li neko da mi pomogne oko vremena i datuma? U pola dana mi prebaci na sutrašnji dan, a na instagramu kada objavim nešto,nakon par minuta mi piše 3 hours ago. Poslao sam prijtelju potuku u 13.01h, a piše mi da je poslata u 4.03h."
https://mobilnisvet.com/mobilni-komentari/9266/Apple/iPhone-13-mini/6,Apple,Apple iPhone 13 mini,Mini,2022-04-12 16:01:00,Planiram da uzmem iphone. Dvoumim se izmedju 12 mini i 13 mini. Videh na recenzijama da se iphone 12 mini dosta vise zagreje u gejmingu i da mu je baterija manja. Da li vredi dati 135€ vise za 13 mini ili ipak uzeti 12 mini? Naravno razlika u ceni nije mala a barem meni razlike nisu toliko drasticne. Hvala na odg.
https://mobilnisvet.com/mobilni-komentari/9266/Apple/iPhone-13-mini/6,Apple,Apple iPhone 13 mini,M,2022-04-11 17:32:00,"Neki jednostavan način za kreiranje ringtonea na iphonu, neka aplikacija ili sl???"
https://mobilnisvet.com/mobilni-komentari/9266/Apple/iPhone-13-mini/6,Apple,Apple iPhone 13 mini,Uros,2022-04-05 19:32:00,13 mini ili s22?
https://mobilnisvet.com/mobilni-komentari/9266/Apple/iPhone-13-mini/6,Apple,Apple iPhone 13 mini,Savo,2022-04-02 16:54:00,Iphone 13 mini ili xiaomi mi 11t pro
https://mobilnisvet.com/mobilni-komentari/9266/Apple/iPhone-13-mini/6,Apple,Apple iPhone 13 mini,Dejan,2022-03-27 18:29:00,Vredi li preci na ovaj model posle iphona x?
https://mobilnisvet.com/mobilni-komentari/9266/Apple/iPhone-13-mini/6,Apple,Apple iPhone 13 mini,Mia,2022-03-26 21:02:00,Iphone 11 pro 256 ili 13 mini 128 ?
https://mobilnisvet.com/mobilni-komentari/9266/Apple/iPhone-13-mini/6,Apple,Apple iPhone 13 mini,Vuk,2022-03-24 15:07:00,Dvoumim se izmedju 13 mini i obicne 12-tice...
https://mobilnisvet.com/mobilni-komentari/9266/Apple/iPhone-13-mini/6,Apple,Apple iPhone 13 mini,Olena,2022-03-13 09:54:00,"Prodala sam ip 12 mini 64GB, baterija je bila super prvu godinu i sad se bas brzo trosi, a i ove nadogradnje su bas velike tako da bih uzela ip 13 mini ili ovaj novi SE 2022-ako valja ista. Moze li neko da posavetuje? Bitna mi je velicina telefona, jer ne zelim da nosim ciglu od telefona"
https://mobilnisvet.com/mobilni-komentari/9266/Apple/iPhone-13-mini/6,Apple,Apple iPhone 13 mini,Zvonko,2022-03-04 17:51:00,Šta je bolja kupovina mini 13 ili 12 pro?
https://mobilnisvet.com/mobilni-komentari/9266/Apple/iPhone-13-mini/6,Apple,Apple iPhone 13 mini,Toma,2022-03-01 20:15:00,"Kojim punjacem puniti 13 mini? Uzeo ga pre neki dan i posto nema punjac uz njega punim ga obicnim kablom ukljucenim u ulazu u suho uticnicu od 5w, da li je to ispravno? Posto se nerazumem bas u telefone molim nekoga da mi objasni inace tel.je vrhunski...poz."
https://mobilnisvet.com/mobilni-komentari/9266/Apple/iPhone-13-mini/6,Apple,Apple iPhone 13 mini,Dusan,2022-02-19 20:29:00,Zdravoo
https://mobilnisvet.com/mobilni-komentari/8061/Apple/iPhone-12-mini/6,Apple,Apple iPhone 12 mini,Pera,2021-02-05 15:53:00,"Kakva je baterija ako na 3g ili 4g koristite viber pozive, facetime itd. Jel moze da  izgura dan  ?"
https://mobilnisvet.com/mobilni-komentari/8061/Apple/iPhone-12-mini/6,Apple,Apple iPhone 12 mini,Rajke,2021-02-01 19:02:00,"Pozdrav drustvo, da li je neko od vas instalirao najnoviji update iOS 14.4 verziju, i ako jeste ko jeste, bilo bi lepo da kaze kako mu sada radi telefon sa ovim update-om i kako mu traje baterija ? Hvala svima koji se jave."
https://mobilnisvet.com/mobilni-komentari/8061/Apple/iPhone-12-mini/6,Apple,Apple iPhone 12 mini,Leko,2021-01-27 00:10:00,Imam ga 10 dana ajde da počnemo od baterije jel vidim da je baš prašinu digla.
https://mobilnisvet.com/mobilni-komentari/8061/Apple/iPhone-12-mini/6,Apple,Apple iPhone 12 mini,Anja,2021-01-24 11:49:00,Da li ovaj telefon puniti adapterom od 5W kao sto citam ili ipak nekim drugim? Brinem zbog battery healtha. Hvala
https://mobilnisvet.com/mobilni-komentari/8061/Apple/iPhone-12-mini/6,Apple,Apple iPhone 12 mini,Pavle,2021-01-20 20:55:00,"Slaba baterija. Malo memorije, a nema prostor za karticu. Ram isto slab, barem da je 6gb. Za punjac, staklo i masku mora skupa da puknem jos 100€, skupo brate mili za ovako mali fon."
https://mobilnisvet.com/mobilni-komentari/8061/Apple/iPhone-12-mini/6,Apple,Apple iPhone 12 mini,Vieri32,2021-01-09 13:34:00,"Evo da javim utiske nakon nekih desetak dana posedovanja ovog telefona.Prvo da se ogradim i kazem da nisam zahtevan korisnik.Sta to znaci,evo sledece-znaci da nisam neko ko ne ispusta telefon iz ruku,neko ko igra igrice,neko ko slika 20 fotografija svaki dan i videa ali jesam neko ko dosta gleda jutjub,slusa multimedijalne platforme i razgovara istim.Jedna rec perfekcija i sasvim sigurno najbolja opcija ko voli mali telefon. Baterija lagano dva dana koriscenja ali bez problema,saliven za baratanje jednom rukom a opet sasvim pregledan za svaki sadrzaj.Fotografije i video ne treba trositi reci izlisno je od 1 do 5 pa jedno bar ocena 10.IOS kao sistem za dva koplja bar iznad androida stabilan u sekundi otvaranje svega nemam reci.Mislim da za jako zahtevne korisnike bes problema gura baterija bar od ujutro do uvece bar. Ukupna ocena od 1 do 5 bar 10."
https://mobilnisvet.com/mobilni-komentari/8061/Apple/iPhone-12-mini/6,Apple,Apple iPhone 12 mini,Aleksandar,2021-01-03 16:44:00,Da li ima za Srpsko tržište iphone 12 mini dual sim?
https://mobilnisvet.com/mobilni-komentari/8061/Apple/iPhone-12-mini/6,Apple,Apple iPhone 12 mini,Nikola,2021-01-02 10:14:00,"Moze svako da prica ko sta oce,ali ovaj telefon po meni zaslizuje da bude broj 1 u svetu,veoma kompaktan,a za ostalo da ne komentarisem,jer nema sta da se komentarise kad je savrsenstvo"
https://mobilnisvet.com/mobilni-komentari/8061/Apple/iPhone-12-mini/6,Apple,Apple iPhone 12 mini,IP,2020-12-22 20:21:00,"Da li je neko primetio gledajuci recenzije na yt za nove iPhone 12 (sve) telefone da se na strani ispod power dugmete, gde su se do sada nalazila vratanca za sim karticu, nalazi 5G antena...? I to se vrlo jasno vidi... prethodnih dana sam obisao iStyle i primetio da ni na jednom iPhone 12 modelu te antene nema?! Umesto toga, vidi se ona oznaka koju imaju evropski modeli (na ranijim uredjajima nalazila se na poledjini ispod oznake “iPhone”... to je prepoznatljiv znak da li je telefon pravljen za americko ili evropsko trziste. No, sada me buni zbog cega se ne vidi ta 5G antena na telefonima koji se kod nas prodaju??"
https://mobilnisvet.com/mobilni-komentari/8061/Apple/iPhone-12-mini/6,Apple,Apple iPhone 12 mini,Olena,2020-12-16 22:02:00,"Da li moze neki savet, zelim da kupim tel za duzi period i prvi put bi da uzmem iphone pa se razmisljam oko SE 2 64 gb ili ovaj 12 mini 64 gb? Necu vise da nosim ciglu od telefona sa velikim ekranom pa zato bi jedan od ova dva, a predhodno sam imala samo androide pa ako moze i objasnjenje, jer koliko sam razumela pri kupovini se ne dobija punjac nego moras sam da kupis i koji? Inace nisam zahtevna, preko dana ni ne koristim puno telefon, jer nemam vremena pa na blic udjem na fb, instagram, viber i po koji kratak poziv ili poruka, s vemena na vreme fotografiju. Yt retko koristim, igrice ne igram nikad. Uvece vise koristim jer tad jedino imam vremena da pogledam seriju ili film ili citam knjigu na njemu, ako pre toga ne zaspem 😆"
https://mobilnisvet.com/mobilni-komentari/8061/Apple/iPhone-12-mini/6,Apple,Apple iPhone 12 mini,Nino,2020-12-16 19:27:00,Je l neko primetio da ovaj telefon bez podesavanja na automatsko osvetljenje i bilo kakve ustede baterije sam od sebe snizava nivo osvetlljenja? U cemu je fazon?
https://mobilnisvet.com/mobilni-komentari/8061/Apple/iPhone-12-mini/6,Apple,Apple iPhone 12 mini,Somi,2020-12-12 19:11:00,"Iskreno ovaj telefon mi deluje jadno nista novo kamere idalje iste memorija mala, ne znam za cipset koliko je brt I koliko vidim novitet je sto ima podrsku za 5g mrezu nista posebno sve ostalo je vec vidjeno cak mu je i bakterija mala.. Iskreno moj xiaomi je dublo jaci a 3 puta jeftinij 🤷‍♂️"
https://mobilnisvet.com/mobilni-komentari/8061/Apple/iPhone-12-mini/6,Apple,Apple iPhone 12 mini,Aki,2020-12-05 12:37:00,"Iphon 12 mini ili iphon 11 pro,vase misljenje koji kupiti,pogledao sve specifikacije!?"
https://mobilnisvet.com/mobilni-komentari/8061/Apple/iPhone-12-mini/6,Apple,Apple iPhone 12 mini,uzeh u telenoru,2020-11-23 04:58:00,"NIkakve probleme nemam sa telefonom, neverovatan je.  Koristim puno telefon, drustvene mreze, fotkanje i ponekad igrice i onda se baterija muci da pregura od jutra do mraka, ali pregura. Za sve ostalo nemam nijednu zamerku, face Id izuzetno precizan, znacajno bolja kamera i brzina od prethodnih verzija."
https://mobilnisvet.com/mobilni-komentari/8061/Apple/iPhone-12-mini/6,Apple,Apple iPhone 12 mini,Cv32,2020-11-18 14:10:00,Molimo za prve utiske korisnika ovog modela. Ukoliko moze bilo ko da iscrpno navede razloge za i protiv. Unapred zahvalni
https://mobilnisvet.com/mobilni-komentari/8061/Apple/iPhone-12-mini/6,Apple,Apple iPhone 12 mini,Darinjo,2020-11-16 16:15:00,"Ljudi jel neko imao problema pri koriscenju 12 mini sa lock screen ekranom kad je maska i zastita ekrana na telefonu (nesto vezano za napon ili elektricitet) Korisnici sirom sveta prolijavljuju problem, pa da vidim jel neko u srbiji imao isti. Pozdrav"
https://mobilnisvet.com/mobilni-komentari/8061/Apple/iPhone-12-mini/6,Apple,Apple iPhone 12 mini,Uraa,2020-11-08 19:19:00,Konačno normalna veličina.
https://mobilnisvet.com/mobilni-komentari/8061/Apple/iPhone-12-mini/6,Apple,Apple iPhone 12 mini,Hohača,2020-11-08 12:56:00,"Uzela sam ga danas u vip-u, vredi svaki dinar ..."
https://mobilnisvet.com/mobilni-komentari/7179/Apple/iPhone-11-64GB/7,Apple,Apple iPhone 11,Sonja,2023-01-21 22:15:00,Koji iPhone biste preporučili za dečake od 11 godina?
https://mobilnisvet.com/mobilni-komentari/7179/Apple/iPhone-11-64GB/7,Apple,Apple iPhone 11,Aleksandar,2023-01-20 11:15:00,Da li uzeti iphone 11 ili Samsung s21 fe?
https://mobilnisvet.com/mobilni-komentari/7179/Apple/iPhone-11-64GB/7,Apple,Apple iPhone 11,Iris,2023-01-15 23:19:00,"Dragi svi,da li je dovoljna memorija od 64GB ?"
https://mobilnisvet.com/mobilni-komentari/7179/Apple/iPhone-11-64GB/7,Apple,Apple iPhone 11,Aki,2023-01-13 15:00:00,Da li Iphone 11 ima snimač govora?
https://mobilnisvet.com/mobilni-komentari/7179/Apple/iPhone-11-64GB/7,Apple,Apple iPhone 11,Milena,2023-01-10 07:14:00,"Da li je tačno da se ekran na IPhone 11 vrlo lako izgrebe, je l neophodna zaštitna folija?"
https://mobilnisvet.com/mobilni-komentari/7179/Apple/iPhone-11-64GB/7,Apple,Apple iPhone 11,Danilo,2023-01-09 19:05:00,"Ljudi pozdrav ..  Hteo bih da predjem na Ajfon ,da li je ajfon 11 dobra stvar za alzak u appl svet hahaha."
https://mobilnisvet.com/mobilni-komentari/7179/Apple/iPhone-11-64GB/7,Apple,Apple iPhone 11,Luka,2023-01-06 22:08:00,"Da li je pametno sada preci na ios 16, na mom iphone 11 trenutno imam ios 15.4. Kakva su vasa iskustva. Takodje me zanima da li je istina da battery health opada kada se instalira novi ios tj da li se batteri health refresuje?"
https://mobilnisvet.com/mobilni-komentari/7179/Apple/iPhone-11-64GB/7,Apple,Apple iPhone 11,Stefan,2023-01-06 14:32:00,Nov iph 11 ili polovan iph 12?
https://mobilnisvet.com/mobilni-komentari/7179/Apple/iPhone-11-64GB/7,Apple,Apple iPhone 11,Ognjen,2023-01-02 19:09:00,Ne znam da li je pametno da uzmem ovaj telefon sa obzirom na godinu izlaska?
https://mobilnisvet.com/mobilni-komentari/7179/Apple/iPhone-11-64GB/7,Apple,Apple iPhone 11,D.,2022-12-24 17:11:00,Samsung S21 ili iPhone 11?
https://mobilnisvet.com/mobilni-komentari/7179/Apple/iPhone-11-64GB/7,Apple,Apple iPhone 11,Natasa,2022-12-23 12:21:00,"Dvoumim se izmedju honora 50 i iphona 11, moze li pomooc ❤️"
https://mobilnisvet.com/mobilni-komentari/7179/Apple/iPhone-11-64GB/7,Apple,Apple iPhone 11,Bozo,2022-12-21 22:03:00,Sta uraditi sa iphone 11 ako se na ekranu pojavi (home would like to send you critical alerts) i od toga zablokira telefon?
https://mobilnisvet.com/mobilni-komentari/7179/Apple/iPhone-11-64GB/7,Apple,Apple iPhone 11,only,2022-12-11 18:19:00,da li vredi preci sa samsung A52 5G na iphone 11?
https://mobilnisvet.com/mobilni-komentari/7179/Apple/iPhone-11-64GB/7,Apple,Apple iPhone 11,Bozo,2022-12-11 16:36:00,"Da li 11‐ci ima potrebe da se instalira IOS 16,cerka je instalirala a ja se oko toga ne razumem,kaksv je efekat"
https://mobilnisvet.com/mobilni-komentari/7179/Apple/iPhone-11-64GB/7,Apple,Apple iPhone 11,Pozdrav,2022-12-09 18:52:00,"Prvi put kupujem Iphone, da li moze da se poveze bluetoothom sa androidom ili nekim bluetooth uredjanem, npr Fm transmiterom u autu."
https://mobilnisvet.com/mobilni-komentari/7179/Apple/iPhone-11-64GB/7,Apple,Apple iPhone 11,Petar,2022-12-05 21:06:00,Dal da dam s22 za vakum.iph 11 glavu za glavu?
https://mobilnisvet.com/mobilni-komentari/7179/Apple/iPhone-11-64GB/7,Apple,Apple iPhone 11,Bojan,2022-12-04 12:13:00,"Imam IP 11 nekih 20 dana i za sada sam prezadovoljna. Radi kao munja, ma grmi. Svaka preporuka"
https://mobilnisvet.com/mobilni-komentari/7179/Apple/iPhone-11-64GB/7,Apple,Apple iPhone 11,Ana,2022-11-29 22:43:00,Da li vredi preci sa iphone se 2020 na iphone 11?
https://mobilnisvet.com/mobilni-komentari/7179/Apple/iPhone-11-64GB/7,Apple,Apple iPhone 11,Zlata,2022-11-27 03:23:00,"Hej ljudi treba mi mala pomoc. Dvoumim se da li da uzmem iphone 11 ili samsung galaxy a53. Do sada sam koristila samo android telefone, a volela bih za promenu da predajem na ios, samo se plasim da ne pogresim. Sta vi mislite?"
https://mobilnisvet.com/mobilni-komentari/7179/Apple/iPhone-11-64GB/7,Apple,Apple iPhone 11,Skopljak,2022-11-26 19:40:00,Da li ovaj telefon podržava dvije sim kartice.
https://mobilnisvet.com/mobilni-komentari/7179/Apple/iPhone-11-64GB/7,Apple,Apple iPhone 11,K,2022-11-21 18:58:00,Iphone 11 ili 12? Da li je velika razlika što se tiče kamere?
https://mobilnisvet.com/mobilni-komentari/7179/Apple/iPhone-11-64GB/7,Apple,Apple iPhone 11,I,2022-11-11 09:27:00,"Pozdrav, imam problem. Juče sam kupila Iphone 11 i sve je u redu osim zvuka. Kada puštam muziku ili gledam storije na instagramu, zvučnik šušti i ne radi lepo. Da li postoji neka mogućnost da rešim taj problem?"
https://mobilnisvet.com/mobilni-komentari/7176/Apple/iPhone-11-Pro-64GB/7,Apple,Apple iPhone 11 Pro,marko,2020-04-10 19:54:00,"Samo da vas podestim da je do skoro iphone prodavao telefone pocevsi od16gb ipak postoji iCloud i kupovina dodatnog prostora, drugo ne kupujem ime vec kvalitet i da se razumemo korisnik sam i drugih Apple proizvoda..."
https://mobilnisvet.com/mobilni-komentari/7176/Apple/iPhone-11-Pro-64GB/7,Apple,Apple iPhone 11 Pro,hitner,2020-04-10 19:02:00,"Pa naravno, neverovatno je da ljudi koriste 64gb... nego mora neko i da zaradi"
https://mobilnisvet.com/mobilni-komentari/7176/Apple/iPhone-11-Pro-64GB/7,Apple,Apple iPhone 11 Pro,the mask,2020-04-09 15:51:00,"prosto i jednostavno je.. 1minut videa u najjacoj rezoluciji 400mb. ispada da video u toj rezoluciji od 5min. zauzima 2gb memrorije. ispod te je 170mb ili ti 5min 850mb. u tvom slucaju ti treba model od 512gb plus externa. haha... jer, sto neko rece.. sta cemi takva kamera ako je koristim u slaboj rezoluciji. ili.. ako vec kupujes ajfon onda ga kupi kako treba a ne samo da se zove jbg. ako dajes 1000e onda daj jos 150preko i miran si. a ako prodajes bubreg i uzimas na 3godine otplate.... to je onda ono da se zove. ) ili imam ajfona od 1000e a zao me je da kupim maskicu od 1000dinara.  od prilike tako ispada. ili jesi ili nisi, trece nema."
https://mobilnisvet.com/mobilni-komentari/7176/Apple/iPhone-11-Pro-64GB/7,Apple,Apple iPhone 11 Pro,marko,2020-04-09 13:40:00,jedino sto sam sumnjam je 64gb da li je dovoljno zbog kamere koristim Iphone6s 64gb skoro 5 godina i imam solobodno nekih 15gb a imam u telefonu preko 5000slika i preko 300 snimaka ne igram igrice
https://mobilnisvet.com/mobilni-komentari/7176/Apple/iPhone-11-Pro-64GB/7,Apple,Apple iPhone 11 Pro,m,2020-03-21 10:34:00,"pole, preko icloud. odes na net, icloud, fotografije, ubaciis koje zelis (gore desno imas plus. 1plus ti je za ubacivanje drugi plus je za download u pc) i to je to."
https://mobilnisvet.com/mobilni-komentari/7176/Apple/iPhone-11-Pro-64GB/7,Apple,Apple iPhone 11 Pro,shandu,2020-03-04 23:58:00,"pole Ja slike i klipove sibnem na google drive i posle samo izvucem na pc. To sam radio i kod androida, ne pamtim kad sam poslednji put povezao telefon sa pcem putem usb kabla."
https://mobilnisvet.com/mobilni-komentari/7176/Apple/iPhone-11-Pro-64GB/7,Apple,Apple iPhone 11 Pro,m,2020-03-02 17:11:00,"posle dve nedelje koriscenja ovog uredjaja ali od 256g, mogu da kazem da je telefon zakon. posle 2g se ponovo vratio na ios. i drago mi je sto necu da mislim i da iscekujem nadogradnje sistema i cekanja sigurnosnih zakrpa. i sto je isto interesantno.. to je da kosta isto slicno kao i nwki huawei ili samsung, stim sto cu ovom imati podrsku 5godina i sto cu posle 5g koristiti najnoviji sistem, i sto cu ga i posle 5g prodati za 60posto manje od trenutne cene.( i ako ga zadrzim 5g, kostace me 200e godisnje) za razliku od androida koji ima podrsku jedva godinu do 2 podrsku, i sto posle jedva kosta 200e. a sto se tice ios13, ostao je slican, sa malo vise dodatnih opcija za download i sherovanja. i takodje mi je drago sto nema google :) i ne trazi mi odobrenje za svaku glupost.. kao na android, (ako nema pristup telefonu i imeniku ne moze da se dobija azuriranja) glupost. sve u svemu ios i ajfon je jedan dobar i kvalitetan uredjaj za vise godina.. kada se uporedi..( po meni) od je dosta jeftiniji na duze staze za razliku od androida. pozdrav"
https://mobilnisvet.com/mobilni-komentari/7176/Apple/iPhone-11-Pro-64GB/7,Apple,Apple iPhone 11 Pro,pole,2020-02-12 16:18:00,Probao sam nesto ali se gubi kvalitet do neprepoznatljivosti. :(
https://mobilnisvet.com/mobilni-komentari/7176/Apple/iPhone-11-Pro-64GB/7,Apple,Apple iPhone 11 Pro,pole,2020-02-11 13:53:00,"PITANJE . Kupio sam ovaj telefon, ovo mi je prvi ajfon ikad, poslednji mi je bio Samsung s9 i imam problem, ne mogu da prebacim SLIKE iz kompjutera u Telefon, znaci mogu da prebacim iz telefona u kompjuter ali obrnuto ne mogu. Kako da se prebace da li neko zna"
https://mobilnisvet.com/mobilni-komentari/7176/Apple/iPhone-11-Pro-64GB/7,Apple,Apple iPhone 11 Pro,sat,2020-01-23 20:44:00,"posle 3 meseca koriscena note 10 nisam bio zarovoljan presao sam na ajfon i iskreno ne verujem da cu skoro menjati telefon baterija je nenormalno dobra u odnosu na note 10 koji u toku noci svuce 10 bat minimum i jedva gura ceo dan ios je dosta fluidniji od androida u radu i dugotrajniji je, android ne moze da parira iosu to je ipak glavna razlika, ovaj ce telefon biti isto brz i za tri godine kao sto je i sad"
https://mobilnisvet.com/mobilni-komentari/7176/Apple/iPhone-11-Pro-64GB/7,Apple,Apple iPhone 11 Pro,Brana,2019-12-11 13:10:00,"Kupio ovaj telefon pre 5 dana. Baterja odlicna, kamera super, dve kartice rade savrseno. Nemam ni jednu zamerku."
https://mobilnisvet.com/mobilni-komentari/7176/Apple/iPhone-11-Pro-64GB/7,Apple,Apple iPhone 11 Pro,Stefannbg,2019-11-28 11:59:00,Srecni Milose :)
https://mobilnisvet.com/mobilni-komentari/7176/Apple/iPhone-11-Pro-64GB/7,Apple,Apple iPhone 11 Pro,Dragan,2019-11-27 09:00:00,Ja sam imao xs max na kratko i nisam mogao da ga koristim jednom rukom jer je veliki stvarno. U dzep staje ali brinuo sam da ne ispadne. A i ja imam neke srednje velicine ruke
https://mobilnisvet.com/mobilni-komentari/7176/Apple/iPhone-11-Pro-64GB/7,Apple,Apple iPhone 11 Pro,Stefannbg,2019-11-27 08:53:00,"Milose, sve zavisi kolike sake imas heh, ali da znas, max je bas bas veliki telefon."
https://mobilnisvet.com/mobilni-komentari/7176/Apple/iPhone-11-Pro-64GB/7,Apple,Apple iPhone 11 Pro,Dragan,2019-11-23 12:39:00,"Stefan je sve rekao i sve se slazem samo bih napomenuo ko god kupuje da ako ikako moze uzme 256gb, kamera pravi ogromne snimke i slike zauzimaju vise mesta pa ako ste kao ja i ne dokupljujete icloud i mrzi vas vazda da prebacujete slike i snimke 64gb je malo. Telefon je odlican, svaka preporuka."
https://mobilnisvet.com/mobilni-komentari/7176/Apple/iPhone-11-Pro-64GB/7,Apple,Apple iPhone 11 Pro,Dragan,2019-09-25 13:41:00,Dakle sve isto kao xs sem poledjine
https://mobilnisvet.com/mobilni-komentari/7651/Apple/iPhone-SE-(2020)/7,Apple,Apple iPhone SE (2020),Gery,2021-01-29 20:09:00,"Uzeo sam telefon po preporuci da je brz kao munja i pokajao se, moj prethodni p10 je duplo brze radio od ovo smece od telefona..."
https://mobilnisvet.com/mobilni-komentari/7651/Apple/iPhone-SE-(2020)/7,Apple,Apple iPhone SE (2020),Marko,2021-01-29 06:23:00,Jel ima neku lampicu kad stignu obavestenja ili poruke?
https://mobilnisvet.com/mobilni-komentari/7651/Apple/iPhone-SE-(2020)/7,Apple,Apple iPhone SE (2020),Luka,2021-01-27 16:06:00,Da li je dovoljno 64gb ili moram da kupim sa 2128gb?
https://mobilnisvet.com/mobilni-komentari/7651/Apple/iPhone-SE-(2020)/7,Apple,Apple iPhone SE (2020),Dr. No,2021-01-24 06:43:00,"u opste vas ne razumem, vi koji kupujete ovaj model zbog “velicine”! lazete sami sebe!! ovaj model je SAMO 6mm manji od iphone 11pro. zasto ne kupite 11pro? nego je cena u pitanju, a lazete se i ubedjute kako je super mali telefon?! nego se balavi sa jabukicom pa ajd daj sta das. nzm dali je smesno ili zalosno! 🥲🤣"
https://mobilnisvet.com/mobilni-komentari/7651/Apple/iPhone-SE-(2020)/7,Apple,Apple iPhone SE (2020),Qzman,2021-01-23 13:55:00,"U vezi sa baterijom -2.58 min mi je bio upaljen ekran (pola sata razgovora na whats up,I jos koji minut preko mreze,uz mailove i citanje novina)i ostalo mi je 51% baterije u 21h(upaljen u 06 45).Baterija i nocni mod na kameri slabije tacke-sve ostalo 5/5.Ko voli manji ekran (kao ja),nek vidi i 12 mini-sigurno bolj verzija,ali opet sa znatnom razlikom u ceni.Iskreno vise volim jaci lap top,a osrednji tel.Da je IPhone  12mini bolji to stoji,samo da li bas puno Bolji-nisam siguran."
https://mobilnisvet.com/mobilni-komentari/7651/Apple/iPhone-SE-(2020)/7,Apple,Apple iPhone SE (2020),Дано,2021-01-22 00:00:00,Dali kupiti ajfon se 2020 ili Samsung a71?
https://mobilnisvet.com/mobilni-komentari/7651/Apple/iPhone-SE-(2020)/7,Apple,Apple iPhone SE (2020),NS,2021-01-21 17:41:00,"Posle par dana korišćenja utisci su dobri. Skinuo telefon sa punjača sinoć u 23h, sada u 19h imam 55% baterije uz umereno korišćenje u toku dana. Baterija nije kao kod nekih većih telefona, ali je solidna, za jedan dan upotrebe je ok. Ostalo nema potrebe komentarisati, telefon leti."
https://mobilnisvet.com/mobilni-komentari/7651/Apple/iPhone-SE-(2020)/7,Apple,Apple iPhone SE (2020),Mile,2021-01-18 22:23:00,Imam phone se mesec dana.Ja sam zadovoljan njime u svakom pogledu.Baterija nije tako losa kao sto se prica.Meni traje ceo dan bez ikakvih problema.Igrice neigram a sve ostalo koristim koliko mi je potrebno.
https://mobilnisvet.com/mobilni-komentari/7651/Apple/iPhone-SE-(2020)/7,Apple,Apple iPhone SE (2020),Nije lose,2021-01-16 19:30:00,"Uzeo samsam u beloj boji,na zalost slim kutija,pa sam dodatno uzeo punjac,jbg...zaista radi prebrzo,otvara sve u sekundi,na 4g(telenor sim)viber,wac,insta,mesinger,face,to je instalirano od aplikacija...bat.se prilicno brzo trosi..uzeo sam 18w punjac,zanemario sam bateriju,jer sam hteo manjih dimenzija tel.igrice ne igriam,izgura mi od 5 ujutru do 12 u podne,padne sa 100 na 70% podne I posle ga malo dopunim...."
https://mobilnisvet.com/mobilni-komentari/7651/Apple/iPhone-SE-(2020)/7,Apple,Apple iPhone SE (2020),Dragance,2021-01-13 19:40:00,"Koristim fon vec 2 meseca... Baterija ako ga korstite u 4g rezimu traje otprilike do 11,12 sati... Ako imate pristup wifi prebacite fon na 2g i trajace vam baterija ceo dan minimum!! Mnogo utice."
https://mobilnisvet.com/mobilni-komentari/7651/Apple/iPhone-SE-(2020)/7,Apple,Apple iPhone SE (2020),ms,2021-01-12 20:47:00,da li znate jel bolje koristiti punjasc od 5w ili od 18w za iphone se2 ? mnogi kazu da se pojavljuju bagovi na telefonu ako se puni sa punjacom od 18w pa da li je to istina?
https://mobilnisvet.com/mobilni-komentari/7651/Apple/iPhone-SE-(2020)/7,Apple,Apple iPhone SE (2020),Luka,2021-01-11 19:17:00,"Kakva su iskustva sa baterijom nekoga ko umereno koristi telefon najviše za društvene mreže, muziku i youtube (igrice i snimanje videa retko ili nikad)? Može li da izdrži od ujutro do uveče ili je zaista toliko loša kao što se priča?"
https://mobilnisvet.com/mobilni-komentari/7651/Apple/iPhone-SE-(2020)/7,Apple,Apple iPhone SE (2020),M,2021-01-10 00:30:00,"Sve deluje super u vezi ovog telefona i kupio bih sigurno, ali samo da je bar malo jaca baterija.. steta"
https://mobilnisvet.com/mobilni-komentari/7651/Apple/iPhone-SE-(2020)/7,Apple,Apple iPhone SE (2020),Andrija,2021-01-08 16:05:00,"Da li se isplati kupovina iphone se 2020 sada za yt, instagram,whatsapp,viber i neku igricu?"
https://mobilnisvet.com/mobilni-komentari/7651/Apple/iPhone-SE-(2020)/7,Apple,Apple iPhone SE (2020),Dragan,2021-01-07 17:47:00,"Ne volim velike telefone, koji nisu prakticni za drzanje jednom rukom... ovo je trenurno najmanji fon koji mogu da uzmem preko paketa.. da li biste ga u tom slucaju preporucili prosecnom korisniku koji ne igra igrice, koristi samo whatsapp, viber, mejl i instagram?"
https://mobilnisvet.com/mobilni-komentari/7651/Apple/iPhone-SE-(2020)/7,Apple,Apple iPhone SE (2020),Иван,2021-01-04 05:43:00,"8 meseci korišćenja bateri helt 94% . . .nikada punjen celu noć, punjen od 20do 90 %"
https://mobilnisvet.com/mobilni-komentari/7651/Apple/iPhone-SE-(2020)/7,Apple,Apple iPhone SE (2020),Marko,2021-01-02 22:24:00,"Korisnik sam iphone SE 1 vec 3 godine, sa kojim sam zadovoljan bio sa svim osim baterijom... sada je doslo vreme za zamenu, pa me interesuje da li biste mi preporucili da uzmem ponovo SE, da li vredi taj novac? PS ne volim velike telefone zato ponovo gledam ovaj"
https://mobilnisvet.com/mobilni-komentari/7651/Apple/iPhone-SE-(2020)/7,Apple,Apple iPhone SE (2020),Vuk,2021-01-02 22:07:00,"Odličan telefon, čak me i baterija iznenadila koliko dugo traje a kako su neki govorili da ne izdrži ni dan. Ljudi ne nasjedajte na ove priče o bateriji kako se mora puniti po 2 puta na dan. Preporučio bi telefon svima kome ne smeta manji ekran, ja sam prešao sa dosta većeg androida i odmah sam se navikao a i vise mi odgovara."
https://mobilnisvet.com/mobilni-komentari/7651/Apple/iPhone-SE-(2020)/7,Apple,Apple iPhone SE (2020),Goran,2020-12-30 21:05:00,Izuzetan tel.pre svega jako kompaktan i brz od mana nesto slabija kamera nocu i u uslovima slabijeg osvetljenja sve ostalo top.preporuka.
https://mobilnisvet.com/mobilni-komentari/7651/Apple/iPhone-SE-(2020)/7,Apple,Apple iPhone SE (2020),IP,2020-12-28 16:01:00,iPhone 6 - 1810 mAh
https://mobilnisvet.com/mobilni-komentari/7651/Apple/iPhone-SE-(2020)/7,Apple,Apple iPhone SE (2020),Navaro,2020-12-27 14:48:00,Koja je bolja solucija izmedju ovog i iphone 8 ?
https://mobilnisvet.com/mobilni-komentari/7651/Apple/iPhone-SE-(2020)/7,Apple,Apple iPhone SE (2020),Zoki,2020-12-26 19:30:00,"Posle zadnjeg azuriranja baterija mi traje i vise od 24 sata, drustvene mreze stalno, fotkanje, pozivi oko sat vremena dnevno, poruke i nista vise ne koristim. Zdravlje baterije posle 6 meseci je i dalje 100%, punim iskljucivo originalnim punjacem od oko 10 do 90%, punjenje brzim punjacem kao i bezicno ne preporicujem vise a koristio sam."
https://mobilnisvet.com/mobilni-komentari/8055/Apple/iPhone-12/7,Apple,Apple iPhone 12,Milena,2021-12-22 20:09:00,Da li i obicna 12ica i pro i 12 mini imaju problem sa pregrejavanjem? ili je to samo 12
https://mobilnisvet.com/mobilni-komentari/8055/Apple/iPhone-12/7,Apple,Apple iPhone 12,Sasa,2021-12-17 22:04:00,"Imao sam iphone x 64 gb kupio sam ga novog i posle 2 pune godine poceo je da zeza da me ne cuje sagovornik i baterija je dosta oslabila,kupio sam nov 12 crni 128 gb i iskreno malo sam se razočarao samom izradom telefona a o ekranu da ne govorim,iskreno imam utisak da sam kupio stariji model a ne noviji,kuciste je od aluminijuma a tamo je bilo od celika."
https://mobilnisvet.com/mobilni-komentari/8055/Apple/iPhone-12/7,Apple,Apple iPhone 12,Danijela,2021-12-15 11:53:00,Da li treba za iphone koristiti zastitne futrole i stakla?
https://mobilnisvet.com/mobilni-komentari/8055/Apple/iPhone-12/7,Apple,Apple iPhone 12,Kaća,2021-12-04 01:00:00,"Korisnik sam iphone 6s kako je izašao(6godina i jače do sad).Dotrajao je naravno.Ali bila sam prezadovoljna za sve ove godine koriščenja.Sada želim da uzmem iphone 12 64gb kakav je telefon?Da li mu je okej baterija,kamera?Veličina samog telefona?"
https://mobilnisvet.com/mobilni-komentari/8055/Apple/iPhone-12/7,Apple,Apple iPhone 12,Тин,2021-11-07 13:53:00,11 Pro Max ili 12 običan?
https://mobilnisvet.com/mobilni-komentari/8055/Apple/iPhone-12/7,Apple,Apple iPhone 12,dovla,2021-10-24 19:28:00,"Cao, da li 13 ima ikakvu prednost u odnosu na 12 koju bi kao korisnik mogao da osetim? Razmišljam da kupim 12 ali videh danas u mts i da je ekran nešto tamniji nego na 13"
https://mobilnisvet.com/mobilni-komentari/8055/Apple/iPhone-12/7,Apple,Apple iPhone 12,Matea,2021-10-23 15:49:00,Da li da prodam xs i kupim 12?
https://mobilnisvet.com/mobilni-komentari/8055/Apple/iPhone-12/7,Apple,Apple iPhone 12,Zvoncica,2021-10-21 19:34:00,Zelim da kupim iphone 12 i zelim neki savet da cujem od vas ko je imao ili ima taj tel.Posto cujem i lose i dobre komentare.
https://mobilnisvet.com/mobilni-komentari/8055/Apple/iPhone-12/7,Apple,Apple iPhone 12,Dusan,2021-10-06 14:04:00,Iphon 12 ili note 20 ultra???
https://mobilnisvet.com/mobilni-komentari/8055/Apple/iPhone-12/7,Apple,Apple iPhone 12,Milan,2021-09-29 01:19:00,12 mini 128gb ili 12 64gb?
https://mobilnisvet.com/mobilni-komentari/8055/Apple/iPhone-12/7,Apple,Apple iPhone 12,Baron,2021-09-27 22:18:00,"Da li si bar malo sredili lens flare sa iOS 15? Ako je neko proverio,pa da ostavi neku informaciju?"
https://mobilnisvet.com/mobilni-komentari/8055/Apple/iPhone-12/7,Apple,Apple iPhone 12,Dusan,2021-09-22 22:40:00,"Cao,imam iphon 12 uzeo sam ga skoro i nije mi jasno zasto nemam u ponudi 5g opciju?(znam da kod nas nema jos uvek 5g) ali vidi da drugi imaju opciju 4g i 5g.Kod mene ima samo 3g i 4g."
https://mobilnisvet.com/mobilni-komentari/8055/Apple/iPhone-12/7,Apple,Apple iPhone 12,Mixi,2021-09-22 13:51:00,Jel ima neko battery drain na IOS 14.8 na iphone 12?
https://mobilnisvet.com/mobilni-komentari/8055/Apple/iPhone-12/7,Apple,Apple iPhone 12,Jack Russel,2021-09-12 09:49:00,"I sada poštovani jabučari već dugovremenska dilema za kupovinu novog telefona: 12 ili 11 pro sa istom količinom memorije? Ne bih rekao da je u radnjama 11 pro tek tako skuplji od 12-ice, prednosti kamere na jednoj a svežijeg procesora na drugoj, čini se za dlaku 11 pro bolji ekran, baterija, veličina ko naginje kompaktnijim modelina, 12ca nešto duže ažuriranje ko cedi telefon 4-5 godina...i tako redon- nije baš laka dilema. I da, da li će i stariji Iphone modeli sa OLED ekranom sa IOS 15 napokon dobiti kompletan always on display ili ne?"
https://mobilnisvet.com/mobilni-komentari/8055/Apple/iPhone-12/7,Apple,Apple iPhone 12,Nikola,2021-09-10 19:02:00,"Imam iphone 12 64gb, pre toga iphone 6. Na iphonu 12 kada je na silent,gotovo da se ne oseti vibracija. Kod 6 se bas osetilo. Da li je to normalno ili ne? Da li postoje neko softversko resenje ili mora na popravku?"
https://mobilnisvet.com/mobilni-komentari/8055/Apple/iPhone-12/7,Apple,Apple iPhone 12,M,2021-09-05 18:02:00,"imam ipad pro 12.9, ipad 8generacije i ip 11. i ni na jednom se aplikacije ne azurijaju automatski i ako je sve nastelovano na auto i no limit. zna li neko zasto? hvala"
https://mobilnisvet.com/mobilni-komentari/8055/Apple/iPhone-12/7,Apple,Apple iPhone 12,Pozz,2021-09-03 12:50:00,Kako drzi bateriju..
https://mobilnisvet.com/mobilni-komentari/9810/Apple/iPhone-SE-2022/5,Apple,Apple iPhone SE 2022,Rix,2022-09-06 06:07:00,"Malo sam gledao ovaj telefon u Istyle-u. Jedin osto mi se ne svidja je osvetljenje ekrana, poprilicno je slabo, tek kad se poveca na 100% moze se reci da se solidno vidi pri nekom normalnom osvetljenju u zatvorenoj prostoriji. Sve ispod maksimuma je samo za nocne uslove."
https://mobilnisvet.com/mobilni-komentari/9810/Apple/iPhone-SE-2022/5,Apple,Apple iPhone SE 2022,Radovan,2022-09-05 19:22:00,"Ja sam dobio ovaj telefon se 3 jos uvjek nije otpakovan, jer imam Samsung a52s i dvoumim se?"
https://mobilnisvet.com/mobilni-komentari/9810/Apple/iPhone-SE-2022/5,Apple,Apple iPhone SE 2022,Milos,2022-09-05 16:57:00,"Zivo me zanima kakva ce baterija biti nakon par meseci koriscenja u odnosu kad je bio nov. Dok je nov baterija je ok, al nakon par meseci mislim da ce ljudima postati slaba baterija."
https://mobilnisvet.com/mobilni-komentari/9810/Apple/iPhone-SE-2022/5,Apple,Apple iPhone SE 2022,Saša,2022-09-04 18:38:00,"Poz društvo imam jedno pitanjce. Uzeo bih   SE2022, e sad pitanje je imam dva punjaca od iphone 7+ o od sestice to su koliko mi se čini punjači od 5 wati znači struja punjenja je 1 A , da li bi štetio taj punjac SE-u 2022, jer su i potanju slicne baterije kapaciteta kod sestice je 1800 mah kod se2022 je 2100, tako nesto. Brzo punjenje me ne zanima pitam samo da li bi taj punjac stari stetio bateriji se-a 2022❓"
https://mobilnisvet.com/mobilni-komentari/9810/Apple/iPhone-SE-2022/5,Apple,Apple iPhone SE 2022,Vladan,2022-09-01 19:41:00,"Koristum 8 64gb, i dvoumim se za zamenu za SE 2020 64gb, vidim slične su performanse, ali SE je noviji…"
https://mobilnisvet.com/mobilni-komentari/9810/Apple/iPhone-SE-2022/5,Apple,Apple iPhone SE 2022,Zz,2022-08-31 20:31:00,"Dvoumim se izmedju 11 i se 2022, jeste da je 11 stariji model ali izgled mu je dosta lepsi a sa druge strane Se je novije i ima dosta jači čip ali izgled mu je retro.."
https://mobilnisvet.com/mobilni-komentari/9810/Apple/iPhone-SE-2022/5,Apple,Apple iPhone SE 2022,Frix,2022-08-31 13:59:00,Ja se nesto dvoumim izmedju ovog modela i XR. Al malo kad razmislim da sad kupujem telefon iz 2018. godine za te pare je totalna glupost. Ne znam sta se dobije u kutiji kod XR.
https://mobilnisvet.com/mobilni-komentari/9810/Apple/iPhone-SE-2022/5,Apple,Apple iPhone SE 2022,Tea,2022-08-24 12:22:00,"Zdravo, htela bih vas pitati za savet..Da li zameniti Iphone 11 star 2 godine (u dobrom stanju) za Iphone SE 2022? Jedino se dvoumim zbog baterije kod Iphone 11 koja je na oko 80%, pa da li je u tom smislu bolje uzeti nov sa 100% baterije..Hvala unapred :)"
https://mobilnisvet.com/mobilni-komentari/9810/Apple/iPhone-SE-2022/5,Apple,Apple iPhone SE 2022,Uros,2022-08-05 23:48:00,SE 2022 ili iphone 11 šta je bolje uzeti?
https://mobilnisvet.com/mobilni-komentari/9810/Apple/iPhone-SE-2022/5,Apple,Apple iPhone SE 2022,Aleksandar,2022-08-04 14:49:00,"Dobar dan, da li je se 2022 dobar za 4k60 snimanje za YouTube. Imam Xiaomi mi10t pro i nisam toliko zadovoljan stabilizacijom videa, pa bih ga mozda zamenio za iPhone se 2022"
https://mobilnisvet.com/mobilni-komentari/9810/Apple/iPhone-SE-2022/5,Apple,Apple iPhone SE 2022,Warlok,2022-07-31 14:37:00,"Presao sa huewei p30 pro na ovaj,prezadovoljan kamera super jedino selfi malo losija,baterija lagano izgura ceo dan igrice ne igram,savrseno radi fon velicina top nemam ni jednu zamerku svaka preporuka za ovaj model i ovu cenu vredi svaku paru."
https://mobilnisvet.com/mobilni-komentari/9810/Apple/iPhone-SE-2022/5,Apple,Apple iPhone SE 2022,Luka,2022-07-29 22:25:00,Da ima punjac makar i onaj od 5w pa covek i da ga uzme. Ovako iz pincipa cu da zumem zaomi sa 120w punjacem
https://mobilnisvet.com/mobilni-komentari/9810/Apple/iPhone-SE-2022/5,Apple,Apple iPhone SE 2022,D,2022-07-26 22:23:00,A15 za 370€. Kupljeno.
https://mobilnisvet.com/mobilni-komentari/9810/Apple/iPhone-SE-2022/5,Apple,Apple iPhone SE 2022,Aks,2022-07-25 23:50:00,Hoce li padati jos malo cena ovom modelu? Nije ni ovako skup ali svaki evro ustede dobro dodje.
https://mobilnisvet.com/mobilni-komentari/9810/Apple/iPhone-SE-2022/5,Apple,Apple iPhone SE 2022,Rade Djenic,2022-07-09 20:03:00,Da li vredi preci sa se 2 na se 3 nov uz doplatu 150e?
https://mobilnisvet.com/mobilni-komentari/9810/Apple/iPhone-SE-2022/5,Apple,Apple iPhone SE 2022,Iphone,2022-07-03 12:25:00,"Kakav je telefon sto se tice stabilnosti softvera i zagrevanja pri koriscenju, posebno po ovim vrucinama?"
https://mobilnisvet.com/mobilni-komentari/9810/Apple/iPhone-SE-2022/5,Apple,Apple iPhone SE 2022,",,,",2022-06-28 12:27:00,"Kakav je ekran na suncu i kakva mu je fluidnost? Znam da je mali, meni to odgovara, ali me zanima kvalitet?"
https://mobilnisvet.com/mobilni-komentari/9810/Apple/iPhone-SE-2022/5,Apple,Apple iPhone SE 2022,Tvrtko I Kotromanic,2022-06-27 20:40:00,Kako se ponasa kamera u uslovima slabijeg osvetljenja i u mraku i da li je baterija bolja u odnosu na prosli model?
https://mobilnisvet.com/mobilni-komentari/9810/Apple/iPhone-SE-2022/5,Apple,Apple iPhone SE 2022,novak,2022-06-25 11:31:00,"kako telefon dobro radi, ali razmisljam da ga vratim, dijagonala ekrana jeste razlog. solidna cena, vrhunski cipset, kvalitet izrade, samo ekran je zaista mali. bio bi ogroman pogodak da su ugradili u kuciste sa ekranom od 5.5 incha. samo da ostave istu cenu. bilo bi malo ljutnje od strane ovih koji zele manji telefon a povoljno, no imaju mini. xD verovatno cu vratiti. jbt koja steta."
https://mobilnisvet.com/mobilni-komentari/9810/Apple/iPhone-SE-2022/5,Apple,Apple iPhone SE 2022,kliker,2022-06-14 21:38:00,kupljen je telefon i ovo su utisci nakon odredjenog perioda:
https://mobilnisvet.com/mobilni-komentari/9810/Apple/iPhone-SE-2022/5,Apple,Apple iPhone SE 2022,Misko,2022-06-01 15:31:00,"Da li moze preporuka za neki kompaktan tel.moje neko dvoumljenje je iphone se 22,13 mini,s22,sony xperia x iv,xperia 5 III?Dosta mi je bitna i baterija..."
https://mobilnisvet.com/mobilni-komentari/9810/Apple/iPhone-SE-2022/5,Apple,Apple iPhone SE 2022,Danko odn. Denny NY,2022-05-23 20:10:00,"Pozdrav. Ako moze neko da mi pomogne u izboru bicu vam zahvalan. Vredi li 100e vise SE 2022 u odnosu na SE 2020? Nisam zahtjevan korisnik a i volim male kompaktne telefone. Da su po istoj cijeni svakako bi uzeo s22 ultra ili 13 pro max (znam da su cigle ali navikao bih ja nekako na njih 😋). Salu na stranu ali pitanje glasi, ovako, SE 2020 230$ vs SE 2022 350$? Vrijedi li ta razlika u cjeni?"
https://mobilnisvet.com/mobilni-komentari/44nql/Apple/iPhone-14/3,Apple,Apple iPhone 14,Nenad,2024-04-07 09:12:00,Drugari kako je najbolje puniti iphone  da se sačuva baterija? Da li puniti  od 20 %do 100% ili od 20% do 80%?
https://mobilnisvet.com/mobilni-komentari/44nql/Apple/iPhone-14/3,Apple,Apple iPhone 14,Marko,2024-03-30 22:13:00,"Razlika izmedju iPhona 14 i iPhona 13 je kao nebo i zemlja,verovatno ovi sto imaju iphone 13 zele verovatno da imaju iphone 14 pa se tese kao isti telefoni,stvarno smesno"
https://mobilnisvet.com/mobilni-komentari/44nql/Apple/iPhone-14/3,Apple,Apple iPhone 14,Goran,2024-03-26 21:32:00,Bolji je 14 od 13
https://mobilnisvet.com/mobilni-komentari/44nql/Apple/iPhone-14/3,Apple,Apple iPhone 14,pakii,2024-03-17 04:45:00,"da li moze da se placa na rate, ili mora odmah da se plati?"
https://mobilnisvet.com/mobilni-komentari/44nql/Apple/iPhone-14/3,Apple,Apple iPhone 14,Doz,2024-02-14 00:24:00,"Zdravo, kako se kreću cene u evropi za iphone 13 mini 13 14 i 15?"
https://mobilnisvet.com/mobilni-komentari/44nql/Apple/iPhone-14/3,Apple,Apple iPhone 14,Mića,2024-01-19 20:05:00,"Razmisljam se izmedju 13 i 14. Najbitnije mi je snimanje videa, da li je svejedno? Cuo sam da 14 ima stabilizaciju za razliku od 13."
https://mobilnisvet.com/mobilni-komentari/44nql/Apple/iPhone-14/3,Apple,Apple iPhone 14,Kiki,2024-01-17 11:41:00,Šta se desilo sa cenama telefona odjednom ?
https://mobilnisvet.com/mobilni-komentari/44nql/Apple/iPhone-14/3,Apple,Apple iPhone 14,Aco,2024-01-17 10:24:00,Vredi li uzimati ovaj telefon sada u 2024?
https://mobilnisvet.com/mobilni-komentari/44nql/Apple/iPhone-14/3,Apple,Apple iPhone 14,Tanja,2024-01-16 22:58:00,"Pozdrav drustvo, planiram da uzmem Iphone 13 ili 14, pa sta mislite sta je bolje? Da li ima neke velike razlike"
https://mobilnisvet.com/mobilni-komentari/44nql/Apple/iPhone-14/3,Apple,Apple iPhone 14,Jelena,2024-01-16 22:57:00,"Caoo, Iphone 13 ili 14 koja je bolja kamera? Ili nema neke velike razlike"
https://mobilnisvet.com/mobilni-komentari/44nql/Apple/iPhone-14/3,Apple,Apple iPhone 14,Jovan,2024-01-15 05:09:00,Da li je normalno da bh opadne par puta mesecno po 1% u principu od polovine decembra do danas 3%
https://mobilnisvet.com/mobilni-komentari/44nql/Apple/iPhone-14/3,Apple,Apple iPhone 14,jovana,2024-01-12 12:58:00,Drugari da li da uzmem 14 i 15 - cu? Vidim na recenzijama da je kamera na 15 dosta bolja.
https://mobilnisvet.com/mobilni-komentari/44nql/Apple/iPhone-14/3,Apple,Apple iPhone 14,Cole,2024-01-07 16:13:00,"Je l može neki korisnik da podeli iskustva sa ovim telefonom. Koliko je dobra baterija, punjenje, kamere. Dvoumim se izmedju ovog i S23 običnog. Unapred hvala"
https://mobilnisvet.com/mobilni-komentari/44nql/Apple/iPhone-14/3,Apple,Apple iPhone 14,nina,2024-01-06 00:47:00,"da li jos nekom bh opada svaki treci dan,imam tel 7 meseci i sad je na 96"
https://mobilnisvet.com/mobilni-komentari/44nql/Apple/iPhone-14/3,Apple,Apple iPhone 14,Aleksandra 😊,2024-01-04 16:08:00,"Prelazim sa samsung a52s 5g na neki ajfon. Ne znam da li 13,14 ili neki 15. U a1 nema bas neki izbor. Potrebna mi je pomoc"
https://mobilnisvet.com/mobilni-komentari/44nql/Apple/iPhone-14/3,Apple,Apple iPhone 14,x,2024-01-03 15:12:00,"Jel zna neko, da li ce cena jos da pada?"
https://mobilnisvet.com/mobilni-komentari/44nql/Apple/iPhone-14/3,Apple,Apple iPhone 14,Milan,2023-11-27 12:26:00,"Pozdrav,molim Vas za pomoc ovaj telefon ili xiaomi 13T pro?"
https://mobilnisvet.com/mobilni-komentari/44nql/Apple/iPhone-14/3,Apple,Apple iPhone 14,Comiiiiiiiii,2023-10-26 17:24:00,"Da li neko ima iskustva kada zvoni telefon desi se ponekad da ne ferma  prrvlacenje prsta preko zelene slusalice ,nece da se javi kal da zakuca..a ovako telefon radi bez greskee"
https://mobilnisvet.com/mobilni-komentari/44nql/Apple/iPhone-14/3,Apple,Apple iPhone 14,Nikola,2023-10-20 12:22:00,Da li neko ima problem sa baterijom na Ios 16.7
https://mobilnisvet.com/mobilni-komentari/44nql/Apple/iPhone-14/3,Apple,Apple iPhone 14,y,2023-10-18 21:13:00,samsung s22+ili iphon 14?
https://mobilnisvet.com/mobilni-komentari/44nql/Apple/iPhone-14/3,Apple,Apple iPhone 14,Maja,2023-10-17 19:39:00,Baterija mesec dana i vec 99?!Na 12ici posle 4 i po meseca mi pala na 99.Da li je ovo normalno ili treba da reklamiram telefon?Inace 14ica 128g
https://mobilnisvet.com/mobilni-komentari/44nql/Apple/iPhone-14/3,Apple,Apple iPhone 14,YU,2023-10-15 22:09:00,Iphone 14 plus ili samsung galaxy s23??
https://mobilnisvet.com/mobilni-komentari/44nql/Apple/iPhone-14/3,Apple,Apple iPhone 14,Jovan,2023-10-01 06:45:00,Ovaj ili Xiaomi 13t pro ?
https://mobilnisvet.com/mobilni-komentari/44nql/Apple/iPhone-14/4,Apple,Apple iPhone 14,../..,2023-09-28 21:39:00,Posle tacno mesec dana bh je na 99% (:
https://mobilnisvet.com/mobilni-komentari/44nql/Apple/iPhone-14/4,Apple,Apple iPhone 14,Nikolina,2023-09-22 16:46:00,Koji je bolji iphone 14 ili 13? I zasto.
https://mobilnisvet.com/mobilni-komentari/44nql/Apple/iPhone-14/4,Apple,Apple iPhone 14,Nikola,2023-09-12 12:00:00,Da li menjati samsung s23 za iphone 14?
https://mobilnisvet.com/mobilni-komentari/44nql/Apple/iPhone-14/4,Apple,Apple iPhone 14,ana,2023-09-12 04:20:00,Gde je pouzdano kupiti Iphone ? Razlika u ceni u oficijelnoj prodavnici i inače ovako kod preprodavaca na oglasima i Instagramu je velika... u čemu je caka?
https://mobilnisvet.com/mobilni-komentari/44nql/Apple/iPhone-14/4,Apple,Apple iPhone 14,Marija,2023-09-08 08:39:00,"Pozdrav svima, koristim sigurno 3 godine 11 pro, ali sad bih zelela da uzmem 14 pro od 512gb, ali čula sam neke komentare da je 13 pro bolje odradjen od 14 pro, u smislu da je 14 pro losa serija.. pa me interesuje vaše mišljenje, da li je neko koristio oba telefona pa da mi kaže da li postoje neke razllke? I da li stvarno vredi uzeti 14 pro? Hvala ❤️"
https://mobilnisvet.com/mobilni-komentari/44nql/Apple/iPhone-14/4,Apple,Apple iPhone 14,Natalija,2023-09-03 15:09:00,"Da li jos neko ima problem sa bh i baterijom generalno na 14? Posle 9 meseci koriscenja bh mi je 90%, a baterija tesko bas izgura ceo dan. Nisam neki zavisnik i umereno koristim telefon"
https://mobilnisvet.com/mobilni-komentari/44nql/Apple/iPhone-14/4,Apple,Apple iPhone 14,Zangaly,2023-09-01 14:04:00,"Izgleda da ce jedina razlika izmedju ovog i 15 biti ""dinamic island"". 😀"
https://mobilnisvet.com/mobilni-komentari/44nql/Apple/iPhone-14/4,Apple,Apple iPhone 14,Milica,2023-08-25 21:27:00,Kakva je baterija i kamera? To mi je najbitnije
https://mobilnisvet.com/mobilni-komentari/44nql/Apple/iPhone-14/4,Apple,Apple iPhone 14,./.,2023-08-23 22:11:00,Kakva su iskustva posle duzeg koristenja
https://mobilnisvet.com/mobilni-komentari/44nql/Apple/iPhone-14/4,Apple,Apple iPhone 14,miki,2023-08-09 13:44:00,Koji je bolji tel 14 ili13pro max
https://mobilnisvet.com/mobilni-komentari/44nql/Apple/iPhone-14/4,Apple,Apple iPhone 14,Sanja,2023-08-09 12:09:00,Da li da uzmem ovaj ili da cekam jos neki mesec da izadje 15? Citala sam da ce i obicna 15-ca da ima 120 hz i dinamicno ostrvo kao i ovogodisnji Pro modeli?
https://mobilnisvet.com/mobilni-komentari/44nql/Apple/iPhone-14/4,Apple,Apple iPhone 14,Cole,2023-08-06 15:54:00,"Android osoba sam, imam samsung a50, skoro 5 godina, pre toga sam imala isto samsung koji je trajao punih 5 godina, doslo je vreme za kupovinu novog, dilema je izmedju samsunga s23 i Iphone-a 14, zanima me realna slika, koje su prednosti a koje mane oba telefona, ukoliko je neko imao priliku da koristi oba telefona, baterija, proceros,kamere i ostalo vezano za njih. Svaki komentar bi dobro dosao! Hvala!"
https://mobilnisvet.com/mobilni-komentari/44nql/Apple/iPhone-14/4,Apple,Apple iPhone 14,Sale,2023-08-05 17:48:00,Pozdrav svima. Da li može neko da mi kaže da li ima vidne razlike u kamerama na 13 mini i 14 modelu ili je neprimetna razlika izmedju ova dva modela?
https://mobilnisvet.com/mobilni-komentari/44nql/Apple/iPhone-14/4,Apple,Apple iPhone 14,Sanja,2023-08-05 16:55:00,Iphone 14 ili Samsung s23?
https://mobilnisvet.com/mobilni-komentari/44nql/Apple/iPhone-14/4,Apple,Apple iPhone 14,Bata,2023-07-23 11:13:00,"Iphone 14 ili Xiaomi 13? Najviše me zanimaju kamere i baterija.. Bliži sam xiaomi, zbog dimenzija i punjača."
https://mobilnisvet.com/mobilni-komentari/44nql/Apple/iPhone-14/4,Apple,Apple iPhone 14,Anjica,2023-07-19 00:53:00,"Kupila sam iphone 14, pa cujem neke price da bi zbog aplikacija i sl. bilo bolje da se prijavim kao da zivim u nekoj drugoj drzavi/regionu. Mozete li mi objasniti koja bi to bila drzava?? I zbog cega tako? Hvala"
https://mobilnisvet.com/mobilni-komentari/44nql/Apple/iPhone-14/4,Apple,Apple iPhone 14,predrag,2023-07-10 12:40:00,"Koji je bolji mob sto se tice kamera iPhone 14 ili S23, ili je to neprimetna razlika kao sto vecina korisnika prica? Hvala svima na odgovorima."
https://mobilnisvet.com/mobilni-komentari/44nql/Apple/iPhone-14/4,Apple,Apple iPhone 14,Tijana,2023-06-21 22:45:00,"Mozete li da opisete koliko vam traje baterija na 14ici i 14 Pro i uz to sta radite na telefonu u toku dana, koliko cesto i kada punite telefon?"
https://mobilnisvet.com/mobilni-komentari/44nql/Apple/iPhone-14/4,Apple,Apple iPhone 14,Nsb,2023-06-11 19:18:00,Da li je neko kupovao iPhone preko ovih jeftinijih radnji u Balkanskoj? Interesuje me ovaj model ali bih pre kupovine hteo da se raspitam.
https://mobilnisvet.com/mobilni-komentari/44nql/Apple/iPhone-14/4,Apple,Apple iPhone 14,Marko,2023-06-01 11:24:00,13pro polovan ili 14plus nov?
https://mobilnisvet.com/mobilni-komentari/44nql/Apple/iPhone-14/4,Apple,Apple iPhone 14,R,2023-06-01 01:13:00,Iphone 13 pro polovan ili iPhone 14 nov?
https://mobilnisvet.com/mobilni-komentari/44nql/Apple/iPhone-14/4,Apple,Apple iPhone 14,Mirko,2023-05-24 07:31:00,"Pozdrav treba mi mala pomoc. Kupio sam iphone 14 product red 128gb, nov u radnji. Medjutim imam nekih problema sa telefonom kada udjem u tik tok ne mogu ga koristiti tj ne mogu ucitavati nove tik tokove, kada udjem na instagram cesto nece da ucitava storije i reelsove. Nekad se zna desiti da stranuca ili aplkiacija u kojoj sam “zabode” na kratak period pa zakljucam i otkljucam telefon onda bude normalno. Ili ako sam u safariju na nekoj stranici zna se desiti da uopste ne kogu koristiti, i kad izadjem i izbrisem ono iz nedavno koriscenih aplikacija i udjem na istu stranicu opet isto bude. Ako vam nije problem da mi pomognete ako znate sta je, da zamijenim telefon ako nesto nije u redu. Hvala"
https://mobilnisvet.com/mobilni-komentari/44nql/Apple/iPhone-14/4,Apple,Apple iPhone 14,Strale,2023-05-23 18:43:00,"Prešao sa 11 na 14. Bolji zvuk ima 11, ruku dajem. I verovatno bateriju."
https://mobilnisvet.com/mobilni-komentari/44nql/Apple/iPhone-14/4,Apple,Apple iPhone 14,Micko,2023-05-09 12:47:00,Ljudi da li baterija izgura ceo dan?
https://mobilnisvet.com/mobilni-komentari/44nql/Apple/iPhone-14/4,Apple,Apple iPhone 14,Kris,2023-05-08 21:37:00,"Heej treba mi pomoc, iskreno gledano je l se isplati uzeti pro za skoro 300 evra vise ?"
https://mobilnisvet.com/mobilni-komentari/9810/Apple/iPhone-SE-2022/6,Apple,Apple iPhone SE 2022,Goki,2022-05-18 22:42:00,Sta bi trebalo da je bolje na ovom telefonu u odnosu na se 2020?I vredi li preci od se 2020 na ovaj?
https://mobilnisvet.com/mobilni-komentari/9810/Apple/iPhone-SE-2022/6,Apple,Apple iPhone SE 2022,DONA,2022-05-09 01:53:00,"ljudi molim vas mozeli neko napisati normalne komemtare kakav je telefon cemu je i sama rec namenjena,a ne o igricama ljudi ovo su telefoni a ne aparati za igrice danas ima milion uredjaja za igrice kome treba za to kupi plej stejsn 5 i igraj do mile volje"
https://mobilnisvet.com/mobilni-komentari/9810/Apple/iPhone-SE-2022/6,Apple,Apple iPhone SE 2022,Nenad,2022-05-05 17:50:00,"Telefon sam uzeo pre par dana i kao za maler ispao mi je prvi dan na putu do radnje da mu stavim zastitno staklo i silikonsku zastitu, telefon mi je ispao na asvalt i u svoj toj guzvi sam mislio da je kraj puko ekran itd.na svu srecu prosao sa par sitnih ogrebotina izrevoltiran ga koristim tako bez ikakve zastite i mogu da kazem da sam prijatno iznenadjen izradom telefona..."
https://mobilnisvet.com/mobilni-komentari/9810/Apple/iPhone-SE-2022/6,Apple,Apple iPhone SE 2022,Genija,2022-05-04 21:43:00,"Kvalitetan ali prevaziđen LCD ekran,kompaktnost uslovljava i nepreglednost internet i mejl sadržaja, o igricama da se i ne govori. Nisu ni 6.4 incni ekrani cigle a svakako su pregledniji. Ovde su bar OLED mogli da stave,ovako preporuke za 12 ili 13 mini ako vam je do minijatura."
https://mobilnisvet.com/mobilni-komentari/9810/Apple/iPhone-SE-2022/6,Apple,Apple iPhone SE 2022,...,2022-05-03 14:04:00,Batalite SE modele. Uzmite XR ili ajfon 11 bolje koji su u istom cenovnom rangu a mnogo bolji.
https://mobilnisvet.com/mobilni-komentari/9810/Apple/iPhone-SE-2022/6,Apple,Apple iPhone SE 2022,Popaj,2022-04-13 20:32:00,Tel.mi je stigo pre 2 dana mogu da kazem da me je baterija prijatno izbenadila...peporuke.
https://mobilnisvet.com/mobilni-komentari/9810/Apple/iPhone-SE-2022/6,Apple,Apple iPhone SE 2022,Bombon u glicu,2022-04-12 17:39:00,Ovaj telefon ima iste karakteristike kao i ajfona se 2generacije. U vecini igara ima iste karatkeristike kao i iphone se 2020. Gotovo zanemarljivo unapredjenje u perfomansama. Takodje u svim testovima zaostaje za 13 serijom gde je isti cip. Download na tim serijama je neuporedivo brzi i bolji.  Epl treba da smanji cenu ovog telefona. Ovo je za ljude koji koriste telefon malo.
https://mobilnisvet.com/mobilni-komentari/9810/Apple/iPhone-SE-2022/6,Apple,Apple iPhone SE 2022,Roki,2022-04-12 06:41:00,"Kakav je realno ekran, da li ce posluziti za tiktok,youtube,red tube i sl.?"
https://mobilnisvet.com/mobilni-komentari/9810/Apple/iPhone-SE-2022/6,Apple,Apple iPhone SE 2022,Kiza,2022-04-10 19:43:00,"Ima li nekog da koristi ovaj telefon, kakvi su mu utisci... itd"
https://mobilnisvet.com/mobilni-komentari/9810/Apple/iPhone-SE-2022/6,Apple,Apple iPhone SE 2022,Huawei,2022-04-02 14:01:00,"Ljudi, može li mi neko reći, vredi li zameniti Huawei P40 lite za ovaj novi(stari) iphone, za par meseci kad iphoneu malo padne cena? Nekako mi je više muka od velikih telefona, a ovaj trenutni Huawei je baš takav."
https://mobilnisvet.com/mobilni-komentari/9810/Apple/iPhone-SE-2022/6,Apple,Apple iPhone SE 2022,svedok,2022-03-30 17:21:00,"Bas me zanima koje je objasnjenje da neko kupi ovo, pored iphone-a 12 mini."
https://mobilnisvet.com/mobilni-komentari/9810/Apple/iPhone-SE-2022/6,Apple,Apple iPhone SE 2022,www,2022-03-29 22:17:00,"Ako postoji neko ko je kupio ovaj telefon, bilo bi zanimljivo da nam kaze zbog cega je to uradio."
https://mobilnisvet.com/mobilni-komentari/9810/Apple/iPhone-SE-2022/6,Apple,Apple iPhone SE 2022,Bombon u glicu,2022-03-25 13:40:00,Odlican mali telefon na duze staze koji vec u zapadnim zemljama ima veliki broj rezervacija. Za sada pri normalno koriscenju dva dana baterija traje. Vec se polako pojavljuju snimci na jutjubu u vezi baterije koja je za 30%bolja od prethodnog se 2020. Ostaje nam da vidimo sta ce reci renomirani jutjuberi i njihovi testovi u vezi baterije.
https://mobilnisvet.com/mobilni-komentari/9810/Apple/iPhone-SE-2022/6,Apple,Apple iPhone SE 2022,Vidal,2022-03-21 21:13:00,Bas su poboljsali bateriju na 2018mah strasno...
https://mobilnisvet.com/mobilni-komentari/9810/Apple/iPhone-SE-2022/6,Apple,Apple iPhone SE 2022,Iphone user,2022-03-15 18:38:00,Zasto bi neko davao ovoliko novca za ovaj telefon kad moze uzeti se 2020 za manje novca pri cemu nece primetiti skoro nikakvu razliku  u performansama. Cak i da primeti nije toliko velika da vredi dati vise samo zbog procesora. A i ako se doda jos koji evro moze se uzeti mnogo bolji 12 mini.
https://mobilnisvet.com/mobilni-komentari/9810/Apple/iPhone-SE-2022/6,Apple,Apple iPhone SE 2022,M.P.,2022-03-15 18:20:00,"Kupio sam iPhone 8 2017. i jos uvek ga koristim. Pre par meseci sam promenio bateriju i jos uvek je na 100%. Osmica po brzini ista kao Realme 8 koji takodje posedujem. Kupio sam ga u nadi da cu preci na Android ali bezuspesno. Android kao sistem je skroz ok, jednostavno mi ne odgovara velicina telefona. Za mene je telefon alatka za komunikaciju i za to ga koristim, za sve ostalo imam racunar. Ne dizem Apple u nebesa odmah da se zna. Kod izbora bilo kog uredjaja pa tako i telefona, presudna mi je ergonomija i osecaj softvera. Android zavrsava posao svakako ali nema tu glatkocu kao iOS gde je svaki klik pravo zadovoljstvo. A probao sam Realme UI, MIUI, One UI. Inace sam korisnik Linuxa koji takodje ima tu glatkocu, kad predjem na Windows osecaj je da je sistem napravljen bas spartanski. Mozda su uspeli sad da izglade donekle Win 11. Detaljisem previse ali posao mi je vezan za elektronske uredjaje, da se bavim necim drugim mozda ne bih ni razmisljao o tome. Sto se tice SE 22 za sad ne vidim potrebu da ga kupim ali verujem da je mnogo napredniji od osmice. Cim neki naredni update uspori osmicu prelazim na 13 mini ako to bude uskorije vreme."
https://mobilnisvet.com/mobilni-komentari/9810/Apple/iPhone-SE-2022/6,Apple,Apple iPhone SE 2022,Sasa,2022-03-13 00:25:00,Cipset je obesmisljen na ovako maloj dijagonali. Prepakivanja na delu. Cena ce biti dobra. :)
https://mobilnisvet.com/mobilni-komentari/9810/Apple/iPhone-SE-2022/6,Apple,Apple iPhone SE 2022,Fu,2022-03-11 15:27:00,"Vi ne razumete da SE nije za svakoga vec za korisnike koji ne zele baciti veliku sumu novca na telefon (iako do duse, nije ni ovo jeftino), a zele da imaju jabukicu i ko naravno nije zahtevan korisnik. Mada bolje uzeti Xr ili 11 za te pare koje je SE 🙄"
https://mobilnisvet.com/mobilni-komentari/9810/Apple/iPhone-SE-2022/6,Apple,Apple iPhone SE 2022,dub,2022-03-10 07:35:00,"Koja glupost od telefona za te pare. Dizajn telefona iz 2014. O specifikacijama ne vredi pričati, jer osim tog procesora sve ostalo je davno zastarelo. Uz bezobraznu cenu jabuke, ovo je najgora ponuda trenutno."
https://mobilnisvet.com/mobilni-komentari/9810/Apple/iPhone-SE-2022/6,Apple,Apple iPhone SE 2022,Cema,2022-03-09 20:45:00,Da li postoji osoba koja može kupiti ovaj telefon u 2022. godini...
https://mobilnisvet.com/mobilni-komentari/8055/Apple/iPhone-12/8,Apple,Apple iPhone 12,Milica,2021-09-02 22:50:00,"E ovako facetime i imessage samo mi stoji aktivirano na Icloud a za broj telefona pise (waiting for activation)😑Kako resiti ovaj problem ,proslo je 24 h i isto stoji"
https://mobilnisvet.com/mobilni-komentari/8055/Apple/iPhone-12/8,Apple,Apple iPhone 12,miloss,2021-08-25 21:38:00,"Ja sam iskljucio opciju optimizovano punjenje i meni telefon kad dodje do 80,85 % punjac se ohladi i on se sporije napuni a od 0-80 se napuni za sat vremena dad ne znam kako vama……za koliko vam se napuni sa ovim kao “brzim punjacem” od 0-100"
https://mobilnisvet.com/mobilni-komentari/8055/Apple/iPhone-12/8,Apple,Apple iPhone 12,Mimi,2021-08-24 21:31:00,"Da li je neko u mogucnosti, naravno ko je korisnik ovog telefona, iskreno da napise utiske?"
https://mobilnisvet.com/mobilni-komentari/8055/Apple/iPhone-12/8,Apple,Apple iPhone 12,Jelena,2021-08-20 23:00:00,Drustvo mala pomoc
https://mobilnisvet.com/mobilni-komentari/8055/Apple/iPhone-12/8,Apple,Apple iPhone 12,Marko,2021-08-20 11:51:00,Iphone 12 64 gb ili 11 pro?
https://mobilnisvet.com/mobilni-komentari/8055/Apple/iPhone-12/8,Apple,Apple iPhone 12,Milica,2021-08-18 23:31:00,"Cao☺️Zanima me iskustvo ostalih korisnika Iphon-a 12,da li neko ima problema sa pregrevanjem?"
https://mobilnisvet.com/mobilni-komentari/8055/Apple/iPhone-12/8,Apple,Apple iPhone 12,Marija,2021-08-17 11:39:00,"Iphone 12, vodootporan  na 6 m dubine do 30 min upao u vodu. Nakon samo par sekundi izvađen je i naravno ne radi (ne može da se upali). Proizvođač ne priznaje garanciju. Popravka: 79.000,00 RSD"
https://mobilnisvet.com/mobilni-komentari/8055/Apple/iPhone-12/8,Apple,Apple iPhone 12,Bedi,2021-08-15 12:55:00,"Pozdrav, imam trenutno samsung s20 pa me zanima da li vrijedi preći na iPhone 12 i koja je razlika između ta dva uređaja, hvala na svakom odgovoru"
https://mobilnisvet.com/mobilni-komentari/8055/Apple/iPhone-12/8,Apple,Apple iPhone 12,Vukašin,2021-08-14 20:17:00,"Kolika je garancija na kupljeni telefon, ili nisam uspao da nadjem ovde na sajtu ili ne pise. I zeleo bih neko iskustvo da cujem. Hvala!"
https://mobilnisvet.com/mobilni-komentari/8055/Apple/iPhone-12/8,Apple,Apple iPhone 12,Tea,2021-07-30 19:32:00,"Jako se dvoumim izmedju Iphone 12, Iphone 11 pro ili Samsung s21 plus. Sve sto mi je potrebno na telefonu je dobra kamera i dugotrajnost da mi traje makar 3 godine, bez bagova i prepune memorije. Moze li mi neko strucniji pomoci u izboru? Ps Nikada nisam bila Apple korisnik, ali ziv se covek na sve navikne. Hvala unapred!"
https://mobilnisvet.com/mobilni-komentari/8055/Apple/iPhone-12/8,Apple,Apple iPhone 12,Ja,2021-07-18 09:49:00,"Pošto ja nemam Iphone 12, zanima me da li ovaj telefon stvarno zaslužuje da ima ovakvu cenu, jer po specifikacijama nije nešto poseban telefon. Po mom mišljenju bolje je kupiti Samsung Galaxy A72"
https://mobilnisvet.com/mobilni-komentari/8055/Apple/iPhone-12/8,Apple,Apple iPhone 12,Mare,2021-07-15 16:56:00,Ovaj ili one plus 9pro
https://mobilnisvet.com/mobilni-komentari/8055/Apple/iPhone-12/8,Apple,Apple iPhone 12,Zoki,2021-07-10 10:39:00,Ovaj ili one plus 8pro?
https://mobilnisvet.com/mobilni-komentari/8055/Apple/iPhone-12/8,Apple,Apple iPhone 12,Stefan,2021-07-04 19:16:00,Zanima me dali je dovoljno 64 gb za ovaj telefon?
https://mobilnisvet.com/mobilni-komentari/8055/Apple/iPhone-12/8,Apple,Apple iPhone 12,Marko,2021-07-03 12:42:00,Da li se nekome zagreva telefon prilikom video poziva na Viberu toliko da kućište telefona bude vrelo?
https://mobilnisvet.com/mobilni-komentari/8055/Apple/iPhone-12/8,Apple,Apple iPhone 12,Nemanja,2021-06-27 19:25:00,"Pozdrav, kako da resim problem sa menjanjem osvetljenja ekrana? Ugasen je auto brightness, ugasen true ton, ali telefon menja u zavisnosti od osvetljenja prostorije dve nijanse osvetljenja. Cas je tamnije za nijansu cas svetlije, nmg na netu da nadjem resenje a nivo osvetljenja se ne pomera, kao da ima neki auto dim…hvala"
https://mobilnisvet.com/mobilni-komentari/8055/Apple/iPhone-12/8,Apple,Apple iPhone 12,Milan,2021-06-23 20:44:00,Planiram da se vratim u stado :) kazitemi na androidu imam yt vanced jel ima neka fora na ios u da nema reklama na yt ap
https://mobilnisvet.com/mobilni-komentari/8055/Apple/iPhone-12/8,Apple,Apple iPhone 12,Ninoslav,2021-06-23 16:24:00,"Imam iPhone XS,hteo bih za nijansu veci ekran.Pa se dvoumim izmedju 11pro i 12-ice obicne.Koji je po vama bolji?Kamere,ekran,baterija..."
https://mobilnisvet.com/mobilni-komentari/8055/Apple/iPhone-12/8,Apple,Apple iPhone 12,Goran,2021-06-22 05:10:00,Kada sam kreirao aple id nije mi tražio ona sigurnosna pitanja da li je to  ok
https://mobilnisvet.com/mobilni-komentari/8055/Apple/iPhone-12/8,Apple,Apple iPhone 12,nikola,2021-06-17 10:35:00,Da li se isplati da sa Galaxy A7 2018 predjem na ovaj telefon?
https://mobilnisvet.com/mobilni-komentari/8055/Apple/iPhone-12/8,Apple,Apple iPhone 12,Sveta,2021-06-14 10:11:00,Da li vredi ažurirati na IOS 15? Da li je neko uradio update?
https://mobilnisvet.com/mobilni-komentari/8055/Apple/iPhone-12/8,Apple,Apple iPhone 12,Ema,2021-06-13 10:44:00,Da li kupiti Samsung S21 ili Iphone 12? Hvala unapred
https://mobilnisvet.com/mobilni-komentari/8055/Apple/iPhone-12/8,Apple,Apple iPhone 12,Mirko,2021-06-03 12:28:00,Dali se skida boja sa lajsne na 12tici?
https://mobilnisvet.com/mobilni-komentari/7651/Apple/iPhone-SE-(2020)/8,Apple,Apple iPhone SE (2020),N,2020-12-24 09:31:00,Jel 100% tacno da se trenutno uz iPhone SE ne dobijaju slusalice i punjac?? ☺️
https://mobilnisvet.com/mobilni-komentari/7651/Apple/iPhone-SE-(2020)/8,Apple,Apple iPhone SE (2020),S,2020-12-23 22:53:00,Da li sada kupiti se ili sačekati godinu dana pa kupiti 11?
https://mobilnisvet.com/mobilni-komentari/7651/Apple/iPhone-SE-(2020)/8,Apple,Apple iPhone SE (2020),Marko,2020-12-21 22:10:00,"Iphone se2, pixel 4a ili huawei p40 ?"
https://mobilnisvet.com/mobilni-komentari/7651/Apple/iPhone-SE-(2020)/8,Apple,Apple iPhone SE (2020),M,2020-12-20 19:44:00,Jel baterija stvarno toliko losa kao sto se prica? Da li se toliko brzo trosi i da li toliko brzo opada battery health? Posto po oglasima polovnih telefona vidim da ljudima mesecno ode po 1-2% od battery healtha
https://mobilnisvet.com/mobilni-komentari/7651/Apple/iPhone-SE-(2020)/8,Apple,Apple iPhone SE (2020),Alek,2020-12-19 21:44:00,Zasto neki Iphone se 2020 dolaze sa punjacem i slusalicama a neki bez ?
https://mobilnisvet.com/mobilni-komentari/7651/Apple/iPhone-SE-(2020)/8,Apple,Apple iPhone SE (2020),Mladen,2020-12-19 19:11:00,Kupio sam danas telefon ali u pakovanju ne dolazi punjac...
https://mobilnisvet.com/mobilni-komentari/7651/Apple/iPhone-SE-(2020)/8,Apple,Apple iPhone SE (2020),Anastasija,2020-12-19 12:25:00,Huawei P30 pro ili iPhone SE 2020?
https://mobilnisvet.com/mobilni-komentari/7651/Apple/iPhone-SE-(2020)/8,Apple,Apple iPhone SE (2020),luka,2020-12-18 23:12:00,imam problem da mi u app storu nema youtube-a
https://mobilnisvet.com/mobilni-komentari/7651/Apple/iPhone-SE-(2020)/8,Apple,Apple iPhone SE (2020),Ana,2020-12-18 22:23:00,"Da li se u pakovanju dobijaju adapter i slušalice, ili je to izbačeno iz pakovanja?"
https://mobilnisvet.com/mobilni-komentari/7651/Apple/iPhone-SE-(2020)/8,Apple,Apple iPhone SE (2020),Nikola,2020-12-17 18:18:00,Razmišljam se izmedji iphone SE i Oneplus Nord.
https://mobilnisvet.com/mobilni-komentari/7651/Apple/iPhone-SE-(2020)/8,Apple,Apple iPhone SE (2020),Vlada V,2020-12-16 19:56:00,"Ovde sam najvise citao komentare pre kupovine,pa da podelim moje iskustvo."
https://mobilnisvet.com/mobilni-komentari/7651/Apple/iPhone-SE-(2020)/8,Apple,Apple iPhone SE (2020),Daradandara,2020-12-16 14:02:00,"Izasao je ios 14.3, zna li neko sta je popravljeno?"
https://mobilnisvet.com/mobilni-komentari/7651/Apple/iPhone-SE-(2020)/8,Apple,Apple iPhone SE (2020),co,2020-12-15 19:01:00,kamera je uzeta sa kog modela?
https://mobilnisvet.com/mobilni-komentari/7651/Apple/iPhone-SE-(2020)/8,Apple,Apple iPhone SE (2020),milica,2020-12-11 18:20:00,"imam a8 2018 , htjela sam da kupim ovaj model, ali se bojim da mu je ekran isti kao na a8 ?"
https://mobilnisvet.com/mobilni-komentari/7651/Apple/iPhone-SE-(2020)/8,Apple,Apple iPhone SE (2020),ana,2020-12-11 16:51:00,da li ovo polovni ili novi telefoni?
https://mobilnisvet.com/mobilni-komentari/7651/Apple/iPhone-SE-(2020)/8,Apple,Apple iPhone SE (2020),Ema,2020-12-10 11:58:00,Ovah telefon ili samsung galaxy s20 fe? Hvala unapred
https://mobilnisvet.com/mobilni-komentari/7651/Apple/iPhone-SE-(2020)/8,Apple,Apple iPhone SE (2020),ms,2020-12-10 01:51:00,"Po Vasim iskustvima i misljenjima, da li je bolje da uzmem polovan XS u odličnom stanju ili novi se 2020? Prelazim sa androida na ios tako da nisam bas upucena u iPhone telefone..."
https://mobilnisvet.com/mobilni-komentari/7651/Apple/iPhone-SE-(2020)/8,Apple,Apple iPhone SE (2020),Marko,2020-12-07 20:27:00,"Pozdrav ljudi, na sajtu mts-a piše da se u kutiji dobija samo telefon i USB to Lightning kabl, pa sam hteo da proverim da li je to tačno ili se ipak dobijaju i slušalice i adapter kao u nekim drugim evropskim zemljama?"
https://mobilnisvet.com/mobilni-komentari/7651/Apple/iPhone-SE-(2020)/8,Apple,Apple iPhone SE (2020),Miki,2020-12-06 00:02:00,Vlasnik sam Iphone SE 2020
https://mobilnisvet.com/mobilni-komentari/7651/Apple/iPhone-SE-(2020)/8,Apple,Apple iPhone SE (2020),M,2020-12-04 12:33:00,Nov SE ili polovni XS/XR?
https://mobilnisvet.com/mobilni-komentari/7651/Apple/iPhone-SE-(2020)/8,Apple,Apple iPhone SE (2020),Aki Komerc,2020-12-03 21:39:00,Da li se nekome desava da se prilikom poziva(ne svaki put)ne cuje ton zvonjenja vec se odmah javi i na dalje bude sve ok.?
https://mobilnisvet.com/mobilni-komentari/7651/Apple/iPhone-SE-(2020)/8,Apple,Apple iPhone SE (2020),Acaa,2020-12-03 20:48:00,Da li vredi kupiti ovaj telefon na duze staze. Trenutno koristim a6 2018 vec 2 godine pa mu je red da ode u penziju?
https://mobilnisvet.com/mobilni-komentari/7651/Apple/iPhone-SE-(2020)/8,Apple,Apple iPhone SE (2020),S,2020-11-30 17:09:00,"iph8 ili SE? ista im je cena i slicne specifikacije, ali koja je baterija i kamera je bolja?"
https://mobilnisvet.com/mobilni-komentari/7179/Apple/iPhone-11-64GB/8,Apple,Apple iPhone 11,Milos,2022-11-10 13:02:00,Da li je realno da napunim telefon uvece i bude 100% ostavim ga i ne koristim do ujutru i onda ga uzimam ujutru i on bude na 90%????
https://mobilnisvet.com/mobilni-komentari/7179/Apple/iPhone-11-64GB/8,Apple,Apple iPhone 11,✓,2022-11-08 14:41:00,"Stize mi telefon za dva dana, prelazim sa androida, neke korisne informacije i savete ako imate pisite, bice mi od koristi, hvala"
https://mobilnisvet.com/mobilni-komentari/7179/Apple/iPhone-11-64GB/8,Apple,Apple iPhone 11,Sanja,2022-11-07 20:27:00,"Mod slabog napajanja mi je konstantno ukljucen i dok se telefon puni, da li to šteti bateriji ?"
https://mobilnisvet.com/mobilni-komentari/7179/Apple/iPhone-11-64GB/8,Apple,Apple iPhone 11,Ana,2022-11-06 18:46:00,Da li je pametno kupiti ovaj telefon s obzirom na godinu izlaska? Navikla sam na androide ali probala bih iphone?
https://mobilnisvet.com/mobilni-komentari/7179/Apple/iPhone-11-64GB/8,Apple,Apple iPhone 11,Plavi,2022-11-04 15:15:00,"Drugari, imam iphone 11 i koristim punjac od ipad-a, jacina je 20W. Telefon imam 8 meseci, i zdravlje baterije mi je na 91 %, a trudim se da punim na pravilan nacin(najvise optimizirano punjenje). Da li postoji mogucnost da je na zdravlje baterije uticao jak adapter(punjac)? Da li da predjem na slabiji?"
https://mobilnisvet.com/mobilni-komentari/7179/Apple/iPhone-11-64GB/8,Apple,Apple iPhone 11,shandu,2022-11-01 00:13:00,Koristim osmicu skoro 3 godine. Lomim se da li da se upgradujem na 11 ili da se malo strpim i da se nadam da ce neko od operatera ponuditi 13 mini po malo povoljnijim uslovima nego sad.
https://mobilnisvet.com/mobilni-komentari/7179/Apple/iPhone-11-64GB/8,Apple,Apple iPhone 11,Snezana,2022-10-31 09:53:00,"Htela bih da uzmem iPhone 11, koliko baterija prosecno izdrzi u toku 24h, najvise koristim drustvene mreze i pozive, i koji punjac koristiti od koliko W je najbolje?"
https://mobilnisvet.com/mobilni-komentari/7179/Apple/iPhone-11-64GB/8,Apple,Apple iPhone 11,Sandra,2022-10-26 08:10:00,"Korisnik sam androida od svog prvog telefona pa do danas. Iskreno zelja mi je da kupim iphone 11, naisla sam na dosta pozitivnih komentara, sto mi je jos veci podsticaj da ga kupim. Ali mnogo njih mi je reklo kako je jako tesko s androida preci na ios"
https://mobilnisvet.com/mobilni-komentari/7179/Apple/iPhone-11-64GB/8,Apple,Apple iPhone 11,Lakisa,2022-10-22 13:32:00,"Pozdrav svima, imam iphone 11 nov kupljen. Ali me zanima da l je otopran na vodu i do koliko. Hvala"
https://mobilnisvet.com/mobilni-komentari/7179/Apple/iPhone-11-64GB/8,Apple,Apple iPhone 11,Irena,2022-10-20 08:46:00,Hocu da instaliram google photos na telefonu ali mi izlazi da nije dostupno za moj region. Znam ljude koji imaju isti telefon i nemaju taj problem. Da li neko zna kako to da resim? Pozdrav
https://mobilnisvet.com/mobilni-komentari/7179/Apple/iPhone-11-64GB/8,Apple,Apple iPhone 11,Bokica,2022-10-19 18:35:00,Alo ljudi. Jel neko updejtovo na 16.1RC?  Pojede mi bateriju 25% za 30 minuta.
https://mobilnisvet.com/mobilni-komentari/7179/Apple/iPhone-11-64GB/8,Apple,Apple iPhone 11,Bojana :),2022-10-18 05:06:00,Po meni vredi svaki dinar.Odlican izboz ako prvi put imate iphone.
https://mobilnisvet.com/mobilni-komentari/7179/Apple/iPhone-11-64GB/8,Apple,Apple iPhone 11,Nikola V.,2022-10-17 21:18:00,"Toblo preporucujem.Lak,brz,jaka baterija i isplati se.Pogotovo ako se prebacujete sa androida."
https://mobilnisvet.com/mobilni-komentari/7179/Apple/iPhone-11-64GB/8,Apple,Apple iPhone 11,Bojan,2022-10-16 19:05:00,"Pozdrav. Imam Huawei nova5t i stvarno sam zadovoljan. Drugari imaju iphone 11 ali od 128 gb i mnogo im se svidja. E sad, ja bih uzeo od 64 gb pa me interesuje sta mislite generalno o memoriji, kameri, radu telefona, bateriji kao i da li uzeti od 64 ili od 128 posto je razlika maltene 100 eura."
https://mobilnisvet.com/mobilni-komentari/7179/Apple/iPhone-11-64GB/8,Apple,Apple iPhone 11,Aleksandar,2022-10-16 14:28:00,"Ljudi kad duva vetar napolju i kada me neko pozove ne cuje me ni malo,cim se sklonim sa vetra sve je ok😂😂Da nema u podesavanjima nesto?"
https://mobilnisvet.com/mobilni-komentari/7179/Apple/iPhone-11-64GB/8,Apple,Apple iPhone 11,Zvirrko,2022-10-15 11:54:00,"Zdravo,zanima me kolika je cijena IPHONE 11 novog u 2022 godini u Bijeljini,planiram vec dugo da ga kupim pa da li mi neko moze reci cijenu u Bijeljini i jos nesto o ovom telefonu(kakvu bateriju ima,kameru...)"
https://mobilnisvet.com/mobilni-komentari/7179/Apple/iPhone-11-64GB/8,Apple,Apple iPhone 11,Lela,2022-10-10 06:31:00,"Pozdrav ljudi,treba mi pomoc.Naime otisao mi je displej po treci put na iPhonu Xs i nema zelju da ga opet popravljam.Pa razmisljam da kupim iphone 11 128gb cijena mu je negde oko 550 eure.Zanima me da li se isplati kupvina ovog telefona u 2022. godini i kakva su vasa iskustva.Takodje,ako neko ima preporuku za radnju u Beogradu gde bih mogla da kupim telefon"
https://mobilnisvet.com/mobilni-komentari/7179/Apple/iPhone-11-64GB/8,Apple,Apple iPhone 11,Aca 90,2022-10-08 15:31:00,"Da li ce nesto faliti sto imam punjac od apple za tablet 20w,dal ce ostetiti bateriju na ovo telefonu jer podrzava 18w punjenje"
https://mobilnisvet.com/mobilni-komentari/7179/Apple/iPhone-11-64GB/8,Apple,Apple iPhone 11,Duško,2022-10-05 21:11:00,"Čitam negativne komentare u vezi Ios16(baterija,kašnjenje obaveštenja itd).Interesuje me da li je neko instalirao isti na Iph11 i kakvi su utisci?Da li apdejtovati ili ne?"
https://mobilnisvet.com/mobilni-komentari/7179/Apple/iPhone-11-64GB/8,Apple,Apple iPhone 11,Nikola11,2022-10-05 17:05:00,"Jel ima neke razlike sto sad dolazi bez punjaca i slusalica,i koji verzija na ios bude kad kupite nov telefon"
https://mobilnisvet.com/mobilni-komentari/7179/Apple/iPhone-11-64GB/8,Apple,Apple iPhone 11,Tea,2022-10-05 15:49:00,Imam pitanje iphone 11 ili samsung s20?
https://mobilnisvet.com/mobilni-komentari/7179/Apple/iPhone-11-64GB/8,Apple,Apple iPhone 11,Nevena,2022-10-04 15:43:00,"Pozdrav, zanima me da li se isplati i dalje da uzmem Ajfon 11?"
https://mobilnisvet.com/mobilni-komentari/7179/Apple/iPhone-11-64GB/8,Apple,Apple iPhone 11,Nina,2022-10-02 07:45:00,"Da li neko zna zasto mi iphone 11 sam invertuje boje, sve mi je neonsko na tel i kada udjem npr na tik tok sve je u neonu nista se ne vidi?"
https://mobilnisvet.com/mobilni-komentari/7179/Apple/iPhone-11-64GB/8,Apple,Apple iPhone 11,Ivana,2022-10-01 21:53:00,"Ljudi, u velikoj sam dilemi i prilično neodlučna. Po prvi put na nagovor iphone obožavaoca skupljam hrabrost da pređem na IOS. Dvoumim se u ovom trenutku između honor 70 i iphone 11 128 gb. Puno bi mi značili saveti. Svi govore da je razlika neuporediva, a ja se pribojavam da ne pogrešim. Hvala puno svima unapred!"
https://mobilnisvet.com/mobilni-komentari/9266/Apple/iPhone-13-mini/7,Apple,Apple iPhone 13 mini,Vale,2022-02-12 22:57:00,Dvoumim se izmeđju 13 mini i 13 pro. Zapravo najveća dilema je 120hz. Razlika je 250-300€.
https://mobilnisvet.com/mobilni-komentari/9266/Apple/iPhone-13-mini/7,Apple,Apple iPhone 13 mini,Sasa,2022-02-08 22:32:00,"Prvo bi valjalo da pojedinci shvate da postoje i ljudi koji vole kompaktnije telefone. Iz tog razloga postoji mini verzija. Meni su u firmi hteli uzet 13 max pro. Otisao sam u gigatron da vidim koliki je, uporedio velicine ostalih verzija i trazio da mi uzmu mini varijantu. Sto se  mene tice volio bih da je jos malo manji. Realno to je jedini razlog sto sam se odlucio za iphone. Najmanji je sto sam nasao od novijih telefona trenutno na trzistu. Za one koji razmisljaju da l vredi i da l da se odluce za 12 mini ili 13 mini. preporucujem 13mini. Brza je baterija. Max mi je trajala 36 sati uz najminimalnije koriscenje. Ovako gura dan bez problema. Svako jutro stavim na punjac pola sata do sat vremena dok se spremam za posao i nemam problema. Kamere ne mogu komentarisat jer skoro da ih ne koristim. Brz je, nemam nikakvih problema. Imam samo jednu glupavu zamerku za koju mi se cini da im je slucajni propust, ovi sto koriste Iphone duze valjda znaju sta li je posredi, kad ocu da uklonim aktivne aplikacije, moram da svajpujem jednu po jednu, nema clear all opcije. Totalno nebitna stvar za svakodnevno koriscenje."
https://mobilnisvet.com/mobilni-komentari/9266/Apple/iPhone-13-mini/7,Apple,Apple iPhone 13 mini,ladno,2022-02-03 11:16:00,Kako se ponaša kamera u noćnom režimu? Da li je prisutan lens flare kao na 12 mini?
https://mobilnisvet.com/mobilni-komentari/9266/Apple/iPhone-13-mini/7,Apple,Apple iPhone 13 mini,Kiki,2022-01-29 21:02:00,Zdravo moze neko da mi kaze dali baterija stvarno drzi duze i dali je ovaj tel stvarno dobar. Hvala
https://mobilnisvet.com/mobilni-komentari/9266/Apple/iPhone-13-mini/7,Apple,Apple iPhone 13 mini,Brdjanin,2022-01-29 01:34:00,"Uzeo 13 mini. Pitanje. Punjac. Nasao sam ga za 2600, a svuda je oko 4000. Jel to ok cena?"
https://mobilnisvet.com/mobilni-komentari/9266/Apple/iPhone-13-mini/7,Apple,Apple iPhone 13 mini,Dragan,2022-01-16 21:09:00,Moze mi neko napisati iskustva ako ima sa 13 mini modelom? Pozz.
https://mobilnisvet.com/mobilni-komentari/9266/Apple/iPhone-13-mini/7,Apple,Apple iPhone 13 mini,Rastko Nemanjic,2022-01-08 11:36:00,"Pozdrav, dvoumim se izmedju 12 i 13 mini sta biste mi preporucili?Meni nekako kamere na 13 mini bzv.deluju?na 12 mini nekako lepse zato sam blizi 12."
https://mobilnisvet.com/mobilni-komentari/9266/Apple/iPhone-13-mini/7,Apple,Apple iPhone 13 mini,VR|46,2022-01-03 23:30:00,"Trenutno koristim Iphone XS 64GB od 2018, htjeo sam uzeti 13 mini, intresuju me iskustva baterija, kamera, zvuk?"
https://mobilnisvet.com/mobilni-komentari/9266/Apple/iPhone-13-mini/7,Apple,Apple iPhone 13 mini,Nikola,2021-12-21 21:52:00,Da li je bolje uzeti 12 mini ili 13mini posle 11ice? Hvala
https://mobilnisvet.com/mobilni-komentari/9266/Apple/iPhone-13-mini/7,Apple,Apple iPhone 13 mini,kurac,2021-11-27 15:05:00,jaci procesor nisam gledo...ok Telefon..Pogotovo camera je super...Mozda ga kupim i Lijep je
https://mobilnisvet.com/mobilni-komentari/9266/Apple/iPhone-13-mini/7,Apple,Apple iPhone 13 mini,Coka,2021-11-25 20:15:00,12 128gb ili 13 mini 128gb? Cena je gotovo pa ista ako se uzima na rate
https://mobilnisvet.com/mobilni-komentari/9266/Apple/iPhone-13-mini/7,Apple,Apple iPhone 13 mini,Nikola,2021-11-22 11:18:00,"Dal vredi dati ovakve pare za ovaj telefon,ja ne volim velike telefone,imam samsung s10e on je veci nesto od ovog telefona,ne mogu da nosim one cigle sa sobom neugodno je..."
https://mobilnisvet.com/mobilni-komentari/9266/Apple/iPhone-13-mini/7,Apple,Apple iPhone 13 mini,Martello,2021-10-27 20:23:00,12mini 128gb ili 13mini 128gb?
https://mobilnisvet.com/mobilni-komentari/9266/Apple/iPhone-13-mini/7,Apple,Apple iPhone 13 mini,Sneza,2021-10-14 23:11:00,"Telefon je odlican, ja sam prijatno iznenadjena, kamera je odlicna, baterija drzi ceo dan uz konstantno koriscenje mnogih drustvenih mreza.. Telefon je lagan i udoban! Vredi svaki euro koji se da za njega!"
https://mobilnisvet.com/mobilni-komentari/9266/Apple/iPhone-13-mini/7,Apple,Apple iPhone 13 mini,Aca,2021-10-03 19:22:00,"Ovaka velicina ekrana nije za igrice,ja imam s10e nesto mi ekran postao mali,kad preso na s9 plus,to je druga prica"
https://mobilnisvet.com/mobilni-komentari/9260/Apple/iPhone-13/7,Apple,Apple iPhone 13,Dorotea,2024-01-23 15:26:00,"Zdravo, da li ovaj iphone 13 ima garanciju i da li moze da se plati na rate?"
https://mobilnisvet.com/mobilni-komentari/9260/Apple/iPhone-13/7,Apple,Apple iPhone 13,Milica,2024-01-22 23:40:00,Da li neko može da mi kaže koji telefon da uzmem.
https://mobilnisvet.com/mobilni-komentari/9260/Apple/iPhone-13/7,Apple,Apple iPhone 13,Neša,2024-01-21 21:50:00,"Ljudi dal mi možete reći koliko velikih ažuriranja treba da dobije ip 13,da znam dal da ga uzmem,to mi je bitno pošto bi mob na duže."
https://mobilnisvet.com/mobilni-komentari/9260/Apple/iPhone-13/7,Apple,Apple iPhone 13,Ognjen,2024-01-21 15:41:00,Moze zamena za A53 5G i dodatak?
https://mobilnisvet.com/mobilni-komentari/9260/Apple/iPhone-13/7,Apple,Apple iPhone 13,Maki,2024-01-20 17:51:00,U dilemi sam.....Iphone 13 eventualno 15 ili Samsung s23 ?
https://mobilnisvet.com/mobilni-komentari/9260/Apple/iPhone-13/7,Apple,Apple iPhone 13,skdusi,2024-01-17 21:36:00,kakve su ovo cene? šta se dešava?
https://mobilnisvet.com/mobilni-komentari/9260/Apple/iPhone-13/7,Apple,Apple iPhone 13,Aleksa Dervenic,2024-01-17 17:59:00,Za koliko bi to moglo doći
https://mobilnisvet.com/mobilni-komentari/9260/Apple/iPhone-13/7,Apple,Apple iPhone 13,Kiki,2024-01-17 11:44:00,Šta se desilo sa cenama ?
https://mobilnisvet.com/mobilni-komentari/9260/Apple/iPhone-13/7,Apple,Apple iPhone 13,ime moje,2024-01-15 23:10:00,koja je razlika izmedju 13 i 14
https://mobilnisvet.com/mobilni-komentari/9260/Apple/iPhone-13/7,Apple,Apple iPhone 13,Badji,2024-01-13 04:14:00,"U A1 60 hiljada za kes preko mog paketa, da li vredi uzeti?"
https://mobilnisvet.com/mobilni-komentari/9260/Apple/iPhone-13/7,Apple,Apple iPhone 13,Djuki,2024-01-10 20:34:00,Poz
https://mobilnisvet.com/mobilni-komentari/9260/Apple/iPhone-13/7,Apple,Apple iPhone 13,ML,2024-01-08 18:10:00,"Imam jedno pitanje za korisnike IPhone-a. Naime, za razliku od Androida, IPhone ima objedinjenu listu poziva telefona i aplikacija."
https://mobilnisvet.com/mobilni-komentari/9260/Apple/iPhone-13/7,Apple,Apple iPhone 13,Grba94,2024-01-07 03:17:00,Da li apdejtovati na ios 17? Iskustva?
https://mobilnisvet.com/mobilni-komentari/9260/Apple/iPhone-13/7,Apple,Apple iPhone 13,Teodora,2024-01-01 13:10:00,Ajfon 13
https://mobilnisvet.com/mobilni-komentari/9260/Apple/iPhone-13/7,Apple,Apple iPhone 13,Vlajce,2023-12-31 23:32:00,Ovaj ili 12 pro max?
https://mobilnisvet.com/mobilni-komentari/9260/Apple/iPhone-13/7,Apple,Apple iPhone 13,Ja,2023-12-30 20:20:00,Nedopustivo 13 da nema NFC
https://mobilnisvet.com/mobilni-komentari/9260/Apple/iPhone-13/7,Apple,Apple iPhone 13,Bird,2023-12-22 13:48:00,"Imam 13-icu od februara, telefon je zverka. Uz normalno korišćenje baterija i sa 98% zdravljem traje i do dan i po-dva, kamera je fantazija (najveća razlika u odnosu na kameru androida se vidi kad slikate zvezde, prizor je fenomenalan☺️). Fluidnost ekrana sasvim okej, nikad ne baguje, opšte uzevši – radi kao sat. Najnovija verzija softvera nudi neke mnogo dobre stvari. Ovo mi je prvi ajfon, prezadovoljna sam. Ko god se razmišlja da pređe sa Androida na iOS, ne dvoumite se, samo napred :]]]"
https://mobilnisvet.com/mobilni-komentari/9260/Apple/iPhone-13/7,Apple,Apple iPhone 13,Dejana,2023-12-19 14:22:00,"Imam iphone 13, jel postoji mogucnost da se promeni boja pozadine poziva kada neko pozove?"
https://mobilnisvet.com/mobilni-komentari/9260/Apple/iPhone-13/7,Apple,Apple iPhone 13,Miconi,2023-12-05 23:24:00,"Iphone 13 128 nov, gde je najpovoljniji u srbiji"
https://mobilnisvet.com/mobilni-komentari/9260/Apple/iPhone-13/7,Apple,Apple iPhone 13,Marko,2023-12-05 10:56:00,"Ip 13 za 499e, baterija 87%. Vredi?"
https://mobilnisvet.com/mobilni-komentari/9260/Apple/iPhone-13/7,Apple,Apple iPhone 13,n,2023-12-05 02:18:00,da li je neko kupovao u sonimobu? ako može da podeli iskustva :)
https://mobilnisvet.com/mobilni-komentari/9260/Apple/iPhone-13/7,Apple,Apple iPhone 13,Milena,2023-11-30 20:51:00,"Zdravo! Prvi put kupujem iPhone, najvise zbog kamere. U Cg su preskupi, tako da u opciji imam 13 ili 14? Mozete li podijeliti neko iskustvo, jer zaista nisam mnogo upucena..?"
https://mobilnisvet.com/mobilni-komentari/9260/Apple/iPhone-13/7,Apple,Apple iPhone 13,Milan,2023-11-27 09:54:00,Ovaj ili  Iphone 12  4/128 gb ? Vidim da je razlika samo 45 evra ?
https://mobilnisvet.com/mobilni-komentari/9272/Apple/iPhone-13-Pro/7,Apple,Apple iPhone 13 Pro,Sale,2022-04-13 21:09:00,Pozdrav hteo sam da pitam uzeo sam nov 13 pro vakum i sa proslog telefona 11 pro prebaciovao slike sve prebacio a datumi nisu tacni nekih slika koje nisu slikane sa 11 pro a originalne imaju datume prave.. hvala puno .. i klipove nabacao na kraju a slike je lepo razvrstao samo datume na neke nisu tacni nego su datumi od kad tog dana kad je prebacivano … jos jednom hvala ako moze neko da pomogne
https://mobilnisvet.com/mobilni-komentari/9272/Apple/iPhone-13-Pro/7,Apple,Apple iPhone 13 Pro,Sneza,2022-04-02 20:56:00,Pozdrav jel steti nesto batereriji ako se ugasi optimizacija .. hvala
https://mobilnisvet.com/mobilni-komentari/9272/Apple/iPhone-13-Pro/7,Apple,Apple iPhone 13 Pro,T,2022-04-02 12:25:00,Da li se isplati uzeti 13 pro sada ili cekati 14?
https://mobilnisvet.com/mobilni-komentari/9272/Apple/iPhone-13-Pro/7,Apple,Apple iPhone 13 Pro,Nikola,2022-03-28 16:37:00,Pozdrav imam 13 pro nov vakum uzeo i 20 w adapter puni ga 1 h i 50 minuta do 100 % a do 90 % 1 h .. dali je to ok . Hvala unapred
https://mobilnisvet.com/mobilni-komentari/9272/Apple/iPhone-13-Pro/7,Apple,Apple iPhone 13 Pro,Vukkk,2022-03-27 22:17:00,"Pozz ljudi,"
https://mobilnisvet.com/mobilni-komentari/9272/Apple/iPhone-13-Pro/7,Apple,Apple iPhone 13 Pro,Apple,2022-03-23 20:37:00,"Planiram da uzmem 13 pro, pa me zanima da li može Huawei watch 3 pro da se poveže na njega?"
https://mobilnisvet.com/mobilni-komentari/9272/Apple/iPhone-13-Pro/7,Apple,Apple iPhone 13 Pro,Uros,2022-03-22 21:51:00,Pozdrav kako znati dali je punjac i kabal original za 13 pro ?
https://mobilnisvet.com/mobilni-komentari/9272/Apple/iPhone-13-Pro/7,Apple,Apple iPhone 13 Pro,S,2022-03-20 12:37:00,Pozdrav kako ugasti obavestenje non stop stoji broj 1 tv aplikacija u pitanju . Hvala puno
https://mobilnisvet.com/mobilni-komentari/9272/Apple/iPhone-13-Pro/7,Apple,Apple iPhone 13 Pro,xkxx,2022-03-18 16:54:00,"Ćao da li se neko susreo sa ovim da nazovem problemom, dakle imam iPhone 13 pro, dešava mi se tokom punjenja da neće da pređe 98% posto, nekad pređe tek posle 20 minuta a nekad uopšte, i to se ne dešava stalno tj svakog punjenja. Isti problem sam imala na prošlom modelu iPhone 11 pro...."
https://mobilnisvet.com/mobilni-komentari/9272/Apple/iPhone-13-Pro/7,Apple,Apple iPhone 13 Pro,Nenad,2022-03-16 12:29:00,"Zdravo,pošto želim pređem na Iphone ...koji kupiti 12 pro max, 13 ili 13 pro?"
https://mobilnisvet.com/mobilni-komentari/9272/Apple/iPhone-13-Pro/7,Apple,Apple iPhone 13 Pro,Dragan,2022-03-16 10:26:00,Pozdrav razlika izmedju eu i usa modela free .. hvala puno
https://mobilnisvet.com/mobilni-komentari/9272/Apple/iPhone-13-Pro/7,Apple,Apple iPhone 13 Pro,Bojan,2022-03-13 22:06:00,"Pozz ljudi. Imam Iphone 13 pro i stvarno je vrh tel. E sad, jedno pitanje. U kom režimu je najbolje snimati video, jer sam primetio da kad snimam neki video i pošaljem ga preko vibera nekom, pa taj neko kad ga na svomtel otvori bude slika kao pre 7 godina. Bas lose se vidi. U cemu je fora?"
https://mobilnisvet.com/mobilni-komentari/9272/Apple/iPhone-13-Pro/7,Apple,Apple iPhone 13 Pro,Dragan,2022-03-09 13:04:00,Dali se isplati preci sa iphone 13 na iphone 13 pro.
https://mobilnisvet.com/mobilni-komentari/9272/Apple/iPhone-13-Pro/7,Apple,Apple iPhone 13 Pro,Nikola,2022-03-09 07:04:00,Pozdrav uzeo sam 13 pro vakum hteo sam da pitam kad ga napunim 100 % i ostavim ga preko noci ujutro mi skine po 4 5 posto baterije .. hvala puno
https://mobilnisvet.com/mobilni-komentari/9272/Apple/iPhone-13-Pro/7,Apple,Apple iPhone 13 Pro,Joca,2022-02-27 13:31:00,"Treba mi vase misljenje ,da li uzeti Iphone 13 Pro 512Gb ili Samsung S21 Ultra 16/512 Gb ?:)"
https://mobilnisvet.com/mobilni-komentari/9272/Apple/iPhone-13-Pro/7,Apple,Apple iPhone 13 Pro,Nikola,2022-02-26 13:22:00,Pozdrav planiram da uznem ovaj model 13 pro dali moze adapter od 11 pro 18 w .. hvala puno
https://mobilnisvet.com/mobilni-komentari/9272/Apple/iPhone-13-Pro/7,Apple,Apple iPhone 13 Pro,mr X,2022-02-26 09:20:00,Iphone 13 pro ili Samsung s22 ultra? Sta je bolje po vasem mišljenju? Da li da menjam telefon
https://mobilnisvet.com/mobilni-komentari/9272/Apple/iPhone-13-Pro/7,Apple,Apple iPhone 13 Pro,edin,2022-02-25 14:10:00,da li 128gb 13 pro dual sim ?
https://mobilnisvet.com/mobilni-komentari/9272/Apple/iPhone-13-Pro/7,Apple,Apple iPhone 13 Pro,Petar,2022-02-14 21:59:00,"Imam jedno pitanje ne odlucan sam da li uzeti Iphone 13 ili 13 Pro, da li vredi tih dodatnih 200 evra ili je ipak bolje za tih 200 npr uzeti i airpods zajedno sa 13-icom"
https://mobilnisvet.com/mobilni-komentari/9272/Apple/iPhone-13-Pro/7,Apple,Apple iPhone 13 Pro,Srbin,2022-02-09 18:24:00,Ima li na ovom modelu srpski jezik?
https://mobilnisvet.com/mobilni-komentari/9272/Apple/iPhone-13-Pro/7,Apple,Apple iPhone 13 Pro,Markoni,2022-01-27 22:42:00,"Kakva je baterija,planiram da uzmem ovaj telefon,ne sumnjam da je sve top,samo se brinem zbog baterija i 120hz ekrana da li trosi"
https://mobilnisvet.com/mobilni-komentari/9272/Apple/iPhone-13-Pro/7,Apple,Apple iPhone 13 Pro,.,2022-01-10 16:09:00,Po vama jel bolja kupovina 13 Pro max 128 ili 13 Pro 256?
https://mobilnisvet.com/mobilni-komentari/9272/Apple/iPhone-13-Pro/7,Apple,Apple iPhone 13 Pro,Aca,2022-01-06 18:06:00,Da li je normalno da se malo greje tokom korišcenja?
https://mobilnisvet.com/mobilni-komentari/9272/Apple/iPhone-13-Pro/7,Apple,Apple iPhone 13 Pro,Iggy,2022-01-03 03:07:00,Baterija nije ništa posebno.
https://mobilnisvet.com/mobilni/bv01r/Apple/iPhone-14-Pro-1TB,Apple,Apple iPhone 14 Pro,Vanja,2026-07-22 08:33:00,"Zamenila bih ,uz doplatu Iphon 12 pro max baterija 80% za Iphon 14 pro.Kolika bi doplata bila?"
https://mobilnisvet.com/mobilni/bv01r/Apple/iPhone-14-Pro-1TB,Apple,Apple iPhone 14 Pro,Rale,2026-02-25 14:27:00,Kad baterija dođe na 80% koliko još posle toga može da traje?
https://mobilnisvet.com/mobilni/bv01r/Apple/iPhone-14-Pro-1TB,Apple,Apple iPhone 14 Pro,Tibika,2026-02-21 13:02:00,Još se dobro kotira sudeći po visokoj ceni u oglasima.
https://mobilnisvet.com/mobilni/bv01r/Apple/iPhone-14-Pro-1TB,Apple,Apple iPhone 14 Pro,Veroljub,2026-02-20 13:35:00,Jeste manji od Max-a i stane fino u džep ali je težak u ruci.
https://mobilnisvet.com/mobilni/bv01r/Apple/iPhone-14-Pro-1TB,Apple,Apple iPhone 14 Pro,Boban,2026-02-16 15:03:00,"Kako vam se ponaša baterija sa Ios 26.3, moram da resetujem telefon da bi mi pokazao ažuriranu vrednost stanja baterije?!"
https://mobilnisvet.com/mobilni/bv01r/Apple/iPhone-14-Pro-1TB,Apple,Apple iPhone 14 Pro,Aleksandar K.,2026-02-02 13:12:00,"Treća godina kako radi kao prvi dan, u tome jeste snaga i privlačnost Iphone-a. Bez preteranog silovanja telefona, baterija i dalje solidno drži, dan sigurno a možda i malo više. BH trenutno na 89%"
https://mobilnisvet.com/mobilni/bv01r/Apple/iPhone-14-Pro-1TB,Apple,Apple iPhone 14 Pro,jovan,2025-09-22 17:50:00,primate li zamjene?
https://mobilnisvet.com/mobilni/bv01r/Apple/iPhone-14-Pro-1TB,Apple,Apple iPhone 14 Pro,Averroes,2025-09-21 14:49:00,"Poslednja dobra kupovina od ajfona, nerdjajuci celik je bolji od aluminijuma i titanijuma."
https://mobilnisvet.com/mobilni/bv01r/Apple/iPhone-14-Pro-1TB,Apple,Apple iPhone 14 Pro,J,2025-05-08 17:50:00,"Da li je bolje da uzmem 14pro ili obicnu 15icu?Na kom je baterija bolja,ne zelim da mi brzo spada bh"
https://mobilnisvet.com/mobilni/bv01r/Apple/iPhone-14-Pro-1TB,Apple,Apple iPhone 14 Pro,Rale,2025-04-27 15:22:00,"Menjao bih 14 pro fizicki kao nov bez tragova koriscenja dve godine star bh 85 za nov 16 pro, koliko je ok da doplatim ?"
https://mobilnisvet.com/mobilni/bv01r/Apple/iPhone-14-Pro-1TB,Apple,Apple iPhone 14 Pro,D,2025-04-10 18:02:00,Iphone 14 pro 96bh za 600e..isplati li se?
https://mobilnisvet.com/mobilni/bv01r/Apple/iPhone-14-Pro-1TB,Apple,Apple iPhone 14 Pro,A,2025-03-16 09:00:00,"Kako resiti problem sa praznjenjem baterije? Prazni se tokom noci bez koriscenja iako su ispostovani saveti za ustedu baterije, i to za 50% opadne? 14 pro"
https://mobilnisvet.com/mobilni/bv01r/Apple/iPhone-14-Pro-1TB,Apple,Apple iPhone 14 Pro,Dejan,2025-02-23 01:52:00,Da li se isplati preći sa 13 pro na 14 pro? Prvenstveno me zanima da li ima neke razlike u trajanju baterije?
https://mobilnisvet.com/mobilni/bv01r/Apple/iPhone-14-Pro-1TB,Apple,Apple iPhone 14 Pro,A,2025-02-22 19:29:00,Imao sam ga sa 86bh i jedva bi izgurao 2. 5h..3h plafonn sa koriscenjem samo drustvenih mreza....
https://mobilnisvet.com/mobilni/bv01r/Apple/iPhone-14-Pro-1TB,Apple,Apple iPhone 14 Pro,Dusica,2025-02-01 21:49:00,"Zelim kupiti nov iphone 13 pro ili iphone 14 pro sa memorijom 256 giga. Znate li gde se mogu pronaci neki od ova dva modela, da budu novi sa garancijom? Hvala puno"
https://mobilnisvet.com/mobilni/bv01r/Apple/iPhone-14-Pro-1TB,Apple,Apple iPhone 14 Pro,Neca,2025-01-09 16:11:00,"Pozdrav ljudi imam ovaj telefon dve godine,dobio sam zamenu za S23 ultra da li vredi menjati ili ostati i 2025 godini sa ovim modelom hvala?"
https://mobilnisvet.com/mobilni/bv01r/Apple/iPhone-14-Pro-1TB,Apple,Apple iPhone 14 Pro,V,2024-12-25 00:24:00,Moze li neko da mi kaze ima li gde da se nadje nov vakum 14 pro
https://mobilnisvet.com/mobilni/bv01r/Apple/iPhone-14-Pro-1TB,Apple,Apple iPhone 14 Pro,Urke,2024-12-24 07:26:00,Neka iskustva sa zamenom baterije?
https://mobilnisvet.com/mobilni/bv01r/Apple/iPhone-14-Pro-1TB,Apple,Apple iPhone 14 Pro,NokA,2024-12-18 08:08:00,Uzeti iphone 14 pro polovan ili S 24 plus? Hvala
https://mobilnisvet.com/mobilni/bv01r/Apple/iPhone-14-Pro-1TB,Apple,Apple iPhone 14 Pro,Dare,2024-12-14 17:26:00,"Pozdav zeleo bih da pitam posto sam jos na verziji 17.6.1 dali uraditi update na 18.2?,pitam zbog baterije itd posto za sad radi sasvim ok na ovoj verziji baterija je na 90 posto healta..,pa bih voleo necije misljenje ko ima isti tel nesto o tome da kaze..hvala"
https://mobilnisvet.com/mobilni/pwjx5/Apple/iPhone-14-Pro-Max-1TB,Apple,Apple iPhone 14 Pro Max,DRDA,2026-05-30 21:26:00,Najbrutalniji telefon
https://mobilnisvet.com/mobilni/pwjx5/Apple/iPhone-14-Pro-Max-1TB,Apple,Apple iPhone 14 Pro Max,Ljubka,2026-04-03 07:08:00,Koliko kosta ovaj model
https://mobilnisvet.com/mobilni/pwjx5/Apple/iPhone-14-Pro-Max-1TB,Apple,Apple iPhone 14 Pro Max,Anna,2026-03-18 01:23:00,Da li zameniti samsung s23 plus za iph 14 pro max 85 bh
https://mobilnisvet.com/mobilni/pwjx5/Apple/iPhone-14-Pro-Max-1TB,Apple,Apple iPhone 14 Pro Max,Stefan,2026-02-19 09:39:00,Pozdrav kako vam drzi baterija meni 86% BH i tek treba da testiram bateriju
https://mobilnisvet.com/mobilni/pwjx5/Apple/iPhone-14-Pro-Max-1TB,Apple,Apple iPhone 14 Pro Max,Soca,2026-01-25 08:18:00,Uzeo sam 14 pro max u mint stanju.
https://mobilnisvet.com/mobilni/pwjx5/Apple/iPhone-14-Pro-Max-1TB,Apple,Apple iPhone 14 Pro Max,Kupac,2026-01-12 22:19:00,"Zdravo,da li uzeti 14 pro max 86% za 400e"
https://mobilnisvet.com/mobilni/pwjx5/Apple/iPhone-14-Pro-Max-1TB,Apple,Apple iPhone 14 Pro Max,Jovan,2025-12-31 19:21:00,"Šta uzeti, 14 Pro Max ili 15 Pro?"
https://mobilnisvet.com/mobilni/pwjx5/Apple/iPhone-14-Pro-Max-1TB,Apple,Apple iPhone 14 Pro Max,Ognjen,2025-12-28 16:26:00,Da li uzeti telefon kome nije menjana baterija nikad 86bh ili 100% ali je menjana?
https://mobilnisvet.com/mobilni/pwjx5/Apple/iPhone-14-Pro-Max-1TB,Apple,Apple iPhone 14 Pro Max,Deki,2025-12-02 18:06:00,"Za koliko se napuni vama baterija, meni za 2 i pol sata. Ima li kakvo rjesenje da se ovaj fon brze napuni, koji je punjac najbolji?"
https://mobilnisvet.com/mobilni/pwjx5/Apple/iPhone-14-Pro-Max-1TB,Apple,Apple iPhone 14 Pro Max,Marin,2025-11-23 21:41:00,"Postovanje, da li vredi menjati bateriju na ovom telefonu?"
https://mobilnisvet.com/mobilni/pwjx5/Apple/iPhone-14-Pro-Max-1TB,Apple,Apple iPhone 14 Pro Max,Bane,2025-09-26 11:27:00,"Da li vredi kupovati iPhone sa zamenjenim ekranom, originalnim ili je to macka u dzaku. Konkretno, basao sam ovaj model u super stanju, samo je u servisu zamenjen ekran originalnim ekranom"
https://mobilnisvet.com/mobilni/pwjx5/Apple/iPhone-14-Pro-Max-1TB,Apple,Apple iPhone 14 Pro Max,Dremix,2025-08-30 23:15:00,"Zanima me koji je bolji dali 14pm ili 15pm mislim se izmedju ta dva telefona pa me zanima iskustvo sa baterije .Koliko je bas bth I koliko imate screen on time, dali ste zadvojni sa te telefona I kakve su kamere?!"
https://mobilnisvet.com/mobilni/pwjx5/Apple/iPhone-14-Pro-Max-1TB,Apple,Apple iPhone 14 Pro Max,Mihajlo,2025-07-12 21:03:00,Kupio sam ovaj telefon sa 88%baterije i za sad mi baterija deluje odlicnk stvarno ne znam jel je neko primetio razliku izmedju bh 100 i kad padne npr na 85 i sta mi saverujete da li da ostavljam ovaj telefon ili da kupim 16obican sa boljom baterijom koji je u globalu bolji?
https://mobilnisvet.com/mobilni/pwjx5/Apple/iPhone-14-Pro-Max-1TB,Apple,Apple iPhone 14 Pro Max,Nikola,2025-04-17 16:13:00,"Pozdrav, zanima ma da li ovaj uredjaj podrzava spajanje sa Samsungovim slusalicama? Galaxy Pro Buds"
https://mobilnisvet.com/mobilni/pwjx5/Apple/iPhone-14-Pro-Max-1TB,Apple,Apple iPhone 14 Pro Max,?,2025-03-29 18:40:00,Zašto svi pominju da je baterija na 80% ?
https://mobilnisvet.com/mobilni/pwjx5/Apple/iPhone-14-Pro-Max-1TB,Apple,Apple iPhone 14 Pro Max,Kristina,2025-01-13 17:30:00,Koliko košta
https://mobilnisvet.com/mobilni/pwjx5/Apple/iPhone-14-Pro-Max-1TB,Apple,Apple iPhone 14 Pro Max,Nensi,2024-12-04 21:48:00,Uzela sam polovni 14 pro max koriscen je dve godine BH je 87% i to je spala tek nakon azuriranja na ios 18 i sad se brinem da nisam pogresila sa kupovinom jer telefon nije jos kod mene pa me zanima da li ce biti telefon okej jer planiram ja da ga koristim jos bar dve godine
https://mobilnisvet.com/mobilni/pwjx5/Apple/iPhone-14-Pro-Max-1TB,Apple,Apple iPhone 14 Pro Max,D,2024-10-27 23:12:00,Koliko je sigurno kupiti polovan iphone..Nude mi 14 pro max sa bh 91 za 700e?
https://mobilnisvet.com/mobilni/pwjx5/Apple/iPhone-14-Pro-Max-1TB,Apple,Apple iPhone 14 Pro Max,MiRa,2024-10-15 12:09:00,"Pozdrav. Zanima me razlika izmedju Apple i Samsung telefona? Gledajući cene, nema razlike. Ja sam uvek za Samsung...ali čitam komentare i vidim da mnogi ne podržavaju Samsung zbog pregrevanja. Moj je A54 i isto se pregreje iako ne igram igrice 😆"
https://mobilnisvet.com/mobilni/pwjx5/Apple/iPhone-14-Pro-Max-1TB,Apple,Apple iPhone 14 Pro Max,Nevena,2024-09-24 16:10:00,"Zdravo planiram preći na iphone pa se dvoumim između 13 pro max ili 14 pro max, 13 seriju sam videla da baš hvale dok ovde po komentarima za 14 dosta njih se žali na bateriju.."
https://mobilnisvet.com/mobilni/pwjx5/Apple/iPhone-14-Pro-Max-1TB,Apple,Apple iPhone 14 Pro Max,Vestica,2024-09-17 19:46:00,"Zdravo, da li ce ovaj imati tu AL funkciju ili sta god?"
https://mobilnisvet.com/mobilni/pwjx5/Apple/iPhone-14-Pro-Max-1TB,Apple,Apple iPhone 14 Pro Max,Aca,2024-09-07 09:19:00,Da li ima neko problem od azuriranja softvera da mu se baterija brze prazni i da se veoma greje dok je na punjavu?
https://mobilnisvet.com/mobilni/z43/Apple/iPhone-15-Plus-6GB-512GB-1x-SIM-1x-eSIM,Apple,Apple iPhone 15 Plus,Potrebna mi je pomoc,2026-02-05 19:16:00,Kako da kupim ovaj telefon da li da pozovem prvi broj koji je napisan gore?ili da pozovem neki drugi?
https://mobilnisvet.com/mobilni/z43/Apple/iPhone-15-Plus-6GB-512GB-1x-SIM-1x-eSIM,Apple,Apple iPhone 15 Plus,Aleksandra,2025-06-07 16:17:00,"Da li da kupim iPhone 15 plus ili 16? Bas sam podeljena, koja su vasa mišljenja?"
https://mobilnisvet.com/mobilni/z43/Apple/iPhone-15-Plus-6GB-512GB-1x-SIM-1x-eSIM,Apple,Apple iPhone 15 Plus,Veljko,2025-05-17 14:21:00,"Imam ga godinu dana i zadovoljan sam baterijom i kamerama (svaki iphone ima dobru kameru, inace). Sto bi rekli neki korisnici istog, super je ergonomican (handy) i velicina ekrana takodje je plus. Kvalitet ekrana nije ono vrh ali ajde.Sa druge strane nadogradnja je garantovana neko vrijeme pa si miran… Sto se perfomansi tice mislim da svaki mobilni koji iole kosta preko 800e radi brzo i lijepo, tu nema zamerki android apple huawei… Ipak rado bih ga menjao sa dobrim androidom ali navikava se covek na uredjaj i eto… Sledeci ako Bog da, android 👌🏻😋"
https://mobilnisvet.com/mobilni/z43/Apple/iPhone-15-Plus-6GB-512GB-1x-SIM-1x-eSIM,Apple,Apple iPhone 15 Plus,Petar,2025-02-28 14:19:00,"Imao sam S24 obican i bio mi nekako mali,ja prodam tel star 6 meseci i dodam pare sto je najgore u kupim ovaj"
https://mobilnisvet.com/mobilni/z43/Apple/iPhone-15-Plus-6GB-512GB-1x-SIM-1x-eSIM,Apple,Apple iPhone 15 Plus,...,2024-10-18 23:07:00,"Osim losijeg kvaliteta ekrana (ne zbog cinjenice da je osvezavanje 60hz, vec da nema dc-dimming i da je pwm sramotnih 60hz, a sam odziv 3ms), ovaj model nudi sve ostalo, na jako visokom nivou. Ekran je ocenjen ocenom 73 od maksimalnih 100 poena, sto je ispod nivoa npr Samsung a53 5g modela."
https://mobilnisvet.com/mobilni/z43/Apple/iPhone-15-Plus-6GB-512GB-1x-SIM-1x-eSIM,Apple,Apple iPhone 15 Plus,Koliko košta,2024-09-01 22:22:00,Ajfon
https://mobilnisvet.com/mobilni/z43/Apple/iPhone-15-Plus-6GB-512GB-1x-SIM-1x-eSIM,Apple,Apple iPhone 15 Plus,Teo,2024-06-08 17:30:00,Je l ovaj iphone nesto najbolje sto moze da se dobije za 850€\100k ili je mozda neki drugi?
https://mobilnisvet.com/mobilni/z43/Apple/iPhone-15-Plus-6GB-512GB-1x-SIM-1x-eSIM,Apple,Apple iPhone 15 Plus,Kv,2024-05-17 09:59:00,Ispade 15plus jeftiniji od 13 pro max
https://mobilnisvet.com/mobilni/z43/Apple/iPhone-15-Plus-6GB-512GB-1x-SIM-1x-eSIM,Apple,Apple iPhone 15 Plus,Mina,2024-05-03 10:52:00,Koliko ce jos padati cena?Ja ga uzimam krajem maja
https://mobilnisvet.com/mobilni/z43/Apple/iPhone-15-Plus-6GB-512GB-1x-SIM-1x-eSIM,Apple,Apple iPhone 15 Plus,Pomoc!!,2024-04-01 18:55:00,"Da li da uzmem iphone 14 pro ili 15 plus nisu pare u pitanju, brine me razlika u bateriji jer ip 14 pro ima 3300mah a 15 plus 4300mah, a opet mi je i kamera bitna?"
https://mobilnisvet.com/mobilni/z43/Apple/iPhone-15-Plus-6GB-512GB-1x-SIM-1x-eSIM,Apple,Apple iPhone 15 Plus,JA,2024-04-01 16:31:00,"Imam jedno pitanje i nadam se da će neko moći da odgovori objektivno, razbila sam svoj telefon skroz nov i šta je tu je. Imam opciju da uzmem iphone 15+ ili HONOR magic 60 pro, brine me ekran na ovom telefonu, imala sam 14 pro max, da li se u kvalitetu ekrana oseti razlika zbog tih 60hz?"
https://mobilnisvet.com/mobilni/z43/Apple/iPhone-15-Plus-6GB-512GB-1x-SIM-1x-eSIM,Apple,Apple iPhone 15 Plus,Anja,2024-03-22 14:56:00,Iphone 15 plus ili 15 pro?
https://mobilnisvet.com/mobilni/z43/Apple/iPhone-15-Plus-6GB-512GB-1x-SIM-1x-eSIM,Apple,Apple iPhone 15 Plus,Suleyman,2024-02-29 17:07:00,Danas uzimam ovaj model… videcu sta ce pruziti. Brine me 60hrtz display… na 13tici je odlican ali 15 plus je veci i samim tim moze da se oseti neka razlika. Mnogi kazu da je 14 promax bolja opcija ali ipak valjda broj serije govori nesto. Telefon ne menjam na duze pa mi je nadogradnja bitna.
https://mobilnisvet.com/mobilni/z43/Apple/iPhone-15-Plus-6GB-512GB-1x-SIM-1x-eSIM,Apple,Apple iPhone 15 Plus,Ica,2024-01-30 15:06:00,Dvoumim se izmedju S24 plus i ovog modela. Koji je po vama bolji?
https://mobilnisvet.com/mobilni/z43/Apple/iPhone-15-Plus-6GB-512GB-1x-SIM-1x-eSIM,Apple,Apple iPhone 15 Plus,Nadja,2024-01-27 17:44:00,"Da li vredi kupiti iphone 15 plus?Razmisljam već mesec dana da li da ga uzmem,pa ako ga neko ima koje su mu mane?"
https://mobilnisvet.com/mobilni/z43/Apple/iPhone-15-Plus-6GB-512GB-1x-SIM-1x-eSIM,Apple,Apple iPhone 15 Plus,v,2024-01-11 20:04:00,moze li neko pouzdano da kaze kako se ovaj tel prodaje jer ga jako slabo ima u ponudi.
https://mobilnisvet.com/mobilni/z43/Apple/iPhone-15-Plus-6GB-512GB-1x-SIM-1x-eSIM,Apple,Apple iPhone 15 Plus,Bole,2023-12-24 23:25:00,"Hoću da se ponovim telefonom, da budem miran sledećih par godina i bitna mi je stabilnost u radu, veći ekran i baterija da izdrži dan, pa se lomim između iPhone 15 plus, S23plus i S23ultra. O iphone ne znam mnogo, ali sad sam pročitao da nemaju svi always on - je li to istina? I da je na ovom punjenje sporije od S23ultra? Always on I da ne vučem punjač mi je vrlo važno, i idbija me S23ultra zbog oborenih ivica jako, mnogo mi je nepraktično to."
https://mobilnisvet.com/mobilni/z43/Apple/iPhone-15-Plus-6GB-512GB-1x-SIM-1x-eSIM,Apple,Apple iPhone 15 Plus,ostoja,2023-12-08 11:12:00,"hajde neko iskreno da kaze jel skrolovanje na ovolikom ekranu od 60hz umara oci zbog ""treperenja odnosno nedovoljno brzog odziva slike"""
https://mobilnisvet.com/mobilni/z43/Apple/iPhone-15-Plus-6GB-512GB-1x-SIM-1x-eSIM,Apple,Apple iPhone 15 Plus,Amin,2023-11-15 17:54:00,Planiram da zamenim 13 128 za 14 plus ili 15 plus 256gb.
https://mobilnisvet.com/mobilni/z43/Apple/iPhone-15-Plus-6GB-512GB-1x-SIM-1x-eSIM,Apple,Apple iPhone 15 Plus,:),2023-11-04 16:59:00,"Zdravo, kakvi su utisci nekog ko koristi ovaj tel?"
https://mobilnisvet.com/mobilni/z43/Apple/iPhone-15-Plus-6GB-512GB-1x-SIM-1x-eSIM,Apple,Apple iPhone 15 Plus,mee,2023-10-15 11:11:00,"Soma eura za telefon sa 60 herca ekranom,lol"
https://mobilnisvet.com/mobilni/z43/Apple/iPhone-15-Plus-6GB-512GB-1x-SIM-1x-eSIM,Apple,Apple iPhone 15 Plus,Golub,2023-09-25 18:48:00,"Pazite se Bulevarka ,tako sam sebe naziva. Živi kod vrtića duga,prevarant težak. Prodaje telefone za iddijsko tržište koji nisu isti kao za naše i kao daje usmenu garanciju. Mene je prevario,ima mnogo oglasa na mobilnom svetu"
https://mobilnisvet.com/mobilni/z43/Apple/iPhone-15-Plus-6GB-512GB-1x-SIM-1x-eSIM,Apple,Apple iPhone 15 Plus,Djidjoni,2023-09-16 20:40:00,"Klasicna prevara za vise novca. Svake godine, unazad 10 godina, dodaju po jednu ili dve funkcije koje koristi jedan promil ljudi, od toga naprave pompu, ove godine ubacili USB-C i kao da su izmislili ne znam ni ja sta, ceo marketing oko necega sto postoji godinama cak i na njihovim uredjajim. Kakve klasicne budale, a da ne pricam o onima koji ih zbog tih novotarija kupuju u prvih par dana od izlaska. Dok ima ovaca, a ima mnoooooogo ovaca....."
https://mobilnisvet.com/mobilni/z43/Apple/iPhone-15-Plus-6GB-512GB-1x-SIM-1x-eSIM,Apple,Apple iPhone 15 Plus,Kodijak,2023-09-14 15:00:00,Kakva novina sta je bre ovo kopija ajfona 14 samo vise para.
https://mobilnisvet.com/mobilni/q8x/Apple/iPhone-15-6GB-512GB-2x-SIM,Apple,Apple iPhone 15,V,2026-06-12 21:09:00,Moze neko da mi kaze ko stvarno ima iphone 15 koliko mu srzi baterija u toku dana i koliko ima sati od jednog punjenja u toki dana Hvala
https://mobilnisvet.com/mobilni/q8x/Apple/iPhone-15-6GB-512GB-2x-SIM,Apple,Apple iPhone 15,Realno,2026-06-04 13:09:00,"Honor 400 Pro znatno bolji telefon u svemu...sa čak oko 50% jačim procesorom i grafikom,a nekih 50 evra jeftiniji!"
https://mobilnisvet.com/mobilni/q8x/Apple/iPhone-15-6GB-512GB-2x-SIM,Apple,Apple iPhone 15,S,2026-06-03 16:16:00,Bolje uzeti iphone koji sad manje kosta nego android kome su naduvali cene. Vidiite samo koliko je cigla od A57
https://mobilnisvet.com/mobilni/q8x/Apple/iPhone-15-6GB-512GB-2x-SIM,Apple,Apple iPhone 15,j,2026-05-19 20:24:00,"da li ovo cudo sad vredi 535 evra koliko vidim da kosta? za nekoga ko gleda dobar tel za 3 4 god a nece da da za vise, i da je kamera dobra?"
https://mobilnisvet.com/mobilni/q8x/Apple/iPhone-15-6GB-512GB-2x-SIM,Apple,Apple iPhone 15,iSHIT,2026-05-15 15:50:00,ekran mi je stalno zelen ima neke bagove nenormalno koci ovo je necuveno!
https://mobilnisvet.com/mobilni/q8x/Apple/iPhone-15-6GB-512GB-2x-SIM,Apple,Apple iPhone 15,Andrej,2026-05-05 21:59:00,"Ćao,iz pazove sam pa da li bi mogli malo da mi pojasnite šta sve dolazi u telefon"
https://mobilnisvet.com/mobilni/q8x/Apple/iPhone-15-6GB-512GB-2x-SIM,Apple,Apple iPhone 15,Dz,2026-04-24 23:44:00,"iPhone 15 ili iPhone 17e? Cene su slicne. Razumem da 17e ima vecu memoriju i noviji procesor ali koliko je to bitno, jer iPhone 15 izgleda kao pravi ajfon novije generacije dok je 17e malo osakacen sa njegovim notch i jednom kamerom? Sta biste vi uzeli?"
https://mobilnisvet.com/mobilni/q8x/Apple/iPhone-15-6GB-512GB-2x-SIM,Apple,Apple iPhone 15,Nenad,2026-04-12 23:58:00,Ovaj ili S25
https://mobilnisvet.com/mobilni/q8x/Apple/iPhone-15-6GB-512GB-2x-SIM,Apple,Apple iPhone 15,Goran,2026-04-03 17:19:00,Da li kupiti novi ili polovan Iphone 15 ?
https://mobilnisvet.com/mobilni/q8x/Apple/iPhone-15-6GB-512GB-2x-SIM,Apple,Apple iPhone 15,!,2026-04-01 23:42:00,Jeftiniji od Samsunga A57
https://mobilnisvet.com/mobilni/q8x/Apple/iPhone-15-6GB-512GB-2x-SIM,Apple,Apple iPhone 15,Zoki,2026-03-27 22:10:00,Za koliko moze da se proda i phone 128gb nov uzet u a1 ?
https://mobilnisvet.com/mobilni/q8x/Apple/iPhone-15-6GB-512GB-2x-SIM,Apple,Apple iPhone 15,Mima,2026-03-20 10:41:00,Vredi li uzeti u 2026 sa namerom da koristim makar naredne tri godine?
https://mobilnisvet.com/mobilni/q8x/Apple/iPhone-15-6GB-512GB-2x-SIM,Apple,Apple iPhone 15,Ivko,2026-03-02 14:33:00,Da li zameniti samsung s23plus za iphone 15 128gb 99%bh star 3 meseca za 400e??
https://mobilnisvet.com/mobilni/q8x/Apple/iPhone-15-6GB-512GB-2x-SIM,Apple,Apple iPhone 15,Nenad,2026-02-21 19:33:00,kupio ga juce izbacuje abdejt 26.3 jel to
https://mobilnisvet.com/mobilni/q8x/Apple/iPhone-15-6GB-512GB-2x-SIM,Apple,Apple iPhone 15,Vladimir,2026-02-10 10:16:00,"Postovanje. Od nedavno sam vlasnik iphone 15 i to mi je prvi ios telefon. Dosta je dobar, fluidan, brz. Jednom rjecju sam zadovoljan i odgovara mojim potrebama. Došao je sa ios 18.6.2, da li da instaliram 26.2.1. Pa ako neko moze da mi objasni ko ima iskustva sa ovim telefonima, odnosno da mi pojasni sta dobijam sa navedenim azuriranjem. Hvala."
https://mobilnisvet.com/mobilni/q8x/Apple/iPhone-15-6GB-512GB-2x-SIM,Apple,Apple iPhone 15,Mateo,2026-02-04 13:24:00,Da li da prelazim sa ovog na IP 17 ili da cekam IP 18?
https://mobilnisvet.com/mobilni/q8x/Apple/iPhone-15-6GB-512GB-2x-SIM,Apple,Apple iPhone 15,Dule,2026-01-17 09:26:00,"Uzeo ga novog preko Yetela, nije los a nije ni dobar, baterija za sad ok, drzi ceo dan cak i sa igricama, ekran  dobar, samo da su ubacili 120HZ bio bi perfekt."
https://mobilnisvet.com/mobilni/q8x/Apple/iPhone-15-6GB-512GB-2x-SIM,Apple,Apple iPhone 15,Boban,2026-01-04 07:49:00,"Odlican telefon, za posao dobar, baterija dobro drzi moze i dan ipo, lagan u dzepu."
https://mobilnisvet.com/mobilni/q8x/Apple/iPhone-15-6GB-512GB-2x-SIM,Apple,Apple iPhone 15,DavorTheGreat,2025-12-21 08:25:00,"Telefon mi je i dalje na 18.2.1 sistemu, sa kojim je i došao… sve šljaka super… nedavno mi izbacio ažuriranje na 26.2 pa me zanimaju utisci - da li da ažuriram ili ne? Pitam jer sam čitao dosta da je bilo baš muke i problema sa 26.1 i što se tiče baterije, ali i same funkcionalnosti telefona pa ne bih da ažuriram ako je i dalje sve bagovito, jer msm da ne može da se vrati na 18-icu posle…"
https://mobilnisvet.com/mobilni/q8x/Apple/iPhone-15-6GB-512GB-2x-SIM,Apple,Apple iPhone 15,Mihajlo,2025-12-08 14:46:00,jel vredi ovo da se uzme trenutno?
https://mobilnisvet.com/mobilni/q8x/Apple/iPhone-15-6GB-512GB-2x-SIM,Apple,Apple iPhone 15,Dejan,2025-11-12 21:53:00,Da li je bolje preci na ajfon 15 ili zameniti stari android  sa Honor 400 ili Xaomi 15T
https://mobilnisvet.com/mobilni-komentari/pt4qv/Apple/iPhone-14-Pro-Max/2,Apple,Apple iPhone 14 Pro Max,Mirko,2024-09-05 11:10:00,"Da li vredi menjati ip 14 pro max za ip 15 pro naravno uz doplatu? Ima li neke razlike sem dugmeta i usb c, pre 14 pro max sam imao ip 14 pro i baterija je bila katastrofa na 88%. Na maxu sam stvarno odusevljen baterijom i ekranom."
https://mobilnisvet.com/mobilni-komentari/pt4qv/Apple/iPhone-14-Pro-Max/2,Apple,Apple iPhone 14 Pro Max,Saki,2024-08-24 20:24:00,"Pozdrav svima, moze savet, da li uzeti 14 pro max ili 15 pro max, da li je model telefona isti i koje specifikacije se razlikuju izmedju ova dva modela?"
https://mobilnisvet.com/mobilni-komentari/pt4qv/Apple/iPhone-14-Pro-Max/2,Apple,Apple iPhone 14 Pro Max,Miša,2024-08-05 15:52:00,Da li se isplati napraviti komoenzaciju za s24 ultra za ovaj model.?Glava za glavu.?Ako mi mozete reci prednosti i mane za oba modela ko ima iskustva?
https://mobilnisvet.com/mobilni-komentari/pt4qv/Apple/iPhone-14-Pro-Max/2,Apple,Apple iPhone 14 Pro Max,Boki,2024-08-03 17:39:00,Pozz dal preci sa androida na ajfon koje su prednosti a koje su mene? Inace sam korisnik Honor uredjaja
https://mobilnisvet.com/mobilni-komentari/pt4qv/Apple/iPhone-14-Pro-Max/2,Apple,Apple iPhone 14 Pro Max,Milan,2024-07-15 08:50:00,"Na jakom suncu ekran automatski potamni, iskljucen je true tone, da li ima u podesavanja da se ugasi to potamnjivanje ili ne? Nije kvar i fabricka greska!!"
https://mobilnisvet.com/mobilni-komentari/pt4qv/Apple/iPhone-14-Pro-Max/2,Apple,Apple iPhone 14 Pro Max,Marko,2024-07-03 17:31:00,Da li menjati samsung s24 ultru za ovaj model?
https://mobilnisvet.com/mobilni-komentari/pt4qv/Apple/iPhone-14-Pro-Max/2,Apple,Apple iPhone 14 Pro Max,L,2024-06-28 02:21:00,Dal se isplati kupiti 14 pro max za 700e baterija 90%
https://mobilnisvet.com/mobilni-komentari/pt4qv/Apple/iPhone-14-Pro-Max/2,Apple,Apple iPhone 14 Pro Max,Sanja,2024-06-27 15:20:00,Ljudi dal vredi zameniti uz doplatu ip 14 pm za Xiaomi 14 ultra? Nisam uspela jos da uporedim kamere i video. Nisam za honor i S24 ultru. Samo bih xiaomi ili 15 pro max
https://mobilnisvet.com/mobilni-komentari/pt4qv/Apple/iPhone-14-Pro-Max/2,Apple,Apple iPhone 14 Pro Max,Miki,2024-06-25 19:16:00,"Za 5 meseca koriscenja 4% baterije je skinuo, punim ga jednom dnevno nekada i sutra dan neko vreme. Jer je pro max drzi odlicno. Zena ima iphone 12 na 82% stoji 9 meseca ne mrda postotak baterije."
https://mobilnisvet.com/mobilni-komentari/pt4qv/Apple/iPhone-14-Pro-Max/2,Apple,Apple iPhone 14 Pro Max,Dule 14pm,2024-06-19 20:46:00,"Ljudi jel vam se desi kad vas neko zove da kao da ima neki bag probate prstom 2,3 puta da prevucete da prihvatite vezu? Ima staklo foliju i bas u tom delu je pukla,verujem da nema veze sa zastitom."
https://mobilnisvet.com/mobilni-komentari/pt4qv/Apple/iPhone-14-Pro-Max/2,Apple,Apple iPhone 14 Pro Max,14pm,2024-06-16 14:13:00,Molim Vas za pomoc...
https://mobilnisvet.com/mobilni-komentari/pt4qv/Apple/iPhone-14-Pro-Max/2,Apple,Apple iPhone 14 Pro Max,Sinisa,2024-05-07 12:35:00,"Imam utisak da je Kamera na 13 pro max bolja od 14 pro max koji koristim sada,kazu to je pitanje serije modela , l’alba su iskustva ,zanima me,mozda greska u settings u"
https://mobilnisvet.com/mobilni-komentari/pt4qv/Apple/iPhone-14-Pro-Max/2,Apple,Apple iPhone 14 Pro Max,Zoka,2024-05-01 22:13:00,"Može li pomoć mala, imam 14 pm i u njemu poslovnu i licnu esim. Sa poslovne ne mogu podijeliti hotspot, a sa mog esima može bez problema. Ima li neko slicno iskustvo?"
https://mobilnisvet.com/mobilni-komentari/pt4qv/Apple/iPhone-14-Pro-Max/2,Apple,Apple iPhone 14 Pro Max,Petar,2024-04-29 22:14:00,"Imam iphone 14 pro max 2 meseca i par dana i danas mi je spao bh na 99% a imao sam iphone 12 pre ovog gde mi je bh posle 6 meseci spao na 99% a koristim generalno isto, bas cudno"
https://mobilnisvet.com/mobilni-komentari/pt4qv/Apple/iPhone-14-Pro-Max/2,Apple,Apple iPhone 14 Pro Max,20%,2024-04-23 09:01:00,Da li je neko menjao bateriju na Iphonu? I ako jeste kakva su iskustva ako uporedite fabricku sa zamenskom?
https://mobilnisvet.com/mobilni-komentari/pt4qv/Apple/iPhone-14-Pro-Max/2,Apple,Apple iPhone 14 Pro Max,Sale,2024-04-16 21:59:00,"Ja sam sa androida presao na 14 pro max,imao sam Samsung S24 Ultra i resio sam ga se zbog uzasne baterije,na ovom iphonu baterija ubija koliko je dobra,jedino sto sam primetio je da tastatura malo koci i prolazak kroz meni nije toliko fluidan kao da je osvezavanje nize od 120 Hz,sad mozda je do softvera ne znam!"
https://mobilnisvet.com/mobilni-komentari/pt4qv/Apple/iPhone-14-Pro-Max/2,Apple,Apple iPhone 14 Pro Max,Ja,2024-04-03 15:22:00,Pozdrav da li se  vama desava da se telefon pocne grijati tokom aplikacije tiktok i instagrama?
https://mobilnisvet.com/mobilni-komentari/pt4qv/Apple/iPhone-14-Pro-Max/2,Apple,Apple iPhone 14 Pro Max,Pomoc!!,2024-04-01 18:05:00,"Da li da uzmem iphone 14 pro ili iphone 15 plus, nije novac u pitanju a nez za 14 pro zbog baterije??"
https://mobilnisvet.com/mobilni-komentari/pt4qv/Apple/iPhone-14-Pro-Max/2,Apple,Apple iPhone 14 Pro Max,ljiljana,2024-03-14 07:24:00,ljiljana  da li ima  telefon  ipihone  14 pro max gold
https://mobilnisvet.com/mobilni-komentari/pt4qv/Apple/iPhone-14-Pro-Max/2,Apple,Apple iPhone 14 Pro Max,Vladimir,2024-02-28 11:36:00,"koristim jednu sim i jednu esim karticu, da li postoji mogucnost vise trosenja baterije zbog toga ?"
https://mobilnisvet.com/mobilni-komentari/pt4qv/Apple/iPhone-14-Pro-Max/2,Apple,Apple iPhone 14 Pro Max,Vladimir,2024-02-27 12:38:00,"Ne znam kako Vama ali meni baterija jedva izgura 24 sata uz maltene normalno koriscenje, telefon je nov star 7 dana uzet u MTS u pa mi dodje da ga vratim posto sam uzeo online pa imam pravo da ga vratim u roku od 14 dana. Koliko vama traje baterija ?"
https://mobilnisvet.com/mobilni-komentari/pt4qv/Apple/iPhone-14-Pro-Max/2,Apple,Apple iPhone 14 Pro Max,Vladimir,2024-02-24 21:23:00,"Pozdrav. Imam problem sa 14 pro max, naime kada baterija padne na 20% ili 10 % uopate mi ne izbaci poruku na ekranu da je nivo baterije toliko i toliko. Inace telefon je nov, star par dana. U cemu moze biti problem ? Hvala svima na odgovorima i pomoci."
https://mobilnisvet.com/mobilni-komentari/pt4qv/Apple/iPhone-14-Pro-Max/2,Apple,Apple iPhone 14 Pro Max,Dule,2024-02-19 23:10:00,Ljudi imam 14 pro bateri helt 85% baterija postaje uzasna star je oko 2 godine. Da li uzeti 14 pro max sa 97% bateri da li ce baterija da duze drzi ipak veca je i bolji bateri helt? Ili da sacekam jos malo pa da uzmem 15 pro ali ne max
https://mobilnisvet.com/mobilni-komentari/y94s0/Apple/iPhone-14-Pro/2,Apple,Apple iPhone 14 Pro,D,2024-11-19 08:24:00,Strasno se sporo puni iako sam uzeo i od 25w punjac
https://mobilnisvet.com/mobilni-komentari/y94s0/Apple/iPhone-14-Pro/2,Apple,Apple iPhone 14 Pro,D,2024-11-10 21:18:00,Uzeo sam polovan iphone 14 pro
https://mobilnisvet.com/mobilni-komentari/y94s0/Apple/iPhone-14-Pro/2,Apple,Apple iPhone 14 Pro,S,2024-11-10 13:25:00,Nude mi 14 pro 128gb- bh 86% za 650€..jel vredi?
https://mobilnisvet.com/mobilni-komentari/y94s0/Apple/iPhone-14-Pro/2,Apple,Apple iPhone 14 Pro,Petar,2024-10-16 19:05:00,"Dobro veče, zainteresovan sam za kupovinu iPhone 14 pro, voleo bih da znam još neki detalj vezano za ovaj model. Da li se isplati da kupim ili ne?"
https://mobilnisvet.com/mobilni-komentari/y94s0/Apple/iPhone-14-Pro/2,Apple,Apple iPhone 14 Pro,Dejan,2024-09-20 18:13:00,Kakva je kamera na ovom telefonu? Zum?
https://mobilnisvet.com/mobilni-komentari/y94s0/Apple/iPhone-14-Pro/2,Apple,Apple iPhone 14 Pro,Ipon,2024-09-11 18:07:00,"Kako se ponaša baterija,izgura li dan?"
https://mobilnisvet.com/mobilni-komentari/y94s0/Apple/iPhone-14-Pro/2,Apple,Apple iPhone 14 Pro,Vlada,2024-08-19 18:05:00,Da li neko zna kada se proveri serijski broj
https://mobilnisvet.com/mobilni-komentari/y94s0/Apple/iPhone-14-Pro/2,Apple,Apple iPhone 14 Pro,irina,2024-08-17 23:58:00,"Zdravo, potrebno mi je iskreno misljenje jer nisam mnogo u materiji, ali bih uzela ili iphone 14 pro ili iphone 15 pro? Sta mislite da je bolji izbor, odnosno koji se bolje pokazao? Prosecan sam korisnik"
https://mobilnisvet.com/mobilni-komentari/y94s0/Apple/iPhone-14-Pro/2,Apple,Apple iPhone 14 Pro,Sinisa,2024-08-01 16:29:00,Dvoumim se između iphone 14 pro i samsung s23 ultra. Šta mi predlažete? Cijene su tu negdje.
https://mobilnisvet.com/mobilni-komentari/y94s0/Apple/iPhone-14-Pro/2,Apple,Apple iPhone 14 Pro,Sladja,2024-07-31 12:11:00,"Dvoumim se izmedju iphone 13,14pro ili 15."
https://mobilnisvet.com/mobilni-komentari/y94s0/Apple/iPhone-14-Pro/2,Apple,Apple iPhone 14 Pro,Ana,2024-07-18 11:28:00,Da li moze preporuka koji telefon uzeti.
https://mobilnisvet.com/mobilni-komentari/y94s0/Apple/iPhone-14-Pro/2,Apple,Apple iPhone 14 Pro,Saša,2024-06-18 00:07:00,Da li je bolje uzeti 14 Pro ili 15 Pro?
https://mobilnisvet.com/mobilni-komentari/y94s0/Apple/iPhone-14-Pro/2,Apple,Apple iPhone 14 Pro,Tonny,2024-06-12 20:06:00,Poz..danas sam kupio polovni iPhone 14 pro 90% bateriju za 600€ radi odlicno sta mislite da li se isplati ili ne..
https://mobilnisvet.com/mobilni-komentari/y94s0/Apple/iPhone-14-Pro/2,Apple,Apple iPhone 14 Pro,Joca,2024-06-01 08:50:00,Kakva su vam iskustva sa baterijom ?
https://mobilnisvet.com/mobilni-komentari/y94s0/Apple/iPhone-14-Pro/2,Apple,Apple iPhone 14 Pro,Vesna,2024-05-02 15:06:00,"Pozdrav, da li ima velika razlika u foto i video izmedju ovog i 15 pro?🙂"
https://mobilnisvet.com/mobilni-komentari/y94s0/Apple/iPhone-14-Pro/2,Apple,Apple iPhone 14 Pro,Elena,2024-04-17 23:21:00,Koliki
https://mobilnisvet.com/mobilni-komentari/y94s0/Apple/iPhone-14-Pro/2,Apple,Apple iPhone 14 Pro,Shomi,2024-04-07 16:18:00,14 pro ili 13 pro i zasto?
https://mobilnisvet.com/mobilni-komentari/y94s0/Apple/iPhone-14-Pro/2,Apple,Apple iPhone 14 Pro,milos,2024-04-01 15:06:00,"Imam ga nekih godinu dana, brutalan, jedino imam zamerku sto je posle god dana bh 88% pritom sa 93% na 88% je pao u dva meseca. Screen time mi je u proseku 4h. Da li je vreme da ga menjam na 15pro ili da cekam 16? Oce li uopste moci da se proda tada sa takvim bh?"
https://mobilnisvet.com/mobilni-komentari/y94s0/Apple/iPhone-14-Pro/2,Apple,Apple iPhone 14 Pro,Konstantin Miljkovic,2024-03-30 10:28:00,Kako da rešim problem sa stalnim resetiranjem.Telefon mi se stalno resetira kada ga koristim malo više jel zna neko nešto o tome?
https://mobilnisvet.com/mobilni-komentari/y94s0/Apple/iPhone-14-Pro/2,Apple,Apple iPhone 14 Pro,Hani,2024-03-30 01:46:00,Da li je bolje uzeti 14 pro ili 15 obican/ 15 plus?
https://mobilnisvet.com/mobilni-komentari/y94s0/Apple/iPhone-14-Pro/2,Apple,Apple iPhone 14 Pro,🌸,2024-03-18 10:38:00,Da li da uzmem polovan 14pro ili novu 15?
https://mobilnisvet.com/mobilni-komentari/y94s0/Apple/iPhone-14-Pro/2,Apple,Apple iPhone 14 Pro,Jovan,2024-03-11 23:48:00,"Pozz ljudi,dali je bolje uzeti ovaj uredjaj ili samsunga s23 ultra?"
https://mobilnisvet.com/mobilni-komentari/y94s0/Apple/iPhone-14-Pro/2,Apple,Apple iPhone 14 Pro,Sale,2024-03-10 02:04:00,Da li je velika razlika u kvalitetu videa i fotografija izmedju 13 pro i 14 pro?
https://mobilnisvet.com/mobilni-komentari/y94s0/Apple/iPhone-14-Pro/2,Apple,Apple iPhone 14 Pro,M,2024-03-07 07:00:00,Kakva je baterija???
https://mobilnisvet.com/mobilni-komentari/9272/Apple/iPhone-13-Pro/8,Apple,Apple iPhone 13 Pro,Zoran,2022-01-01 19:22:00,Iphone 12pro ili 13pro?
https://mobilnisvet.com/mobilni-komentari/9272/Apple/iPhone-13-Pro/8,Apple,Apple iPhone 13 Pro,Nicco,2022-01-01 09:33:00,"Kupih ovo čudo pre par dana i ovako, utisci su sledeći: telefon je zaista prelep (subjektivan osećaj), stereo zvuk u zvučnicima mu je odličan, odlične i kamere i solidna baterija… Ono što me užasno nervira je da je ,pored gromoglasnog zvuka zvona, zvuk notifikacija (viber, whatsapp, sms, mail…) toliko tih, da je to tužno. Telefon stoji pored mene i stigne recimo poruka na viber, jedva je primetim. Primera radi, na starom Mate 9 ili P30 Pro zagrmi, da komšija na spratu ispod čuje. Ako neko zna kako ovo da rešim, da pojačam zvuk poruka, bio bih mu zahvalan…"
https://mobilnisvet.com/mobilni-komentari/9272/Apple/iPhone-13-Pro/8,Apple,Apple iPhone 13 Pro,ok,2021-12-17 15:56:00,jel 13 pro ima dosta bolju GLAVNU kameru od 12 ali samo glavnu ne mislim na zum i portret ni nocni mod
https://mobilnisvet.com/mobilni-komentari/9272/Apple/iPhone-13-Pro/8,Apple,Apple iPhone 13 Pro,Boško,2021-12-15 20:24:00,"Zdravo društvo,,, vec neko vreme se lomim koji telefon da kupim, tacnije od kada je izašao honor 50,,, to mi je bio prvi izbor,,, međutim nije to to, nije potpun telefon,,, ipak zelim nesto kvalitetnije, tako da je moj izbor pao na ova 3 modela, Samsung galaxy s21 ultra, Mi 11 Ultra, iphone 13 pro. Treba mi vasa pomoć i misljenje pri izboru,,, šta kazete koji telefon da kupim???"
https://mobilnisvet.com/mobilni-komentari/9272/Apple/iPhone-13-Pro/8,Apple,Apple iPhone 13 Pro,Jasmin,2021-11-26 19:07:00,Da li uzeti 13 pro 256gb ili 12 pro max 512 gb ?:) hvala unapred :)
https://mobilnisvet.com/mobilni-komentari/9272/Apple/iPhone-13-Pro/8,Apple,Apple iPhone 13 Pro,djolej,2021-11-17 10:40:00,"Odlican, posle 12 pro sam ovaj uzeo, ipak ima razlike, pogotovu u ekranu, nema greske, sve je tecno, svaka preporuka."
https://mobilnisvet.com/mobilni-komentari/9272/Apple/iPhone-13-Pro/8,Apple,Apple iPhone 13 Pro,Unholly,2021-11-13 22:59:00,"i13pro je odličan telefon. Tačka. Koristim ga poslednjih 15ak dana i odličan je. Ne, da sam imao 12icu, pa možda i 11icu, ne bih prešao na 13icu - malo primetne razlike za “običnog” korisnika (bez neke velike filosofije - iOS za osnovne stvari radi skoro pa isto i na 8ici i 10ki, 11ici, 12ici… Kamera na 13pro - jedna od najboljih trenutno na mobilnim uredjajima. Ali (uvek to ALI :)) - baterija na 13pro?! Bez ikakvih problema će prosečnom korisniku dati 1.5 do 2 dana korišićenja. Zahtevnijim - od rano ujutru do kasno uveče su mirni, ma šta mu radili (osim 6-7 sati igranja neke 3D onlajn pucačine)… Svaka čast za to. Mane - cena. P.S. 13promax “šije” 13pro za nekih 20-25% po trajanju baterije u realnim uslovima, ali je za moj ukus prevelik…"
https://mobilnisvet.com/mobilni-komentari/9272/Apple/iPhone-13-Pro/8,Apple,Apple iPhone 13 Pro,Sale,2021-11-06 14:45:00,Da li neko koristi ovaj model sa dve kartice e-sim i nano sim.Kako radi sa dve kartice i kakva je potrosnja baterije?
https://mobilnisvet.com/mobilni-komentari/9272/Apple/iPhone-13-Pro/8,Apple,Apple iPhone 13 Pro,Anna,2021-11-04 07:46:00,Iphone 13 pro ili 12 pro max?
https://mobilnisvet.com/mobilni-komentari/9272/Apple/iPhone-13-Pro/8,Apple,Apple iPhone 13 Pro,Ska,2021-10-28 12:47:00,"Presla sa XS-a… Kao neko ko tel. najvise koristi za pretrazivanje i komunijaciju, prethodni mi je brze reagovao od 13-ice. Desava se da zakoci na nekim stranicama pa moram da izadjem iz aplikacije ponekad Face ID ne odradi svoje pa moram da kucam sifru (na XS se nije desavalo)…"
https://mobilnisvet.com/mobilni-komentari/9272/Apple/iPhone-13-Pro/8,Apple,Apple iPhone 13 Pro,Aca,2021-10-03 08:00:00,"Kako se pokazala baterija na iPhone 13 Pro, zna li neko?"
https://mobilnisvet.com/mobilni-komentari/9272/Apple/iPhone-13-Pro/8,Apple,Apple iPhone 13 Pro,TiP,2021-09-29 18:15:00,"Iphone 12 Pro Max prosle godine preziveo test od 13 Padova sav u komadu, pre neki Dan"
https://mobilnisvet.com/mobilni-komentari/9272/Apple/iPhone-13-Pro/8,Apple,Apple iPhone 13 Pro,D.O.C.,2021-09-16 06:46:00,Narucen jedva cekam 25.9!
https://mobilnisvet.com/mobilni-komentari/9260/Apple/iPhone-13/8,Apple,Apple iPhone 13,mils,2023-11-24 20:07:00,"Pozdraav, dvoumim se između iPhone 13 256gb ili iPhone 14 128gb, koji uzeti?"
https://mobilnisvet.com/mobilni-komentari/9260/Apple/iPhone-13/8,Apple,Apple iPhone 13,nadja,2023-11-24 18:55:00,"da li se isplati vise uzeti iphone 13 ili 13 mini, tj. jel ima razlika osim u velicini i ceni. Pitam, sumljiivo mi da je 13 jeftiniji od 13 mini"
https://mobilnisvet.com/mobilni-komentari/9260/Apple/iPhone-13/8,Apple,Apple iPhone 13,Momir Brzakovic,2023-11-23 10:23:00,pozdrav koliko ce jos dobijati update 13ica da li sam miran
https://mobilnisvet.com/mobilni-komentari/9260/Apple/iPhone-13/8,Apple,Apple iPhone 13,Lane,2023-11-17 22:54:00,Uzeo prekjuce vakum nov 600€ presao sa XR na ovaj model za sada sam prezadovoljan
https://mobilnisvet.com/mobilni-komentari/9260/Apple/iPhone-13/8,Apple,Apple iPhone 13,Tijana,2023-11-15 16:47:00,"Savet, da li uzeti ovde telefon ili u A1 i ostalim prodavnicama?"
https://mobilnisvet.com/mobilni-komentari/9260/Apple/iPhone-13/8,Apple,Apple iPhone 13,linoti,2023-11-15 16:45:00,Da li se ovde prodaju isključivo novi neotpakovani telefoni?
https://mobilnisvet.com/mobilni-komentari/9260/Apple/iPhone-13/8,Apple,Apple iPhone 13,Jovan,2023-11-13 00:17:00,Xiaomi 13 ili iPhone 13?
https://mobilnisvet.com/mobilni-komentari/9260/Apple/iPhone-13/8,Apple,Apple iPhone 13,13 vs 14,2023-11-07 13:04:00,Da li uzeti 13 ili 14
https://mobilnisvet.com/mobilni-komentari/9260/Apple/iPhone-13/8,Apple,Apple iPhone 13,dd,2023-11-03 15:25:00,Ovih dana uzimam telefon pa bi mi znacio koji savet jer imam dilemu izmedju Iphone 13 i Z Flip 4?
https://mobilnisvet.com/mobilni-komentari/9260/Apple/iPhone-13/8,Apple,Apple iPhone 13,Nikola,2023-10-31 23:34:00,"Pozdrav ljudi, evo u Novembru 2023 lomim se između 13 i 13 mini, je l ima neko iskustva i šta predlažete?"
https://mobilnisvet.com/mobilni-komentari/9260/Apple/iPhone-13/8,Apple,Apple iPhone 13,Bole,2023-10-28 10:41:00,Da li je bolje kupiti ovaj model ili S23. Oba su vakuum 128 gb i ista je cena ?
https://mobilnisvet.com/mobilni-komentari/9260/Apple/iPhone-13/8,Apple,Apple iPhone 13,Milica,2023-10-27 10:10:00,"Da li se nekom desavalo na iphone 13 pro max modelu da se napuni samo do 99% i nece do 100%, iz dana u dan smanjuje sad se puni do 94% i ne mrda preko"
https://mobilnisvet.com/mobilni-komentari/9260/Apple/iPhone-13/8,Apple,Apple iPhone 13,ROGI,2023-10-21 15:48:00,mala pomoc dvoumim se izmedju 13 od 128 ili 14 od 128 koji uzeti
https://mobilnisvet.com/mobilni-komentari/9260/Apple/iPhone-13/8,Apple,Apple iPhone 13,Stefan,2023-10-21 08:49:00,Kupio sam nov telefon pre mesec dana sve radi dobro ali se telefon greje bas kad se puni .
https://mobilnisvet.com/mobilni-komentari/9260/Apple/iPhone-13/8,Apple,Apple iPhone 13,Branislav,2023-10-20 14:39:00,Da li se mozda zna da kada se kupi nov 13 ide uz njega iOS v15? Uz moj mini je isao iOS 15.5.
https://mobilnisvet.com/mobilni-komentari/9260/Apple/iPhone-13/8,Apple,Apple iPhone 13,Aleksandar,2023-10-16 17:16:00,"Ako moze mala pomoc☺️?Imam problem sa punjenjem baterije..telefon ne reaguje kada ga prikljucim na punjac..prihvati tek iz 30 puta..nije do punjaca, probao sam jos 4 pored svog originalnog..nije ni ulaz prlhav..sta moze biti??hvala unapred.."
https://mobilnisvet.com/mobilni-komentari/9260/Apple/iPhone-13/8,Apple,Apple iPhone 13,Sanela,2023-10-16 14:49:00,Koji je bolji tel iPhone 12 pro ili iPhone 13?? ☺️
https://mobilnisvet.com/mobilni-komentari/9260/Apple/iPhone-13/8,Apple,Apple iPhone 13,Смаја,2023-10-16 12:41:00,"Koliko preskup telefon, pogotovo kod nas."
https://mobilnisvet.com/mobilni-komentari/9260/Apple/iPhone-13/8,Apple,Apple iPhone 13,Amel,2023-10-15 00:36:00,Iphone 12 ili 13 sta je bolje
https://mobilnisvet.com/mobilni-komentari/9260/Apple/iPhone-13/8,Apple,Apple iPhone 13,Rale,2023-10-09 11:37:00,Da li je neko uradio update na 17.0.3 kakva je baterija?
https://mobilnisvet.com/mobilni-komentari/9260/Apple/iPhone-13/8,Apple,Apple iPhone 13,neo,2023-10-08 04:51:00,"Hello. Zna li neko gde mogu da nabavim najnoviji R-SIM ili Turbo SIM za otkljucavanje iPhone 13 sa USA mreze i da ce raditi pod iOS 17 (moze i 16, svejedno)? Ima na oglasima ali je cena 70e sto mislim da nije normalno tj. da je previsoka cena. . ."
https://mobilnisvet.com/mobilni-komentari/9260/Apple/iPhone-13/8,Apple,Apple iPhone 13,Jovan,2023-10-01 22:11:00,Da li vredi uzimati iphone 13 BH 88%
https://mobilnisvet.com/mobilni-komentari/9260/Apple/iPhone-13/8,Apple,Apple iPhone 13,NIKOLA,2023-09-29 18:53:00,Da li instalirati IOS 17 na 13icu ??
https://mobilnisvet.com/mobilni-komentari/7179/Apple/iPhone-11-64GB/9,Apple,Apple iPhone 11,Nadja,2022-09-12 13:11:00,"Pozdrav, da li se nekome desilo da donji zvucnik jedan radi,a jedan ne? Jel moguce da je taj jedan crkao?"
https://mobilnisvet.com/mobilni-komentari/7179/Apple/iPhone-11-64GB/9,Apple,Apple iPhone 11,Iphone,2022-09-11 14:29:00,Jedno pitanje ako uzmem za 100 evra iphone 11 nema ogrebotine ni fleka mana je samo sto je zakljucan na iCloud ako zamenim ceo display na telefonu alda li ce se tako skinuti iCloud od starog vlasnika??
https://mobilnisvet.com/mobilni-komentari/7179/Apple/iPhone-11-64GB/9,Apple,Apple iPhone 11,Taki,2022-09-10 06:35:00,Da li se uz model iPhone 11 dobija kabal za punjenje ili se i to mora kupiti ? Pozdrav
https://mobilnisvet.com/mobilni-komentari/7179/Apple/iPhone-11-64GB/9,Apple,Apple iPhone 11,Natasa,2022-09-09 08:37:00,"Pozdrav treba mi pomoc.od juce je poceo internet i wifi sam od sebe da se pali. Ja pred spavanje iskljucim sve i mobilne podatke i wifi, i posle nekog kratkog vremena upali se. Kako da iskljucim to?"
https://mobilnisvet.com/mobilni-komentari/7179/Apple/iPhone-11-64GB/9,Apple,Apple iPhone 11,bengalski tigar,2022-09-09 08:13:00,"Napišite mi iskustva sa ovim telefon razmišljam se da ga uzmem u Yettel-u, zanima me baterija dali ima telefon mana i slicno."
https://mobilnisvet.com/mobilni-komentari/7179/Apple/iPhone-11-64GB/9,Apple,Apple iPhone 11,Bla bla,2022-09-07 21:54:00,Odlucio sam da kupim iphone 11. Sad me interesuje da li je dovoljan od 64gb? Da li se memorija brzo popunja?
https://mobilnisvet.com/mobilni-komentari/7179/Apple/iPhone-11-64GB/9,Apple,Apple iPhone 11,Nadja,2022-09-05 04:38:00,"Pozdrav, ako moze pomoc… gornji zvucnik mi se jako tiho cuje kad pričam sa nekim..sve mi je pojacano, ali jako je tiho..ne znam kako se pre culo,jer sam dobila ovaj telefon na poklon. Da li ima negde u podesavanjima ili da ga nosim u servis?"
https://mobilnisvet.com/mobilni-komentari/7179/Apple/iPhone-11-64GB/9,Apple,Apple iPhone 11,Veselin,2022-09-02 17:23:00,"Pozdrav,razmisljam da li uzeti iphone x ili 11 da li je 11 mnogo bolji od x ili je mala razlika.Posto je cena drugacija dosta."
https://mobilnisvet.com/mobilni-komentari/7179/Apple/iPhone-11-64GB/9,Apple,Apple iPhone 11,Ivana,2022-09-01 19:27:00,"Ljudi pomoc, I-phone 11 ili Honor 70?"
https://mobilnisvet.com/mobilni-komentari/7179/Apple/iPhone-11-64GB/9,Apple,Apple iPhone 11,Ccc,2022-08-31 09:34:00,Dali je bolji apple 11 ili mozda 8+ ili Huawei nova 5t?
https://mobilnisvet.com/mobilni-komentari/7179/Apple/iPhone-11-64GB/9,Apple,Apple iPhone 11,Tina,2022-08-29 18:04:00,"Pozdrav , šta preporučujete kada je vreme da se menja baterija ?"
https://mobilnisvet.com/mobilni-komentari/7179/Apple/iPhone-11-64GB/9,Apple,Apple iPhone 11,Vanja,2022-08-28 21:33:00,Xs ili 11?
https://mobilnisvet.com/mobilni-komentari/7179/Apple/iPhone-11-64GB/9,Apple,Apple iPhone 11,Nadja,2022-08-23 14:01:00,"Pozdrav , dobila sam ovaj telefon na poklon,i zdravlje baterije je 80%. Star oko 2 godine . Ako može savet koliko će me poslužiti ."
https://mobilnisvet.com/mobilni-komentari/7179/Apple/iPhone-11-64GB/9,Apple,Apple iPhone 11,Minja,2022-08-22 23:14:00,11 ili Se 2022 šta preporučujete da je bolje i zbog čega?
https://mobilnisvet.com/mobilni-komentari/7179/Apple/iPhone-11-64GB/9,Apple,Apple iPhone 11,Daca,2022-08-21 20:36:00,"Pomoc,imam samsung a52s 5g i htela bih da predjem na iphone 11 ali me jako zanima da li mu je bolja kamera nego na mom samsungu.Meni je kamera najbitnija pa ako moze neka pomoc,savet za ovo."
https://mobilnisvet.com/mobilni-komentari/7179/Apple/iPhone-11-64GB/9,Apple,Apple iPhone 11,O.0,2022-08-20 19:39:00,Cao svima zanime kakva je baterija na iphone 11
https://mobilnisvet.com/mobilni-komentari/7179/Apple/iPhone-11-64GB/9,Apple,Apple iPhone 11,Sara,2022-08-19 22:30:00,"Razmisljam se izmedju Iphone SE 2022 i ip 11 šta je bolje uzeti a da traje duže barem 2-3 godine, nisam zahtevan korisnik ."
https://mobilnisvet.com/mobilni-komentari/7179/Apple/iPhone-11-64GB/9,Apple,Apple iPhone 11,Teodora,2022-08-19 11:04:00,"Razmisljam se izmedju iphone 11 i iphone 11 pro max. Koji je po vama bolji,kvalitetniji i da li cu ga moci koristiti bar 3 godine?"
https://mobilnisvet.com/mobilni-komentari/7179/Apple/iPhone-11-64GB/9,Apple,Apple iPhone 11,Сале,2022-08-19 10:57:00,"Pozdrav ljudi. Već par dana pokušavam da gledam filmove na sajtovima tipa filmovi.me, filmotip ili popkorn. U toku prvih 10ak minuta telefon se toliko pregreje da to nije realno. Sve ostalo radi kao sat, ni jedan jedini bag već 9 meseci. Samo ovo kad pokušavam da gledam filmove. Neki savet, neko slično iskustvo?"
https://mobilnisvet.com/mobilni-komentari/7179/Apple/iPhone-11-64GB/9,Apple,Apple iPhone 11,Masa,2022-08-16 21:44:00,"Cao,zanima me da li vredi uzeti sada ovaj telefon?Skroz sam prosecan korisnik,a telefon uzimam u ruke kada mi deca dopuste 😊 Ne bih davala pare na novije modele ako bih ovaj mogla da koristim naredne dve godine."
https://mobilnisvet.com/mobilni-komentari/7179/Apple/iPhone-11-64GB/9,Apple,Apple iPhone 11,Milan,2022-08-14 20:31:00,"Pozdrav. Razmišljam se između iPhone 11,s 21 ili pixel 4? Šta je bolje uzeti ...hvala unapred 😀"
https://mobilnisvet.com/mobilni-komentari/7651/Apple/iPhone-SE-(2020)/9,Apple,Apple iPhone SE (2020),Ivana,2020-11-27 20:50:00,Pozdrav da li mi neko moze reci koji je orginalni punjac za se 2020? Koliko ampera i koliko volti ima?
https://mobilnisvet.com/mobilni-komentari/7651/Apple/iPhone-SE-(2020)/9,Apple,Apple iPhone SE (2020),Milica,2020-11-27 19:05:00,Da li ima neko problem da skine youtube aplikaciju?
https://mobilnisvet.com/mobilni-komentari/7651/Apple/iPhone-SE-(2020)/9,Apple,Apple iPhone SE (2020),M,2020-11-26 20:24:00,Iphone se 2020 ili p30 obican i zasto?
https://mobilnisvet.com/mobilni-komentari/7651/Apple/iPhone-SE-(2020)/9,Apple,Apple iPhone SE (2020),Kiki,2020-11-26 06:26:00,Zanima me poredjenje sa ip11?
https://mobilnisvet.com/mobilni-komentari/7651/Apple/iPhone-SE-(2020)/9,Apple,Apple iPhone SE (2020),Miki,2020-11-25 08:34:00,Da li utice nocno punjenje na bateriju? Npr.imam taj obicaj da ga ukljucim uvece pred spavanje pa ga ujutru iskljucim.
https://mobilnisvet.com/mobilni-komentari/7651/Apple/iPhone-SE-(2020)/9,Apple,Apple iPhone SE (2020),Peca,2020-11-25 01:46:00,"Zver od telefona , ako hocete brzi punjac bolje da se kupi onaj isti kad bi kupi obicnu jedanesticu u IStyle prodavnici jeste da kosta , ali je orginalan za Apple uredjaje. Nemojte ovel Tericall  I mnoge druge."
https://mobilnisvet.com/mobilni-komentari/7651/Apple/iPhone-SE-(2020)/9,Apple,Apple iPhone SE (2020),Vik,2020-11-24 23:43:00,"Da i ja kazem nesto o ovom telefonu,predivan,brz,rerro izgled,ali baterija ne moze jedan dan da izdrzi😭"
https://mobilnisvet.com/mobilni-komentari/7651/Apple/iPhone-SE-(2020)/9,Apple,Apple iPhone SE (2020),Armas,2020-11-23 16:50:00,"Pročitao sam sve komentare i ne znam sad da li kupiti se2020 ili ne, ne mogu dobaciti kešom do xs ili 11"
https://mobilnisvet.com/mobilni-komentari/7651/Apple/iPhone-SE-(2020)/9,Apple,Apple iPhone SE (2020),Dule,2020-11-23 08:16:00,Pozdrav ljudi imam problem posle razgovora ostane crn ekran ne reaguje senzor pa ne znam da li je prekinut poziv dok ne kliknem na home dugme da se osvetli ekran da prekinem poziv? Hvala na odg
https://mobilnisvet.com/mobilni-komentari/7651/Apple/iPhone-SE-(2020)/9,Apple,Apple iPhone SE (2020),Goran,2020-11-20 11:47:00,Da li neko zna kad resetujem sva podesavanja da li mi ostaju neki podaci u telefonu ili sve brise?
https://mobilnisvet.com/mobilni-komentari/7651/Apple/iPhone-SE-(2020)/9,Apple,Apple iPhone SE (2020),Bokica,2020-11-18 23:34:00,Evo prodo iphone se 2020 i kupio iphone Xs. Sada sa ovim nema punjenja naveče kao sa SE. Sa Xs sutra dan imam još 30-40%. SE nije nimalo loš samo da mu je baterija bar 2300 mah bilo bi optimalno. Dimenzije su skoro iste samo Xs je teži. Toliko.
https://mobilnisvet.com/mobilni-komentari/7651/Apple/iPhone-SE-(2020)/9,Apple,Apple iPhone SE (2020),Djole,2020-11-18 00:45:00,"Imao sam ga mozda medju prvima licno sam ga kupio od Igora Balkantech kanal na YT. Oj mu j je instalirao 14 Os koji je bio beta, mislio sam da baterija drzi lose zbog toga. Kada je izasla zvanicna verzija isti djavo.  Poludeo sam od telefona sa mojim koriscenjem. Do 17h izdrzi i ide na punjac od 8h-9h. Dakle viber, whatsapp, pozivi bar 1h, instagram, facebook, youtube studio, facebook page manager, google ads, po neki program za vesti, filemanager. Ostalo manje vise koristio. Bez igrica i bez ikakvog silovanja youtube, muzike i slicno po koja fotka dnevno. I sve to ne moze da izgura 17h mora na punjac. Kada sam otisao na odmor fotkao i  snimao vise morao sam da jurim stekere po kaficima. Nosio sam neki out i powerbank. Znaci telefon je za mene idealan. Mali ekran, staje u dzep od sorca lagano, adovoljno veliki da sve vidis. Nije tezak. Jeftin ekran ako se polomi. Kamera odlicna ne najbolja ali u vrhu. Brzina idealna. Aliiii dzabaaaaa sve. Prodao sma ga kupio Huawei p30 sa istim intenzitetom koriscenja u 00h imam 20% baterije. Ako slučajno zakasam u kafani ne moram da se sekiram za fon. Ne jurim steker. Sa SE sam morao i u kolima i u kancelariji i da  gledam da bude na punjacu. Battery health otisao za par meseci na 92%. I sta da vam kazem evo me ponovo gledam da ga uzmem. Ne daju mi se pare za IP11 iskreno sve zavrsavam sa Huawei isto sto bih i sa IP11. Ali nekako me sve vuce na taj iOS. IP8 IP8 plus ne bih da uzimam stariji su. A IP X Xs Xr da ne vidim zbog face ID koji se kvari. A da i SE me privukao jer ima TouchID jednostavno mi je to praktičnije. Drug izadje sa s10 iz kuce kada i ja odemo u kafanu. On non stop igra Maxbet live kladjenje u toku dana siluje fon ja posle treceg piva i par selfija gledam fa ga zabodem u steker."
https://mobilnisvet.com/mobilni-komentari/7651/Apple/iPhone-SE-(2020)/9,Apple,Apple iPhone SE (2020),Baki,2020-11-16 20:33:00,"Sto se tice baterije ocigledno da nije sjajna ali daleko od toga da je losa meni licno maksimalni sot je bio 6:40 a prosecni od 5 do 5.5h od sve pomalo pozivi,viber,fb itd.kamera i youtub jedu bateriju ali sve u svemu zadovoljan pa nadam se da sam nekom pomogao posto svi brine baterija."
https://mobilnisvet.com/mobilni-komentari/7651/Apple/iPhone-SE-(2020)/9,Apple,Apple iPhone SE (2020),Zlaja,2020-11-16 12:10:00,"Pozdrav ljudi. Zanima me da li je pametno kupiti Iphone SE 2020, koristim Honor 8X vec dve godine, super radi i dalje. Da li je pametno preci na ios? Hvala unapred na odgovorima."
https://mobilnisvet.com/mobilni-komentari/7651/Apple/iPhone-SE-(2020)/9,Apple,Apple iPhone SE (2020),Zoran,2020-11-14 11:48:00,Ima li neko slican problem da se prilikom javljanja cuje prvo neko pucketanje u zvucniku i onda bude sve ok.i prilikom pokretanje kamere takodje se cuje neko pucketanje?
https://mobilnisvet.com/mobilni-komentari/7651/Apple/iPhone-SE-(2020)/9,Apple,Apple iPhone SE (2020),Zoki,2020-11-13 08:01:00,Konacno dark mode na fb. Super je
https://mobilnisvet.com/mobilni-komentari/7651/Apple/iPhone-SE-(2020)/9,Apple,Apple iPhone SE (2020),Dasa,2020-11-08 20:49:00,"Kamera preko dana odlicna a uvece i pri slabom osvetljenju katastrofa, blic dosta slab i nemoguce ga ukljuciti kad hoces nego se on sam ukljuci sve u svemu malo sam razocaran kamerom ocekivao sam vise..."
https://mobilnisvet.com/mobilni-komentari/7651/Apple/iPhone-SE-(2020)/9,Apple,Apple iPhone SE (2020),Sama,2020-11-08 00:36:00,"Primetila sam da mi baterija traje duze od kako sam izbrisala aplikaciju FB, idem preko safaria na FB... Jel i vama tako?!"
https://mobilnisvet.com/mobilni-komentari/7651/Apple/iPhone-SE-(2020)/9,Apple,Apple iPhone SE (2020),Qzman,2020-11-07 20:26:00,"SE koristim mesec dana.Ima zaista mnogo dobrih strana-procesor ,kamera,velicina ekrana.Nikako ne uspevam da skinem YouTube aplikaciju (pise  da je nema u mom regionu,a menjao sam i tu postavku.).Bateriju mi jede jedino aplikacija za radio,ostalo sve ok."
https://mobilnisvet.com/mobilni-komentari/7651/Apple/iPhone-SE-(2020)/9,Apple,Apple iPhone SE (2020),Emilija,2020-11-07 00:44:00,Ovaj telefon ili samsung a71? Hvala unapred
https://mobilnisvet.com/mobilni-komentari/7651/Apple/iPhone-SE-(2020)/9,Apple,Apple iPhone SE (2020),Lee.rs,2020-11-06 19:53:00,Kad sam vec tu da napisem da sam aktivirao esim i od dve mreze izabrao onu sa jacim signalom kao prioritetnu.nikada ranije sa bilo kojim androidom nisam imao tako lagan rad sa dve kartice.
https://mobilnisvet.com/mobilni-komentari/7651/Apple/iPhone-SE-(2020)/9,Apple,Apple iPhone SE (2020),Lee.rs,2020-11-06 19:51:00,Ima li neko da preporuči aplikaciju za dual viber?
https://mobilnisvet.com/mobilni-komentari/7651/Apple/iPhone-SE-(2020)/9,Apple,Apple iPhone SE (2020),Tata,2020-11-06 17:48:00,Posle azuriranja 14.2 telefon leti..
https://mobilnisvet.com/mobilni-komentari/8055/Apple/iPhone-12/9,Apple,Apple iPhone 12,A,2021-05-12 19:41:00,Koliko traje baterija? Da li moze dan da izgura jake upotrebe
https://mobilnisvet.com/mobilni-komentari/8055/Apple/iPhone-12/9,Apple,Apple iPhone 12,Miki,2021-05-12 09:47:00,Za The Mask....to je to hvala...samo mi je čudno da je doslo do toga a nisam čačkao po podesavanjima...
https://mobilnisvet.com/mobilni-komentari/8055/Apple/iPhone-12/9,Apple,Apple iPhone 12,Miki,2021-05-11 22:21:00,"Jedno iskustvo da podelim i da pitam dali se to jos nekom desilo,naime danas bez  ikakvih podesavanja boje na appleovimaplikacijama(imamiphone 12 od 128g) su jako potamnelî pogoto zelena boja u porukama a ako je i mesage plava je jako potamnila pa crvena je postala skkroz bordo boja...ponavljav tôje samo na apple aplikacijama i boje na sistemun(plava),gledao sam sva moguca podesavanja,pa na netu sam isaôpo forumima pa na youtube sam trazio i nisam nasao resenje,na kraju sam,restartovao sistem ali ne kompletan reset nego"
https://mobilnisvet.com/mobilni-komentari/8055/Apple/iPhone-12/9,Apple,Apple iPhone 12,SAX,2021-05-09 17:55:00,Molim i za informaciju da li na Iphone 12 može da se koristi aplikacija za zvučne knjige. To je mojoj ženi isto jako bitno pa mi treba što detaljnije objašnjenje.
https://mobilnisvet.com/mobilni-komentari/8055/Apple/iPhone-12/9,Apple,Apple iPhone 12,SAX,2021-05-09 17:53:00,"Imam pitanje vezano za skidanje muzike sa neta, aplikacija za čitanje knjiga u PDF formatu i muziku za zvono prilikom poziva. Naime vreme je da produžim ugovor i biram telefon za ženu i mene. Ja sam se svakako odlučio za Iphone 12. Moju ženu muči to sa skidanjem app za knjige koje skida i čita i bitno joj je da li može da skine muziku sa neta i da je sluša i da namešta ton zvona po svom ukusu. Čuli smo da je to kod Iphone sve malo iskomlikovano pa, ako može, detaljno pojašnjenje."
https://mobilnisvet.com/mobilni-komentari/8055/Apple/iPhone-12/9,Apple,Apple iPhone 12,U4,2021-05-06 10:24:00,koji punjač koristiti od 18 ili 20w i koje su razlike po trajnost baterije?
https://mobilnisvet.com/mobilni-komentari/8055/Apple/iPhone-12/9,Apple,Apple iPhone 12,Markoo,2021-05-03 12:48:00,Loša baterija!
https://mobilnisvet.com/mobilni-komentari/8055/Apple/iPhone-12/9,Apple,Apple iPhone 12,Ana,2021-05-02 18:51:00,"Da li kupiti iphone 11 ili 12? Kupila bih ga na leto, a najbitnija mi je kamera i baterija."
https://mobilnisvet.com/mobilni-komentari/8055/Apple/iPhone-12/9,Apple,Apple iPhone 12,Steva Posao,2021-04-27 13:05:00,"Svi zivi na internetu se zale da je baterija losa u odnosu na 11 seriju,imao sam u februaru 4 dana iphone 12 i jedva je drzala jedan dan baterija.Zanima me da li se popravilo apdejtovima i kolko drzi ostalima"
https://mobilnisvet.com/mobilni-komentari/8055/Apple/iPhone-12/9,Apple,Apple iPhone 12,Miki,2021-04-12 18:07:00,"Imam iPhone 12, kupljen nov pre dve nedelje. Update na poslednju verziju IOS 14.4.2."
https://mobilnisvet.com/mobilni-komentari/8055/Apple/iPhone-12/9,Apple,Apple iPhone 12,Pera,2021-04-01 08:14:00,"Cuo sam da je baterija veoma losa i da ne moze da izgura preko jednog dana,kao sto je mogao iphone 11.Da li je to istina?Molim nekoga ko ima ovaj telefon da mi kaze utiske njegove"
https://mobilnisvet.com/mobilni-komentari/8055/Apple/iPhone-12/9,Apple,Apple iPhone 12,SM,2021-03-27 21:23:00,Iskustva sa dual sim? Nano sim + esim
https://mobilnisvet.com/mobilni-komentari/8055/Apple/iPhone-12/9,Apple,Apple iPhone 12,Hitmen,2021-03-27 09:05:00,Kako se pokazala baterija molim za utiske i da li brzo ide battery health kao kod prethodnog modela.
https://mobilnisvet.com/mobilni-komentari/8055/Apple/iPhone-12/9,Apple,Apple iPhone 12,Ja,2021-03-22 10:32:00,Iphone 11pro ili obican 12?
https://mobilnisvet.com/mobilni-komentari/8055/Apple/iPhone-12/9,Apple,Apple iPhone 12,Szj,2021-03-21 21:35:00,"Sta bi vi izabrali pre, iphone 11 ili iphone 12? I zasto?"
https://mobilnisvet.com/mobilni-komentari/8055/Apple/iPhone-12/9,Apple,Apple iPhone 12,Da li vidite,2021-03-14 09:37:00,"Ovaj telefon napred je identičan Huawei Mate 20 pro, koji je izašao 2 godine ranije"
https://mobilnisvet.com/mobilni-komentari/8055/Apple/iPhone-12/9,Apple,Apple iPhone 12,Ajfon,2021-03-11 13:54:00,"Poz ljudi, sta mislite na kom telefonu je bolja kamera 11 pro max ili na 12? Dnevna svetlost,nocne,portret,video snimci?"
https://mobilnisvet.com/mobilni-komentari/8055/Apple/iPhone-12/9,Apple,Apple iPhone 12,Draki85,2021-02-25 18:45:00,"Ima li neko savet,ovaj telefon ili S21?"
https://mobilnisvet.com/mobilni-komentari/8055/Apple/iPhone-12/9,Apple,Apple iPhone 12,fane,2021-02-16 12:48:00,"Zdravo ljudi,"
https://mobilnisvet.com/mobilni-komentari/8055/Apple/iPhone-12/9,Apple,Apple iPhone 12,Radovan,2021-02-08 10:03:00,Dali na Iphone 12 postoji mogućnost dual sim podrška
https://mobilnisvet.com/mobilni-komentari/8055/Apple/iPhone-12/9,Apple,Apple iPhone 12,Mika,2021-02-05 15:58:00,"Kakva je baterija na celularnoj mrezi, znaci ne wifi."
https://mobilnisvet.com/mobilni-komentari/44nql/Apple/iPhone-14/5,Apple,Apple iPhone 14,Note 20 Ultra,2023-05-02 23:13:00,13 ili 14?
https://mobilnisvet.com/mobilni-komentari/44nql/Apple/iPhone-14/5,Apple,Apple iPhone 14,M,2023-04-26 08:57:00,Iphone 14 ili galaxy s23
https://mobilnisvet.com/mobilni-komentari/44nql/Apple/iPhone-14/5,Apple,Apple iPhone 14,Peks,2023-04-15 02:12:00,"Pozdrav drugari, posle dugogodišnjeg korišćenja Samsung premium modela (trenutno još uvek koristim Note 10), šta je pametnije odabrati?"
https://mobilnisvet.com/mobilni-komentari/44nql/Apple/iPhone-14/5,Apple,Apple iPhone 14,Marko,2023-04-03 18:01:00,Koja je razlika izmedju Iphone 14plus i 14pro? Koji je bolji?
https://mobilnisvet.com/mobilni-komentari/44nql/Apple/iPhone-14/5,Apple,Apple iPhone 14,Sara,2023-04-03 12:49:00,Da li maske za Iphone 13pro odgovaraju 14pro?
https://mobilnisvet.com/mobilni-komentari/44nql/Apple/iPhone-14/5,Apple,Apple iPhone 14,Ana,2023-04-03 00:09:00,Pozdrav! Isplati li se preci sa 13pro na 14pro i ako moze neka iskustva..Takodje zanima me koja je realna i najniza cena po kojoj bi mogla da kupim 14pro? Hvala unapred
https://mobilnisvet.com/mobilni-komentari/44nql/Apple/iPhone-14/5,Apple,Apple iPhone 14,Hellooooou,2023-03-21 18:23:00,Ovaj ili Huawei P50 pocket?
https://mobilnisvet.com/mobilni-komentari/44nql/Apple/iPhone-14/5,Apple,Apple iPhone 14,Miki,2023-03-02 21:44:00,Je l može neko da mi objasni zašto su cene u nekom radnjama više za 300€ u odnosu na druge radnje?
https://mobilnisvet.com/mobilni-komentari/44nql/Apple/iPhone-14/5,Apple,Apple iPhone 14,Dusan,2023-03-02 13:12:00,"Ljudi sta kupiti iphone 13 256gb ili 14 128gb. Samo od ta dva modela,naravno kupijem novi. Znam da su isti na izgleda jedino ima li nesto vidljivo bolje na 14 kamere,baterija nesto?"
https://mobilnisvet.com/mobilni-komentari/44nql/Apple/iPhone-14/5,Apple,Apple iPhone 14,Provereno?,2023-02-27 21:06:00,Da li su telefoni koji se ovde prodaju iz radnja polovni ili su novi? Jer vidim da u svi radnjama imaju istu fiksnu cenu za telefone pa mi je nelogicno da su korisceni? Npr Iphone 13 kosta 677e u svim radnjama a da je polovan logicno bi bilo da se razlikuje od toga koliko je koriscen. Hvala unapred!
https://mobilnisvet.com/mobilni-komentari/44nql/Apple/iPhone-14/5,Apple,Apple iPhone 14,Aod,2023-02-17 05:40:00,"Ima li neka aplikacija koja obavestava o propustenim porukama,pozivima itd.nesto slicno kao AOD na androidima,znam da skuplja verzija 14 pro i max imaju,ali me zanima na obicnoj 14.I da ta aplikacija ne baguje posle nekog vremena."
https://mobilnisvet.com/mobilni-komentari/44nql/Apple/iPhone-14/5,Apple,Apple iPhone 14,Maraa,2023-02-04 03:29:00,"cao ljudi da li kupiti nov iphone 14 ili kupiti polovan iphone 13 pro planiram koristiti telefon ono duze vreme minimum 3 godine. Negde sam citala da na 14 ne moze samsung ili huawei smart watch mora da je samo od appla. Imam ip 12 moze ali kad se instalira samsungova aplikacija za sat preko nje radi.  i zamina me jel video neko telefon u Purple boji, na snimcima mi vise kao neka bleda boja vuce na belo"
https://mobilnisvet.com/mobilni-komentari/44nql/Apple/iPhone-14/5,Apple,Apple iPhone 14,Macci,2023-02-01 16:58:00,"Pozdrav ,da li neko moze da napise iskustvo s ovim telefonom,tipa koliko izdrzi baterija"
https://mobilnisvet.com/mobilni-komentari/44nql/Apple/iPhone-14/5,Apple,Apple iPhone 14,Maja,2023-02-01 14:53:00,Iphone 14 ili 12 Pro?
https://mobilnisvet.com/mobilni-komentari/44nql/Apple/iPhone-14/5,Apple,Apple iPhone 14,DJ,2023-01-19 17:29:00,Poz interesuje me ip14 i ip13 obicna verzija a konkretno kuciste kvalitet koji je sto se tice toga u prednosti????
https://mobilnisvet.com/mobilni-komentari/44nql/Apple/iPhone-14/5,Apple,Apple iPhone 14,Skawe,2022-12-05 20:51:00,Da li je oke preci sa 11pro na običan 14? 14pro mi je preskup?
https://mobilnisvet.com/mobilni-komentari/44nql/Apple/iPhone-14/5,Apple,Apple iPhone 14,Duca,2022-11-29 00:52:00,"Ne mogu da otvorim nista preko youtube,pise something went wrong tap to retry. da li je neko imao ovakav problem i kako da ga resim?"
https://mobilnisvet.com/mobilni-komentari/44nql/Apple/iPhone-14/5,Apple,Apple iPhone 14,Ip13,2022-11-15 20:20:00,"Ljudi, uzeo sam IP13, pocetkom septembra. Danas mi opa 1% BH. Sada je na 99% jel to normalno za 2 i jace meseca?"
https://mobilnisvet.com/mobilni-komentari/44nql/Apple/iPhone-14/5,Apple,Apple iPhone 14,Andej,2022-11-14 16:36:00,"Da li je ko prešao sa IP13 na IP14 / obični ? Iskustva, utisci, bilo kakav feedback ?"
https://mobilnisvet.com/mobilni-komentari/44nql/Apple/iPhone-14/5,Apple,Apple iPhone 14,Jelena,2022-11-12 17:49:00,Da li uzeti Iphone 13 ili 14? Ima li neke velike razlike?
https://mobilnisvet.com/mobilni-komentari/44nql/Apple/iPhone-14/5,Apple,Apple iPhone 14,.,2022-11-06 19:38:00,iPhone 14 ili Samsung s22+ ?
https://mobilnisvet.com/mobilni-komentari/44nql/Apple/iPhone-14/5,Apple,Apple iPhone 14,.,2022-11-05 21:25:00,"Volela bih da sačuvam slike sa android telefona i prebacim ih na iPhone, kako da uradim to?"
https://mobilnisvet.com/mobilni/khc/Apple/iPhone-15-Pro-8GB-1TB-1x-SIM-1x-eSIM,Apple,Apple iPhone 15 Pro,Ana,2026-06-21 11:07:00,Da li neko ima problem sa 15 pro greje se prilikom punjenja i kada je kamera upaljena isto se bas zagreje?
https://mobilnisvet.com/mobilni/khc/Apple/iPhone-15-Pro-8GB-1TB-1x-SIM-1x-eSIM,Apple,Apple iPhone 15 Pro,Nikola,2026-05-16 14:49:00,Iphone 15 pro ili 16 pro.
https://mobilnisvet.com/mobilni/khc/Apple/iPhone-15-Pro-8GB-1TB-1x-SIM-1x-eSIM,Apple,Apple iPhone 15 Pro,lp,2026-03-30 16:49:00,15pro ili 17e?
https://mobilnisvet.com/mobilni/khc/Apple/iPhone-15-Pro-8GB-1TB-1x-SIM-1x-eSIM,Apple,Apple iPhone 15 Pro,Predrag,2026-03-22 18:48:00,Jel moze neko da mi preporuci zastitno staklo za ovaj telefon da ne prekida touch? Nazalost takav je ekran da ne moze bilo koje kinesko
https://mobilnisvet.com/mobilni/khc/Apple/iPhone-15-Pro-8GB-1TB-1x-SIM-1x-eSIM,Apple,Apple iPhone 15 Pro,Ip,2026-03-21 04:40:00,"Ovaj ili 16 obični? Cena je drastično veća za 15pro, molim vaše mišljenje?"
https://mobilnisvet.com/mobilni/khc/Apple/iPhone-15-Pro-8GB-1TB-1x-SIM-1x-eSIM,Apple,Apple iPhone 15 Pro,Vlada,2026-02-26 21:22:00,S25 ili iphone 15 pro
https://mobilnisvet.com/mobilni/khc/Apple/iPhone-15-Pro-8GB-1TB-1x-SIM-1x-eSIM,Apple,Apple iPhone 15 Pro,Stefan,2026-02-16 12:00:00,Da li uzeti nov 16 za 650 ili 15 pro polovan sa novom zamenjenom baterijom za 600e?
https://mobilnisvet.com/mobilni/khc/Apple/iPhone-15-Pro-8GB-1TB-1x-SIM-1x-eSIM,Apple,Apple iPhone 15 Pro,Katarina,2026-01-09 11:17:00,"Pozdrav svima, Da li se isplati uzeti ovaj telefon polovan? I koji je battery health isolativ da se uzme ? Hvala"
https://mobilnisvet.com/mobilni/khc/Apple/iPhone-15-Pro-8GB-1TB-1x-SIM-1x-eSIM,Apple,Apple iPhone 15 Pro,Prelaz na Iphone,2025-11-11 16:39:00,"Pozdrav svima, da li ovaj model moze da se nađe do nekih 700 evra?"
https://mobilnisvet.com/mobilni/khc/Apple/iPhone-15-Pro-8GB-1TB-1x-SIM-1x-eSIM,Apple,Apple iPhone 15 Pro,Biba,2025-10-25 09:30:00,Zdravo.
https://mobilnisvet.com/mobilni/khc/Apple/iPhone-15-Pro-8GB-1TB-1x-SIM-1x-eSIM,Apple,Apple iPhone 15 Pro,Sbets,2025-10-11 06:47:00,Da li izeti iphone 15pro ili redmi note 15pro.
https://mobilnisvet.com/mobilni/khc/Apple/iPhone-15-Pro-8GB-1TB-1x-SIM-1x-eSIM,Apple,Apple iPhone 15 Pro,.,2025-07-08 01:42:00,Jel ima negde da se kupi ovaj telefon nov? Kako vidim bas tesko se nalazi vakuum pakovanje
https://mobilnisvet.com/mobilni/khc/Apple/iPhone-15-Pro-8GB-1TB-1x-SIM-1x-eSIM,Apple,Apple iPhone 15 Pro,honor,2025-05-30 22:18:00,Izlazi honor magic 8
https://mobilnisvet.com/mobilni/khc/Apple/iPhone-15-Pro-8GB-1TB-1x-SIM-1x-eSIM,Apple,Apple iPhone 15 Pro,marija,2025-05-16 23:25:00,15 ili 15 pro? u čemu je razlika
https://mobilnisvet.com/mobilni/khc/Apple/iPhone-15-Pro-8GB-1TB-1x-SIM-1x-eSIM,Apple,Apple iPhone 15 Pro,Korisnik,2025-03-30 19:15:00,"Pozdrav, telefon kupljen u decembru, vec mu je battery health na 97%, da li još nekome ovoliko brzo pada procenat i šta može uzrok da bude? Kako da utičem na to da manje opada?"
https://mobilnisvet.com/mobilni/khc/Apple/iPhone-15-Pro-8GB-1TB-1x-SIM-1x-eSIM,Apple,Apple iPhone 15 Pro,Realni Pera,2025-03-11 21:44:00,"Pozdrav,zanima me da li je neko imao problem sa ovim ili bili kojim modelom ajfona ponekad da ne moze da se javi na poziv tačnije ne reaguje onaj klizač za javljanje tj uspostavljanje veze?"
https://mobilnisvet.com/mobilni/khc/Apple/iPhone-15-Pro-8GB-1TB-1x-SIM-1x-eSIM,Apple,Apple iPhone 15 Pro,Pro,2025-02-22 12:49:00,"Da li neko prodaje iphone 15 pro nov na rate preko oglasa, jel postoji ta mogućnost? Planiram da ga kupim početkom marta, trenutno koristim XR (Bh 84%)."
https://mobilnisvet.com/mobilni/khc/Apple/iPhone-15-Pro-8GB-1TB-1x-SIM-1x-eSIM,Apple,Apple iPhone 15 Pro,Igor,2025-02-17 09:18:00,"Ajfon 15 pro, greje mi se tokom punjenja bas dosta"
https://mobilnisvet.com/mobilni/khc/Apple/iPhone-15-Pro-8GB-1TB-1x-SIM-1x-eSIM,Apple,Apple iPhone 15 Pro,Jelena,2025-02-04 10:47:00,15 pro ili 16 pro?
https://mobilnisvet.com/mobilni/khc/Apple/iPhone-15-Pro-8GB-1TB-1x-SIM-1x-eSIM,Apple,Apple iPhone 15 Pro,Boki,2025-02-01 17:47:00,Da li je neko blo kojim 18 azuriranjem primetio kod 15 pro da baterija duže traje?
https://mobilnisvet.com/mobilni/4qv/Apple/iPhone-15-Pro-Max-8GB-1TB-1x-SIM-1x-eSIM,Apple,Apple iPhone 15 Pro Max,Marija,2026-06-03 18:01:00,"Molim za predlog, da li kupiti 15pro max star 6 meseci ili S24ultra ali dve godine star? Bitne su mi fotografije. Do sada sam koristila ip15pro."
https://mobilnisvet.com/mobilni/4qv/Apple/iPhone-15-Pro-Max-8GB-1TB-1x-SIM-1x-eSIM,Apple,Apple iPhone 15 Pro Max,Shomy,2026-04-26 01:17:00,Iphone 15pro max ili Xiaomi 15t pro..?
https://mobilnisvet.com/mobilni/4qv/Apple/iPhone-15-Pro-Max-8GB-1TB-1x-SIM-1x-eSIM,Apple,Apple iPhone 15 Pro Max,SM,2026-01-25 19:38:00,"Pre par meseci sam prvi put presao na IOS. Kupio polovan Iphone 15pm sa 89% baterije.  Trebalo mi je par dana uhodavanja, i onda kao riba u vodi. Drugacije i lagano za upotrebu."
https://mobilnisvet.com/mobilni/4qv/Apple/iPhone-15-Pro-Max-8GB-1TB-1x-SIM-1x-eSIM,Apple,Apple iPhone 15 Pro Max,Nesa,2025-07-26 12:41:00,Iphone 15 pro max 256 93bh ili nov S25 ultra 256gb star mesec dana ?.???
https://mobilnisvet.com/mobilni/4qv/Apple/iPhone-15-Pro-Max-8GB-1TB-1x-SIM-1x-eSIM,Apple,Apple iPhone 15 Pro Max,Milosh,2025-07-25 09:18:00,Kupiti ovaj nov ili 16pm nov?
https://mobilnisvet.com/mobilni/4qv/Apple/iPhone-15-Pro-Max-8GB-1TB-1x-SIM-1x-eSIM,Apple,Apple iPhone 15 Pro Max,Bojana,2025-06-23 10:23:00,Da li se nekome dešava da se odjednom ekran gasi tokom rada ili da se zaključa?
https://mobilnisvet.com/mobilni/4qv/Apple/iPhone-15-Pro-Max-8GB-1TB-1x-SIM-1x-eSIM,Apple,Apple iPhone 15 Pro Max,Mitar,2025-06-10 13:20:00,"Da ponovim pitanje od ""kivi"" gde kupiti 15 pro max vidim samo da ga ima u telekoplus?"
https://mobilnisvet.com/mobilni/4qv/Apple/iPhone-15-Pro-Max-8GB-1TB-1x-SIM-1x-eSIM,Apple,Apple iPhone 15 Pro Max,Kivi,2025-05-30 17:33:00,"U kojoj radnji kupiti 15 pro max, logic shop ga nema više(zvao)?"
https://mobilnisvet.com/mobilni/4qv/Apple/iPhone-15-Pro-Max-8GB-1TB-1x-SIM-1x-eSIM,Apple,Apple iPhone 15 Pro Max,Nela,2025-04-30 05:35:00,"Da li neko zna,kako se pravi ona bela pozadina kao ram oko neke slike. Tnx unapred!"
https://mobilnisvet.com/mobilni/4qv/Apple/iPhone-15-Pro-Max-8GB-1TB-1x-SIM-1x-eSIM,Apple,Apple iPhone 15 Pro Max,Marko,2025-04-24 01:52:00,Punjenje mi je podeseno na 90% a on se napuni do 100%. Kako je to moguce?
https://mobilnisvet.com/mobilni/4qv/Apple/iPhone-15-Pro-Max-8GB-1TB-1x-SIM-1x-eSIM,Apple,Apple iPhone 15 Pro Max,Saki,2025-04-12 14:30:00,"Kupio sam telefon 96 zdravlje baterije, koristim ga tek dve tri nedelje i zdravlje je palo na 94. Kapacitet punjenja je na 95 posto. Nista manje ni vise ne koristim telefon od druga koji je kupio 16 pro sa 100 posto zdravljem i koristi ga dan noc bukvalno i dalje mu je na 100. Da li neko zna zasto mi opada zdravlje baterije naglo?"
https://mobilnisvet.com/mobilni/4qv/Apple/iPhone-15-Pro-Max-8GB-1TB-1x-SIM-1x-eSIM,Apple,Apple iPhone 15 Pro Max,George,2025-03-17 14:52:00,"Imam od skoro i tek je 7 ciklusa punjenja, baterija traje kada se koristi Safari i zadovoljan sam, medjutim sad sam napravio 50 fotki u setnji za 3 minuta koliko je sve to tajalo, znaci za jako kratko vreme i baterija je pala za to kratko vreme sa 100% na 95%. Da li je normalno da upotreba kamere ovoliko trosi bateriju? Bojim se da kod intenzivnog koriscenja kamere za fotografije ali i video,  baterija bas kratko bude trajala sto je nekako razocaravajuce s obzirom da sam ga uzeo bas jer je PRO MAX model i ocekivao sam ipak vise."
https://mobilnisvet.com/mobilni/4qv/Apple/iPhone-15-Pro-Max-8GB-1TB-1x-SIM-1x-eSIM,Apple,Apple iPhone 15 Pro Max,Zox,2025-02-26 10:34:00,Na oglasima mu lepo pada cena. Sasvim je konkurentan za divno cudo
https://mobilnisvet.com/mobilni/4qv/Apple/iPhone-15-Pro-Max-8GB-1TB-1x-SIM-1x-eSIM,Apple,Apple iPhone 15 Pro Max,A,2025-02-16 15:28:00,Da li uzeti 16 pro ili 15 pro max?
https://mobilnisvet.com/mobilni/4qv/Apple/iPhone-15-Pro-Max-8GB-1TB-1x-SIM-1x-eSIM,Apple,Apple iPhone 15 Pro Max,Lana :),2025-01-16 14:16:00,"Zdravo, do sad sam koristila privatni android samsung i  imam poslovni iphone, ali zelim da kupim novi telefon. Osnovna mi je video kamera u svim uslovima, pogotovo nocu,(prednja i zadnja), posto se bavim muzikom. Dosta koristim telefon, sto za objave na drustvenim mrezama, aplikacije poput deezera, moises-a, canve,...itd. Znam da iphone ima odlicnu kameru u odnosu na android( mislim na video snimanje u nocnim uslovima), pa ako mozete da mi pomognete sta da uzmem, bilo iphone bilo android,bitno da je odlicna kamera. Cena nije problem, ne pratim trendove, telefon kad kupim koristim dok ne crkne i cuvam ga ko oci u glavi."
https://mobilnisvet.com/mobilni/4qv/Apple/iPhone-15-Pro-Max-8GB-1TB-1x-SIM-1x-eSIM,Apple,Apple iPhone 15 Pro Max,predrag,2025-01-13 15:48:00,zdravo svima
https://mobilnisvet.com/mobilni/4qv/Apple/iPhone-15-Pro-Max-8GB-1TB-1x-SIM-1x-eSIM,Apple,Apple iPhone 15 Pro Max,Cobi,2025-01-08 18:25:00,"Samo logic shop, odlicna saradnja i proverena roba"
https://mobilnisvet.com/mobilni/4qv/Apple/iPhone-15-Pro-Max-8GB-1TB-1x-SIM-1x-eSIM,Apple,Apple iPhone 15 Pro Max,Milance,2025-01-08 11:35:00,"pozdrav ljudi, kakva u vam iskustva sa Max Phone iz Balkanske?"
https://mobilnisvet.com/mobilni/4qv/Apple/iPhone-15-Pro-Max-8GB-1TB-1x-SIM-1x-eSIM,Apple,Apple iPhone 15 Pro Max,Milosh,2024-12-20 20:19:00,"Zdravo ljudi,godinama unazad koristim Samsung i sasvim mi je okej telefon,trenutno imam Samsung Galaxy A51,star je 3 godine i 8 meseci,i dalje radi ok,ali dosta koči,nikada do sada nisam koristio iPhone i ne znam da li je vredno prebaciti se na isti."
https://mobilnisvet.com/mobilni/4qv/Apple/iPhone-15-Pro-Max-8GB-1TB-1x-SIM-1x-eSIM,Apple,Apple iPhone 15 Pro Max,Ivy,2024-12-17 16:12:00,Zna li neko hoće li iPhone 15 pro max biti dostupan u 2025. godini pošto su ga trenutno povukli sa tržišta?
https://mobilnisvet.com/mobilni/4qv/Apple/iPhone-15-Pro-Max-8GB-1TB-1x-SIM-1x-eSIM,Apple,Apple iPhone 15 Pro Max,Miloš,2024-12-13 11:19:00,"Baterija lagano drži 2 dana uz optimalno korišćenje. Punjenje na 90%, pražnjenje do 15%-20%. Ciklus korišćenja se započne u 7h ujutru. Screen time na dnevnom nivou 3h-4,5h. Verujem da bi sa visoko intenzivnim korišćenjem išla na jedan i po dan."
https://mobilnisvet.com/mobilni/4qv/Apple/iPhone-15-Pro-Max-8GB-1TB-1x-SIM-1x-eSIM,Apple,Apple iPhone 15 Pro Max,Душан,2024-12-11 15:51:00,Kakve su kamere ? Dvoumim se između ovog i Samsung S24 Ultre. Kamere su mi prioritet.
https://mobilnisvet.com/mobilni/4qv/Apple/iPhone-15-Pro-Max-8GB-1TB-1x-SIM-1x-eSIM,Apple,Apple iPhone 15 Pro Max,Bojan,2024-12-11 09:18:00,"Odličan je 15 Pro Max,preporuka  nista ali nista bolji nije 16 Pro Max, puno jaca cena 16 pro max bez razoga. 15 pro max je mašina samo tako i biće dugi niz godina. Pozdrav"
https://mobilnisvet.com/mobilni/4qv/Apple/iPhone-15-Pro-Max-8GB-1TB-1x-SIM-1x-eSIM,Apple,Apple iPhone 15 Pro Max,Ilija,2024-12-11 08:45:00,"Ovaj telefon je i dalje za svaku preporuku... koristio sam ga godinu dana, preključe sam ga prodao i uzeo 16 pro max i mogu vam reci duboko se pokajao..  bacio sam pare za nista.. malo bolja baterija jedino, ali za nijansu, ovo sve ostalo..ali isto.. ko ima mogucnosti  sad neka uzme ovaj telefon i bice miran par godina, 16ku zaobici.. mozda tek dogodine 17ku sacekati... pozdrav svima"
https://mobilnisvet.com/mobilni-komentari/44nql/Apple/iPhone-14/6,Apple,Apple iPhone 14,Marko,2022-11-01 16:37:00,"Da li je bolja kupovina 13 pro ili 14 obican, s ozbirom da za 13 pro moram da dodam 150e?"
https://mobilnisvet.com/mobilni-komentari/44nql/Apple/iPhone-14/6,Apple,Apple iPhone 14,.,2022-10-29 19:10:00,Treba da uzmem kroz par dana telefon kod operatera i dvoumim sa između 13 pro i 14. Šta mislite?
https://mobilnisvet.com/mobilni-komentari/44nql/Apple/iPhone-14/6,Apple,Apple iPhone 14,Nana,2022-10-28 21:35:00,"Šta mislite, uzimajući u obzir odnos cene i kvaliteta, koji ajfon se trenutno najviše isplati za kupovinu?"
https://mobilnisvet.com/mobilni-komentari/44nql/Apple/iPhone-14/6,Apple,Apple iPhone 14,Bilja,2022-10-27 04:47:00,"Pozdrav,savet 13 ili 14 iphone?"
https://mobilnisvet.com/mobilni-komentari/44nql/Apple/iPhone-14/6,Apple,Apple iPhone 14,Mateja,2022-10-22 18:57:00,"Pozdrav dvoumim se izmedju iphone 14(nov),s22(nov) i s20+(polovan)"
https://mobilnisvet.com/mobilni-komentari/44nql/Apple/iPhone-14/6,Apple,Apple iPhone 14,Gaga,2022-10-22 12:01:00,"trenutno koristim android, u planu mi je 13 mini, mada se predomisljam i za 14.. vas predlog? inace to bi mi bio prvi iphone u zivotu"
https://mobilnisvet.com/mobilni-komentari/44nql/Apple/iPhone-14/6,Apple,Apple iPhone 14,Sonja,2022-10-11 21:08:00,Dali vredi menjati 13 pro max za 14 ku glava za glavu
https://mobilnisvet.com/mobilni-komentari/44nql/Apple/iPhone-14/6,Apple,Apple iPhone 14,Jelena,2022-10-09 08:44:00,"Prelazim sa androida na iOS, i zanima me da li je bolje uzeti iPhone 13 ili 14?"
https://mobilnisvet.com/mobilni-komentari/44nql/Apple/iPhone-14/6,Apple,Apple iPhone 14,Marko,2022-09-27 22:18:00,Pozdrav. Dvoumim se između apple 13 i apple 14. Da li vredi dati više novca za apple 14 i šta savetujte? Zanima me Vaše mišljenje? Ljubitelj sam dobrih slika i volim kada je uređaj fluidan. Hvala
https://mobilnisvet.com/mobilni-komentari/44nql/Apple/iPhone-14/6,Apple,Apple iPhone 14,HV,2022-09-21 12:02:00,Čini mi se da svako ko koristi  12 ili 13 nema neki veliki i ozbiljan razlog da plaća 1000 eura i uzima 14!
https://mobilnisvet.com/mobilni-komentari/44nql/Apple/iPhone-14/6,Apple,Apple iPhone 14,Darko,2022-09-20 15:10:00,I samsung i iphone su počeli praviti i prodavati skoro iste telefone kao prošle godine po veoma visokim cenama👎
https://mobilnisvet.com/mobilni-komentari/44nql/Apple/iPhone-14/6,Apple,Apple iPhone 14,Grey,2022-09-08 16:07:00,"Telefon isti kao 13,ne vidim stvarni svrhu ko bi uzimao ovo...makar da su ekran poboljsali na 120hz,ovako sramota..."
https://mobilnisvet.com/mobilni-komentari/8055/Apple/iPhone-12/10,Apple,Apple iPhone 12,Teodor,2021-01-29 14:44:00,12 ili 12pro max? Ii zašto?
https://mobilnisvet.com/mobilni-komentari/8055/Apple/iPhone-12/10,Apple,Apple iPhone 12,Pedja,2021-01-23 10:54:00,Molim vas da mi kazete utiske o telefonu planiram da ga kupim sledece nedelje.Kakav je ekran kako se pokazala baterija.
https://mobilnisvet.com/mobilni-komentari/8055/Apple/iPhone-12/10,Apple,Apple iPhone 12,petlao,2021-01-20 18:25:00,"11 pro ili 12, uzimam telefon na 3,4 godine sigurno, sta je bolje, baterija gde je bolja i ekran..."
https://mobilnisvet.com/mobilni-komentari/8055/Apple/iPhone-12/10,Apple,Apple iPhone 12,P,2021-01-19 13:42:00,Da li je moguce da telefon od 760 eura zut ekran i da je izgovor da je to normlalno i da se naviknes
https://mobilnisvet.com/mobilni-komentari/8055/Apple/iPhone-12/10,Apple,Apple iPhone 12,Nenad,2021-01-15 11:58:00,"Ljudi koliko traje baterija ? Imam obicam 11 i meni izgura dan i po,za jedan dan nikada nisam uspeo da istrosim."
https://mobilnisvet.com/mobilni-komentari/8055/Apple/iPhone-12/10,Apple,Apple iPhone 12,Milan,2021-01-13 15:59:00,Molim korisnike ovog telefona da mi kazu da li je ekran stvarno zuci u odnosu na x i 11 seriju.Ima brdo klipova ma youtube i forumima kako se ljudi zale.
https://mobilnisvet.com/mobilni-komentari/8055/Apple/iPhone-12/10,Apple,Apple iPhone 12,M,2021-01-11 13:50:00,Gledao sam 12 pro max i ne primecujem zuci ekran o kom ovde pricate.Koliko je batfery health da li opada brzo kao na 11 pro modelu.
https://mobilnisvet.com/mobilni-komentari/8055/Apple/iPhone-12/10,Apple,Apple iPhone 12,Dusan,2021-01-10 17:40:00,"Dvoumim se izmedju kupovine Iphone 11 i Iphone 12 ( trenutno koristim iphone 7 skoro 4 godine) , pa sta me savetujete da uzmem? Koje su prednosti i mane ? Hvala unapred"
https://mobilnisvet.com/mobilni-komentari/8055/Apple/iPhone-12/10,Apple,Apple iPhone 12,Dea,2021-01-10 00:58:00,Prednosti/mane 11pro
https://mobilnisvet.com/mobilni-komentari/8055/Apple/iPhone-12/10,Apple,Apple iPhone 12,dexy,2021-01-09 14:08:00,"iPhone 12, imam problem sa bluetooth povezivanjem sa ostalim uredjajima. Prepoznaje druge telefone, ali nema sanse da se upari. Da li neko ima slicna iskustva, savet sta uraditi? Hvala 🙂"
https://mobilnisvet.com/mobilni-komentari/8055/Apple/iPhone-12/10,Apple,Apple iPhone 12,Nina,2021-01-08 23:20:00,"Pozdrav ekipa :) Treba mi savet/preporuka. Kupiti iPhone 11 Pro Max ili iPhone 12? Trenutno imam iPhone 7, pa verujem da će razlika biti ogromna koji god da uzmem, ali ipak mi treba pomoć. Pišite šta mislite, prednosti/mane, sve. Hvala :)"
https://mobilnisvet.com/mobilni-komentari/8055/Apple/iPhone-12/10,Apple,Apple iPhone 12,Debelii,2021-01-08 21:16:00,"Pozdrav, samsumg sam korisnik (jeftinijeg modela), i resio sam da predjem na iphone, da li da uzmem iphone 11 obican, ili vredi dodati za 11 pro(probao ga ima ga brat) ili iphone 12, kakvis u vam utisci sa ipone 12 vezano za ekran( zelen, zut sta vec ali samo ugasis true tone) i  bateriju..."
https://mobilnisvet.com/mobilni-komentari/8055/Apple/iPhone-12/10,Apple,Apple iPhone 12,Dejdan,2021-01-05 15:43:00,Kupila danas iPhone 12 instalirala Apple ID I  preload sat vremena se skidaju 4 aplikacije.
https://mobilnisvet.com/mobilni-komentari/8055/Apple/iPhone-12/10,Apple,Apple iPhone 12,Milena,2021-01-04 20:13:00,"Zdravo. Imam neka pitanja, nadam se da ce mi neko odgovoriti. Imam iphone 12 skoro dva meseca, i baterija sesporo puni, do 80% se  napuni za nekih 40 min, a onda za jos 20% treba sat vremena... I telefon se mnogo ugreje prilikom punjenja (da napomenem da ne koristim telefon dok je na punjacu). Zanima me da li je jos kod nekoga tako? Da li je to do punjaca?"
https://mobilnisvet.com/mobilni-komentari/8055/Apple/iPhone-12/10,Apple,Apple iPhone 12,Abc,2020-12-25 09:19:00,Koliki je battery health nakon mesec dana koriscenja da li moze neko da kaze ko ima telefon.Koji punjac uzeti dal od 18 ili novi od 20W
https://mobilnisvet.com/mobilni-komentari/8055/Apple/iPhone-12/10,Apple,Apple iPhone 12,Стеван Милутиновић,2020-12-22 09:47:00,Poštovanje. Koji punjač kupiti za ovaj model?
https://mobilnisvet.com/mobilni-komentari/8055/Apple/iPhone-12/10,Apple,Apple iPhone 12,M,2020-12-18 20:29:00,"Planiram da u Januaru,Februaru uzmem ovaj telefon.1.Zanima me da li je ekran stvarno zuci u odnosu na 11 seriju?"
https://mobilnisvet.com/mobilni-komentari/8055/Apple/iPhone-12/10,Apple,Apple iPhone 12,NiOK,2020-12-18 05:26:00,Da li postoji razlika u telefonima u smislu kvaliteta izrade ili samog rada uredjaja u zavisnosti od toga za koje je trziste radjen?
https://mobilnisvet.com/mobilni-komentari/8055/Apple/iPhone-12/10,Apple,Apple iPhone 12,Novi iOS korisnik,2020-12-16 17:19:00,Pre svega veliki pozdrav za sve ljubitelje telefona bilo android ili iOS korisnika (bivsi android korisnik do pre 2 nedelje)..
https://mobilnisvet.com/mobilni-komentari/8055/Apple/iPhone-12/10,Apple,Apple iPhone 12,Jovan,2020-12-03 21:10:00,"Imam dva pitanja: Prvo-da li je dobro da se svako dostupno azuriranje instalira? I drugo: Podesio sam na 4G mrezu jer mi ovde to prijavljuje kao najvecu opciju, medjutim na telefonu mi stalno pise 3G dok na drugim telefonima normalno pise 4G? Da li je potrebno neko dodatno podesavanje ili sta vec?"
https://mobilnisvet.com/mobilni-komentari/8055/Apple/iPhone-12/10,Apple,Apple iPhone 12,Djole,2020-12-03 17:00:00,"Drugari, treba mi pomoć pošto nisam bas upućen u mobilne telefone. Planiram da koristim tel oko 2 godine, dvoumim se između s20 I iPhone 12. Dugoročno gledano koji je bolji izbor? Dakle bez bagovanja, seckanja, random restartovanja I propasti baterije posle dužeg vremena. Ako imate drugi predlog za dugoročno korišćenje, osim ova 2, recite. Hvala!"
https://mobilnisvet.com/mobilni-komentari/8055/Apple/iPhone-12/10,Apple,Apple iPhone 12,Zeks,2020-11-28 17:21:00,"Pozdrav drustvo. Razmisljam izmedju 12 i 12 mini (mozda bolje 12, zbog bolje vidljivosti prilikom gledanja video klipova i citanja), kao i izmedju 64gb i 128gb (za oko 1000 slika). Koji mi preporucujete? Hvala unapred."
https://mobilnisvet.com/mobilni-komentari/8055/Apple/iPhone-12/10,Apple,Apple iPhone 12,Hm,2020-11-26 10:48:00,Da li je normalno da se ovaj telefon zagreje kad se koristi malo duže i gleda yt?
https://mobilnisvet.com/mobilni-komentari/7651/Apple/iPhone-SE-(2020)/10,Apple,Apple iPhone SE (2020),M,2020-11-03 08:45:00,Da li neko može da mi uporedi kameru na iphone-u 8 plus i na ovom?
https://mobilnisvet.com/mobilni-komentari/7651/Apple/iPhone-SE-(2020)/10,Apple,Apple iPhone SE (2020),Sara,2020-11-03 08:37:00,"Zdravo, planiram da uzmem ovaj telefon. Zanima me da li kamera ima portret, odnosno fokus?"
https://mobilnisvet.com/mobilni-komentari/7651/Apple/iPhone-SE-(2020)/10,Apple,Apple iPhone SE (2020),Mrgud,2020-10-31 20:09:00,Iphone Se 2020 ili Samsung S10e? I zasto?
https://mobilnisvet.com/mobilni-komentari/7651/Apple/iPhone-SE-(2020)/10,Apple,Apple iPhone SE (2020),Ana,2020-10-28 20:55:00,Cao ljudi moze li pomoc kako da iskljucim onaj ton kad se posalje sms uzasno me nervira...
https://mobilnisvet.com/mobilni-komentari/7651/Apple/iPhone-SE-(2020)/10,Apple,Apple iPhone SE (2020),Sandro,2020-10-26 16:29:00,"Pozdrav, kupio sam pre 20 ak dana ovaj telefon. I dalje drzim 13.5.1 sistem, recite mi treba li da dizem na ovaj 14.1 sto mi nudi?"
https://mobilnisvet.com/mobilni-komentari/7651/Apple/iPhone-SE-(2020)/10,Apple,Apple iPhone SE (2020),Stefan Ilic,2020-10-26 01:20:00,"Kupio sam telefon pre 25 dana, nov.... zadovoljan sam... battery health mi vec na 98?! Zna li neko o cemu se radi"
https://mobilnisvet.com/mobilni-komentari/7651/Apple/iPhone-SE-(2020)/10,Apple,Apple iPhone SE (2020),Zlaja,2020-10-23 15:51:00,"Imam problem sa slikama tj.kamerom, u podesavanja za kameru podesio sam rezoluciju kamere da slikam u 16:9 i sve je to ok.kad udjem preko usb.kabla da prebacim slike u komp.imam neka 3 fajla u jednoj slikanoj slici dobijam 3 nije mi jasno o cemu se radi i tako li je kod svakog?"
https://mobilnisvet.com/mobilni-komentari/7651/Apple/iPhone-SE-(2020)/10,Apple,Apple iPhone SE (2020),M,2020-10-23 15:01:00,8 plus ili se(2020)? Koji je bolja kupovina?
https://mobilnisvet.com/mobilni-komentari/7651/Apple/iPhone-SE-(2020)/10,Apple,Apple iPhone SE (2020),@n@,2020-10-23 10:51:00,"Zamenila sam 6s za ovaj telefon, bas sam zadovoljna za sad. Baterija meni traje dan, jedan ipo dan(imam drustvene mreze), kamera odlicna, meni odgovara ovaj dizajn. Imam ga par dana, preporuka sa moje strane."
https://mobilnisvet.com/mobilni-komentari/7651/Apple/iPhone-SE-(2020)/10,Apple,Apple iPhone SE (2020),Miloš,2020-10-22 17:55:00,"Telefon pre svega nije cigla, neverovatno je brz, kamera sa iphone 8, baterija drži jedan dan. Meni lično idealan i ne bih ga menjao ni za koji drugi."
https://mobilnisvet.com/mobilni-komentari/7651/Apple/iPhone-SE-(2020)/10,Apple,Apple iPhone SE (2020),Ivan,2020-10-21 19:25:00,I da kupim ovaj ajfon nov kako da ga aktiviram to sto treba neki nalog cuo sam da ajfon ne moze da instalira aplikacije vrlo lako
https://mobilnisvet.com/mobilni-komentari/7651/Apple/iPhone-SE-(2020)/10,Apple,Apple iPhone SE (2020),Zoki,2020-10-21 07:01:00,Ispravke grešaka na iOS 14.1  20.10.2020
https://mobilnisvet.com/mobilni-komentari/7651/Apple/iPhone-SE-(2020)/10,Apple,Apple iPhone SE (2020),Marks,2020-10-20 20:02:00,Pokusavam da otkrijem kakve su izmene stigle sa 14.1 i ne uspevam bas nista da pronadjem.
https://mobilnisvet.com/mobilni-komentari/7651/Apple/iPhone-SE-(2020)/10,Apple,Apple iPhone SE (2020),Sale,2020-10-20 15:31:00,"Imao sam pre ovoga 6s 64 gb i baterija je znacajno bolja kod SE, telefon je super i ne treba bacati pare za vise od 64 gb. Ne igram igrice, koristim mejl,viber, WApp, IG,FB i traje dva dana bez problema. Kamera nije znacajno bolja nego na 6s, verovatno zbog rezolucije ekrana koja je slicna pa ne moze da se oseti razlika, sve u svemu ja sam jako zadovoljan telefonom."
https://mobilnisvet.com/mobilni-komentari/7651/Apple/iPhone-SE-(2020)/10,Apple,Apple iPhone SE (2020),szj,2020-10-19 21:21:00,"Pozdrav ljudi, kupio bih brzi punjac za iPhone se 2020, ali me zanima jedno? Da li utice na bateriju, na helte, i da li ce pre da rikne sa brzim punjacem? I voleo bih iskren savet, kako vi punite telefon, jel praznite do kraja, ili punite bio na 30 posto, ili 5..."
https://mobilnisvet.com/mobilni-komentari/7651/Apple/iPhone-SE-(2020)/10,Apple,Apple iPhone SE (2020),Woory,2020-10-17 14:14:00,"Ovde se raspravlja oko toga da li je baterija krš ili nije, da li je bolji samsung, xaomi, redmi, nokia, apple uredjaj. Ljudi niste vlasnici ovih firmi da se prepucavate ko deca neka. Svako neka uzme ono što mu odgovara, neko voli da ima veliki ekran, ciglu, bez dodatnog “mesa” sa druge strane ovi drugi vole manje telefone koji im neće ispadati i koje mogu jednom rukom da koriste. Kad se razbiju skupi telefoni skupa je i popravka. Iphone SE 2020  prija onima koji su navikli na manje ekrane, baterija jeste mala ali traje itekako po ceo dan, u zavisnosti od korišćenja... neko se ne skida sa igrica i Clash Royala, gleda retarde od influensera i kojekakvih youtubera, filmovi ... onaj koji se loži na igrice, i ne skida se sa youtube kanala naravno da njemu baterija neće odgovarati i da će pljuvati po telefonu. Imam ga mesec dana i nikad nisam došao u situaciju da mi riknjava brzo baterija, odličan telefon u ovom cenovnom rangu. Čip a13 je kao u Iphone 11 što znači da ipak pravi bolje slike od Iphone-a 8 sa kojim ga uporedjuju, baš zahvaljujući tom čipu. Ko voli IOS platformu neće mu smetati što ne može da uradi nešto što je ranije mogao na androidu, da mi fali nešto? Baš i ne ... Za ovakvu cenu vredi kupiti ovaj telefon jer će imati podršku softvera narednih 5 godina, o bagovanju nemam šta da kažem jer se ne dešava na IOS-u (bar meni). Telefon je brz, mali, odličan!!! Ko ga uzme, neka mu dugo služi jer itekako vredi za ovaj novac. Naravno da u ovom cenovnom rangu postoje i drugi android telefoni al opet, ko želi platformu ios uzeće iphone, android-samsung i ostale .. Zapitajte sebe šta očekujete od telefona? Nije vam ovo konzola za igrice ili profi fotoaparat... Uobičajeno korišćenje ovog telefona ceo dan šljaka bez problema. Pozdrav."
https://mobilnisvet.com/mobilni-komentari/7651/Apple/iPhone-SE-(2020)/10,Apple,Apple iPhone SE (2020),Aleksandar,2020-10-16 09:34:00,Kakav je battery life imao sam iphone 7 sto je po pitanju baterije isto i nisam bio zadovoljan
https://mobilnisvet.com/mobilni-komentari/7651/Apple/iPhone-SE-(2020)/10,Apple,Apple iPhone SE (2020),Bole,2020-10-15 09:14:00,ovaj ekran je toliko mali kao u bunar da gledaš
https://mobilnisvet.com/mobilni-komentari/7651/Apple/iPhone-SE-(2020)/10,Apple,Apple iPhone SE (2020),Miki,2020-10-07 15:10:00,"Pozz ljudi. Imam problem sa instalacijom viber-a na SE 2020, aplikacija ne šalje instalacioni kod ni na jedan od načina koje nude, evo već drugi dan. Broj je ispravno ukucan, sve ostale aplikacije rade, nije do telefona. Da li neko ima rešenje?"
https://mobilnisvet.com/mobilni-komentari/7651/Apple/iPhone-SE-(2020)/10,Apple,Apple iPhone SE (2020),Aca,2020-10-05 17:28:00,Da li neko zna kako proveriti koliki je sot odnosno vreme ukljucenog ekrana? Ja se ne snalazim bas ali baterija mi deluje extra...
https://mobilnisvet.com/mobilni-komentari/7651/Apple/iPhone-SE-(2020)/10,Apple,Apple iPhone SE (2020),Ana,2020-10-02 08:16:00,"Tel.sam uzela pre neki dan i mogu da kazem da je extra pogotovo kamera koja je brutalno dobra, htela bih da pitam posto ja nemogu da se snadjem moze li da se iskljuci negde u podesavanja home tipka da ne pucketa prilikom pritiskanja to me uzasno nervira? Sve drugo na telefonu je extra pa cak i baterija sto je svi kude..."
https://mobilnisvet.com/mobilni-komentari/7651/Apple/iPhone-SE-(2020)/10,Apple,Apple iPhone SE (2020),Sale,2020-10-02 01:40:00,"Ljudi uporedio sam Nokiu 7 plus i novi SE, sto se tice brzine tu su negde,da kazem nereseno,sto se tice dizajna mnogo je lepsa Nokia,sto se tice baterije SE jedva dogura 18h,Nokia 7 plus uz normalno koriscenje 48h,bez gasenja telefona,malo igrice malo youtube,drustvene mreze..."
https://mobilnisvet.com/mobilni-komentari/7179/Apple/iPhone-11-64GB/10,Apple,Apple iPhone 11,Irena,2022-08-01 09:59:00,Pozdrav. Primetila sam da mi se u nekim momentima lampa sama od sebe upali. Da li neko zna o cemu se radi? Hvala
https://mobilnisvet.com/mobilni-komentari/7179/Apple/iPhone-11-64GB/10,Apple,Apple iPhone 11,Nadja,2022-07-29 15:50:00,Da li telefon ima napred led lampicu za obaveštavanje?
https://mobilnisvet.com/mobilni-komentari/7179/Apple/iPhone-11-64GB/10,Apple,Apple iPhone 11,VM,2022-07-28 11:17:00,Dali se isplati sad uzeti nov Iphone 11!?
https://mobilnisvet.com/mobilni-komentari/7179/Apple/iPhone-11-64GB/10,Apple,Apple iPhone 11,Dejan 011,2022-07-25 09:45:00,Da li preko ajfona 11 može da se koristi gmail jer mi je ceo imenik sa svim adresama na gmail-u. Da li se moze instalirati gmail imenik.
https://mobilnisvet.com/mobilni-komentari/7179/Apple/iPhone-11-64GB/10,Apple,Apple iPhone 11,Lazar,2022-07-23 22:26:00,Da li iphone 11 podrzava ios 15 pa i 16 koji uskoro izkazi?
https://mobilnisvet.com/mobilni-komentari/7179/Apple/iPhone-11-64GB/10,Apple,Apple iPhone 11,Petar,2022-07-16 22:15:00,"Kupio novi u tehnomaxu prije mjesec dana,punjen na originalni adapter uz njega kupljen 40e,desilo mi se 2-3 puta da ujutru baterija ne bude napunjena skroz,jednom na 80 posto a drugi put na 96-98,i ako ga slabo koristim moram ga dopuniti predvece,dali ima konkretno moj model sa baterijom ili je to inace kod njih tako,helt mu je 100%"
https://mobilnisvet.com/mobilni-komentari/7179/Apple/iPhone-11-64GB/10,Apple,Apple iPhone 11,Lazar,2022-07-11 22:24:00,"Korisnik sam Android telefona, i zeleo bih da probam iphone. Pa me interesuje razlika u bateriji izmedju iPhone SE 2020 i iPhone SE 2022, ti me modeli interesuju. Hvala!"
https://mobilnisvet.com/mobilni-komentari/7179/Apple/iPhone-11-64GB/10,Apple,Apple iPhone 11,Veljko,2022-07-11 18:39:00,Da li se još nekome brzo puni memorija pogotovu sa vibera iphone 11 64 GB?
https://mobilnisvet.com/mobilni-komentari/7179/Apple/iPhone-11-64GB/10,Apple,Apple iPhone 11,Milos,2022-07-10 23:50:00,Da li se dobija punjač uz iphone 11?
https://mobilnisvet.com/mobilni-komentari/7179/Apple/iPhone-11-64GB/10,Apple,Apple iPhone 11,Milan,2022-07-06 06:16:00,"Ovaj telefon koristim 15 meseci, a ekran mu je katastrofalan, nemojte ga uzimati."
https://mobilnisvet.com/mobilni-komentari/7179/Apple/iPhone-11-64GB/10,Apple,Apple iPhone 11,DD,2022-07-04 11:07:00,Ima li jos neko problem sa brzim punjenjem memorije? Narocito brzo raste memorija kod vibera.
https://mobilnisvet.com/mobilni-komentari/7179/Apple/iPhone-11-64GB/10,Apple,Apple iPhone 11,Jelena,2022-07-03 21:46:00,"Zdravo 😊 Koji telefon da uzmem detetu 14god, Iphone 11(128),11(256) ili Iphone 12? Jako je bitno da je baterija dobra, koristi drustvene mreze, a koliko sam primetila igra i neku igricu. Kamera neka bude na poslednjem mestu, prednost baterija. Pomagajte, hvala."
https://mobilnisvet.com/mobilni-komentari/7179/Apple/iPhone-11-64GB/10,Apple,Apple iPhone 11,.,2022-07-02 11:08:00,"Iphone 11 ili Xs max, polovni?"
https://mobilnisvet.com/mobilni-komentari/7179/Apple/iPhone-11-64GB/10,Apple,Apple iPhone 11,ivana,2022-06-26 19:36:00,"Korisnik sam  iphone-a  11 vec dve godine,nemam nikakvu zamerku,greske nema,i ne bih ga menjala dok ne crkne🤣. Baterija je minimum dva dana,sa normalnim koriscenjem,drustvene mreze itd... sve preporuke"
https://mobilnisvet.com/mobilni-komentari/7179/Apple/iPhone-11-64GB/10,Apple,Apple iPhone 11,S,2022-06-23 11:07:00,Iph 11 ili s21 fe? Tu su negde sa cenom
https://mobilnisvet.com/mobilni-komentari/7179/Apple/iPhone-11-64GB/10,Apple,Apple iPhone 11,Milica,2022-06-14 12:51:00,"Dobar dan ,interesuje me da li se uz iphone 11"
https://mobilnisvet.com/mobilni-komentari/7179/Apple/iPhone-11-64GB/10,Apple,Apple iPhone 11,Sara,2022-06-13 08:53:00,Zdravo svima!
https://mobilnisvet.com/mobilni-komentari/7179/Apple/iPhone-11-64GB/10,Apple,Apple iPhone 11,Uros,2022-06-10 19:46:00,"Dvoumim se izmedju iPhone 11 i  iPhone 12. Da li postoji neka razlika u kvalitetu (kamera mi nije puno bitna)? Jer ne znam koji od ta dva da izaberem, a voleo bih da ustedim novac ukoliko ne postoji velikih razlika"
https://mobilnisvet.com/mobilni-komentari/7179/Apple/iPhone-11-64GB/10,Apple,Apple iPhone 11,Aleksandar,2022-06-09 11:21:00,"Kupio sam ovaj model online misleci da sam doneo odlicnu odluku. Razocarao me je ekran odnosno kolicina praznog prostora na uredjaju. Nisam obratio paznju na podatak koji kaze da ekran zauzima 79%. Subjektivni utisak jeste takav da mi je ekran uzi i nesto kraci, iako je dijagonala ekvivalentna prethodnom telefonu koji sam koristio. Uzevsi u obzir da je telefon kupljen online, iskoristicu opciju raskida ugovora sklopljenog na daljinu, i stoga vas molim da mi preporucite neki u identicnom cenovnom radngu, a cija je pokrivenost prednjeg dela sa najmanje 87% ekrana."
https://mobilnisvet.com/mobilni-komentari/7179/Apple/iPhone-11-64GB/10,Apple,Apple iPhone 11,Irena,2022-06-06 13:02:00,Razmisljam da uzmem ovaj telefon na ugovor kod operatera. Cula sam da mu je baterija bas losa... Kakva su iskustva vas koji ga imate?
https://mobilnisvet.com/mobilni-komentari/7179/Apple/iPhone-11-64GB/10,Apple,Apple iPhone 11,Тамара,2022-06-03 22:15:00,Da li se uz telefon dobijaju punjač i slušalice?
https://mobilnisvet.com/mobilni-komentari/7179/Apple/iPhone-11-64GB/10,Apple,Apple iPhone 11,Lol,2022-06-02 16:59:00,Koji uzeti iphone xr ili 11? Najbitnije mi za slikanje.
https://mobilnisvet.com/mobilni-komentari/7179/Apple/iPhone-11-64GB/10,Apple,Apple iPhone 11,Gox,2022-06-01 14:13:00,Ovako. Zelim nov tel iskljucivo Iphon koristim al ovog puta budzet ogranicen. 64gb zbog cene. Max 470€
https://mobilnisvet.com/mobilni-komentari/9260/Apple/iPhone-13/9,Apple,Apple iPhone 13,Srdjan,2023-09-27 20:55:00,Kako uraditi transfer data sa Huawei Nova9 (koji nema google aplikacije) na iPhone13?
https://mobilnisvet.com/mobilni-komentari/9260/Apple/iPhone-13/9,Apple,Apple iPhone 13,BigeR,2023-09-22 07:13:00,"Instalirao sam ios 17 i pojavilo se nešto “synced content” zauzima 2,16 GB.Zna li neko šta je to?"
https://mobilnisvet.com/mobilni-komentari/9260/Apple/iPhone-13/9,Apple,Apple iPhone 13,Max😄,2023-09-20 22:17:00,Kolika bi bila rata za iphone 13 i 13 mini u yettel-u??
https://mobilnisvet.com/mobilni-komentari/9260/Apple/iPhone-13/9,Apple,Apple iPhone 13,Bokaa,2023-09-17 23:49:00,Iphone 13 ili Samsung s23?
https://mobilnisvet.com/mobilni-komentari/9260/Apple/iPhone-13/9,Apple,Apple iPhone 13,I,2023-09-16 12:58:00,"Ljudi, da li vredi preci sa redmi note 8t na IPhone 11 ili 12???? Trebam da ih uzmem u Yettel pa se dvoumim."
https://mobilnisvet.com/mobilni-komentari/9260/Apple/iPhone-13/9,Apple,Apple iPhone 13,Maja,2023-09-15 12:52:00,"Imam iphone 12, e sad, da li je bolje da zamenim bateriju, i koristim ili da dodam i kupim ip13"
https://mobilnisvet.com/mobilni-komentari/9260/Apple/iPhone-13/9,Apple,Apple iPhone 13,Petar,2023-09-06 19:53:00,Kakva je baterija na iOS 16.6?
https://mobilnisvet.com/mobilni-komentari/9260/Apple/iPhone-13/9,Apple,Apple iPhone 13,Rale,2023-09-06 13:58:00,"Pozdrav, da li neko moze da mi kaze koja je pametnija kupovina iphone 13 ili Xiaomi 13?"
https://mobilnisvet.com/mobilni-komentari/9260/Apple/iPhone-13/9,Apple,Apple iPhone 13,Jovan,2023-09-03 17:00:00,Da li iphone 13 dolazi uz vakuum pakovanje?
https://mobilnisvet.com/mobilni-komentari/9260/Apple/iPhone-13/9,Apple,Apple iPhone 13,P,2023-08-10 17:58:00,Da li vredi preći sa Samsunga a52s na Iphone 13? Hvala unapred na brzom odgovoru.
https://mobilnisvet.com/mobilni-komentari/9260/Apple/iPhone-13/9,Apple,Apple iPhone 13,Blue,2023-08-07 18:41:00,"Evo utisaka posle 12 meseci. Telefon je generalno super i nekako mi je potpuno zaokruzen uredjaj. Kamere su dobre, brzina takodje, baterija tu i tamo jedno punjenje dnevno. Ne vidim sta bi moglo da se unapredi ili da me natera da promenim telefon u sledecih 2 godine. Nekako sve sta mi treba je vec u ovom uredjaju i to je to. Nisam primetio da mu nedostaje rama toliko da bi bilo potrebno preci na 14, ili da sam zazalio sto nisam kupio 14 odmah. Ukoliko vam treba dobar telefon i spremni ste da izdvojite pare za 13, samo napred ukoliko vam ne treba telephoto ili foldable phone bicete zadovoljni."
https://mobilnisvet.com/mobilni-komentari/9260/Apple/iPhone-13/9,Apple,Apple iPhone 13,N.,2023-08-02 00:46:00,"13 ili 14, ima li neke znacajnije razlike, koji uzeti?"
https://mobilnisvet.com/mobilni-komentari/9260/Apple/iPhone-13/9,Apple,Apple iPhone 13,Krusso,2023-07-30 12:57:00,Zna li neko kolika bi bila rata za iphone 13 ili 13 mini u Yettel-u??
https://mobilnisvet.com/mobilni-komentari/9260/Apple/iPhone-13/9,Apple,Apple iPhone 13,Micko,2023-07-24 08:37:00,Da li je moguce da posle 2 meseca nirmalnog koriscenja BH padne na 99%?
https://mobilnisvet.com/mobilni-komentari/9260/Apple/iPhone-13/9,Apple,Apple iPhone 13,mirko,2023-07-16 15:56:00,jel velika razlika izmedju 13 i 12?
https://mobilnisvet.com/mobilni-komentari/9260/Apple/iPhone-13/9,Apple,Apple iPhone 13,Sara,2023-07-07 21:24:00,"Šta mi je bolje da uzmem, iphone 12 pro max ili iphone 13, s obzirom da su oba polovna a znam tog lika što prodaje i znam da mi ne bi ""uvalio"" nešto što ne valja? 😄"
https://mobilnisvet.com/mobilni-komentari/9260/Apple/iPhone-13/9,Apple,Apple iPhone 13,Narko,2023-07-07 15:49:00,"Iphome 13, iphone 12 ili iphone 13 mini? Bitna mi je i velicina ekrana donekle"
https://mobilnisvet.com/mobilni-komentari/9260/Apple/iPhone-13/9,Apple,Apple iPhone 13,M,2023-06-28 23:38:00,"Uzeo bih iphone, prvi put do sada, imam želju da se prebacim na ios. Konkretno bih uzeo iphone 11, ali pišem ovde jer ću verovatno brže dobiti odgovor. S obzirom da je stariji telefon i retko koji ima dobar BH, a da je original baterija, fabrička, zanima me koliko je i da li je drugačija original zamenska baterija, tj koliko utiče na trajanje baterije itd? Hvala."
https://mobilnisvet.com/mobilni-komentari/9260/Apple/iPhone-13/9,Apple,Apple iPhone 13,Ivan,2023-06-24 16:58:00,"Sta je po vama bolje kupiti, 13 ili 13 mini? Unapred hvala na odgovoru!"
https://mobilnisvet.com/mobilni-komentari/9260/Apple/iPhone-13/9,Apple,Apple iPhone 13,Ppp,2023-06-21 22:39:00,"Izvinjavam se, da li neko mozda zna zasto mi se desava kad me neko tokom razgovora stavi na cekanje, telefon mi prekida poziv sa tom osobom"
https://mobilnisvet.com/mobilni-komentari/9260/Apple/iPhone-13/9,Apple,Apple iPhone 13,Nemanja,2023-06-18 09:19:00,"E kad kazu da ajfon ne moze da zakoci nisu u pravu. Upravo imam ajfon 13 obican i juce mi je zabagovala kamera kad sam hteo snimak da napravim, i pojavila se crna slika kad sam ukljucio kameru pa sam morao da resetujem uredjaj. Posle je sve bilo ok."
https://mobilnisvet.com/mobilni-komentari/9260/Apple/iPhone-13/9,Apple,Apple iPhone 13,...<...,2023-06-07 11:21:00,da li ima razlike izmedju 13 i 14 da li je bolje uzeti 13 ili 14 ?
https://mobilnisvet.com/mobilni-komentari/9260/Apple/iPhone-13/9,Apple,Apple iPhone 13,Nemanja,2023-06-06 10:39:00,"Telefon je odlican, uzeo sam ga pre 4 meseca i jos mu je bh 100%. Jedina mana kod ovog telefona je sto presporo radi dok je na punjacu."
https://mobilnisvet.com/mobilni-komentari/9260/Apple/iPhone-13/9,Apple,Apple iPhone 13,Im80,2023-06-04 00:14:00,Od cega zavisi bh? Znam da je sve to marketinski trik ali vidim da je kod svih razlicito. Npr. Kod mene prvih 6 meseci - 100% nakon toga u 3/4 meseca pada na 96. Kakva su vasa iskustva
https://mobilnisvet.com/mobilni-komentari/9260/Apple/iPhone-13/9,Apple,Apple iPhone 13,Nemanja,2023-05-15 06:09:00,Telefon je odlican i dobro stoji u ruci. Jedinu manu koju sam primetio a to je sto kada se puni dosta sporo radi tako da je moja preporuka da ga tada ne koristite.
https://mobilnisvet.com/mobilni-komentari/y94s0/Apple/iPhone-14-Pro/3,Apple,Apple iPhone 14 Pro,Boris,2024-03-01 07:00:00,Crni ili bijeli?
https://mobilnisvet.com/mobilni-komentari/y94s0/Apple/iPhone-14-Pro/3,Apple,Apple iPhone 14 Pro,B,2024-02-26 21:57:00,Ovaj iphone je puno kvalitetniji i lepsi od 15 pro
https://mobilnisvet.com/mobilni-komentari/y94s0/Apple/iPhone-14-Pro/3,Apple,Apple iPhone 14 Pro,S.,2024-02-22 08:36:00,Kazu da zna da zakoci ovaj iphone.. mozda je bolji samsung s 23 ultra
https://mobilnisvet.com/mobilni-komentari/y94s0/Apple/iPhone-14-Pro/3,Apple,Apple iPhone 14 Pro,Gazex,2024-02-20 01:20:00,Da li moze da se ponaša kao profi fotoaparat? Razmišljam da uzmem ovaj 14 pro ili fotoaparat?
https://mobilnisvet.com/mobilni-komentari/y94s0/Apple/iPhone-14-Pro/3,Apple,Apple iPhone 14 Pro,Sladja,2024-02-04 18:50:00,"Da li je bolje uzeti polovan 14pro,baterija na 90% ili novi iphone 13 ?Hvala"
https://mobilnisvet.com/mobilni-komentari/y94s0/Apple/iPhone-14-Pro/3,Apple,Apple iPhone 14 Pro,Dragan,2024-01-19 19:08:00,Ljudi dugo razmislajam da predjem na Iphone.
https://mobilnisvet.com/mobilni-komentari/y94s0/Apple/iPhone-14-Pro/3,Apple,Apple iPhone 14 Pro,majky,2023-12-30 17:27:00,Da li se moze posebno podesavati jacina zvuka zvona i alarma? Tipa jacina zvona da je na 80% a alarm na 40%.
https://mobilnisvet.com/mobilni-komentari/y94s0/Apple/iPhone-14-Pro/3,Apple,Apple iPhone 14 Pro,VR46,2023-12-23 23:32:00,"Ljudi, šta predlažete 14 pro, 14 pro max ili 15 pro?"
https://mobilnisvet.com/mobilni-komentari/y94s0/Apple/iPhone-14-Pro/3,Apple,Apple iPhone 14 Pro,peca,2023-12-12 10:07:00,s23 Plus ili ovaj?
https://mobilnisvet.com/mobilni-komentari/y94s0/Apple/iPhone-14-Pro/3,Apple,Apple iPhone 14 Pro,Dusan,2023-12-03 20:57:00,"Zdravo ljudi, kako vam drzi bateriju 14 pro? Bateri je na 90% i na 17.1.2 cini mi se da se bas brze prazni. Fb,insta,tik tok i par kracih poziva. Baterija izdrzi od 9h vec u 22h je na 30%. Da li da ga menjam isto za 14 pro sa bateri od 95% ili 98% ili ne. Da uzimam 15 novi mislim da cu da se zeznem. Supruga ima iphone 12 vidi se razlika u 60 i 120 herca"
https://mobilnisvet.com/mobilni-komentari/y94s0/Apple/iPhone-14-Pro/3,Apple,Apple iPhone 14 Pro,Električni zec,2023-11-27 03:02:00,15 ili 14 pro?
https://mobilnisvet.com/mobilni-komentari/y94s0/Apple/iPhone-14-Pro/3,Apple,Apple iPhone 14 Pro,Buba,2023-11-25 15:36:00,"Pozdrav, da li je neko uradio update na iOS 17 i kakva su iskustva? Posebno po pitanju baterije. Hvala"
https://mobilnisvet.com/mobilni-komentari/y94s0/Apple/iPhone-14-Pro/3,Apple,Apple iPhone 14 Pro,Maja,2023-11-16 22:43:00,"Zdravo, interesuje me da li gore navedene radnje prodaju originalne telefone?"
https://mobilnisvet.com/mobilni-komentari/y94s0/Apple/iPhone-14-Pro/3,Apple,Apple iPhone 14 Pro,Hmmmmm,2023-11-10 22:15:00,"Zdravo, uzela sam nov 14pro. Kad krenem da prebacujem podatke trazi mi update softvera u ne mogu to da izbegnem. Kada krenem da instaliram dođe do nivoa install now i samo vrti beskonacno. Molim za pomoc kako prebaciti podatke bez update ios?"
https://mobilnisvet.com/mobilni-komentari/y94s0/Apple/iPhone-14-Pro/3,Apple,Apple iPhone 14 Pro,Cipiripi,2023-11-03 14:55:00,"Prvi put koristim ios, imam iphone 14 pro i totalno sam razočaran. Da li je normalno da za godinu dana zdravlje baterije padne na 89% i telefon mi baguje. Ne znam u čemu je problem"
https://mobilnisvet.com/mobilni-komentari/y94s0/Apple/iPhone-14-Pro/3,Apple,Apple iPhone 14 Pro,ishii,2023-10-31 18:53:00,"Da li neko može da mi pojasni zasto je 14pro 256GB jefitniji od 13pro 256gb? Da li je do trenutne ponude na trzistu, ili je 13 bolji?"
https://mobilnisvet.com/mobilni-komentari/y94s0/Apple/iPhone-14-Pro/3,Apple,Apple iPhone 14 Pro,Dr.,2023-10-30 15:27:00,"Vec duze vreme sam korisnik IOS-a, to jest iPhona, pocev od modla 7, pa sve do 14 pro koji sam kupio pre nesto vise od mesec dana, i to u Svajcatskoj."
https://mobilnisvet.com/mobilni-komentari/y94s0/Apple/iPhone-14-Pro/3,Apple,Apple iPhone 14 Pro,Pex,2023-10-30 11:11:00,"Da li neko ima problem sa baterijom posle updejta na 17.1 14 pro, baterija se mnogo brze trosi nego prethodni 17.03 ios."
https://mobilnisvet.com/mobilni-komentari/y94s0/Apple/iPhone-14-Pro/3,Apple,Apple iPhone 14 Pro,Pitanje,2023-10-28 17:41:00,"Dobar dan, treba mi savet. Da li uzeti 14 pro ili 15 pro?"
https://mobilnisvet.com/mobilni-komentari/y94s0/Apple/iPhone-14-Pro/3,Apple,Apple iPhone 14 Pro,Vlado,2023-10-19 21:14:00,"Ljudi, da li neko ima problema sa Walletom, vec dva dana nece da mi udje, samo se skameni i moram skroz da izadjem iz obavestenja."
https://mobilnisvet.com/mobilni-komentari/y94s0/Apple/iPhone-14-Pro/3,Apple,Apple iPhone 14 Pro,Jocaa,2023-10-17 20:12:00,Imam pitanje za korisnike Iphone 14 Pro.?
https://mobilnisvet.com/mobilni-komentari/y94s0/Apple/iPhone-14-Pro/3,Apple,Apple iPhone 14 Pro,Vlado,2023-10-13 12:48:00,"Pozdrav ljudi, imam telefon 8 meseci, bh mi je na 100% i dalje, ali baterija znatno krace traje nakon update na ios 17, ne znam ima li neko slican problem?"
https://mobilnisvet.com/mobilni-komentari/y94s0/Apple/iPhone-14-Pro/3,Apple,Apple iPhone 14 Pro,Darko,2023-10-08 12:22:00,"Da li je bezbedno uzeti ovaj model (14 pro) u gore navedenim radnjama? Bilo kakva informacija mi je korisna, hvala."
https://mobilnisvet.com/mobilni-komentari/y94s0/Apple/iPhone-14-Pro/3,Apple,Apple iPhone 14 Pro,Stiven,2023-10-03 00:03:00,"Pozdrav ljudi, planiram da kupim iphone 14 pro128g,  gdje je najsigurnija kupovina? Pošto sam svašta čitao šta se sve radi, pa ne bih želeo da dam toliki novac, a da zauzvrat ne dobijem željeno..."
https://mobilnisvet.com/mobilni-komentari/pt4qv/Apple/iPhone-14-Pro-Max/3,Apple,Apple iPhone 14 Pro Max,Lazar_M,2024-02-18 21:23:00,"Pozdrav, moze li pomoc, koji telefon bi mi preporucili iPhone 14 Pro Max ili iPhone 15 Pro? U opticaju nije 15 PM zbog cijene, trenutno koristim iPhone 11 i dalje odlicno radi ali je baterija malo popustila, pa bi zato da mijenjam, hvala unaprijed."
https://mobilnisvet.com/mobilni-komentari/pt4qv/Apple/iPhone-14-Pro-Max/3,Apple,Apple iPhone 14 Pro Max,Martin,2024-02-18 15:44:00,Sta uzeti Iphone 14 promax ili samsung s23 ultra ?
https://mobilnisvet.com/mobilni-komentari/pt4qv/Apple/iPhone-14-Pro-Max/3,Apple,Apple iPhone 14 Pro Max,Jelena,2024-01-30 17:29:00,"Ovaj (s23 ultra) mi računa u 800 Eura od 512gb, iphone 14 pro max od 1tb sa bh 100% u 1000 Eura, tako da je doplata 200 Eura."
https://mobilnisvet.com/mobilni-komentari/pt4qv/Apple/iPhone-14-Pro-Max/3,Apple,Apple iPhone 14 Pro Max,Jelena,2024-01-28 23:38:00,Molim vas za pomoć!
https://mobilnisvet.com/mobilni-komentari/pt4qv/Apple/iPhone-14-Pro-Max/3,Apple,Apple iPhone 14 Pro Max,NN,2024-01-27 12:37:00,"Pozdrav, da li uzeti 14pro ili 15? Hvala unapred na odgovoru :)"
https://mobilnisvet.com/mobilni-komentari/pt4qv/Apple/iPhone-14-Pro-Max/3,Apple,Apple iPhone 14 Pro Max,!,2024-01-25 07:20:00,"Imam 14 PM ljubicasti i gold, gold je laksi ( manja granaza ) od ljubicastog???!!! Kako je to moguce?! Oba su uzeta nova.."
https://mobilnisvet.com/mobilni-komentari/pt4qv/Apple/iPhone-14-Pro-Max/3,Apple,Apple iPhone 14 Pro Max,xyyy,2024-01-20 15:55:00,"da li je realno da je cena modela koji je izašao pre godinu i po dana i čak nije najnoviji model, porasla u poslednje dve nedelje za 200€? kako je ovo moguće?"
https://mobilnisvet.com/mobilni-komentari/pt4qv/Apple/iPhone-14-Pro-Max/3,Apple,Apple iPhone 14 Pro Max,Mecko,2024-01-16 15:02:00,"Da li je ok cena za 14pro max sa 128gb nov sa garancijom od dve godine,punjacem,original maskom i folijom za 950e plus postarina.Kupljen od prijstelja koji ga samo otpakovao,zalepio foliju kupio masku i punjac original i ne odgovara mu taj isti dan jer nikad nije koristio ajfon."
https://mobilnisvet.com/mobilni-komentari/pt4qv/Apple/iPhone-14-Pro-Max/3,Apple,Apple iPhone 14 Pro Max,ANA,2024-01-07 21:22:00,"Klinac dobio danas ,14 pro max ,kako se iskljucuje na tastaturi ovaj auto korekt ili kako se vec zove ,kada se pise na tastaturi on ti sam daje opcije za reci"
https://mobilnisvet.com/mobilni-komentari/pt4qv/Apple/iPhone-14-Pro-Max/3,Apple,Apple iPhone 14 Pro Max,...,2024-01-04 11:12:00,Korisnik sam Samsung s23 ultre al vec duze vreme hocu da se prebacima na 14pm model. Imao sam priliku da vidim Iphone 13 obican i nekako mi je to jako lose izledalo naspram ultre. Zanima me jesu li pro max modeli dosta bolji od obicnih?
https://mobilnisvet.com/mobilni-komentari/pt4qv/Apple/iPhone-14-Pro-Max/3,Apple,Apple iPhone 14 Pro Max,Lalaa,2024-01-02 08:52:00,Da li kupiti ovaj ili iphone 15 pro?
https://mobilnisvet.com/mobilni-komentari/pt4qv/Apple/iPhone-14-Pro-Max/3,Apple,Apple iPhone 14 Pro Max,Popokatepetl,2023-12-07 19:43:00,"Joj da mi je znati sta su uradili sa novim softverom???? Otkako sam azurirao 14 pro max telefon je ni za onu stvar, da ne pominjem da mi je bateri health za mesec dana sa 96 pao na 92%%%, zvuk na telefonu toliko pucketa kao da su zvucnici produvali zakacim na aux pucketa povezem na blutut opet pucketa kao da su visokotnci produvali.... Posle godinu dana koriscenja telefona bukvalno sam bio prezadovoljan zaista ovo sad kao da koristim tetris"
https://mobilnisvet.com/mobilni-komentari/pt4qv/Apple/iPhone-14-Pro-Max/3,Apple,Apple iPhone 14 Pro Max,Ivana,2023-11-13 09:20:00,Zdravo. Kako ste celokupno zadovoljni sa 14 pro max? Trenutno imam 13 Pro Max i hocu da menjam ali nemam za 15ticu pa me zanima vase misljenje.
https://mobilnisvet.com/mobilni-komentari/pt4qv/Apple/iPhone-14-Pro-Max/3,Apple,Apple iPhone 14 Pro Max,Aleksandra,2023-10-26 16:34:00,"Iphone 14pmx star 7meseci, bh 95% vec, da li je to okej?"
https://mobilnisvet.com/mobilni-komentari/pt4qv/Apple/iPhone-14-Pro-Max/3,Apple,Apple iPhone 14 Pro Max,Aki,2023-10-25 20:50:00,Da dam ovoliko para za telefon koji trenutno ne podržava google photos koji ne podržava dva viber naloga? 99 posto ljudi koje znam nose iphone isključivo prestiža radi a od funkcija koriste poziv poruke i forografisanje. A kad popune icloud i izgube ili slome telefon onda nema više ni fotografija. S23 plus optimalno rešenje.
https://mobilnisvet.com/mobilni-komentari/pt4qv/Apple/iPhone-14-Pro-Max/3,Apple,Apple iPhone 14 Pro Max,Darijan,2023-10-20 11:35:00,"Da li uzeti 14pro max ili čekati 15pro obican posto mi je max skuplji,sad imam 12pro hteo bih da predjem na veći telefon?"
https://mobilnisvet.com/mobilni-komentari/pt4qv/Apple/iPhone-14-Pro-Max/3,Apple,Apple iPhone 14 Pro Max,BH,2023-10-16 10:30:00,"Uzela sam 14 PM u februaru, nov, sada je baterija na 99% jel to ok? Prvi mi je iphone, a vidim da svi gledaju BH.."
https://mobilnisvet.com/mobilni-komentari/pt4qv/Apple/iPhone-14-Pro-Max/3,Apple,Apple iPhone 14 Pro Max,Sale,2023-10-14 10:39:00,"Pozdrav.Pre 3 dana sam uzeo 14 pro max.Prešao sa Samsung S21 ultra.Još se učim.Da li neko ko ima isti telefon ili zna,može da mi kaže kako da otljučam aplikaciju Golgle photos jer je nema kod nas.Potrebna mi je zbog slika."
https://mobilnisvet.com/mobilni-komentari/pt4qv/Apple/iPhone-14-Pro-Max/3,Apple,Apple iPhone 14 Pro Max,Fenix,2023-10-01 09:41:00,Imam 12 pro max  256gb  u dilemi sam da li da ga zamenim za 14 pro max 128gb doplata je 350e
https://mobilnisvet.com/mobilni-komentari/pt4qv/Apple/iPhone-14-Pro-Max/3,Apple,Apple iPhone 14 Pro Max,Federdajzna,2023-09-22 12:11:00,Jel bolje uzeti s23 ultru 12/256 ili iPhone 14 pro max ?
https://mobilnisvet.com/mobilni-komentari/pt4qv/Apple/iPhone-14-Pro-Max/3,Apple,Apple iPhone 14 Pro Max,Nikola,2023-09-10 16:43:00,Jel dovoljno 128gb ili da uzmem 256
https://mobilnisvet.com/mobilni/yx4/Apple/iPhone-16-8GB-512GB-2x-SIM,Apple,Apple iPhone 16,bacene pare,2026-07-22 19:09:00,"Tezak krs od telefona. Ko ne moze da se otvori za 16 Pro ili barem 15 Pro bolje da ne uzima Iphone. Kamera je mnogo slabija u odnosu na Pro, sve mutno kad se nesto zumira. Jedino je video snimanje dobro. Baterja ne moze dan da sastavi a telefon nije ni godinu dana koriscen."
https://mobilnisvet.com/mobilni/yx4/Apple/iPhone-16-8GB-512GB-2x-SIM,Apple,Apple iPhone 16,nikola,2026-07-19 17:53:00,cao imam pitanje imam iphone 13 bat 91 i otisla mi je baterija hocu da zamenim telefon koji preporucujete s25 iph 16 ili 15 pro poz
https://mobilnisvet.com/mobilni/yx4/Apple/iPhone-16-8GB-512GB-2x-SIM,Apple,Apple iPhone 16,milena,2026-07-17 12:39:00,"imam samsung a51 vec 3 godine, preporuka za neki ajfon"
https://mobilnisvet.com/mobilni/yx4/Apple/iPhone-16-8GB-512GB-2x-SIM,Apple,Apple iPhone 16,Ana,2026-07-06 22:47:00,Imam sad 13 zanima me koji da užem telefon da je ajfon Al da nije 17
https://mobilnisvet.com/mobilni/yx4/Apple/iPhone-16-8GB-512GB-2x-SIM,Apple,Apple iPhone 16,Ana,2026-07-03 07:11:00,Da li vredi dati 150e vise ili kupiti ipak 16? Molim za pomoc...
https://mobilnisvet.com/mobilni/yx4/Apple/iPhone-16-8GB-512GB-2x-SIM,Apple,Apple iPhone 16,Aca,2026-07-01 21:47:00,Da li se isplati preci sa 14 pro max na obican 16?
https://mobilnisvet.com/mobilni/yx4/Apple/iPhone-16-8GB-512GB-2x-SIM,Apple,Apple iPhone 16,Vuk,2026-07-01 11:40:00,"Pozdrav, zanima me konkretno misljenje i savet, da li uzimati 15 pro polovan(90% bh i naviše) ili 16-icu običnu, novu??"
https://mobilnisvet.com/mobilni/yx4/Apple/iPhone-16-8GB-512GB-2x-SIM,Apple,Apple iPhone 16,Jelena,2026-06-11 18:51:00,"Za koliko bih mogla da prodam iphone 16, 128, star 8 meseci, baterija 99%, bez oštećenja? Imam i kutiju"
https://mobilnisvet.com/mobilni/yx4/Apple/iPhone-16-8GB-512GB-2x-SIM,Apple,Apple iPhone 16,D,2026-06-07 01:07:00,"Imam jedno pitanje za one koji sa tim imaju iskustva. Do sada sam kupovao samo u velikim radnjama, medjutim da bih tamo kupio ovaj telefon treba mi 800 eur sto mi je malo skupo. U malim radnjama on je 600 eur, sto mi je prihvatljivije. Pitam vas da li postoje razlike u pouzdanosti da je telefon ispravan i da ce garancija biti ispostovana? Hvala"
https://mobilnisvet.com/mobilni/yx4/Apple/iPhone-16-8GB-512GB-2x-SIM,Apple,Apple iPhone 16,Kakav je iphone 16,2026-06-02 10:28:00,Kakav je iohone 16
https://mobilnisvet.com/mobilni/yx4/Apple/iPhone-16-8GB-512GB-2x-SIM,Apple,Apple iPhone 16,Rosa,2026-05-27 23:05:00,Da li je neko prešao sa Samsunga S serije na ovaj telefon? Da li je toliko očito 60hz i kakva su iskustva. Hvala
https://mobilnisvet.com/mobilni/yx4/Apple/iPhone-16-8GB-512GB-2x-SIM,Apple,Apple iPhone 16,Sole,2026-05-27 19:41:00,"Nameravam da uzmem ovaj pa me zanima ko ga ima,da li se pregreva, i gasi tokom razgovora, ima li nekih treperenja ekrana, gubljenja mreze,kao što su se zalili neki. Ne smeta mi 60hz i imam povoljno nov."
https://mobilnisvet.com/mobilni/yx4/Apple/iPhone-16-8GB-512GB-2x-SIM,Apple,Apple iPhone 16,Maki,2026-05-17 15:11:00,Mene zanima koji telefon po vama ima bolju bateriju ajfon 16 ili 17?
https://mobilnisvet.com/mobilni/yx4/Apple/iPhone-16-8GB-512GB-2x-SIM,Apple,Apple iPhone 16,Medic,2026-05-15 15:46:00,60hz u 2026 godini💀🙏
https://mobilnisvet.com/mobilni/yx4/Apple/iPhone-16-8GB-512GB-2x-SIM,Apple,Apple iPhone 16,Ip,2026-05-03 09:10:00,"Da li uzeti ovaj ili 17e, apgrejdujem sa Xr, nisam zahtevan korisnik, bitno mi je da telefon što duže traje (min. 5 god.) i cena mi je bitna?"
https://mobilnisvet.com/mobilni/yx4/Apple/iPhone-16-8GB-512GB-2x-SIM,Apple,Apple iPhone 16,Maki,2026-04-22 10:19:00,"Postoje li znacajnije razlike izmedju ovog 16 obicnog i iphone 15 obicnog,a ipak je razlika u ceni?"
https://mobilnisvet.com/mobilni/yx4/Apple/iPhone-16-8GB-512GB-2x-SIM,Apple,Apple iPhone 16,Zko,2026-04-19 08:16:00,Sto kasne sms na ovom na mts. I to nisam jedini?
https://mobilnisvet.com/mobilni/yx4/Apple/iPhone-16-8GB-512GB-2x-SIM,Apple,Apple iPhone 16,Nikola,2026-04-12 09:45:00,Dali uzeti ovaj ili Samsung s25
https://mobilnisvet.com/mobilni/yx4/Apple/iPhone-16-8GB-512GB-2x-SIM,Apple,Apple iPhone 16,Srdjan,2026-03-27 13:48:00,I da jedino su mogli da ubace 120Hz osvezavanje ekrana.
https://mobilnisvet.com/mobilni/yx4/Apple/iPhone-16-8GB-512GB-2x-SIM,Apple,Apple iPhone 16,Mila,2026-01-24 23:37:00,Da li uzeti 16 ili 15 pro ? Iskustvo neko ko vise poznaje ajfone
https://mobilnisvet.com/mobilni/yx4/Apple/iPhone-16-8GB-512GB-2x-SIM,Apple,Apple iPhone 16,Malena,2026-01-23 22:49:00,"Zelala BiH da predjem sa 13 na 16 Ajfon kakav su vam iskustva sa baterijom i kamerom isplati se kupiti nov vakum ili moze u fulll stanju 90 do 95 @% baterija ,neki savet iskustvo"
https://mobilnisvet.com/mobilni/yx4/Apple/iPhone-16-8GB-512GB-2x-SIM,Apple,Apple iPhone 16,Kaća,2026-01-23 04:42:00,"Evo vec neko vreme koristim ovaj telefon i utisci su sledeći: kamera bolja nego očekivano, možete da podesite parametre kako vama odgovara i imaćete profi slike, baterija tera dan i po bez problema (prosečan sam korisnik, drustvene mreže pozivi itd normalno neko korišćenje), sto se tiče ekrana od 60hz na koji svi kukaju iskreno ja nisam primetila neki problem u tom smislu, prešla sam sa s22 na ovaj telefon. Tako da, za prosečnog korisnika iskreno nema potrebe pucati 200€ više za 17, koji je maltene sličan ovom modelu, kupite 16 jeftiniji je a trajace vam dugo stvarno. Nisam htela 15 da uzimam koji je jeftiniji jer je dizajn iskreno mnogo lepši pogotovo uživo (moj je teal)"
https://mobilnisvet.com/mobilni/yx4/Apple/iPhone-16-8GB-512GB-2x-SIM,Apple,Apple iPhone 16,Мара,2026-01-22 08:44:00,Iphone 15 ili Iphone 16 obican? Sta se vise isplati?
https://mobilnisvet.com/mobilni/93g/Apple/iPhone-16-Plus-8GB-512GB-2x-SIM,Apple,Apple iPhone 16 Plus,D,2026-04-30 21:33:00,"Za te pare uzeti neki premium honor i da vas bog vidi,i ekran i baterija,a tek kamera i zoom. Da ne pričamo"
https://mobilnisvet.com/mobilni/93g/Apple/iPhone-16-Plus-8GB-512GB-2x-SIM,Apple,Apple iPhone 16 Plus,Ivana,2026-04-21 17:09:00,"Kupila sam 16,ajfon telefone kupujem od kako je izasao 5s e ova 16 je najgori moguci model to baguje to pozivi odzvanjaju ma katastrofa,baterija se trosi nenormalno brzo,pregreva se,onda ima bas da mi stoji kao da je telefon na punjenju a nije 😵 pakao zali boze para"
https://mobilnisvet.com/mobilni/93g/Apple/iPhone-16-Plus-8GB-512GB-2x-SIM,Apple,Apple iPhone 16 Plus,neo,2026-01-05 08:57:00,Samo da se upisemu klub 16 Plus. Sada nabacih jedan od 128GB. Jeste Pink :( i ima MDM ali za 480e neotpakovan. . . Ima samo da prsti ;)
https://mobilnisvet.com/mobilni/93g/Apple/iPhone-16-Plus-8GB-512GB-2x-SIM,Apple,Apple iPhone 16 Plus,Sasa,2025-10-07 20:20:00,"Ovoliki novac davati a da nema vise od 60Hz, je suludo. Gledati samo uredjaje sa 90Hz i vise. Tu ni IOS ne moze da popravi stvar. Znam iz oicnog iskustva, a to i logika nalaze."
https://mobilnisvet.com/mobilni/93g/Apple/iPhone-16-Plus-8GB-512GB-2x-SIM,Apple,Apple iPhone 16 Plus,Sanjica,2025-09-29 12:55:00,"Koji je telefon bolji po vama, ali iskreno, Honor Magic 7 Pro ili iPhone 16 Plus? Hvalaaa"
https://mobilnisvet.com/mobilni/93g/Apple/iPhone-16-Plus-8GB-512GB-2x-SIM,Apple,Apple iPhone 16 Plus,Nikola,2025-09-29 00:31:00,"Pojavio se na oglasima za 690€ sa dve godine garancije a star manje od pet meseci, da li se isplati ovaj telefon za ovaj novac?"
https://mobilnisvet.com/mobilni/93g/Apple/iPhone-16-Plus-8GB-512GB-2x-SIM,Apple,Apple iPhone 16 Plus,Marija,2025-09-27 14:46:00,"Ljudi, na oglasima se pojavio ovaj telefon u beloj boji za 730€ sa dve godine Yettel garancije i sa oko 100 ciklusa punjenja a BH je 100%. Da li je ovo dobra prilika da se lupi ovaj telefon, šta vi mislite? Unapred hvala svima."
https://mobilnisvet.com/mobilni/93g/Apple/iPhone-16-Plus-8GB-512GB-2x-SIM,Apple,Apple iPhone 16 Plus,Mladja,2025-05-08 11:25:00,"Pre tri dana sam kupio ovaj telefon, savrsen u svemu dok me je baterija ostavila bez daha, dva puna dana uz celodnevno koriscenje izdrzi, po prvi put iPhone je napravio zverinu od telefona. Svaka cast Apple!"
https://mobilnisvet.com/mobilni/93g/Apple/iPhone-16-Plus-8GB-512GB-2x-SIM,Apple,Apple iPhone 16 Plus,Ana,2025-04-22 09:34:00,Dal se još prodaje
https://mobilnisvet.com/mobilni/93g/Apple/iPhone-16-Plus-8GB-512GB-2x-SIM,Apple,Apple iPhone 16 Plus,Peca 92,2025-04-14 10:54:00,"Najbolji baterija Kao kod pro maxa ,treca kamera mi ne Treba."
https://mobilnisvet.com/mobilni/93g/Apple/iPhone-16-Plus-8GB-512GB-2x-SIM,Apple,Apple iPhone 16 Plus,Nikola,2024-12-03 18:09:00,Kupio sam ovaj telefon pre mesec dana. Imao sam pre toga 15 pro na kome sam ludeo od baterije. Ovaj telefona lagane upotrebe može dva dana da izdrži bez problema. Jednostavno volim velike telefone jer mi je sve preglednije. Meni osvežavanje od 120 herca ne znači ništa jer telefon i sa 60 herca skroluje sadvim dobro. Jednostavno nemam jikakvih zamerki.
https://mobilnisvet.com/mobilni/93g/Apple/iPhone-16-Plus-8GB-512GB-2x-SIM,Apple,Apple iPhone 16 Plus,ledjox,2024-11-20 04:30:00,"Moj note 10plus ga šuri u svakom pogledu. Džaba su krečili. Više memorije,kamere jako dobre. Baterija posle 5god top od kako je izašao."
https://mobilnisvet.com/mobilni/93g/Apple/iPhone-16-Plus-8GB-512GB-2x-SIM,Apple,Apple iPhone 16 Plus,Душан,2024-09-14 23:54:00,"Odvratan je ovaj novi notch. Šteta što su prestali sa onim prepoznatljivim, koji je bio na modelima 11, 12, 13"
https://mobilnisvet.com/mobilni/93g/Apple/iPhone-16-Plus-8GB-512GB-2x-SIM,Apple,Apple iPhone 16 Plus,e3,2024-09-10 23:11:00,"Back to past, telefon napravljen za nostalgicare, ili one koji nisu bili u mogucnosti iPhone 11 da uzmu pre 5 godina, sada je prilika, zbog toga identican dizajn, posebno kamere, uz malo veselije boje u ponudi, bar je tako obrazlozio CEO dizajn tima iPhone 11-ce. Greska, 16-ce"
https://mobilnisvet.com/mobilni/fmj/Apple/iPhone-16-Pro-8GB-1TB-2x-SIM,Apple,Apple iPhone 16 Pro,Aleksa,2026-06-07 00:53:00,"Uzeo sam polovan iP 16 pro, korišćen godinu dana, dobro očuvan. Umereno sam ga koristio poslednjih par meseci trenutno  91% BHealth i 337 ciklusa punjenja."
https://mobilnisvet.com/mobilni/fmj/Apple/iPhone-16-Pro-8GB-1TB-2x-SIM,Apple,Apple iPhone 16 Pro,Nikola,2026-05-17 12:30:00,"Zdravo, molim za svaki komentar uvezi ovog telefona sutra idem u kupovinu, odlucio sam se za iphone 16 pro. Dali je dobar izbor. Nek napise svako utiske...."
https://mobilnisvet.com/mobilni/fmj/Apple/iPhone-16-Pro-8GB-1TB-2x-SIM,Apple,Apple iPhone 16 Pro,Nikola,2026-05-15 16:08:00,Zdravo svima. U planu mi je kupovina novog telefona dvoumim se izmedju iphone 16 pro i iphone 17/ 17 pro. Koji bi mi pre preporucili. Bitna mi je baterija i kamera...
https://mobilnisvet.com/mobilni/fmj/Apple/iPhone-16-Pro-8GB-1TB-2x-SIM,Apple,Apple iPhone 16 Pro,Nenad,2026-05-15 10:48:00,Razmisljam da prodam s25 i uzmem iphone 16 pro ili xiaomi 17. Koji bi mi pre preporucili...
https://mobilnisvet.com/mobilni/fmj/Apple/iPhone-16-Pro-8GB-1TB-2x-SIM,Apple,Apple iPhone 16 Pro,Rus,2026-05-03 13:36:00,"Sta je bolje, 16 pro ili 17 pro"
https://mobilnisvet.com/mobilni/fmj/Apple/iPhone-16-Pro-8GB-1TB-2x-SIM,Apple,Apple iPhone 16 Pro,Ilija,2026-03-30 10:38:00,Dobar dan zanima me imam iPhone 14 star 2ipo god i ne znam da li je bolje da zamenim za 16 pro ili 17 i ko ima kakvi su vam utisci
https://mobilnisvet.com/mobilni/fmj/Apple/iPhone-16-Pro-8GB-1TB-2x-SIM,Apple,Apple iPhone 16 Pro,Filip,2026-03-28 07:58:00,"Može li neko da napiše kakva su realna iskustva vezana za trajanje baterije. Želim da zamenim 16 Pro Max za 16 Pro zbog veličine, ali me brine da li baterija može sa izgura ceo dan. Tokom radnih dana, retko kada potrošim više od 50-60% kapaciteta na Max modelu (punim do 85% i uglavnom završavam dan na oko 30%)."
https://mobilnisvet.com/mobilni/fmj/Apple/iPhone-16-Pro-8GB-1TB-2x-SIM,Apple,Apple iPhone 16 Pro,Skeptik,2026-03-18 23:07:00,Stigao mi je napokon update na Android 16 i MagicOS 10. Maltene preslikano 1 na 1 sa ios-om.
https://mobilnisvet.com/mobilni/fmj/Apple/iPhone-16-Pro-8GB-1TB-2x-SIM,Apple,Apple iPhone 16 Pro,Miko,2026-03-10 21:59:00,"Nakon koriscenja vise od godinu dana mogu reci da sam jako zadovoljan. Jedna zamerka, telefon je tezak za svoju velicinu, ima 199grama plus maskica to je preko 200grama. Da li je iko to primetio?"
https://mobilnisvet.com/mobilni/fmj/Apple/iPhone-16-Pro-8GB-1TB-2x-SIM,Apple,Apple iPhone 16 Pro,Lena,2026-01-28 14:52:00,Treba mi vase misljenje da li da uzmem 16 pro ili 17 pro
https://mobilnisvet.com/mobilni/fmj/Apple/iPhone-16-Pro-8GB-1TB-2x-SIM,Apple,Apple iPhone 16 Pro,Ema,2026-01-21 12:42:00,"Zdravo, da li moze savet? Kakva je baterija na 16 i 16 pro? Imam osecaj da su baterije sve gore ☹️"
https://mobilnisvet.com/mobilni/fmj/Apple/iPhone-16-Pro-8GB-1TB-2x-SIM,Apple,Apple iPhone 16 Pro,Petko,2026-01-13 16:07:00,"Zdravo ljudi. Nakon nekog perioda korišćenja, zanimaju me vaša iskustva. Da li je bolje uzeti 16 pro (polovan) ili 17 običan?"
https://mobilnisvet.com/mobilni/fmj/Apple/iPhone-16-Pro-8GB-1TB-2x-SIM,Apple,Apple iPhone 16 Pro,Dremix,2025-12-20 18:38:00,Dvoumim se izmedju iphone 16 pro 256gb (880e) ili 17 pro 256gb (1150e) bitna mi je baterija koja je bolja I vase iskustvo stk je bolje
https://mobilnisvet.com/mobilni/fmj/Apple/iPhone-16-Pro-8GB-1TB-2x-SIM,Apple,Apple iPhone 16 Pro,E,2025-12-20 18:37:00,E
https://mobilnisvet.com/mobilni/fmj/Apple/iPhone-16-Pro-8GB-1TB-2x-SIM,Apple,Apple iPhone 16 Pro,Aca,2025-12-13 19:33:00,"imam 16 pro,pa sam kupio 17 pro max,ipak nisam imao nikad max model pa da vidim kako je,hteo sam jacu bateriju i to sam primetio da je velika razlika,sa iphone 16 pro nisam bio bas odusevljen,kad ga uporedim sa ovim kao igracka je...ja sam kupio beli jel bela boja za iphone je najbolja,onaj mi bio grey nije bilo lepo..."
https://mobilnisvet.com/mobilni/fmj/Apple/iPhone-16-Pro-8GB-1TB-2x-SIM,Apple,Apple iPhone 16 Pro,T,2025-12-12 21:56:00,S25 ultra ili ovaj
https://mobilnisvet.com/mobilni/fmj/Apple/iPhone-16-Pro-8GB-1TB-2x-SIM,Apple,Apple iPhone 16 Pro,Zex,2025-12-09 01:54:00,Sta uzeti google pixel 10 pro ili iphone 16 pro???
https://mobilnisvet.com/mobilni/fmj/Apple/iPhone-16-Pro-8GB-1TB-2x-SIM,Apple,Apple iPhone 16 Pro,niktz,2025-12-03 00:01:00,"nisu mi jasne cene, ovde preko 900 evra a amazon 594 dolara= oko 510 evra. Jel ko uzmao do sad online"
https://mobilnisvet.com/mobilni/fmj/Apple/iPhone-16-Pro-8GB-1TB-2x-SIM,Apple,Apple iPhone 16 Pro,Lidija,2025-11-10 08:44:00,"Ljudi, dvoumim se između 16 pro i obične 17."
https://mobilnisvet.com/mobilni/fmj/Apple/iPhone-16-Pro-8GB-1TB-2x-SIM,Apple,Apple iPhone 16 Pro,Sofija,2025-10-28 15:04:00,"Koristim 16 pro od februara ove godine. iOS 18.7.1 je radio savrseno. Nakon updejta na iOS 26.0.1 aplikacija Contacts, za svako upisano ime u imeniku (ime, prezime i broj telefona, rucno ukucan svaki kontakt pojedinacno), zauzima od 10 do 15 MB memorije, 280 kontakata u ovoj aplikaciji zauzima skoro 4 GB!!!!! memorije! Na iOS 18.7.1 svi kontakti sa aplikacijom zauzimali su oko 35 MB! Dali je moguce da niko nema ovaj problem osim mene? Ako niko nije prijavio ovaj problem Apple-u, onda ga oni sledecim apdejtom nece ni resiti! Dali je to bug, ili sta moze biti???"
https://mobilnisvet.com/mobilni/fmj/Apple/iPhone-16-Pro-8GB-1TB-2x-SIM,Apple,Apple iPhone 16 Pro,Ivana,2025-10-25 12:04:00,Imam 14pro…hocu da menjam.
https://mobilnisvet.com/mobilni/fmj/Apple/iPhone-16-Pro-8GB-1TB-2x-SIM,Apple,Apple iPhone 16 Pro,Dr.Zuba,2025-10-22 13:49:00,Pozdrav svima. Kakva je kamera za video zapise i slikanje iz blizine? Potreban za slikanje radova u ordinaciji.
https://mobilnisvet.com/mobilni/sbw/Apple/iPhone-16-Pro-Max-8GB-1TB-1x-SIM-2x-eSIM,Apple,Apple iPhone 16 Pro Max,Markoni77,2026-07-31 06:19:00,"Prvi put sam uzeo IPhone. Prvih godinu dana baterija je bila dobra , a sada posle godinu ipo dana je spala vrlo brzo na 94% . Poceo je veoma brzo da se prazni, bukvalno mi baterija spada pred ocima lol Da li neko ima slicne probleme? Ili savet ? Ugasio sam sve pozadinske aplikacije, ugasio sam u svim aplikacijama da ne rade u pozadini, i dalje nista…. Dok sam ovo pisao baterija je otisla sa 80% na 77% …. Veoma sam razocaran Iphone-om"
https://mobilnisvet.com/mobilni/sbw/Apple/iPhone-16-Pro-Max-8GB-1TB-1x-SIM-2x-eSIM,Apple,Apple iPhone 16 Pro Max,NN,2026-02-19 09:20:00,"Nisam nikada koristio iPhone i imam želju da probam, ali pre toga bih postavio neka pitanja."
https://mobilnisvet.com/mobilni/sbw/Apple/iPhone-16-Pro-Max-8GB-1TB-1x-SIM-2x-eSIM,Apple,Apple iPhone 16 Pro Max,Kimi,2026-02-03 17:45:00,Da li je bolje uzeti iphone 16pro max 256 gb ili samsung S25 ultra 512 gb ..bitna mi je baterija i kamera
https://mobilnisvet.com/mobilni/sbw/Apple/iPhone-16-Pro-Max-8GB-1TB-1x-SIM-2x-eSIM,Apple,Apple iPhone 16 Pro Max,ivek,2025-09-25 10:07:00,"""nenad"" normalno i razumno, ali zašto se kupuju te skupe maske za bežično punjenje kad to niko ne koristi jer je na ovom telefonu bežično punjenje tako sporo da je besmisleno?"
https://mobilnisvet.com/mobilni/sbw/Apple/iPhone-16-Pro-Max-8GB-1TB-1x-SIM-2x-eSIM,Apple,Apple iPhone 16 Pro Max,ras,2025-09-22 15:13:00,"Svako veče pred spavanje isključim Wifi i mobilnu mrežu i do ujutro potroši 4% baterije, sad slučajno nisam i potrošio je 8%. Baš sam se iznenadio. Da li je ovo normalno?"
https://mobilnisvet.com/mobilni/sbw/Apple/iPhone-16-Pro-Max-8GB-1TB-1x-SIM-2x-eSIM,Apple,Apple iPhone 16 Pro Max,Milosh,2025-07-25 01:25:00,"Šta kupiti,novi vakuum 15PM ili vakuum 16PM od 256GB?"
https://mobilnisvet.com/mobilni/sbw/Apple/iPhone-16-Pro-Max-8GB-1TB-1x-SIM-2x-eSIM,Apple,Apple iPhone 16 Pro Max,Goran,2025-07-14 10:48:00,Milos neznam drug de živiš kažem to prijateljski ja sam iz Kš i Yetelu imam karticu probaš sa žicom koji hoćeš tel.samo ako nije izložen to je i u a1.isto i kažuti ako nemaju primer 16.kažu isti ti je ko 15.naveo sam primer.kod privatnika imaš u izlog daju ti bez one žice probaš u ruci sve čak i slike i sve.hvala
https://mobilnisvet.com/mobilni/sbw/Apple/iPhone-16-Pro-Max-8GB-1TB-1x-SIM-2x-eSIM,Apple,Apple iPhone 16 Pro Max,Stefan,2025-07-07 11:34:00,Pozdrav svima. Da li vredi staviti zaštitno staklo za kameru i da li se gubi kvalitet slike zbog toga?
https://mobilnisvet.com/mobilni/sbw/Apple/iPhone-16-Pro-Max-8GB-1TB-1x-SIM-2x-eSIM,Apple,Apple iPhone 16 Pro Max,nixola,2025-07-04 18:17:00,da li je neko porucivao telefon preko a1 i zanima me koliko je vreme dostave konkretno za novi sad jer sam porucio u ponedeljak ali telefon jos nije ni poslat
https://mobilnisvet.com/mobilni/sbw/Apple/iPhone-16-Pro-Max-8GB-1TB-1x-SIM-2x-eSIM,Apple,Apple iPhone 16 Pro Max,marko,2025-06-30 19:26:00,cao svima koristim 16 pro max zanima me koliko vremenski ovakav telefon moze da se koristi a da ne mislim na kupovinu novog i koliko dugo baterija moze da se koristi a da ne mislim o zameni? Za kvalitet baterije sta se gleda procenti ili taj ciklus baterije malo mi je glupo zvuci punjenje do 500 ciklusa treba li se obazirati na to?
https://mobilnisvet.com/mobilni/sbw/Apple/iPhone-16-Pro-Max-8GB-1TB-1x-SIM-2x-eSIM,Apple,Apple iPhone 16 Pro Max,Milosh,2025-06-26 15:06:00,"Zdravo ljudi,zanima me koji telefon bolje leže u šaci,konkretno muškoj šaci,iphone 16 pro ili 16 pro max,dvoumim se između ta dva modela ali mi je šaka velika i ne znam da li će mi odgovarati pro max model,da ne bude prevelik,a s druge strane 16 pro bi mi možda bio premali."
https://mobilnisvet.com/mobilni/sbw/Apple/iPhone-16-Pro-Max-8GB-1TB-1x-SIM-2x-eSIM,Apple,Apple iPhone 16 Pro Max,Mina,2025-06-24 11:15:00,"Skoro sam prešla posle dosta godina sa Androida na IPhone pre svega zbog fantastične kamere ali nikako da se naviknem na Apple galeriju, imam verziju iOS 18.5. Naime u galeriji mi strpa sve žive slike, screenshots, downloads, WA, itd. zajedno sa snimcima sa moje kamere u onaj prvi prikaz gde je to sve pomešano i totalni haos. Kod Android OS sam imala (konkretno Samsung), posebno slike sa moje kamere u Camera folder, a sve ostalo po svojim folderima. Znao se red što je i logično. Izgleda da ne mogu Iphone Gallery App da podesim da radi to isto. Znam da mogu ja da pravim albume i dodajem slike u njih, ali ovu veliki papazjaniju gde je sve zajedno odmah na početku ne znam kako da kultivišem. Koji app drugi da skinem da je free i da se dobro pokazao? Pokušala sam da skinem Google Photos ali njega uopšte nema na App Store i kada se locira putem pretraživača i proba da instalira kaže da nije dostupan za region Srbije. Kako to? Da li mogu da nekako promenim region van Srbije pa instaliram Google Photos pa se vratim na region Srbije da mi ne bi iOS pravio probleme posle oko drugih stvari? Hvala puno :*"
https://mobilnisvet.com/mobilni/sbw/Apple/iPhone-16-Pro-Max-8GB-1TB-1x-SIM-2x-eSIM,Apple,Apple iPhone 16 Pro Max,pera,2025-06-19 14:47:00,"Da li neko ima ideju kako se izboriti sa duhovima, malim svetlosnim tackicama koje se pojavljuju u video snimcima snimanim ovim telefonom nocu? Jednostavno preplave video ako je snimano u gradu jer ima dosta gradskog svetla od raznih lampi. Takodje ako snimam fotografije panorama gde je sunce u kadru, recimo zalazak na moru, dobijam veliki odblesak negde po sred kadra koga nikako ne mogu da izbegnem kako god da okrenem kameru i to je skoro u 100% slucajeva prisutno na 5x (120mm) telefoto kameri?"
https://mobilnisvet.com/mobilni/sbw/Apple/iPhone-16-Pro-Max-8GB-1TB-1x-SIM-2x-eSIM,Apple,Apple iPhone 16 Pro Max,Milan,2025-06-16 08:03:00,"Dosta iritirajuci problem imam sa Face Unlock cim telefon stavim malo iskosa na sto i prepisujem sa njega u svesku, naravno on se ugasi posle nekog vremena i ne mogu da ga otkljucam bez da kucam lozinku ili ga podizem svaki cas prema licu da moze da se otkljuca. A zaista se ne radi o nikakvom posebnom uglu na stolu, odmah pored sveske i ne moze da odradi Face ID. Na svom starom Androidu samo bih presao preko senzora otiska prsta i otkljucao bez ikakvog cimanja. Sve sam ukljucio za Face ID u podesavanjima i naravno mrka kapa. Super radi Face ID sve dok mozete telefon slobodno da drzite u ruci i usmerite savrseno prema licu onda radi i po mraku, ali cim on zavrsi na nekoj podlozi pored vas zaboravite na otkljucavanje bez da kucate lozinku. Zato Apple treba da uvede i senzor otiska prsta pa ko voli nek izvoli ovako ocigledno postoji ogranicenje koje utice na rad."
https://mobilnisvet.com/mobilni/sbw/Apple/iPhone-16-Pro-Max-8GB-1TB-1x-SIM-2x-eSIM,Apple,Apple iPhone 16 Pro Max,Korleone,2025-06-15 11:03:00,Je l' će na IOS 19 tj 26 biti opcije umanjenja ikona?
https://mobilnisvet.com/mobilni/sbw/Apple/iPhone-16-Pro-Max-8GB-1TB-1x-SIM-2x-eSIM,Apple,Apple iPhone 16 Pro Max,Drasko,2025-06-14 10:17:00,"Pozdrav. Da li još neko ima problem da mu se telefon zagreva ekstremno prilikom korišćenja kamere, dakle nakon par minta? Ili je to do iosa (azuriran je na 18.5). Hvala."
https://mobilnisvet.com/mobilni/sbw/Apple/iPhone-16-Pro-Max-8GB-1TB-1x-SIM-2x-eSIM,Apple,Apple iPhone 16 Pro Max,grk,2025-06-12 11:39:00,Da li će carine na kinesku robu da utiču na cene Ajfona zna li se šta?
https://mobilnisvet.com/mobilni/sbw/Apple/iPhone-16-Pro-Max-8GB-1TB-1x-SIM-2x-eSIM,Apple,Apple iPhone 16 Pro Max,Deki,2025-06-08 14:15:00,Da li mogu dve kartice?
https://mobilnisvet.com/mobilni/sbw/Apple/iPhone-16-Pro-Max-8GB-1TB-1x-SIM-2x-eSIM,Apple,Apple iPhone 16 Pro Max,jABUKA,2025-05-14 21:05:00,Konacno srpski jezik u podesavanjima telefona! Wee
https://mobilnisvet.com/mobilni/sbw/Apple/iPhone-16-Pro-Max-8GB-1TB-1x-SIM-2x-eSIM,Apple,Apple iPhone 16 Pro Max,Lidija,2025-04-15 08:58:00,"Treba mi hitna pomoč u vezi toga koje srpske kartice rade da bi se mogle registrovati na Apple ID account. Hoću da kupim dve aplikacije, ali nikako ne mogu da registrujem karticu, probala sam tri već, poslednja debitna devizna Mastercard NLB Komercijalne i ne radi. Šta radim pogrešno? Hvala :*"
https://mobilnisvet.com/mobilni/sbw/Apple/iPhone-16-Pro-Max-8GB-1TB-1x-SIM-2x-eSIM,Apple,Apple iPhone 16 Pro Max,Damir,2025-04-08 11:41:00,Savet da li uzeti sad 16promax ili sačekati 17promax? hvala
https://mobilnisvet.com/mobilni/sbw/Apple/iPhone-16-Pro-Max-8GB-1TB-1x-SIM-2x-eSIM,Apple,Apple iPhone 16 Pro Max,Sale,2025-04-06 12:18:00,Zdravo imam 16 pro i razmišlja da predjem na Samsung s25ultra da li je pametno
https://mobilnisvet.com/mobilni/sbw/Apple/iPhone-16-Pro-Max-8GB-1TB-1x-SIM-2x-eSIM,Apple,Apple iPhone 16 Pro Max,Joka,2025-03-31 08:58:00,"Čini mi se da je prednja kamera u uslovima kontra svetla u sobi lošija nego na Redmi Note 8 Pro iz 2019. god. Nikako da pogodi bez tog žutila i značajno manja oštrina očiju osim ako se ne omogući night mode, ali nije to to. Počinjem da sumnjam i u zaštitno staklo koje je preko kamere, da možda ono ne pravi problem? Na Redmi Note 8 Pro nema zaštite preko kamere i ta selfi kamera zaista pravi prelepe slike lica, oštrina i boja kože prelepe sve ove godine dok sam sa PM16 razočarana jer maši boju, vuče na žuto i koža je katastrofa. To samo unutra dok je napolju znatno bolji. Glavne kamere vrh, međutim selfi razočarana sam... osim ako nije staklo, koje je novo, ali opet ne skida mi se comicell staklo da probam bez ipak 500 din bačeno, nema na ajfonu zaštita sa prorezom za kameru kao na ostalima ili ima možda?"
https://mobilnisvet.com/mobilni/sbw/Apple/iPhone-16-Pro-Max-8GB-1TB-1x-SIM-2x-eSIM,Apple,Apple iPhone 16 Pro Max,D,2025-03-30 23:45:00,Dvoumim se izmedju ovog ili pro modela.. Mnogi kazu uzmi ovaj jer je bolja baterija i pregledniji ekran...
https://mobilnisvet.com/mobilni-komentari/pt4qv/Apple/iPhone-14-Pro-Max/4,Apple,Apple iPhone 14 Pro Max,Nikola,2023-09-09 23:21:00,"Razmisljam da uzmem 14 ProMax,do sada nisam koristio iPhone,sta mislite da uzimam ili da cekam iPhone 15"
https://mobilnisvet.com/mobilni-komentari/pt4qv/Apple/iPhone-14-Pro-Max/4,Apple,Apple iPhone 14 Pro Max,Dusan Nesic,2023-09-07 17:43:00,Pozdrav svima planiram da kupim iPhone 14 ProMax u skorije vreme pa se razmisljam da li je dovoljno 128gb ili da uzmem 256gb pa da nerazmisljam da li neko moze da mi kaze neka iskustva neki savet ili bilo sta?
https://mobilnisvet.com/mobilni-komentari/pt4qv/Apple/iPhone-14-Pro-Max/4,Apple,Apple iPhone 14 Pro Max,mile,2023-08-22 12:36:00,Ne znam na osnovu kog podatka su ovdje na sajtu stavili za ove ajfone podatak 100%
https://mobilnisvet.com/mobilni-komentari/pt4qv/Apple/iPhone-14-Pro-Max/4,Apple,Apple iPhone 14 Pro Max,Max,2023-07-31 08:02:00,"Da ne bi ispalo da samo hvalim telefon. Ne sviđa mi se što se plaćaju Apple music i što iTunes u Srbiji nije dostupan, sva sreća pa postoje druge aplikacije kao zamena"
https://mobilnisvet.com/mobilni-komentari/pt4qv/Apple/iPhone-14-Pro-Max/4,Apple,Apple iPhone 14 Pro Max,Max,2023-07-31 06:56:00,"Samsung je ove godine produžio ažuriranja. Dvoumio sam se i ja između S23U i 14PM ali kad sam video da su odmah rekli kako S22U ne valja i odmah ga eliminisali i povukli, odustao sam od tog modela i uzeo iPhone (daju i ažuriranja 6 god i redovna su)"
https://mobilnisvet.com/mobilni-komentari/pt4qv/Apple/iPhone-14-Pro-Max/4,Apple,Apple iPhone 14 Pro Max,Cole,2023-07-30 21:22:00,"popravio se Samsung sa s22 i s23 generacijom sto se tice duzine azuriranja - 4 godine softver i jos jedna preko za sigurnosne zakrpe. U android svetu definitivno sada pruzaju najduze nadogradnje, a i najbrze ih izbacuju."
https://mobilnisvet.com/mobilni-komentari/pt4qv/Apple/iPhone-14-Pro-Max/4,Apple,Apple iPhone 14 Pro Max,Nikola,2023-07-25 15:46:00,"@Mrdjo,eto vidiš da te iskusni ljudi savetuju,prate situaciju i znaju sve.Poslušaj sebe i sam odluci."
https://mobilnisvet.com/mobilni-komentari/pt4qv/Apple/iPhone-14-Pro-Max/4,Apple,Apple iPhone 14 Pro Max,Mrdja,2023-07-25 08:42:00,sto bre brate Slash? bas se nesto naginjem da ga uzmem
https://mobilnisvet.com/mobilni-komentari/pt4qv/Apple/iPhone-14-Pro-Max/4,Apple,Apple iPhone 14 Pro Max,Ivan,2023-07-23 00:00:00,"Prešao sa Huawei P40pro na iphone 14Pro i nisam nešto fasciniran ….kamera mi bolja na Huaweiu sem video snimanja to je fluidnije na iPhonu …ekran mi deluje kao da je bogatiji bojama na Huaweu, zvucnik glasniji na huaweu …telefon mi deluje brzi nego IPhone.Čak na iPhonu imam problem sa viberom ceo dan mi vrti da ucita sliku."
https://mobilnisvet.com/mobilni-komentari/pt4qv/Apple/iPhone-14-Pro-Max/4,Apple,Apple iPhone 14 Pro Max,Anjicaaaa,2023-07-19 00:54:00,"Kupila sam iphone 14, pa cujem neke price da bi zbog aplikacija i sl. bilo bolje da se prijavim kao da zivim u nekoj drugoj drzavi/regionu. Mozete li mi objasniti koja bi to bila drzava?? I zbog cega tako? Hvala punooo..."
https://mobilnisvet.com/mobilni-komentari/pt4qv/Apple/iPhone-14-Pro-Max/4,Apple,Apple iPhone 14 Pro Max,Danijel,2023-07-11 21:29:00,Zasto treperi ekran poslije azuriranja sta su uradili pozadina mi trepti na tri telefona 14 pro max vidim da svi imaju taj problem ?!?
https://mobilnisvet.com/mobilni-komentari/pt4qv/Apple/iPhone-14-Pro-Max/4,Apple,Apple iPhone 14 Pro Max,Calamity,2023-07-06 16:43:00,Šta znači 1 slot + 1 slot za SIM kartu i po čemu se ovaj model razlikuje od istog modela ali s 2 slota za SIM kartu koji košta 1603€?
https://mobilnisvet.com/mobilni-komentari/pt4qv/Apple/iPhone-14-Pro-Max/4,Apple,Apple iPhone 14 Pro Max,Jk,2023-07-04 10:33:00,Koliko je bolji 14 pro max od 13 pro max?
https://mobilnisvet.com/mobilni-komentari/pt4qv/Apple/iPhone-14-Pro-Max/4,Apple,Apple iPhone 14 Pro Max,Veka,2023-06-30 18:30:00,Treba mi savet :) Da li je sigurno kupiti Iphone u nekoj od prodavnica? Da li daju garanciju od 2 godine? Zašto je razlika izmedju istyle prodavnice i ovih 500 i nešto €?
https://mobilnisvet.com/mobilni-komentari/pt4qv/Apple/iPhone-14-Pro-Max/4,Apple,Apple iPhone 14 Pro Max,Iv,2023-06-24 16:04:00,Može li neko da mi objasni zasto je 13 pro max skuplji od 14 pro max?
https://mobilnisvet.com/mobilni-komentari/pt4qv/Apple/iPhone-14-Pro-Max/4,Apple,Apple iPhone 14 Pro Max,Gabrijela Vujicic,2023-06-22 02:16:00,"zasto mi se na novom telefonu 14 plus je u pitanju, veoma brzo puni memorija? Da li je mozda zbog iclouda koji je pun jer je sve prebaceno sa ajfona 12 na ovaj trenutno?"
https://mobilnisvet.com/mobilni-komentari/pt4qv/Apple/iPhone-14-Pro-Max/4,Apple,Apple iPhone 14 Pro Max,v,2023-06-15 14:02:00,ljudi moze neko da mi kaze da li na ajfonu 14 pro moze da se iskljuci kada skrnsotujes ekran da se nevidi dinamicisland na slici
https://mobilnisvet.com/mobilni-komentari/pt4qv/Apple/iPhone-14-Pro-Max/4,Apple,Apple iPhone 14 Pro Max,Boban,2023-06-09 13:55:00,Treba mi vase misljenje imam iPhon 12 zdravlje baterije 93% 64gb očuvan mahsimalno. Nude mi 13 pro max 93% baterija 128gb i moja doplata 420€.Da li je to dobra kupovina ili ne???
https://mobilnisvet.com/mobilni-komentari/pt4qv/Apple/iPhone-14-Pro-Max/4,Apple,Apple iPhone 14 Pro Max,Lacke,2023-06-07 18:14:00,"Pozdrav svima, uzeo sam novi 14 pro max, ali imam jedan problem. Kad stavim telefon na punjac punjenje dodje do nekih 40% i tu stane, zatim izvadim lunjac iz struje, ponovo ga ubacim i on nastavi sa punjenjem, imam punjac od 25w."
https://mobilnisvet.com/mobilni-komentari/pt4qv/Apple/iPhone-14-Pro-Max/4,Apple,Apple iPhone 14 Pro Max,Js,2023-06-03 02:19:00,Da li se isplati sad da uzimam 14 pro max ili cekati 15 da izadje?
https://mobilnisvet.com/mobilni-komentari/pt4qv/Apple/iPhone-14-Pro-Max/4,Apple,Apple iPhone 14 Pro Max,Ms,2023-05-24 14:38:00,"Jel vam se greje telefon i adapter dok se puni? Nije strasno, ali ipak bude vruc."
https://mobilnisvet.com/mobilni-komentari/pt4qv/Apple/iPhone-14-Pro-Max/4,Apple,Apple iPhone 14 Pro Max,Max,2023-05-22 16:12:00,"Pozdrav svima, da li neko može da mi napiše kako se pravi Play lista za muziku na telefonu? Skinuo sam pesme ali u aplikaciji za muziku mi ne prokazuje pesme već u folderu preuzimanje. Da li postoji neka druga aplikacija za puštanje mp3 pesama?"
https://mobilnisvet.com/mobilni-komentari/pt4qv/Apple/iPhone-14-Pro-Max/4,Apple,Apple iPhone 14 Pro Max,Aleksandar,2023-05-19 19:40:00,"Pozdrav svima, kupio sam ovaj teleefon pre 2 nedelje i provalio sam da se greje fri obicnom radu tipa kada sam u video pozivu na watsappu ili zna nekada da se ugreje u obicnom pozivu ako je nesto u pozdini upaljeno, da li se jos nekome to desava ili samo je problem do uredjaja?"
https://mobilnisvet.com/mobilni-komentari/y94s0/Apple/iPhone-14-Pro/4,Apple,Apple iPhone 14 Pro,iPenomenon,2023-09-23 22:46:00,"Ljudi, ja verujem u vaše komentare. Uskoro dolazi 15ica, da li da čekam da izadje i kupim nju ili da kupim 14 pro?"
https://mobilnisvet.com/mobilni-komentari/y94s0/Apple/iPhone-14-Pro/4,Apple,Apple iPhone 14 Pro,...,2023-09-16 14:55:00,Da li će iPhone serija 15 imati srpski jezik?
https://mobilnisvet.com/mobilni-komentari/y94s0/Apple/iPhone-14-Pro/4,Apple,Apple iPhone 14 Pro,Pavle,2023-09-10 00:05:00,"Pisao sam i na 13 Pro. Prešao bih sa Huawei-a P30 na 13 Pro ili 14 Pro. Nikada pre toga nisam koristio Iphone, malo bih da promenim. Treba mi dobar ali kompaktan uređaj. Nesto mi se ne uzima S23. Zanima me samo da li mogu sa svog laptopa HP da prebacujem word, excel i pdf dokumenta kao i da li mogu da putem kabla na laptop prebacujem slike, video snimke i muziku?"
https://mobilnisvet.com/mobilni-komentari/y94s0/Apple/iPhone-14-Pro/4,Apple,Apple iPhone 14 Pro,Dejan,2023-09-07 13:45:00,"Pozdrav kupio sam Iphone 14 pro vakum, telefon baguuje tipa u aplikacijama fb insta cak i u otkljucavanju i sms porukama zna da zabaguje, imao sam pre njega 12 mini koji nije zabagovao ni 1 put za dve godine. Sta je resenje, problem? Pozdrav"
https://mobilnisvet.com/mobilni-komentari/y94s0/Apple/iPhone-14-Pro/4,Apple,Apple iPhone 14 Pro,Bojan,2023-09-04 20:28:00,Hteo bih da pređem sa Androida na Iphone. U čemu je razlika i šta najviše smeta kod ajfona. Kakva su to ograničenja kod upotrebe ajfona i ima li problema kod preuzimanje Gugl aplikacija?
https://mobilnisvet.com/mobilni-komentari/y94s0/Apple/iPhone-14-Pro/4,Apple,Apple iPhone 14 Pro,Legenda,2023-09-04 14:25:00,"13 pro i 14 pro, razlika nebo i zemlja u korist 14-ke, ili sam ja imao srece"
https://mobilnisvet.com/mobilni-komentari/y94s0/Apple/iPhone-14-Pro/4,Apple,Apple iPhone 14 Pro,Andjela Mitrovic,2023-09-01 19:09:00,"Cao,uzela sam ip14pro pre mesec dana telefon je poceo da se pregreva,da li neko ima iskustva sa tim pritom telefon je nov kupljen.hvala"
https://mobilnisvet.com/mobilni-komentari/y94s0/Apple/iPhone-14-Pro/4,Apple,Apple iPhone 14 Pro,Nikola,2023-08-30 20:24:00,"Pozdrav,hteo sam da pitam samo kolko su pouzdane ove prodavnice navedene gore"
https://mobilnisvet.com/mobilni-komentari/y94s0/Apple/iPhone-14-Pro/4,Apple,Apple iPhone 14 Pro,Milan,2023-08-29 19:12:00,Pozdrav.Imam Iphone 14 pro kupljen u martu ove godine posle pola godine koristenja tj u proslu nedelju baterija mi je pala na 99% a danas cak na 98.od prvog dana punim telefon od 25 posto do kraja sa originalnom punjacem.Neko kaze da je do softvera imaju razliciti pa ako neko ima iskustvo neka odgovori.
https://mobilnisvet.com/mobilni-komentari/y94s0/Apple/iPhone-14-Pro/4,Apple,Apple iPhone 14 Pro,Maree,2023-08-21 23:44:00,Da li vredi da se kupuje u ovim prodavnicama
https://mobilnisvet.com/mobilni-komentari/y94s0/Apple/iPhone-14-Pro/4,Apple,Apple iPhone 14 Pro,Djordje,2023-08-21 10:11:00,Da li mogu verovati ovom sajtu i prodavnicama
https://mobilnisvet.com/mobilni-komentari/y94s0/Apple/iPhone-14-Pro/4,Apple,Apple iPhone 14 Pro,Vučko,2023-08-19 16:22:00,"Da li neko ima problem sa 14pro modelom da je pocela boja sa ivica telefona da spada???Telefon je od 1 dana u masci, nije ispadao, ne znam da li im je to mana ili je kod mene samo taj problem???"
https://mobilnisvet.com/mobilni-komentari/y94s0/Apple/iPhone-14-Pro/4,Apple,Apple iPhone 14 Pro,Jela,2023-08-11 22:14:00,"Zdravo,želim da uzmem novu 14 seriju ali 14 pro model..pa bi mi značilo da mi neko kaze iskustva sa tim telefonom,kakva je kamera i baterija kao i da li je dovoljno 128gb? Hvala"
https://mobilnisvet.com/mobilni-komentari/y94s0/Apple/iPhone-14-Pro/4,Apple,Apple iPhone 14 Pro,iPenomenon,2023-08-02 08:20:00,A sta fali maskicama sa buvljaka?
https://mobilnisvet.com/mobilni-komentari/y94s0/Apple/iPhone-14-Pro/4,Apple,Apple iPhone 14 Pro,Hasse,2023-07-31 23:14:00,"Caoo, imam iphone 14 pro i imam veliki problem sa viberom zadnjih 15ak dana, nece da ucita slike, video, baguje itd.. da li ima jos neko slican problem, da napomenem da su sva azuriranja odradjena!!??"
https://mobilnisvet.com/mobilni-komentari/y94s0/Apple/iPhone-14-Pro/4,Apple,Apple iPhone 14 Pro,R,2023-07-22 22:48:00,"Pozdrav. Koji model se bolje pokazao, ovaj ili samsung galaxy s23? Konkretno me zanimaju kamera i baterija. Bitno mi je da baterija izdrzi ceo dan (dosta koristim internet i visim po drustvenim mrezama)."
https://mobilnisvet.com/mobilni-komentari/y94s0/Apple/iPhone-14-Pro/4,Apple,Apple iPhone 14 Pro,Andrej,2023-07-11 03:42:00,"Nije mi jasno,kako je moguce da neko ovde moze da kupi tel koji realno cenovno retko kome dostupan a pojma nema sta kupuje...za te pare nema sta da se greje i da ne radi,to je napravljeno da traje duze nego sto mozete da pojmite,znaci mozes ga drzati na punjacu non stop,da pricas non stop,da igras igrice non stop i opet ce trajati koliko hoces osim eto ako ne igras sa njim tenis...sve ostalo podrzava...ako nekom nesto nije jasno,predji na android i razumeces"
https://mobilnisvet.com/mobilni-komentari/y94s0/Apple/iPhone-14-Pro/4,Apple,Apple iPhone 14 Pro,Andrej,2023-07-01 12:48:00,"Moj se ne greje,kupi punjac sa sporijim punjenjem i bice top"
https://mobilnisvet.com/mobilni-komentari/y94s0/Apple/iPhone-14-Pro/4,Apple,Apple iPhone 14 Pro,Mile,2023-06-21 17:04:00,Da li vam se telefon  ugreje prilikom punjenja?
https://mobilnisvet.com/mobilni-komentari/y94s0/Apple/iPhone-14-Pro/4,Apple,Apple iPhone 14 Pro,Marko,2023-06-19 23:23:00,Kakav je za gledanje you tube sadrzaja i filmova?Da li je mali ekran za tu svrhu?
https://mobilnisvet.com/mobilni-komentari/y94s0/Apple/iPhone-14-Pro/4,Apple,Apple iPhone 14 Pro,Iphone Xr,2023-06-18 13:33:00,"Pozdrav, pitao bih korisnike koji imaju ovaj telefon, da ldi su slike sa prednje kamere previse procesuirane (imao sam 13 pro koji mi je previse osvetljivao lice i uklanjao senke). Telefon je bio nov i kupljen u Sloveniji."
https://mobilnisvet.com/mobilni-komentari/y94s0/Apple/iPhone-14-Pro/4,Apple,Apple iPhone 14 Pro,Oblic,2023-06-06 18:33:00,"Pozdrav ljudi, da li iko zna kako podesiti kontrolnu tablu da direktno sa nje gasim blutut ili wifi bez da moram ulaziti u podešavanja? Ovako ne ugasi vec samo prekine vezu sa wifi. Ako me razumete na sta mislim"
https://mobilnisvet.com/mobilni-komentari/y94s0/Apple/iPhone-14-Pro/4,Apple,Apple iPhone 14 Pro,Joki,2023-05-25 16:03:00,"Zanima me iskustvo nekog nakon nekoliko meseci korišćenja( baterija, držanje u ruci) i da li se po pitanju baterije mnogo razlikuje od 14promax?"
https://mobilnisvet.com/mobilni-komentari/y94s0/Apple/iPhone-14-Pro/4,Apple,Apple iPhone 14 Pro,Dzoni,2023-05-20 08:42:00,"Zdravo drustvo, kupio sam greskom za apple 14 pm punjac od 30w. Da li smem da punim njime. Pozdravcic"
https://mobilnisvet.com/mobilni-komentari/9260/Apple/iPhone-13/10,Apple,Apple iPhone 13,Rade,2023-05-13 11:53:00,"Može da se nađe za oko 550e, nisam imao novije Iphone, zanima me kakva je 13ka(baterija,kamere,brzina rada..)"
https://mobilnisvet.com/mobilni-komentari/9260/Apple/iPhone-13/10,Apple,Apple iPhone 13,neo,2023-05-11 12:50:00,"Hello. Postoji li neki način da obrišem sve sistemske notifikacije (i druge a uključujući i bedževe)? Programčić neki ili kako vec? Naime, imam notifikacjju o sistemskom apdejtu kada uđem u Settings a na ikonici Settings imam bedž. To bih želeo da obrišem a da ne radim apdejt..."
https://mobilnisvet.com/mobilni-komentari/9260/Apple/iPhone-13/10,Apple,Apple iPhone 13,Matija,2023-05-01 14:59:00,"Dobar dan,imam jedno pitanje da li pre uzeti s22 ili iphone 13"
https://mobilnisvet.com/mobilni-komentari/9260/Apple/iPhone-13/10,Apple,Apple iPhone 13,Aleksandar,2023-04-28 14:55:00,Najveci minus je sto telefon ima slabu zastitu od grebanja. Telefon sam nosio bez maskice mesec dana i ima vise ogrebotina nego a50 koji sam nosio bez maskice i stakla vise od tri godine.
https://mobilnisvet.com/mobilni-komentari/9260/Apple/iPhone-13/10,Apple,Apple iPhone 13,neo,2023-04-25 03:29:00,"U sredu ce cucne 1 nov iP13 128 beli (sta cu, ne mogu da biram boju) sa MDM nalogom koji je skint i to za 450e. Sta mislite, dobra kupovina ili ne? Bypassing MDM mi nije problem i mogu da izadjem na kraj sa time. 2 su pravila: nema apdejta i nema hard reseta jer se u tim slucajevima vraca MDM pa opet mora bypass da se radi."
https://mobilnisvet.com/mobilni-komentari/9260/Apple/iPhone-13/10,Apple,Apple iPhone 13,Aleksandar,2023-04-25 00:01:00,Vredi li menjati huawei honor8 8x za ovaj i koliko traje baterija
https://mobilnisvet.com/mobilni-komentari/9260/Apple/iPhone-13/10,Apple,Apple iPhone 13,Aleksandar,2023-04-24 23:37:00,Vredi li menjati huawei honor 8x za ovaj telefon
https://mobilnisvet.com/mobilni-komentari/9260/Apple/iPhone-13/10,Apple,Apple iPhone 13,Aleksandar,2023-04-24 23:32:00,Da li vredi uzeti ovaj telefon u 2023 godinu i kakav je koliko traje baterija
https://mobilnisvet.com/mobilni-komentari/9260/Apple/iPhone-13/10,Apple,Apple iPhone 13,Aleksandar,2023-04-24 23:28:00,Telefon je super
https://mobilnisvet.com/mobilni-komentari/9260/Apple/iPhone-13/10,Apple,Apple iPhone 13,Peks,2023-04-17 19:22:00,"Pozdrav drugari, vredi li menjati Samsung Note 10 za ovaj telefon?"
https://mobilnisvet.com/mobilni-komentari/9260/Apple/iPhone-13/10,Apple,Apple iPhone 13,Aleksandar,2023-04-06 18:59:00,"Pozdrav, uzeo sam ovaj tel nov i kupio or punjac ali baterija ne moze da izdrzi ni jedan dan moze neki savet u vezi punjenja jer nikad nisam koristio iphone pre toga, deluje mi bas bezveze da mi baterija tako slabo traje."
https://mobilnisvet.com/mobilni-komentari/9260/Apple/iPhone-13/10,Apple,Apple iPhone 13,M,2023-04-04 20:32:00,12 pro max 128gb nov ili 13 128gb nov ?
https://mobilnisvet.com/mobilni-komentari/9260/Apple/iPhone-13/10,Apple,Apple iPhone 13,Ana,2023-03-22 22:49:00,Da li je bolje uzeti IPhone 13 ili Huawei mate 50 pro?
https://mobilnisvet.com/mobilni-komentari/9260/Apple/iPhone-13/10,Apple,Apple iPhone 13,Ja,2023-03-17 12:56:00,Iphone 13 ili Xiaomi 12t pro?
https://mobilnisvet.com/mobilni-komentari/9260/Apple/iPhone-13/10,Apple,Apple iPhone 13,Bane,2023-03-16 23:18:00,Kome je kamera bolja IPhone 13 ili Huawei P50 pro?
https://mobilnisvet.com/mobilni-komentari/9260/Apple/iPhone-13/10,Apple,Apple iPhone 13,Jovana,2023-03-16 13:45:00,Da li je realno da mi prvih 7 meseci baterija bude na 100%  i da posle toga  u drugih padne na 88%? Da li je to za reklamaciju ili ne? Inace posle poslednjeg azuriranja baterija ne moze da izdrzi jedan dan. Hvala
https://mobilnisvet.com/mobilni-komentari/9260/Apple/iPhone-13/10,Apple,Apple iPhone 13,MMM,2023-03-05 22:10:00,Iphone 12 pro max 128gb 89% bh ili iphone 13 128gb 90%
https://mobilnisvet.com/mobilni-komentari/9260/Apple/iPhone-13/10,Apple,Apple iPhone 13,Pomoc,2023-03-01 17:39:00,iPhone 13 ili Galaxy S21 FE? Video sam da su performanse veoma slicne. Zbog cega je mozda bolji ili ne iPhone 13?
https://mobilnisvet.com/mobilni-komentari/9260/Apple/iPhone-13/10,Apple,Apple iPhone 13,Goran,2023-02-28 19:51:00,"Pozdrav, razmisljam se izmedju 12 pro i 13. Koji je bolji za kupiti u 2023. godini. Planiram da ga koristim na duze staze."
https://mobilnisvet.com/mobilni-komentari/9260/Apple/iPhone-13/10,Apple,Apple iPhone 13,Marko,2023-02-27 20:54:00,"Pozdrav, koji lightning to 3.5mm koristiti za ovaj uređaj. Kupovao sam par njih i na većini se čuje samo  zvuk, ali kad hoću da koristim mikrofon, ne reaguje. Kupio sam u mobi šopu navodno original, ali ni taj nije radio. Znam da je potreban MFI sertifikat da bi radio, pa ako iko ima neki adapter na kom radi i zvuk i slušalica poziva, neka mi napiše u komentaru, ili da link gde je kupio. Hvala unapred"
https://mobilnisvet.com/mobilni-komentari/9260/Apple/iPhone-13/10,Apple,Apple iPhone 13,Bogdan,2023-02-24 20:34:00,"Imam ga skoro 3 meseca, sistem je 16.3.1 mogu samo reci da baguje nenormalno, znam da zvuci nemoguce ali baguje bas puno i brzo se zagreva, i bukv kad je zagrejan tad jos jos vise baguje, moze pomoc neka. Hvala"
https://mobilnisvet.com/mobilni-komentari/9260/Apple/iPhone-13/10,Apple,Apple iPhone 13,Mirko,2023-02-21 21:39:00,Koliko je pametno updeytovati 16.3. Jer vidim da se ljudi zale kako telefon vise trosi bateriju
https://mobilnisvet.com/mobilni-komentari/9260/Apple/iPhone-13/10,Apple,Apple iPhone 13,n,2023-02-13 17:47:00,iPhone 12 Pro ili 13? 🤔
https://mobilnisvet.com/mobilni-komentari/9260/Apple/iPhone-13/10,Apple,Apple iPhone 13,Dusan,2023-02-13 00:27:00,Pozdrav drugari.Da li zaštitno staklo za kameru utiče na kvalitet slike i koja je najbolja opcija po vama za zaštitu?
https://mobilnisvet.com/mobilni-komentari/9260/Apple/iPhone-13/10,Apple,Apple iPhone 13,Mateja,2023-02-11 11:35:00,"Pozdrav ljudi ,zanima me strucno misljenje da li 60hz ekrena na ovom modelu kao i na 14 predstavljaju problem u buducnosti jer planiram da ako ga kupim korisitm nekoliko godina,(imam SE 2 vec 2 godine).Zanima me da li ce tih 60 hz biti problem za godinu dana odnosno da li ce aplikacije uticati da sam dozivljaj koriscenja i surfovanja bude losiji.tih 60 hz me jedino koci u kupovini iphone 13"
https://mobilnisvet.com/mobilni-komentari/7179/Apple/iPhone-11-64GB/11,Apple,Apple iPhone 11,Anđela,2022-05-30 08:01:00,"Pomoć ljudiii... Uzela sam pre oko 20-ak dana samsung galaxy a53 5g... malo je reći da sam RAZOČARANA telefonom, htela bih da pređem na iphone 11 paaa da čujem mišljenja, da li se isplati uzeti ga?"
https://mobilnisvet.com/mobilni-komentari/7179/Apple/iPhone-11-64GB/11,Apple,Apple iPhone 11,Milena,2022-05-09 23:16:00,"Ljudi, da li neko ima problem da ne moze da izbrise pojedine kontakte iz telefona, tj samo one koje sam memorisala nakon sto sam azurirala softer 15.4.1? Da li je do toga? 😢"
https://mobilnisvet.com/mobilni-komentari/7179/Apple/iPhone-11-64GB/11,Apple,Apple iPhone 11,Mrki,2022-05-02 12:09:00,Koji bi bio najbolji telefon na duze staze(4/5 god) za oko 550e? Ovaj mi je prva opcija pa da cujem jos neke predolge
https://mobilnisvet.com/mobilni-komentari/7179/Apple/iPhone-11-64GB/11,Apple,Apple iPhone 11,n.,2022-04-25 21:01:00,sta mislite o izlozbenim telefonima. Vredi li uzimati?
https://mobilnisvet.com/mobilni-komentari/7179/Apple/iPhone-11-64GB/11,Apple,Apple iPhone 11,alexa,2022-04-19 04:31:00,"Imao sam samsung s 20 do neki dan ,presao sam na iphone 11, samsung kazu visoka klasa ( ono je uzas ) znaci bateriju 2 puta dnevno punis, 30 minuta na youtubu pregrijavanje je uzas (isto furuna),sada imam iphone 11 stanje baterije 91% lagano 2 dana baterija,fluidnost mobilnok,kamera,ma sve je na strani iphona."
https://mobilnisvet.com/mobilni-komentari/7179/Apple/iPhone-11-64GB/11,Apple,Apple iPhone 11,Zoran,2022-04-09 19:46:00,Ili dati jos 400€ i uzeti iPhone 13
https://mobilnisvet.com/mobilni-komentari/7179/Apple/iPhone-11-64GB/11,Apple,Apple iPhone 11,Zoran,2022-04-09 19:44:00,Dali se isplati uzeti nov ne otpakovan iPhone?
https://mobilnisvet.com/mobilni-komentari/7179/Apple/iPhone-11-64GB/11,Apple,Apple iPhone 11,Martina,2022-04-09 11:02:00,Da li vredi kupiti iphone 11 u 2022. godini?
https://mobilnisvet.com/mobilni-komentari/7179/Apple/iPhone-11-64GB/11,Apple,Apple iPhone 11,Miro,2022-04-07 17:28:00,Iphone 11 polovan super ocuvan ili iphone 8+
https://mobilnisvet.com/mobilni-komentari/7179/Apple/iPhone-11-64GB/11,Apple,Apple iPhone 11,Luka,2022-04-07 09:52:00,Polovan iophone 11 super ocuvan ili samsung galaxy s21
https://mobilnisvet.com/mobilni-komentari/7179/Apple/iPhone-11-64GB/11,Apple,Apple iPhone 11,rogi64,2022-04-07 03:20:00,"ipak sam vas poslusao uzeo sam 11 i prezadovoljan,rad sa 2 kartice super,ipak je iphone-iphon,sto se tice baterije normalnom korisniku recimo meni izdrzi i dan ipo,imam komp i lap top za igrice,inace sam veliki korisnik poziva i sms,poziva obavim 150 zbog posla kojim se bavim i jedno 25-30 sms,nest vibera i gugl mape za svaku preporuku"
https://mobilnisvet.com/mobilni-komentari/7179/Apple/iPhone-11-64GB/11,Apple,Apple iPhone 11,Koko,2022-04-05 12:53:00,Polovni iphone 11 super ocuvan ili novi iphone se
https://mobilnisvet.com/mobilni-komentari/7179/Apple/iPhone-11-64GB/11,Apple,Apple iPhone 11,Dušan,2022-04-04 08:00:00,"Da li vam se desava da kad hocete da vidite stanje memorije telefon predugo ocitava stanje memorije? Prikaze stanje ali detaljen podatke (koliko zauzimaju slike, sistem, koliko app) ucitava jako dugo..."
https://mobilnisvet.com/mobilni-komentari/7179/Apple/iPhone-11-64GB/11,Apple,Apple iPhone 11,Karlo,2022-03-31 20:08:00,Iphone xs ili iphine 11 sta da uzmem
https://mobilnisvet.com/mobilni-komentari/7179/Apple/iPhone-11-64GB/11,Apple,Apple iPhone 11,H.M.,2022-03-26 18:35:00,Dali se isplati kupiti ovaj telefon u 2022 godini!?
https://mobilnisvet.com/mobilni-komentari/7179/Apple/iPhone-11-64GB/11,Apple,Apple iPhone 11,rogi64,2022-03-21 04:58:00,molim za pomoc
https://mobilnisvet.com/mobilni-komentari/7179/Apple/iPhone-11-64GB/11,Apple,Apple iPhone 11,Milos,2022-03-20 21:45:00,Da li je bolje za bateriju kada je ukljucen true tone ili iskljucen?
https://mobilnisvet.com/mobilni-komentari/7179/Apple/iPhone-11-64GB/11,Apple,Apple iPhone 11,Chicco,2022-03-16 08:55:00,Da li vredi kupiti u 2022?
https://mobilnisvet.com/mobilni-komentari/7179/Apple/iPhone-11-64GB/11,Apple,Apple iPhone 11,Mare,2022-03-12 19:52:00,Treba mi savet od koliko do koliko da punim da bi zdravlje baterije bilo sto duze na 100% i kako da mi traje sto duze baterija? Hvala unapred
https://mobilnisvet.com/mobilni-komentari/7179/Apple/iPhone-11-64GB/11,Apple,Apple iPhone 11,Wewe,2022-03-11 19:58:00,Zanima me da li uz iphone 11 dolazi punjac i slusalice?
https://mobilnisvet.com/mobilni-komentari/7179/Apple/iPhone-11-64GB/11,Apple,Apple iPhone 11,T,2022-03-10 11:11:00,Kakva vam je baterija na ovom telefonu? I koliko traje SOT?
https://mobilnisvet.com/mobilni-komentari/7179/Apple/iPhone-11-64GB/11,Apple,Apple iPhone 11,Nikola,2022-02-25 16:21:00,Da li se isplati uzeti iphone 11 sa 82 posto baterije?
https://mobilnisvet.com/mobilni-komentari/7651/Apple/iPhone-SE-(2020)/11,Apple,Apple iPhone SE (2020),Vuk,2020-10-01 17:37:00,"Drugari, u dilemi sam dali uzeti SE ili Nova 5T?!"
https://mobilnisvet.com/mobilni-komentari/7651/Apple/iPhone-SE-(2020)/11,Apple,Apple iPhone SE (2020),Bole,2020-09-30 16:22:00,Hm. Ovaj dizajn je iz 2014. Jedan od glavnih argumenata je da će imati ažuriranje 5 godina. Zamislite da ovaj telefon nosite u 2025. Pa njegov dizajn je i sad antički. Kažu i za bateriju da je loša :D
https://mobilnisvet.com/mobilni-komentari/7651/Apple/iPhone-SE-(2020)/11,Apple,Apple iPhone SE (2020),Mare,2020-09-30 13:44:00,"Za one koji nisu upoznati, ovaj uređaj identičan iPhone 8 modelu, isto kućište, dimenzije, ekran, kamere, baterija, razlika je samo u čipsetu i količini RAM memorije, ovaj ima poslednji Apple čipset i 1GB više RAM-a."
https://mobilnisvet.com/mobilni-komentari/7651/Apple/iPhone-SE-(2020)/11,Apple,Apple iPhone SE (2020),Zoki,2020-09-30 06:32:00,"Posle 14.1 pamti chrome i gmail kao default app i posle restarta. Telefon radi kao zmaj. Baterija se brzo puni sa punjacem od 18W i kablom type C to lightning i traje ceo dan, drustvene mreze, pozivi, poruke, zezanje...samo igrice ne."
https://mobilnisvet.com/mobilni-komentari/7651/Apple/iPhone-SE-(2020)/11,Apple,Apple iPhone SE (2020),Boki,2020-09-29 12:40:00,"Ne znam baš se svi žale na bateriju, tipa do ručka ne može da izdrži."
https://mobilnisvet.com/mobilni-komentari/7651/Apple/iPhone-SE-(2020)/11,Apple,Apple iPhone SE (2020),Tajson,2020-09-23 19:11:00,"Kakav je kvalitet zvucnika,mikrofona i slusalica? O tome niko nista ne prica..."
https://mobilnisvet.com/mobilni-komentari/7651/Apple/iPhone-SE-(2020)/11,Apple,Apple iPhone SE (2020),Veso,2020-09-23 14:27:00,"Koristim telefon sada vec skoro dva meseca. Realan dan - juce nesto manje razgovora nego obicno ali opet vise nego sto vecina prica+ oko sat Conf call preko Skype4business preko mog net-a. Popodne i uvece dosta IG,FB i vesti. Oko 22h baterija oko 35%. Pustio film na YT namerno da vidim koliko ce da izdrzi i opusteno odradi film do kraja.."
https://mobilnisvet.com/mobilni-komentari/7651/Apple/iPhone-SE-(2020)/11,Apple,Apple iPhone SE (2020),Rodi,2020-09-18 08:37:00,Poz.drustvo moze li savet dvoumim se izmedju se 2020 i ip.7 pre svega me zanima baterija da li je na sedmici bolja(posto je na papiru jaceg kapaciteta)
https://mobilnisvet.com/mobilni-komentari/7651/Apple/iPhone-SE-(2020)/11,Apple,Apple iPhone SE (2020),Mare,2020-09-18 07:17:00,Odličan kompaktan model.
https://mobilnisvet.com/mobilni-komentari/7651/Apple/iPhone-SE-(2020)/11,Apple,Apple iPhone SE (2020),Mare,2020-09-18 07:13:00,Odlična kamera.
https://mobilnisvet.com/mobilni-komentari/7651/Apple/iPhone-SE-(2020)/11,Apple,Apple iPhone SE (2020),Marko,2020-09-17 08:32:00,Da li da uzmem se2020 128 gb ili iphone 8 plus od 64gb
https://mobilnisvet.com/mobilni-komentari/7651/Apple/iPhone-SE-(2020)/11,Apple,Apple iPhone SE (2020),Toma,2020-09-16 19:31:00,Iphone se ili mate xs? Hvala.
https://mobilnisvet.com/mobilni-komentari/7651/Apple/iPhone-SE-(2020)/11,Apple,Apple iPhone SE (2020),Mita,2020-09-16 19:19:00,"Koliko neki lupaju gluposti, imam se 3 meseca nikad u zivotu na pola dana nisam stavio tel na punjenje.Blejim na insta, igram 3 igrice u slobodno vreme, pricam kuckam se ma ceo paket. Cak i slusam muziku na youtubeu. Daj nemoje zezati. Baterija radi izvanredno osim za zaludjenije verovatno koji su 24/7 na telefonu ali to je nesto drugo. Ovo je klasicno kolko para tolko muzike."
https://mobilnisvet.com/mobilni-komentari/7651/Apple/iPhone-SE-(2020)/11,Apple,Apple iPhone SE (2020),Zoki,2020-09-16 12:35:00,I kako vam izgleda iOS 14?
https://mobilnisvet.com/mobilni-komentari/7651/Apple/iPhone-SE-(2020)/11,Apple,Apple iPhone SE (2020),Ana,2020-09-15 04:35:00,Iphone se ili samsung s9? Najvise mi je bitna kamera i zvuk gde je bolji? Unapred hvala.
https://mobilnisvet.com/mobilni-komentari/7651/Apple/iPhone-SE-(2020)/11,Apple,Apple iPhone SE (2020),Zoran,2020-09-08 20:45:00,Kupio ga pre 2 meseca i nakon mesec dana ga prodao baterija katastrofalna 1800mah je katastrofa i uz to dali mi punjac od 5 vati. Pre mesec dana kupio mi note 10 lite telefon je kidalica dizajn baterija od 5260mah i 30 vati  brzi punjac kamera brutalna a platio ga samo 300 evra. Apple je brend nikad vise apple.
https://mobilnisvet.com/mobilni-komentari/7651/Apple/iPhone-SE-(2020)/11,Apple,Apple iPhone SE (2020),Krompirko,2020-09-07 16:47:00,"Ma resio sam dilemu, Iphone 11 zavrsice poslove bez mnogo polemike oko baterije a i nije bas ciglican. Samo da odradim jailbreak i skinem mu ovaj siroki notch i sat sa zakljucanog ekrana a ostalo standardna dobra IOS prica na 13.7 a ne ocekujem spektakl ni na 14-ici."
https://mobilnisvet.com/mobilni-komentari/7651/Apple/iPhone-SE-(2020)/11,Apple,Apple iPhone SE (2020),Zoki,2020-09-04 10:50:00,Ko voli manje lake i moćne telefone SE2 je pravi izbor a ko voli cigle koje jedva staju u džep i otegnu bermude do kolena onda zna se.
https://mobilnisvet.com/mobilni-komentari/7651/Apple/iPhone-SE-(2020)/11,Apple,Apple iPhone SE (2020),Jovana,2020-09-03 11:40:00,Apple iPhone XS ili ovaj SE?
https://mobilnisvet.com/mobilni-komentari/7651/Apple/iPhone-SE-(2020)/11,Apple,Apple iPhone SE (2020),Aca,2020-09-02 04:33:00,"Pozdrav ljudi da pitam nekoga ko se vise razume u telefone da mi pojasni, kako ip.8 iz 2017 zastareo model i po svemu je bolji se a kostaju priblizno isto ako ne i 8 je skuplji?"
https://mobilnisvet.com/mobilni-komentari/8055/Apple/iPhone-12/11,Apple,Apple iPhone 12,S.P,2020-11-24 18:46:00,11 pro ili 12?
https://mobilnisvet.com/mobilni-komentari/8055/Apple/iPhone-12/11,Apple,Apple iPhone 12,ElProfessor,2020-11-20 15:30:00,Da li ste primetili da je ekran zuci u odnosu na iphone 11 pro i 11 obican.Imate na youtube dosta klipova i korisnika koji se zale.Cisto sumnjam da ce update moci to da resi
https://mobilnisvet.com/mobilni-komentari/8055/Apple/iPhone-12/11,Apple,Apple iPhone 12,Nikola,2020-11-07 21:42:00,"Pozdrav, evo ja sam danas uzeo telefon iphone12, do sada sam koristio samo samsung sve do s9 a supruga ima s20  i kontao sam da je sve to manje više isto, pa sam se odličio za iphone. i moram reci da sam prijatno iznenadjen. Telefon radi super i nije toliko komplikovan kao sto sam mislio da će biti posto sam prešao na drugu platformu. Sve u svemu ja sam zadovoljan pozdrav"
https://mobilnisvet.com/mobilni-komentari/8055/Apple/iPhone-12/11,Apple,Apple iPhone 12,Draki85,2020-11-06 19:22:00,"Pozdrav svima! Neki savet 12,11pro,11 pro max ili Note 20 Ultra? :)"
https://mobilnisvet.com/mobilni-komentari/8055/Apple/iPhone-12/11,Apple,Apple iPhone 12,Jovan,2020-11-06 11:02:00,"Tuzno je sto se za te pare korisnici prave ludi. Sam osnivac apple je izjavio da je zarada na hardveru smesna i nije primarna. Upravo se to sve desava. Prodaja dodatnog cloud mesta, prodaja posebnog punjaca, prodaja posebnih slusalica... probao sam telefone od 100 do 1500 eur. Popravljao sam uredjaje od starih 15 godina do sto su se pojavili proslog meseca. Jedino pouzdano mogu reci da IPH hardver je najosetljivi na promene poput promene napona, loseg kabla za punjenje, loseg punjaca. Samsung ima dosta manju osetljivost ali mnogo skuplje ekrane u slucaju lupanja. Huawei su se dogadjali"
https://mobilnisvet.com/mobilni-komentari/8055/Apple/iPhone-12/11,Apple,Apple iPhone 12,Bobo32,2020-11-04 19:43:00,"Moze li neko da napise sadrzinu pakovanja, kutije iphonea 11 pro i novog 12  obicnog ne 12 pro? Mozda glupo pitanje, unapred zahvalan."
https://mobilnisvet.com/mobilni-komentari/8055/Apple/iPhone-12/11,Apple,Apple iPhone 12,Hm,2020-11-04 05:25:00,Ne znam da li je bolji izbor 11pro ili 12 🤔
https://mobilnisvet.com/mobilni-komentari/8055/Apple/iPhone-12/11,Apple,Apple iPhone 12,Iphone 12,2020-11-03 23:05:00,"Ko bude imao iskustva sa Iphone 12 neka iznese ovde. Potencijalni sam kupac, pa me zanima mišljenje i iskustvo u radu."
https://mobilnisvet.com/mobilni-komentari/8055/Apple/iPhone-12/11,Apple,Apple iPhone 12,Panjkovic,2020-10-26 11:33:00,"Verzija od 64gb,baterija pola dana sa aktivnim koriscenjem a punjac bi mogao da brze puni. Ima neko blago dimovanje ekrana slicno Huawei, to ce valjda resiti sa update, sve u svemu lose, menjam uskoro za Iphone 11 pro."
https://mobilnisvet.com/mobilni/thq/Apple/iPhone-16e-8GB-512GB-1x-SIM-2x-eSIM,Apple,Apple iPhone 16e,Aca,2026-05-12 10:31:00,"Da li jos neko ima problem sa prenosom podataka, desava se da nece da radi dok se ne restartuje telefon."
https://mobilnisvet.com/mobilni/thq/Apple/iPhone-16e-8GB-512GB-1x-SIM-2x-eSIM,Apple,Apple iPhone 16e,Magda,2026-04-07 14:01:00,Iphone 15 obican ili 16e?
https://mobilnisvet.com/mobilni/thq/Apple/iPhone-16e-8GB-512GB-1x-SIM-2x-eSIM,Apple,Apple iPhone 16e,Fd,2026-03-27 04:38:00,Izgleda nesto krace traje baterija na novom ios..nije kao na ios 18
https://mobilnisvet.com/mobilni/thq/Apple/iPhone-16e-8GB-512GB-1x-SIM-2x-eSIM,Apple,Apple iPhone 16e,Mr,2026-03-26 15:48:00,"Zdravo svima, zanimaju me iskustva ljudi koji već koriste iPhone 17e, konkretno me samo baterija zanima – da li je nešto bolji sa baterijom za razliku od 16e-ice i koliko SOT-a izgura iPhone 17e?"
https://mobilnisvet.com/mobilni/thq/Apple/iPhone-16e-8GB-512GB-1x-SIM-2x-eSIM,Apple,Apple iPhone 16e,d,2026-03-20 03:41:00,Kako radi na najnovijem ios?
https://mobilnisvet.com/mobilni/thq/Apple/iPhone-16e-8GB-512GB-1x-SIM-2x-eSIM,Apple,Apple iPhone 16e,Coa,2026-03-11 04:18:00,Jel mi se cini ili je kamera bolja na ovoji novoji verziji 26.3.1?
https://mobilnisvet.com/mobilni/thq/Apple/iPhone-16e-8GB-512GB-1x-SIM-2x-eSIM,Apple,Apple iPhone 16e,Dd,2026-03-04 09:35:00,Koliko na ovom traje baterija bez igrica..sa ovim novim ios sistemom
https://mobilnisvet.com/mobilni/thq/Apple/iPhone-16e-8GB-512GB-1x-SIM-2x-eSIM,Apple,Apple iPhone 16e,Max,2026-02-23 17:02:00,Izlazi uskoro iphone 17e nema nikakve promene sem A19 čipa baterija ostaje ista od 4.005 mAh.
https://mobilnisvet.com/mobilni/thq/Apple/iPhone-16e-8GB-512GB-1x-SIM-2x-eSIM,Apple,Apple iPhone 16e,Darko,2026-02-17 07:00:00,"Sta uzeti 16e 20 ciklusa punjenja,nov s25fe ili polovan s23 plus"
https://mobilnisvet.com/mobilni/thq/Apple/iPhone-16e-8GB-512GB-1x-SIM-2x-eSIM,Apple,Apple iPhone 16e,Bojan,2026-02-11 09:28:00,Nov 16e ili polovan 15 pro sa novom baterijom?
https://mobilnisvet.com/mobilni/thq/Apple/iPhone-16e-8GB-512GB-1x-SIM-2x-eSIM,Apple,Apple iPhone 16e,Turbo,2026-02-01 21:13:00,"Zdravo, zanima me iskreno mišljenje korisnika koji koriste iPhone 16e. Konkretno me zanima baterija, koliko može da izvuče SOT-a, tipa od 8h ujutru do 16h i koliko ostane još % baterije."
https://mobilnisvet.com/mobilni/thq/Apple/iPhone-16e-8GB-512GB-1x-SIM-2x-eSIM,Apple,Apple iPhone 16e,Marko,2026-01-26 14:15:00,"Pozdrav ljudi ajde iskreno molim vas , ko koristi ovaj model kakava je baterija?"
https://mobilnisvet.com/mobilni/thq/Apple/iPhone-16e-8GB-512GB-1x-SIM-2x-eSIM,Apple,Apple iPhone 16e,Ivo,2026-01-20 16:55:00,Imam iPhone 13.Da li vredi preći na iPhone 16e.yKsko vam se čini ovaj telefon
https://mobilnisvet.com/mobilni/thq/Apple/iPhone-16e-8GB-512GB-1x-SIM-2x-eSIM,Apple,Apple iPhone 16e,Mica,2026-01-11 19:18:00,"16 obican ili ovaj 16e? Bitna mi je kamera i baterija, nisam zahtevan korisnik, prelazim sa S22 na Ajfon opet"
https://mobilnisvet.com/mobilni/thq/Apple/iPhone-16e-8GB-512GB-1x-SIM-2x-eSIM,Apple,Apple iPhone 16e,damir,2026-01-11 17:56:00,"ja imam 16e prosek ukljucenog ekrana dnevno je 10h i ostaje mi pola baterije,jedino sto ne igram igrice na njemu samo fb you tube,punim ga iskljucivo na bezicnom punjacu,obicna g lampa od kineza,imam ga 4 meseca i baterija je jos uvek 100 procenata"
https://mobilnisvet.com/mobilni/thq/Apple/iPhone-16e-8GB-512GB-1x-SIM-2x-eSIM,Apple,Apple iPhone 16e,Љубо,2025-12-18 00:56:00,"Ovaj telefon je idealan za nezahtevne Ajfon korisnike, i osobe koje ne žele da kupuju matore Ajfone 14, 13, 12, 11 po nenormalnim cenama. Ja kao običan korisnik bi pre kupio ovaj model, nego skupi Ajfon 14 za 460 evra."
https://mobilnisvet.com/mobilni/thq/Apple/iPhone-16e-8GB-512GB-1x-SIM-2x-eSIM,Apple,Apple iPhone 16e,Marko,2025-12-14 17:35:00,Kakva je baterija na telefonu ajde recite iskreno ko koristi ovaj model. Razmisljam o kupovini novog modela ovog telefona zamolicu iskrene odgovore mnogo mi znači...
https://mobilnisvet.com/mobilni/thq/Apple/iPhone-16e-8GB-512GB-1x-SIM-2x-eSIM,Apple,Apple iPhone 16e,saled,2025-12-11 22:31:00,"Po meni jako zanimljiv model , sada i sa razumnom cenom.Koristio sam 4s,se,12,13,se3, sada 13 pro, moje misljenje je da ne postoji los iphone, ali takodje smatram i da su android telefoni ( koje sam koristio 10 godina) dosta napredovali kao i sam android sistem. Stabilnost i pouzdanost ios , veca sloboda android, ali uvek i kraca podrska za azuriranja kod androida."
https://mobilnisvet.com/mobilni/thq/Apple/iPhone-16e-8GB-512GB-1x-SIM-2x-eSIM,Apple,Apple iPhone 16e,Marko,2025-12-07 18:15:00,Iskreno presao bi na ovaj model sa Samsunga S25. Nisam zadovoljan baterijom na S25. Kakva je baterija na ovom telefonu iskreno mi reci te? Koliko drzi? Molim.vas iskreno
https://mobilnisvet.com/mobilni/thq/Apple/iPhone-16e-8GB-512GB-1x-SIM-2x-eSIM,Apple,Apple iPhone 16e,Dule,2025-11-24 12:04:00,Drugari za koliko moze da se nadje ovaj model star do par meseci uzet od nekog naseg operatora?
https://mobilnisvet.com/mobilni/thq/Apple/iPhone-16e-8GB-512GB-1x-SIM-2x-eSIM,Apple,Apple iPhone 16e,K,2025-11-13 13:35:00,Da li da predjem na ios 26 ili ne jos za sad
https://mobilnisvet.com/mobilni/thq/Apple/iPhone-16e-8GB-512GB-1x-SIM-2x-eSIM,Apple,Apple iPhone 16e,M,2025-11-13 05:14:00,Da li nekako mogu da se odjednom izbrisu svi otvoreni prozori kao sto moze na samsungu ?
https://mobilnisvet.com/mobilni/y11/Apple/iPhone-17-8GB-512GB-2x-eSIM,Apple,Apple iPhone 17,andrija,2026-07-30 21:27:00,"jako brz telefon, oseca se ogroman upgrade u odnosu na moj prosli redmi note 13, sjajne kamere, neverovatan a19 chip i jako brzo radi. baterija se samo malo brze trosi, ali je optimizovana"
https://mobilnisvet.com/mobilni/y11/Apple/iPhone-17-8GB-512GB-2x-eSIM,Apple,Apple iPhone 17,Љубо,2026-07-21 00:48:00,"A koliko bi ti da padne. Sad je 750. Ajfon 16 256gb je 700 evra, ako još ima novih. Pa računaj sam koliko može još da padne cena."
https://mobilnisvet.com/mobilni/y11/Apple/iPhone-17-8GB-512GB-2x-eSIM,Apple,Apple iPhone 17,Nafets,2026-07-05 22:50:00,"Pozdrav, nisam bas u ovoj prici oko telefona. Samo me zanima jedna stvar. Koji je razlog skupljeg telefona u vecim radnjama, nego u manjim."
https://mobilnisvet.com/mobilni/y11/Apple/iPhone-17-8GB-512GB-2x-eSIM,Apple,Apple iPhone 17,Peki,2026-07-03 15:26:00,Da li je neko do sad čuo da je neko od naših operatera deaktivirao neki Iphone zbog neplaćenih računa?
https://mobilnisvet.com/mobilni/y11/Apple/iPhone-17-8GB-512GB-2x-eSIM,Apple,Apple iPhone 17,Stevan,2026-06-30 22:58:00,Ako neko ima ovaj ajfon 17 za koliko se napuni 50% za 20 minuta ili 30
https://mobilnisvet.com/mobilni/y11/Apple/iPhone-17-8GB-512GB-2x-eSIM,Apple,Apple iPhone 17,Ljubiša,2026-06-29 11:48:00,"Koja je razlika između 17, 17e, 17AIR"
https://mobilnisvet.com/mobilni/y11/Apple/iPhone-17-8GB-512GB-2x-eSIM,Apple,Apple iPhone 17,Radenko,2026-06-22 16:22:00,"Imam iphone 17 256 gb.vec 8 mjeseci,nikakvih problema nema,kamere su odlicne,video klipovi vrhunski,zdravlje baterije i sada 100% i moze po cio dan uz normalnu upotrebu,imao sam i Samsunge razne i ne bih ga mijenjao ni za jedan,Samsung je naduvan,mislim da su ga presli Huawei Honor Xiaomi i mnogi drugi a mnogo su jeftiniji..Punjenje iphone 17 max.moze do 40w,to mu je maksimum i ogranicenje fabricko"
https://mobilnisvet.com/mobilni/y11/Apple/iPhone-17-8GB-512GB-2x-eSIM,Apple,Apple iPhone 17,Iphone,2026-06-16 10:01:00,Jel ima neko ko koristi ovaj telefon da napiše utiske?
https://mobilnisvet.com/mobilni/y11/Apple/iPhone-17-8GB-512GB-2x-eSIM,Apple,Apple iPhone 17,eh,2026-06-15 15:12:00,Ocekuje li se skorssnji oad ceme za ovaj model?
https://mobilnisvet.com/mobilni/y11/Apple/iPhone-17-8GB-512GB-2x-eSIM,Apple,Apple iPhone 17,Miki,2026-06-14 07:09:00,"I dosad su bile i dešavale se ponekad fabricke greske u kina fabr ali sad kad sele fabriku u indiji bice propast. Sa novom 18 verzijom bice grešaka ko zna koliko. Jer kako rekli da bi ispunili normu,uzimace radnike sa sela sezonske i studente za sklapanje,jer moraju da ubrzaju proizvodnju ne znam koliko hiljada miliona mesecno. Jeste da ce oni da prođu neku obuku od par dana ali ipak..rekoše i da ce da olabave kontrolu kvaliteta da bi sto vise napravili. Ocekujte greske vise no ikad. Ja 16ku otvorio vakum i nakrivo zavijen sraf i guljeno malo. Ali to se tolerise. De zbog toga da zaustave traku i da izgube stotine hiljada eura zbog jednog. Norma im je jedan tel u 60 sek da urade"
https://mobilnisvet.com/mobilni/y11/Apple/iPhone-17-8GB-512GB-2x-eSIM,Apple,Apple iPhone 17,Jelena,2026-06-12 22:09:00,"Pozdrav, da li neko moze da mi kaze zasto su telefoni sa esim karticom ovoliko jeftiniji od onih sa fizickom? Prosto mi je cudno, nisam neko ko menja brojeve telefona, jasna mi je procedura i sta esim predstavlja"
https://mobilnisvet.com/mobilni/y11/Apple/iPhone-17-8GB-512GB-2x-eSIM,Apple,Apple iPhone 17,Љубо,2026-06-10 08:21:00,Zato oni i prave takve baterije da bi se prodavao Powerbank. Svake godine na kašičicu povećavaju kapacitet baterije.
https://mobilnisvet.com/mobilni/y11/Apple/iPhone-17-8GB-512GB-2x-eSIM,Apple,Apple iPhone 17,X,2026-06-07 07:48:00,Jel bolji ovaj ili bazni s25. Za kameru znam ko ima bolji zoom ali ako ne računamo to..bitna i baterija i kvalitet
https://mobilnisvet.com/mobilni/y11/Apple/iPhone-17-8GB-512GB-2x-eSIM,Apple,Apple iPhone 17,Dzoni,2026-06-02 09:15:00,"Ljudi, imam jednu možda čudnu nedoumicu pa me zanima da li je još neko imao isto iskustvo."
https://mobilnisvet.com/mobilni/y11/Apple/iPhone-17-8GB-512GB-2x-eSIM,Apple,Apple iPhone 17,Pp,2026-05-25 23:38:00,"Pomozite mi ljudi ovih dana uzimam telefon i u velikoj sam nedoumici...od kako znam za sebe korisnik sam Androida, Samsung telefona..ove godine se razmisljam da predjem na IOS prvenstveno zbog kamera, videa, dugovecnosti telefona...imam trenutno Samsung s23+, da li ima svrhe menjati za Iphone 17 obican? Da li tu ima primetne razlike? Ili da pak uzmem Samsung s25 ultra 512gb? Pitanje je Samsung s25 ultra ili iphone 17? Kojem telefonu dajete prednost imajuci u obzir sve performanse??? Hvala"
https://mobilnisvet.com/mobilni/y11/Apple/iPhone-17-8GB-512GB-2x-eSIM,Apple,Apple iPhone 17,AcaRamone,2026-05-22 17:35:00,"Baterija na ovom telefonu je solidna. Meni traje dan ipo ali ja ga koristim za osnovne stvari. Ako se neki ne skida sa tik toka i Insta, igra igrice baterija neće da mu izdrži pola dana"
https://mobilnisvet.com/mobilni/y11/Apple/iPhone-17-8GB-512GB-2x-eSIM,Apple,Apple iPhone 17,E,2026-05-21 07:46:00,"Trenutno imam 16e i prezadovoljan sam, medjutim hteo bih preci na 17. Po netu čitam da baterija od 17 čak duže traje od 16e, meni na 16e traje i po 7-8h sigurno. Po klipovima na yt vidim da je razlika svega svega par minuta screen time-a (16e bolji), a u komentarima čitam da je baterija užas. U sta verovati?"
https://mobilnisvet.com/mobilni/y11/Apple/iPhone-17-8GB-512GB-2x-eSIM,Apple,Apple iPhone 17,Miroslav,2026-05-20 00:57:00,"U kući imamo tri iPhone-a, jedan 17 i dva 16. Svi rade ko sat. Međutim sam primetio da su neke aplikacije slabije optimizovane za iOS i to utiče na performanse baterije. Ja na mom telefonu nemam FB, Insta, Tiktok niti snapchat. Koristim native aplikacije do maksimuma i nikada nisam imao nikakve probleme dok je moja supruga malo malo kukala kako joj zamrzne ekran još na iP 13."
https://mobilnisvet.com/mobilni/y11/Apple/iPhone-17-8GB-512GB-2x-eSIM,Apple,Apple iPhone 17,M,2026-05-18 12:10:00,Imam iphone 14 3 godine zdravlje baterije je 83%.Da li vredi uzimati iphone 17 jer vidim komentari za bateriju su da je uzas
https://mobilnisvet.com/mobilni/y11/Apple/iPhone-17-8GB-512GB-2x-eSIM,Apple,Apple iPhone 17,Android,2026-05-18 02:23:00,Resio sam da predjem sa androida na ovaj ali kako ovde citam baterija mu je takva da je bolje odmah unapred da kupim power bank da imam da ga punim u toku radnog dana?
https://mobilnisvet.com/mobilni/y11/Apple/iPhone-17-8GB-512GB-2x-eSIM,Apple,Apple iPhone 17,M,2026-05-13 05:42:00,Ma uzmi covece Anker. Cak kako su rekli i bolji je od original. I sama apple fabrika preporuku daje za zamenski samp Anker
https://mobilnisvet.com/mobilni/y11/Apple/iPhone-17-8GB-512GB-2x-eSIM,Apple,Apple iPhone 17,Mrki,2026-05-12 11:29:00,"Investiraj u neki jaci Anker, tipa 100w, svakako ce output biti samo onoliko koliko telefon dozvoljava, a jaci kapacitet zbog budućnosti . A kažem investiraj, jer evo imam jedan od 50w, manji za auto i power bank njihov već 4 godine, izuzetno kvalitetni proizvodi."
https://mobilnisvet.com/mobilni/y11/Apple/iPhone-17-8GB-512GB-2x-eSIM,Apple,Apple iPhone 17,nemanja,2026-05-11 19:27:00,"jel si zadovoljan sa anker,i jel bolje uzeti apple original od 20w ili taj anker npr"
https://mobilnisvet.com/mobilni/9qc/Apple/iPhone-17-Pro-12GB-1TB-2x-eSIM,Apple,Apple iPhone 17 Pro,Zox,2026-07-20 12:13:00,Da li čekati 18 pro 🤔
https://mobilnisvet.com/mobilni/9qc/Apple/iPhone-17-Pro-12GB-1TB-2x-eSIM,Apple,Apple iPhone 17 Pro,Miki,2026-06-14 07:08:00,"I dosad su bile i dešavale se ponekad fabricke greske u kina fabr ali sad kad sele fabriku u indiji bice propast. Sa novom 18 verzijom bice grešaka ko zna koliko. Jer kako rekli da bi ispunili normu,uzimace radnike sa sela sezonske i studente za sklapanje,jer moraju da ubrzaju proizvodnju ne znam koliko hiljada miliona mesecno. Jeste da ce oni da prođu neku obuku od par dana ali ipak..rekoše i da ce da olabave kontrolu kvaliteta da bi sto vise napravili. Ocekujte greske vise no ikad. Ja 16ku otvorio vakum i nakrivo  zavijen sraf i guljeno malo. Ali to se tolerise. De zbog toga da zaustave traku i da izgube stotine hiljada eura zbog jednog. Norma im je jedan tel u 60 sek da urade"
https://mobilnisvet.com/mobilni/9qc/Apple/iPhone-17-Pro-12GB-1TB-2x-eSIM,Apple,Apple iPhone 17 Pro,Nikola,2026-06-11 01:09:00,"Koja boja, teget ili srebrna? Šta je vama lepše?"
https://mobilnisvet.com/mobilni/9qc/Apple/iPhone-17-Pro-12GB-1TB-2x-eSIM,Apple,Apple iPhone 17 Pro,Raca,2026-06-06 20:02:00,"Imam problem sa Wi-Fi 6 signalom. Moze li neko da napise neki savet, resenje?"
https://mobilnisvet.com/mobilni/9qc/Apple/iPhone-17-Pro-12GB-1TB-2x-eSIM,Apple,Apple iPhone 17 Pro,Nikola,2026-05-17 21:53:00,Dali kupiti 17 pro ili 16 pro
https://mobilnisvet.com/mobilni/9qc/Apple/iPhone-17-Pro-12GB-1TB-2x-eSIM,Apple,Apple iPhone 17 Pro,Mia,2026-05-17 16:24:00,"Jer ovo trenutno naj bolji fon ili imate druge preporuke? Bitno mi je da kamera i ekran kidaju, da nekoci i slicno. Imam nesrecni 16e, nesvidja mi se, hocu da menjam."
https://mobilnisvet.com/mobilni/9qc/Apple/iPhone-17-Pro-12GB-1TB-2x-eSIM,Apple,Apple iPhone 17 Pro,Dedica,2026-05-12 18:48:00,"IPhone ima problem koji mene strasno nervira. Zakljucan ekran nema vreme! Ne moze da se podesi na 30sec,minut 2,3.. nego traje jedva 5sec. Druga stvar je ta sto kada slusate muziku (u autu, Apple car ili preko BT) i npr, odete na youtube ili instagram.. gasi muziku i počinje npr shorts video da se cuje ili neki klip. Nema clipboard, nema zasebno stelovanje zvuka, u app short ne dozvoljava podešavanja drugih muzickih aplikacija nego samo svoje, na Amazfit active3 premijum ne dozvolja odgovore na poruke, tipa da kucas tj odgovoris na sms, WhatsApp, viber.. ne izlaze slike itd. Dok na Android-u (samsung s24) radi sve to. Ne dozvoljava ogledalo ekrana kada gledas uzivo programe, kao da ne bi snimao! Hahaha glupost! Razumem da ce neko reci da su to gluposti. Ali ne koristimo svi telefon na isti nacin. Pozdrav"
https://mobilnisvet.com/mobilni/9qc/Apple/iPhone-17-Pro-12GB-1TB-2x-eSIM,Apple,Apple iPhone 17 Pro,Nenad,2026-04-30 19:35:00,Dali uzeti iphone 17 pro ili samsung s25..
https://mobilnisvet.com/mobilni/9qc/Apple/iPhone-17-Pro-12GB-1TB-2x-eSIM,Apple,Apple iPhone 17 Pro,Aleks,2026-04-01 14:51:00,Da li je istina da ce cena da padne u aprilu?
https://mobilnisvet.com/mobilni/9qc/Apple/iPhone-17-Pro-12GB-1TB-2x-eSIM,Apple,Apple iPhone 17 Pro,Nikolina,2026-03-30 11:35:00,Da li će biti pada u ceni tokom aprila ?
https://mobilnisvet.com/mobilni/9qc/Apple/iPhone-17-Pro-12GB-1TB-2x-eSIM,Apple,Apple iPhone 17 Pro,Mina,2026-03-24 22:00:00,"Pozdrav! Da li postoji neka znacajna razlika kod Iphone 17pro sa jacom baterijom i obicnog 17pro? Vidim na oglasima da ima razlika u ceni pa me interesuju saveti,misljenja…hvala unapred!"
https://mobilnisvet.com/mobilni/9qc/Apple/iPhone-17-Pro-12GB-1TB-2x-eSIM,Apple,Apple iPhone 17 Pro,Brankica,2026-03-21 10:56:00,"Pitanje…pre tri dana sam uzela 17 pro pre toga imam 14 pro…od prvog minuta kako je izvadjen iz kutije stavljen u masku…malopre skidam masku da ga malo prebrisem i vidim između volume up dugmeta i i onog iznad njega,malo izgrebano.I sa druge strane iznad power dugmeta takođe par sitnih ogrebotina.Dal je realno da se posle tek tri dana već izgrebao i kako pobogu i zaboga?"
https://mobilnisvet.com/mobilni/9qc/Apple/iPhone-17-Pro-12GB-1TB-2x-eSIM,Apple,Apple iPhone 17 Pro,Velja,2026-03-04 17:14:00,"Da li je bolji izbor iPhone 17 ili 17 pro? Prosečan korisnik, ugl editujem videe i koristim drustvene mreze. Bitno mi je i da baterija moze da izdrzi makar jedan ceo dan bez punjenja. Trenutno imam iPhone 11."
https://mobilnisvet.com/mobilni/9qc/Apple/iPhone-17-Pro-12GB-1TB-2x-eSIM,Apple,Apple iPhone 17 Pro,Marina,2026-02-15 09:37:00,Koji punjač (adapter) je najbolji za telefon 17 pro?
https://mobilnisvet.com/mobilni/9qc/Apple/iPhone-17-Pro-12GB-1TB-2x-eSIM,Apple,Apple iPhone 17 Pro,John,2026-02-07 17:02:00,"Kakav telefon imam ga 7 dana ,malo je reći da je baterija fenomenalna za 22h potroši mi je 58%, samo igrice nisam igrao ali sam svako malo čačkao nešto na relefonu."
https://mobilnisvet.com/mobilni/9qc/Apple/iPhone-17-Pro-12GB-1TB-2x-eSIM,Apple,Apple iPhone 17 Pro,Sloba,2026-01-12 22:02:00,Jel radi 5G na mts-u?
https://mobilnisvet.com/mobilni/9qc/Apple/iPhone-17-Pro-12GB-1TB-2x-eSIM,Apple,Apple iPhone 17 Pro,Vladimir,2026-01-01 11:33:00,"Imam trenutno S25 Ultra, sluzi me odlicno. Medjutim vec neko vreme zelim da probam iOS. Merkam ovaj telefon, imam neki vaucer za popust. Izlazi me mesecno 5000 telefon i paket sve neogr u A1. Da li se isplati?"
https://mobilnisvet.com/mobilni/9qc/Apple/iPhone-17-Pro-12GB-1TB-2x-eSIM,Apple,Apple iPhone 17 Pro,Punisher,2025-12-29 18:46:00,Da li se lako grebe kao sto kazu to me samo koci
https://mobilnisvet.com/mobilni/9qc/Apple/iPhone-17-Pro-12GB-1TB-2x-eSIM,Apple,Apple iPhone 17 Pro,Stefan,2025-12-28 07:30:00,Telefon je fenomenalan iskreno fotografije su i više nego odlične i po noćnim uslovima baterija sa Always on display om drži i više nego dobro čak mi se ne greje ni pri punjenju. Sve u svemu vredi svaki dinar za njega
https://mobilnisvet.com/mobilni/9qc/Apple/iPhone-17-Pro-12GB-1TB-2x-eSIM,Apple,Apple iPhone 17 Pro,Teteks,2025-12-16 00:59:00,"Koristo sam 15 pro. Telefon je bio super. Presao na Honor Magic 7 pro telefon je vanserijski sto se tice displeja,baterije, kamere tu i tamo ali i vise nego zadovoljavajuce. Sad sam poslednjih mesec dana na 17 pro. Dobar telefon, kamera je najveci adut ovog telefona i barerija je odlicna. Necu da ga hvalim naglo ali meni odgovara kompaktnost sto je 6.3 inca. Baterija me odusevila. Sve zavisi ko je koji telefon koristio pre ali telefon je stvarno OK."
https://mobilnisvet.com/mobilni/9qc/Apple/iPhone-17-Pro-12GB-1TB-2x-eSIM,Apple,Apple iPhone 17 Pro,Joki,2025-12-02 17:15:00,"Moze li neko da ostavi svoj utisak za ovaj telefon? Kako leži u ruci, kakva je baterija i kakav je u odnosu na obican 17?"
https://mobilnisvet.com/mobilni/nww/Apple/iPhone-Air-12GB-1TB-2x-eSIM,Apple,Apple iPhone Air,Nikolair,2026-07-29 23:01:00,"Ios 26.6 na ovom telefonu,baterija dominira 49% 6h sot to znaci da bi moglo lako do 10 sot,120hz osvezavanje je uljuceno..."
https://mobilnisvet.com/mobilni/nww/Apple/iPhone-Air-12GB-1TB-2x-eSIM,Apple,Apple iPhone Air,Paz sad,2026-06-21 22:01:00,"Zvučnik? Interesantan sam znati, da li se bar čuje dobro razgovor kad si na speakerphone?"
https://mobilnisvet.com/mobilni/nww/Apple/iPhone-Air-12GB-1TB-2x-eSIM,Apple,Apple iPhone Air,Vlado,2026-06-16 11:18:00,"Neupotrebljiv telefon, bar u Srbiji ako se istovremeno koriste dve eSIM kartice. Prekidanje razgovora, šuštanje, smetnje, gubitak mreže i interneta... Da li je do softvera da li do neprilagođenosti ovdašnjih mreža ko će znati. Ako mislite da je trolovanje kupite ili od nekoga pozajmite ovaj model pa proverite, ne bacajte pare dok se ova problematika ne raščisti."
https://mobilnisvet.com/mobilni/nww/Apple/iPhone-Air-12GB-1TB-2x-eSIM,Apple,Apple iPhone Air,Nikolair,2026-06-08 15:36:00,"Ja stvarno ne mogu da svatim da je baterija tako fenomenalna na ovom telefonu,dosta sam koristio tt i ta aplikacija bas trosi bateriju,i jos nesto sto me obradovalo,napolju je vruce telefon se nije zagrejao da sam bar nesto osetio,svaka cast za apple bukvalno sa te strane,jedino sto ne valja na ovom telefonu je mono zvuk,jedan zvucnik samo,kamera je meni bas dobra iako je jedna..."
https://mobilnisvet.com/mobilni/nww/Apple/iPhone-Air-12GB-1TB-2x-eSIM,Apple,Apple iPhone Air,Aca,2026-06-08 08:31:00,"Nisi ti uopste imao ovaj telefon,ja ga imam i za bateriju nisam mogao verovati,moguce da je stavljen ltpo 2.0 ekran koji jos manje trosi bateriju"
https://mobilnisvet.com/mobilni/nww/Apple/iPhone-Air-12GB-1TB-2x-eSIM,Apple,Apple iPhone Air,Realno,2026-06-03 21:15:00,"Ma kada ti to napišeš, to je tako i nikako drugačije. Ovi što koriste telefon će sigurno više da veruju tebi nego sopstvenim očima :)"
https://mobilnisvet.com/mobilni/nww/Apple/iPhone-Air-12GB-1TB-2x-eSIM,Apple,Apple iPhone Air,Realno,2026-06-03 11:32:00,"Koristim ovaj telefon i što se tiče legendi o bateriji onih koji nisu prošli ni pored izložbenog eksponata ovog modela:  ujutru na 100%, 120 Hz refresh rate, 2 sata razgovora,radi na 5G, blutut uključen, 2 sata razgovora, 2-3 sata net - mreže i mejlovi, 20-ak minuta kamera - pred veče procenat baterije 30% na IOS 26.5.1. Napomena igrice ne igram. Sa jednom eSIM sve ok, jasnoća razgovora, držanje signala, net. E sad kome je teško da ode do najbliže poslovnice operatera i dobije eSIM barkod ili da mu-joj aktivacija stigne u aplikaciji operatera, stvarno i nije za ovaj odličan model."
https://mobilnisvet.com/mobilni/nww/Apple/iPhone-Air-12GB-1TB-2x-eSIM,Apple,Apple iPhone Air,Benedikt XII,2026-05-26 00:15:00,"Koristim ovaj model kao drugi telefon. Prvi mi je Tecno Spark 30 pro 4G i kod Air mi baterija izgura na IOS 25.6,120 Hz refresh rate,stalno uključenim wi fi i blututom par dana."
https://mobilnisvet.com/mobilni/nww/Apple/iPhone-Air-12GB-1TB-2x-eSIM,Apple,Apple iPhone Air,Nikola,2026-05-24 10:18:00,"imam ovaj telefon,ios 26 je bas unistio optimizaciju sistema,sistem radi kao na android telefonu od 150€,prednost ovog telefona iako je mono zvuk,nema vibracija telefona od zvucnika,to mi uzasno smeta,kako god zadovoljan sam telefon,lak je i dovoljno je velik ekran,moj je sa 1tb memorije trebalo mi zbog muzike visokog kvaliteta..."
https://mobilnisvet.com/mobilni/nww/Apple/iPhone-Air-12GB-1TB-2x-eSIM,Apple,Apple iPhone Air,Nikola,2026-05-13 21:27:00,"Ima jedan glupi bug sa safari pretrazivacem,kad listam ono sto je bilo prikazano dole,ide na sredinu ekrana i to mi posle otvori,na kp mi to najvise pravi problem,kako resiti"
https://mobilnisvet.com/mobilni/nww/Apple/iPhone-Air-12GB-1TB-2x-eSIM,Apple,Apple iPhone Air,Rastko,2026-04-17 22:08:00,"Bio bih zahvalan ko ga stvarno ima da mi javi kakav je zvuk sagovornika u slušalici, da li se greje nazad ili samo okvir telefona tokom korišćenja I koliko zaista mogu očekivati trajanje baterije? Znaci molim one koje telefon stvarno  koriste kao smartphone , neću da gasim promotion, GPS, Bluetooth, za 5g me zabole, ali ne bih da dam 800+€ ako ne moze bar smenu na poslu da mi izdrži. Kameru skoro i da ne koristim osim za skeniranje, vikend telefon za to mi je Huawei. Ovaj isključivo želim da probam zbog fizičkog izgleda, probao sam ga, stvarno prelepo lezi u ruci i jako lep na oko."
https://mobilnisvet.com/mobilni/nww/Apple/iPhone-Air-12GB-1TB-2x-eSIM,Apple,Apple iPhone Air,iOS 26,2026-04-08 18:59:00,"Kao prvo nemam nikave potrebe da pljujem ovaj model, jer Jedan od moih flag cipova imao mono zvuk a to je cuveni Huawei p30 pro, koji vise od dozvoljenog vise puta noukotirao s10+ uporednim testovima i popijo suspenziju😀. Nego da se vratimo na temu: ovaj fon ima sve sto ima 17 pro i 17 pro max, pored sto vizuelno mu fali jos dve kamere ne podrzava 3d lider Tof, I Nema ovaj novi Zicni prenos podataka od usb 3.2 nego od2.0,  i najmanju bateriju , dobro to IOS optiminizuje da Na 100% bude kendo 40- 45 munuta posle punjenja. A drugo sve ima sto ova dva Navedena modela ima.vidim ga kod korisnika koji ne fotka Cesto Ali da ima solidnu fotografiju i kvalitenu Kamari da obelezi neki vazan trenutak, ili da slika u tom momentu sto mu zanimljivo. I gde je vazna masa Telefona kad je malo duze snimanje videa upitanju dok se Telefon drzi u ruci.I gde korisnici koriste 85-90% slusalice , gde mono zvuk bude fakticki ne primecen."
https://mobilnisvet.com/mobilni/nww/Apple/iPhone-Air-12GB-1TB-2x-eSIM,Apple,Apple iPhone Air,Dušan,2026-03-22 09:42:00,"Da li može neko iz ličnog iskustva da mi objasni kako stoje stvari sa e-sim karticom jer često putujem pa ne bih da napravim grešku i zaglavim sa ovim telefonom,a inače ovo mi je prvi Iphone posle 20 godina,sa ostalim stvarima sam upoznat ovo mi je najbitnije.."
https://mobilnisvet.com/mobilni/nww/Apple/iPhone-Air-12GB-1TB-2x-eSIM,Apple,Apple iPhone Air,Bogdan,2026-02-07 20:22:00,Danas sam kupio iphone air telefon je brutalan
https://mobilnisvet.com/mobilni/nww/Apple/iPhone-Air-12GB-1TB-2x-eSIM,Apple,Apple iPhone Air,Shone,2026-02-02 17:45:00,"Ja sam uzeo ovaj telefon pre pet dana.Ovo je brutalno kako telefon izgleda.Imao sam pre njega 17 pro.Nema razlike u radu,brzini itd. Kamera glavna kao na modelu 17 pro,mada ne fotkam nije mi bitno sto nema ultrawide.Mono zvucnik bolji 5x nego na pojedinim telefonima sa stereo zvukom srednje klase.Baterija identicna kao 15 pro koji sam takodje imao,bez ikakve razlike u trajanju,ili kao obican 16 isto,koji ima moja cerkica. Znaci lepsi ajfon nisam drzao u rukama a da je ovako mocan !!! Imao sam sve modele od 5s pa do 17 pro.Imam ga u crnoj boji,i tako je tanak i elegantan da to nije REALNOOO!!! Ko ga uzme nece se pokajati ni jednog trenutka. Ovo je za ruke i za oci melem !!!!"
https://mobilnisvet.com/mobilni/nww/Apple/iPhone-Air-12GB-1TB-2x-eSIM,Apple,Apple iPhone Air,18+,2026-01-26 22:29:00,"Koristim ga 2 nedelje. Odlican telefon. Ekran svetli,ubija. Nema ono smanjivanje osvetljenja na suncu karakteristicno za sve iphone,baterija bolja nego sto sam ocekivao. Jedna kamera nije nikakav minus ali zvuk je malo bzvz ko vise koristi speaker. Nisam ga uporedjivao sa samsung edge posto samsung ne koristim i ne planiram. 900€ je mnogo veliki novac za srbiju ali u usa je kod operatera 1000$ na 24 rate po 41$ minus zamena stari za novi telefon,tako da mene kosta 15 $ mesecno sto je za prihode u ovoj zemlji nista. Sve u svemu za mene odlicna kupovina. Nisam se odlucio za pro max zbog velicine."
https://mobilnisvet.com/mobilni/nww/Apple/iPhone-Air-12GB-1TB-2x-eSIM,Apple,Apple iPhone Air,Simo,2026-01-07 19:13:00,Dal nelo znq kako da se podesi pocetak ltodaje 2025 godina na pretrazi. Jos stoji 2023 pocetak prodaje.
https://mobilnisvet.com/mobilni/nww/Apple/iPhone-Air-12GB-1TB-2x-eSIM,Apple,Apple iPhone Air,Kaca,2025-12-30 21:11:00,Hoće neko da mi objasni zašto je ovaj tel skuplji od običnog 16 i 17? Laik sam ne razumem se puno.
https://mobilnisvet.com/mobilni/nww/Apple/iPhone-Air-12GB-1TB-2x-eSIM,Apple,Apple iPhone Air,Nikola,2025-11-14 18:45:00,"Ne bi mogao danas da koristim telefon sa mono zvukom,ovo je najtotalniji promasaj apple,samsung je za svoj tanki telefon uradio mnogo bolji posao,a jos ima  2 kamere i stereo zvuk,apple kao da je tek poceo da proivodi telefone"
https://mobilnisvet.com/mobilni/nww/Apple/iPhone-Air-12GB-1TB-2x-eSIM,Apple,Apple iPhone Air,Dex,2025-11-10 20:03:00,"Vrh telefon,ako moze baterija dan da izdrzi onda je bombaaa"
https://mobilnisvet.com/mobilni/nww/Apple/iPhone-Air-12GB-1TB-2x-eSIM,Apple,Apple iPhone Air,Pionir Zoran,2025-09-28 12:06:00,"Da li baterija može duže da izdrži ako se formira  tri puta, prvi put 12 sati punjenja sa isključenim telefonom? Je l' ima always on display za stalno ili na 10 sekundi?"
https://mobilnisvet.com/mobilni/nww/Apple/iPhone-Air-12GB-1TB-2x-eSIM,Apple,Apple iPhone Air,Stanoje,2025-09-10 09:38:00,3.000mah baterija hahaah.
https://mobilnisvet.com/mobilni-komentari/7651/Apple/iPhone-SE-(2020)/12,Apple,Apple iPhone SE (2020),Sasa,2020-08-26 12:25:00,"Mala pomoc, sta uzeti Huawei P30 ili Iphone se?!"
https://mobilnisvet.com/mobilni-komentari/7651/Apple/iPhone-SE-(2020)/12,Apple,Apple iPhone SE (2020),Zoki,2020-08-20 15:20:00,"Antutu test 469365. Meni nista ne znaci ali cisto onako, eto..."
https://mobilnisvet.com/mobilni-komentari/7651/Apple/iPhone-SE-(2020)/12,Apple,Apple iPhone SE (2020),Vuk,2020-08-19 07:36:00,"Planiram uzeti SE, molim iskren savet dali se isplati uzeti ovaj telefon. Najvise me brine Baterija... Viber, Mejlovi, Društvene mreže, i po koji poziv... Koliko je realno da izdrzi baterija?!"
https://mobilnisvet.com/mobilni-komentari/7651/Apple/iPhone-SE-(2020)/12,Apple,Apple iPhone SE (2020),Zlaja,2020-08-19 05:48:00,"Pozdrav. Planiram da uzmem ovaj mobilni pa me zanima neko ko ga ima da kaze iskreno o bateriji svoje misljenje. Znaci normalo svakodnevno koriscenje, bez igrica. Hvala unapred."
https://mobilnisvet.com/mobilni-komentari/7651/Apple/iPhone-SE-(2020)/12,Apple,Apple iPhone SE (2020),Marko,2020-08-18 19:08:00,Vidim da je ranije bila polemika izmedju ekrana Samsung i IPhone telefona....idite u bilo koji servis  da zamenite ekran i naicicete na sledece... Samsung od 200e zamena ekrana 200e... Iphone od 200e zamena ekrana 60e... Toliko... Pa nosite Samsung a svakom se desilo da razbije ekran... Pozzz
https://mobilnisvet.com/mobilni-komentari/7651/Apple/iPhone-SE-(2020)/12,Apple,Apple iPhone SE (2020),Zoki,2020-08-13 06:37:00,Update 13.6.1
https://mobilnisvet.com/mobilni-komentari/7651/Apple/iPhone-SE-(2020)/12,Apple,Apple iPhone SE (2020),Fica,2020-08-12 20:18:00,"S20,p40 ili se?"
https://mobilnisvet.com/mobilni-komentari/7651/Apple/iPhone-SE-(2020)/12,Apple,Apple iPhone SE (2020),Ljubo,2020-08-12 09:53:00,Koristim samsung i ne razumem se u iphone...treba mi za poklon iphone x ili iphone 8 ili se2020...neko ko je koristio ako moze da mi predlozi koji kupiti...hvala
https://mobilnisvet.com/mobilni-komentari/7651/Apple/iPhone-SE-(2020)/12,Apple,Apple iPhone SE (2020),Zoki,2020-08-12 05:12:00,Telefon je VRH baterija mu traje 3 dana evo punio sam ga u subotu i ostalo 44%.
https://mobilnisvet.com/mobilni-komentari/7651/Apple/iPhone-SE-(2020)/12,Apple,Apple iPhone SE (2020),Dejan,2020-08-11 19:58:00,Da li se ovaj uredjaj gasi na hladnoci ispod 0? Znam da je tel.skoro izasao i da jos nije video zimu ali mi je mnogo bitno ako moze neko da ga testira pa da mi javi? Hvala.
https://mobilnisvet.com/mobilni-komentari/7651/Apple/iPhone-SE-(2020)/12,Apple,Apple iPhone SE (2020),AV,2020-08-11 06:22:00,"Lav, tako je, treba da lazes svoj narod zbog mnogo para kao znamo ko sve."
https://mobilnisvet.com/mobilni-komentari/7651/Apple/iPhone-SE-(2020)/12,Apple,Apple iPhone SE (2020),Sandra,2020-08-09 17:42:00,Kako gura baterija? Zanima me koliki je sot? Hvala.
https://mobilnisvet.com/mobilni-komentari/7651/Apple/iPhone-SE-(2020)/12,Apple,Apple iPhone SE (2020),muki,2020-08-08 12:53:00,"Ovaj jedan te isti Zoki i Milan laže prvo sam sebe,a onda i druge.Ljudi,nemojte biti naivni i kupiti ovo smeće od telefona.Drugar ga imao i odmah ga prodao.Baterija ne može da izdrži od 08-16h."
https://mobilnisvet.com/mobilni-komentari/7651/Apple/iPhone-SE-(2020)/12,Apple,Apple iPhone SE (2020),Milan,2020-08-08 05:35:00,Najbolji telefon koji mozete da kupite da je NOV za toliko novca i po tim uslovima ako npr gledate preko pretplate kod operatera. Ima gomilu sjajnih mogucnosti koje imaju i korisnici sa skupljim i najnovijim modelima. Fotografije su odlicne.
https://mobilnisvet.com/mobilni-komentari/7651/Apple/iPhone-SE-(2020)/12,Apple,Apple iPhone SE (2020),Miki,2020-08-05 01:19:00,Iphon SE ili XR (zbog veličine se dvoumim )??
https://mobilnisvet.com/mobilni-komentari/7651/Apple/iPhone-SE-(2020)/12,Apple,Apple iPhone SE (2020),Red,2020-08-03 06:49:00,"Ali test telefona je prva liga, nije prvi put da ovaj apple mrzitelj istrese kofu gov...na iphone. Stvarno ste mogli iole objektivniji prikaz da odnekud prilozite jer ovo je tragikomicno. Niko mu nije kriv sto su se tamo u Rusiji stisli za marketing pa im se za Yotafon nije culo dalje od predgradja Moskve."
https://mobilnisvet.com/mobilni-komentari/7651/Apple/iPhone-SE-(2020)/12,Apple,Apple iPhone SE (2020),Lav,2020-08-01 22:33:00,"Za koga je namenjen iPhone SE? Pre svega za decu koja vole ovakve uređaje, a roditelji nimalo ne žale novca za njega."
https://mobilnisvet.com/mobilni-komentari/7651/Apple/iPhone-SE-(2020)/12,Apple,Apple iPhone SE (2020),Sara,2020-07-31 12:10:00,Da li da kupim ovaj ili samsung a71?
https://mobilnisvet.com/mobilni-komentari/7651/Apple/iPhone-SE-(2020)/12,Apple,Apple iPhone SE (2020),Zoki,2020-07-31 09:32:00,"Ovako društvo, kupio sam original Apple brzi punjač 18W sa kablom type c to lightning na KP od proverenog prodavca za male pare. Od ugašenog telefona 0% do 100% napuni za 1 sat i 34 minuta sa uključenim avio režimom kada se uključi kad podigne bateriju. Punjač se ne greje skoro uopšte a ni telefon. Ovo je po meni odlično. Inače održavam bateriju jer sam kući uglavnom i imam vremena od 40-80% i kad se setim pustim je da padne na oko 5% i punim do oko 90%. Ako trebam puniti noću imam tajmer smart utičnicu koja pusta struju minuta koliko podesim tako da ovaj lepotan nije opterećen strujom bez obzira na sve sa neta rekla kazala kako se puni baterija."
https://mobilnisvet.com/mobilni-komentari/7651/Apple/iPhone-SE-(2020)/12,Apple,Apple iPhone SE (2020),Vanja,2020-07-30 21:53:00,"Ostala sam bez telefona i kupila bih ovaj  vrlo uskoro, pa da vas pitam gde je najbolje kupiti ajfon kod nas? Ima li beka baš ovlašćena prodavnicaa za ajfon? Pitam zbog toga što se bojim da ne kupim neku kopiju kinesku 😀 mislim, ne znam da li je to moguće da uvale u slobodnim prodajama, jer sam prvi SE uzela preko telekoma, pa nisam ni mislila o tome. I zašto je ovaj model jeftiniji kod nas nego u nemačkoj? Je l to treba da mi bude sumnjivo? 🙂"
https://mobilnisvet.com/mobilni-komentari/7651/Apple/iPhone-SE-(2020)/12,Apple,Apple iPhone SE (2020),Zoki,2020-07-30 13:10:00,"Apple je u drugom kvartalu prodao cak 13 milona telefona, porast od cak 225% u Kini. Najprodavaniji je SE2 pa 11. Toliko o tome."
https://mobilnisvet.com/mobilni-komentari/7651/Apple/iPhone-SE-(2020)/12,Apple,Apple iPhone SE (2020),Red,2020-07-30 06:56:00,Ajde malo da se oladi sa tim zastareo dizajn jer sta se sve stancuje i kako lici kao jaje jajetu i ja bih mogao po pitanju dizajna da napisem (ukljucujuci i nove iphone) da je 99 % novih i novijih modela idiotski dizajn pa ne znam sta se time postize. To je Iphone patentirao i da li ima ili nema kao kalupe da odstanca ovu pojacanu verziju kakve to sad ima veze - kome se svidja kupice kome ne neka trazi antiiphone dizajn :)
https://mobilnisvet.com/mobilni-komentari/7179/Apple/iPhone-11-64GB/12,Apple,Apple iPhone 11,Nina,2022-02-21 21:40:00,Ljudi da li neko ima problem sa notifikacijama za viber na iphone 11? Sve mi je uključeno ali nikad mi ne stigne notifikacija dok ne udjem u sam viber to me baš smara. Za whatsapp mi stizu i kad je zakljucan fon.
https://mobilnisvet.com/mobilni-komentari/7179/Apple/iPhone-11-64GB/12,Apple,Apple iPhone 11,M,2022-02-21 20:00:00,Iphone 11 ili samsung s21 fe?
https://mobilnisvet.com/mobilni-komentari/7179/Apple/iPhone-11-64GB/12,Apple,Apple iPhone 11,Nikola,2022-02-18 19:59:00,Da li da drzim stednju baterije ili da to uopste ne koristim?
https://mobilnisvet.com/mobilni-komentari/7179/Apple/iPhone-11-64GB/12,Apple,Apple iPhone 11,Nikola,2022-02-16 11:54:00,Kupio sam pre par dana u telenoru sa brzim punjacem od 20w pa me zanima da li je okej da se puni oko 2h?
https://mobilnisvet.com/mobilni-komentari/7179/Apple/iPhone-11-64GB/12,Apple,Apple iPhone 11,Maraja,2022-02-15 08:02:00,Dvoumim se izmedju 11 i 12 mini dobro dosla bi svaka pomoc
https://mobilnisvet.com/mobilni-komentari/7179/Apple/iPhone-11-64GB/12,Apple,Apple iPhone 11,Saša,2022-02-11 12:08:00,"Imam iPhone 11 i iPhone 12, jedina vidljiva razlika između ova dva telefona je ekran, koji je mnogo bolji na 12, sve ostalo su nijanse za prosecnog korisnika… Ako ste prosecan  korisnik i nemate neki 130-140 eura vise za iPhone 12, slobodno kupite 11, nećete se pokajati…"
https://mobilnisvet.com/mobilni-komentari/7179/Apple/iPhone-11-64GB/12,Apple,Apple iPhone 11,Vasilije,2022-02-11 00:25:00,"Postovani, iphone 11 ili Xs? (Imam samo ta dva modela u ponudi i trebao bih odluciti). Jasno mi je da je 11 noviji, ali procitah da Xs ima bolji ekran. Koja su vasa iskustva i preporuke?"
https://mobilnisvet.com/mobilni-komentari/7179/Apple/iPhone-11-64GB/12,Apple,Apple iPhone 11,xtreme,2022-02-09 22:06:00,Samsung A52S ili iPhone 11? Upotreba: Gejming. Vazne osobine: Kvalitet ekrana i brzina rada. Sve ostalo nebitno.
https://mobilnisvet.com/mobilni-komentari/7179/Apple/iPhone-11-64GB/12,Apple,Apple iPhone 11,:),2022-02-08 21:14:00,Radoš hteo sam reci da ne bi umanjio starenje baterije.
https://mobilnisvet.com/mobilni-komentari/7179/Apple/iPhone-11-64GB/12,Apple,Apple iPhone 11,Rados,2022-02-08 08:18:00,Kupio sam detetu iPhone 11 i naravno punjač sam morao dodatno da kupim zato sto sam samo kabal dobio..u radnji su mi dali punjac za iPhone 12 od 20w . Sve je super samo se punjac mnogo zagreje kad puni? Da li da reklamiram ili to tako treba? Pomoc?
https://mobilnisvet.com/mobilni-komentari/7179/Apple/iPhone-11-64GB/12,Apple,Apple iPhone 11,Milan,2022-02-06 21:02:00,"Nov tel iPhone 11 nov punjač iPhone  12.. punjač vreo kad se puni ,placen 20 evra,20 w . Je l može neko da mi objasni zašto je tako ?"
https://mobilnisvet.com/mobilni-komentari/7179/Apple/iPhone-11-64GB/12,Apple,Apple iPhone 11,Stasa,2022-02-04 20:32:00,Zdravo. Kupila sam iPhone 11 i zanima me da li je bitno da uzmem i original USB kabl? Da li bi to moglo da mi ošteti bateriju? Adapter ću uzeti original u Istyle.
https://mobilnisvet.com/mobilni-komentari/7179/Apple/iPhone-11-64GB/12,Apple,Apple iPhone 11,DD,2022-02-02 10:04:00,Iphone 11 ili Samdubg Galaxy21 FE?
https://mobilnisvet.com/mobilni-komentari/7179/Apple/iPhone-11-64GB/12,Apple,Apple iPhone 11,Nikola Dakić,2022-01-25 08:47:00,"Da li može mala pomoć ? Do sada nisam koristio iphone , da li uzeti Iphone 11 pro max 64 gb  ( drugu ističe ugovor od 2 god, i uzima 13 , baterija 82 % health ) ili novi Iphone 11 64 gb, hvala ?"
https://mobilnisvet.com/mobilni-komentari/7179/Apple/iPhone-11-64GB/12,Apple,Apple iPhone 11,Maki,2022-01-24 17:45:00,"Jel moze pomoc? Telefon mi je jos 2 meseca u garanciji, pa me interesuje da li da ga odnesem u servis. Azurirala sam na najnoviji sistem, i kada udjem u opsta podesavanja i hocu da vidim stanje memorije konstantno mi se ucitava i ne prikazuje trenutno stanje memorije, koliko je slobodno i zauzeto. Hvala unapred"
https://mobilnisvet.com/mobilni-komentari/7179/Apple/iPhone-11-64GB/12,Apple,Apple iPhone 11,Lara,2022-01-22 21:23:00,Moze li savet kako najlakse samostalno skinuti staro zastitno staklo sa iphone 11 telefona? Hvala unapred.
https://mobilnisvet.com/mobilni-komentari/7179/Apple/iPhone-11-64GB/12,Apple,Apple iPhone 11,Mikos,2022-01-16 13:21:00,"Planiram da uzmem ovaj telefon za nekih mesec dana preko operatera posto je sada vec za ovaj telefon cena razumljiva. Zanima me iskreno misljenje o kameri posto mi je to jako bitno. Stidiram video dizajn i potrebno mi je kamera moze da snimi dobar raw materijal za dalju obradu. Ako se neko malo ozbiljnije bavi fotografijom, svaki komentar bi dobro dosao. Hvala 🙂"
https://mobilnisvet.com/mobilni-komentari/7179/Apple/iPhone-11-64GB/12,Apple,Apple iPhone 11,Valentina,2022-01-15 20:54:00,"Pozdrav, da li imate iskustva sa izlozbenim modelima telefona sa full baterijom, ili je bolje uzeti polovni sa 97,98 procenata baterije?"
https://mobilnisvet.com/mobilni-komentari/7179/Apple/iPhone-11-64GB/12,Apple,Apple iPhone 11,IL,2022-01-14 22:58:00,"Da li se isplati uzeti sada iphone 11 128, za koriscenje naredne 3-4 godine? Prosecan korisnik, drustvene mreze, fotke, nista igrice i tako te zahtevnije stvari? Ne treba mi kamera za profi fotke, samo da su dobre i baterija je svakako faktor da izdrzi do nocnog punjenja."
https://mobilnisvet.com/mobilni-komentari/7179/Apple/iPhone-11-64GB/12,Apple,Apple iPhone 11,),2022-01-11 12:32:00,Zdravo zanima me da li mi je dovoljno 64gb ili 128gb ne igram igrice nemam mnogo slika
https://mobilnisvet.com/mobilni-komentari/7179/Apple/iPhone-11-64GB/12,Apple,Apple iPhone 11,:),2022-01-02 09:37:00,Pozdrav zanima me koja je bolja opcija iphone 12 mini ili iphone 11 sta je bolje?
https://mobilnisvet.com/mobilni-komentari/7179/Apple/iPhone-11-64GB/12,Apple,Apple iPhone 11,Mmmmmm,2022-01-01 19:56:00,Imam veći problem od baterije - memoriju. Da li će mi biti dovoljno 64gb za slike i društvene mreže?
https://mobilnisvet.com/mobilni-komentari/7179/Apple/iPhone-11-64GB/12,Apple,Apple iPhone 11,Realan lik,2021-12-27 23:47:00,"Ne zamlacujte se sa bh. Kako samsunge, huaweije i ostale marke koristite koji nemaju procenat baterije. To je cista glupost"
https://mobilnisvet.com/mobilni-komentari/9260/Apple/iPhone-13/11,Apple,Apple iPhone 13,Milos,2023-02-09 22:05:00,"Presao sam pre nekoliko dana na iOS i ovaj model. Sticem utisak da i pored fluidnog softvera, telefon radi sporije od prethodnika. Nedostaje mi tecnost koju sam imao prilikom pregledanja sadrzaja na telefonu od 90. i 120. herca. Ovaj ima 60. Nema nikakvih zastoja kao sto je bio slucaj na prethodnom, ali definitivno osecam lag prilikom skrolovanja. Meni je ovo razocarenje. Kupljen je online, videcu jos dva-cetiri dana. Ukoliko se subjektivni osecaj ne promeni nabolje, vracam ga o odem na neki skuplji, ako finansije dozvole, ili se vracam na Android. Steta."
https://mobilnisvet.com/mobilni-komentari/9260/Apple/iPhone-13/11,Apple,Apple iPhone 13,marko,2023-02-01 21:07:00,"Pozdrav drustvo,imam jedno pitanje,ako se baterija na iphone zameni u macoli gde se koriste original baterije da li ce mi posle zamene pokazati“Unknown part” u podesavanjima ili nece nista pokazivati posto je u pitanju original baterija"
https://mobilnisvet.com/mobilni-komentari/9260/Apple/iPhone-13/11,Apple,Apple iPhone 13,Tamara,2023-01-31 11:38:00,"Koji iPhone do 100.000,00 din je najbolje uzeti?"
https://mobilnisvet.com/mobilni-komentari/9260/Apple/iPhone-13/11,Apple,Apple iPhone 13,Lila,2023-01-16 12:13:00,Iphone 13 ili Samsung S21FE?
https://mobilnisvet.com/mobilni-komentari/9260/Apple/iPhone-13/11,Apple,Apple iPhone 13,Misa,2023-01-12 06:16:00,"Koji telefon kupiti posle ip 13 :) da se predje na pro ili S22 ultra? Mada sam se bas navikao na ios, imam poslovni tel samsung jeste A03 ali ipak softver izgled je taj. Da li da predjem na S22 ultra ili 13 pro,max?"
https://mobilnisvet.com/mobilni-komentari/9260/Apple/iPhone-13/11,Apple,Apple iPhone 13,Nele46,2023-01-12 03:07:00,"Pozdrav ljudi. Imam tel. Godinu dana i nemam ni jednu zamerku. E sad jedno pitanje. Vidim da su mi se pojavile sitne ogrebotine pozadi (ogrebotine nisu toliko vidne i ne osete se pod prstom, vec onako na svetlo) iako nosim zastitnu masku. Pa me zanima da li jos neko ima takav problem i da li postoji neko resenje? Hvalaa :)"
https://mobilnisvet.com/mobilni-komentari/9260/Apple/iPhone-13/11,Apple,Apple iPhone 13,emilija,2023-01-11 10:11:00,da li vredi uzimati iphone 13 u 2023. s obzirom da cu ga koristiti na duze?
https://mobilnisvet.com/mobilni-komentari/9260/Apple/iPhone-13/11,Apple,Apple iPhone 13,Nenad,2023-01-10 18:07:00,"Pozdrav , da li se moze koristiti kao dual sim telefon?"
https://mobilnisvet.com/mobilni-komentari/9260/Apple/iPhone-13/11,Apple,Apple iPhone 13,ja,2023-01-09 15:24:00,"ljudi, prelazim sa androida na iphone i dvoumim se da li uzet iphone 13 ili iphone 11 (planiram telefon koristit više godina)?"
https://mobilnisvet.com/mobilni-komentari/9260/Apple/iPhone-13/11,Apple,Apple iPhone 13,Iva,2023-01-09 12:20:00,Samsung A73 ili iPhone 13?
https://mobilnisvet.com/mobilni-komentari/9260/Apple/iPhone-13/11,Apple,Apple iPhone 13,Nemanja,2023-01-08 19:05:00,Pozz koji telefon uzeti ovaj ili s22?
https://mobilnisvet.com/mobilni-komentari/9260/Apple/iPhone-13/11,Apple,Apple iPhone 13,Jovana,2023-01-04 02:09:00,Da li je normalno da battery health posle 11 meseci starosti telefona opadne na 91%. Greje li vam se telefon na punjacu? Hvala.
https://mobilnisvet.com/mobilni-komentari/9260/Apple/iPhone-13/11,Apple,Apple iPhone 13,N,2022-12-21 10:20:00,"Telefon kupljen nov pre 3 meseca, telefon je stvarno predobar ali pojavila su se 3 mrtva piksela, šta da radim? Imam jednogodišnju garanciju"
https://mobilnisvet.com/mobilni-komentari/9260/Apple/iPhone-13/11,Apple,Apple iPhone 13,Dusan 13,2022-12-07 16:49:00,"Ljudi da li vredi preci sa Iphona 13 imam ga od Maja meseca kupljen nov bateri helt 97 posto, preci na polovan Iphone 12 pro max? Da li cu dobiti nesto bolje sem veceg ekrana i telephoto kamere"
https://mobilnisvet.com/mobilni-komentari/9260/Apple/iPhone-13/11,Apple,Apple iPhone 13,Dylan Dog,2022-12-04 12:32:00,Prelazak sa Xiaomi 12X na ovaj?
https://mobilnisvet.com/mobilni-komentari/9260/Apple/iPhone-13/11,Apple,Apple iPhone 13,.,2022-11-20 13:30:00,Da li bi se splatio za 2 god
https://mobilnisvet.com/mobilni-komentari/9260/Apple/iPhone-13/11,Apple,Apple iPhone 13,Jelena,2022-11-15 18:09:00,Da lu vam koči 13 pro ?
https://mobilnisvet.com/mobilni-komentari/9260/Apple/iPhone-13/11,Apple,Apple iPhone 13,Helen,2022-11-12 19:15:00,Da li je bolje uzeti 12pro ili 13?
https://mobilnisvet.com/mobilni-komentari/9260/Apple/iPhone-13/11,Apple,Apple iPhone 13,Aleks,2022-10-31 02:42:00,Koji wireless punjac preporucujete za IP 13?
https://mobilnisvet.com/mobilni-komentari/9260/Apple/iPhone-13/11,Apple,Apple iPhone 13,MM,2022-10-30 21:02:00,Da li uzeti u yettelu iPhone 13 ili 14?
https://mobilnisvet.com/mobilni-komentari/9260/Apple/iPhone-13/11,Apple,Apple iPhone 13,J,2022-10-28 13:44:00,Koji punjac preporucujete da se kupi? Ne daje mi se u Istyle-u 6-7k
https://mobilnisvet.com/mobilni-komentari/y94s0/Apple/iPhone-14-Pro/5,Apple,Apple iPhone 14 Pro,Iphon 14 pro,2023-05-19 13:46:00,Posle menjanja istog i kupovina svi mogucih premium modela ope i definitivno sam iphon 14 pro. Telefon je prosto telefon ostalo je sve to nesto mu mali fali ovo ono itd. Preporuka
https://mobilnisvet.com/mobilni-komentari/y94s0/Apple/iPhone-14-Pro/5,Apple,Apple iPhone 14 Pro,Tanja,2023-05-02 20:01:00,"Zdravo, treba mi savet.."
https://mobilnisvet.com/mobilni-komentari/y94s0/Apple/iPhone-14-Pro/5,Apple,Apple iPhone 14 Pro,Emina,2023-04-23 08:08:00,"Caos, molim Vas za savet/pomoć. Da li iphone 14 pro treba puniti do 80% baterije i ne dozvoliti da se isprazni ispod 20%? Hvala!!!!"
https://mobilnisvet.com/mobilni-komentari/y94s0/Apple/iPhone-14-Pro/5,Apple,Apple iPhone 14 Pro,dzonson,2023-04-18 10:06:00,"imam telefon dva meseca u i utoku noci od recimo 12-07 telefon potrosi 5-6% baterije. Jel to normalno? always on iskljucen, sve azurirano, background refresh- pogasena vecina aplikacija, uradjen bekap i reset telefona i dalje sve isto"
https://mobilnisvet.com/mobilni-komentari/y94s0/Apple/iPhone-14-Pro/5,Apple,Apple iPhone 14 Pro,Lazar,2023-04-17 15:47:00,Planiram da kupim ovaj telefon samo me zanima jel smem da verujem ovim prodavnicama
https://mobilnisvet.com/mobilni-komentari/y94s0/Apple/iPhone-14-Pro/5,Apple,Apple iPhone 14 Pro,Marko,2023-04-15 15:05:00,Kako je krenula da pada cena bice ovo i do 800e kad bude izasla sledeca serija...tacno se videlo da je zesci promasaj pogotovo ova nebuloza od pilule.
https://mobilnisvet.com/mobilni-komentari/y94s0/Apple/iPhone-14-Pro/5,Apple,Apple iPhone 14 Pro,Ema,2023-04-14 18:14:00,"Ljudi gde ste kupili Iphone? Nisam iz Beograda, i razmišljala sam da kupim online preko zvvanicne maloprodaje. Sad na ovom sajtu na početku strane videh spisak radnji koje prodaje apple telefone, cena niža za 500 eur. Jel ok kupiti u nekoj od radnji sa spiska?"
https://mobilnisvet.com/mobilni-komentari/y94s0/Apple/iPhone-14-Pro/5,Apple,Apple iPhone 14 Pro,Sima,2023-04-13 00:22:00,"Zdravo ljudi, kada hocu da aktiviram iMessages medju regionima koje mogu da biram nema Srbije. Jel zna neko do cega je ovo? Bez toga ne mogu da aktiviram iMessages i FaceApp."
https://mobilnisvet.com/mobilni-komentari/y94s0/Apple/iPhone-14-Pro/5,Apple,Apple iPhone 14 Pro,Vlado,2023-04-12 23:16:00,"Ljudi koliki vam je dnevni SOT ekrana? Meni variea od 5 sati do 7, iz dana u dan zavisi, slabija je baterija nego na max dosta po meni..Imam fon vec 7 dana."
https://mobilnisvet.com/mobilni-komentari/y94s0/Apple/iPhone-14-Pro/5,Apple,Apple iPhone 14 Pro,Goran,2023-04-09 15:42:00,Ljudi razmisljam se izmedju Iphone 14 pro i samsung s23 obicnog. Koji od ta dva nudi vise za tu cenu? Planiram da ga koristim barem 3-4 godine.
https://mobilnisvet.com/mobilni-komentari/y94s0/Apple/iPhone-14-Pro/5,Apple,Apple iPhone 14 Pro,14 pro,2023-04-08 23:26:00,Samo cekam da ga prodam i zovem sve na pečenje. Nikad gori telefon nisam koristio i nikada ni na jednom telefonu nije padala brze cene od nove godine sa 1350€ na 990€ pa to je smejurija.  S22 ultra je kralj medju telefonima sada je dosa naslednik s23 ultra i to je to. Moze da prave ovi sta hoce i vedeo mode je oduvan u odnosu na iphon. Tako da papa iphonu
https://mobilnisvet.com/mobilni-komentari/y94s0/Apple/iPhone-14-Pro/5,Apple,Apple iPhone 14 Pro,Vlado,2023-04-08 11:02:00,"Ljudi kupio sam 14 pro juce, imao sam 13 pro max , i vec sam ruku odmorio. Sto se tice novog update 16.4.1 gledao sam na yt novine , i vidim da u baterry helat and charging, ima nova opcija clean energy battery, ali ja to kod sebe nemam. Druga stvar sto se tice mag safe, masku sam kupio verovatno koja nije original kod lokalaca jer nisam imao izbor , jel se to negde aktivira ili? Znam da kad sam jednom probao na proslom modelu, kada stavim masku na telefon, on mi pokaze krug onaj kao mag safe na telefonu, sada to ne radi. Hvalaaa unapred svima"
https://mobilnisvet.com/mobilni-komentari/y94s0/Apple/iPhone-14-Pro/5,Apple,Apple iPhone 14 Pro,Ana,2023-04-08 00:38:00,"Da li uzeti obican 14 ili 14pro? Znam koje su razlike ali se debelo dvoumim, smatram da su kamere jako slicne iako pro ima tri kamere"
https://mobilnisvet.com/mobilni-komentari/y94s0/Apple/iPhone-14-Pro/5,Apple,Apple iPhone 14 Pro,Dragan,2023-04-07 11:58:00,Mogao bi apple da nas ispostuje konacno i ubaci srpski jezik. Da li se zna da li ce na iphonu 15 biti ubacen srpski? Ne interesuju me jezik bivse republike...
https://mobilnisvet.com/mobilni-komentari/y94s0/Apple/iPhone-14-Pro/5,Apple,Apple iPhone 14 Pro,Neko,2023-03-24 13:52:00,"Pozdrav, imam samsung galaxy note 20, hteo bih da uzmem ovaj telefon pa me zanima da li se isplati, kakva je baterija, koliko može da izdrži normalnog korišćenja, bez igrica i tih gluposti? Hvala unapred"
https://mobilnisvet.com/mobilni-komentari/y94s0/Apple/iPhone-14-Pro/5,Apple,Apple iPhone 14 Pro,zoki,2023-03-18 20:36:00,Planiram da uzmem ovaj telefon ALII dosao sam do dilem eu vezi boji. Space Black ili Silver-koji mi bas ove godine izgleda extra.
https://mobilnisvet.com/mobilni-komentari/y94s0/Apple/iPhone-14-Pro/5,Apple,Apple iPhone 14 Pro,...,2023-03-09 18:31:00,"Gledam recenzije na yt, mnogi misle da je bolja kamera na 13 pro nego li na ovom"
https://mobilnisvet.com/mobilni-komentari/y94s0/Apple/iPhone-14-Pro/5,Apple,Apple iPhone 14 Pro,Никола,2023-03-09 16:53:00,Da li neko ima informaciju kada će biti na stanju preko operatera?
https://mobilnisvet.com/mobilni-komentari/y94s0/Apple/iPhone-14-Pro/5,Apple,Apple iPhone 14 Pro,JOVAN,2023-03-09 08:39:00,Pro ili pro max?
https://mobilnisvet.com/mobilni-komentari/y94s0/Apple/iPhone-14-Pro/5,Apple,Apple iPhone 14 Pro,Foxx83,2023-03-09 01:19:00,Moze li iko mi reci da li se greje telefon na punjacu ?
https://mobilnisvet.com/mobilni-komentari/y94s0/Apple/iPhone-14-Pro/5,Apple,Apple iPhone 14 Pro,Note 20 ultra,2023-03-08 14:29:00,"Da li mislite da Apple namerno usporava i ,,kvari,, uredjaje azuriranjem softvera nakon nekog duzeg vremena kako bi naterao kupce na kupovinu novog?"
https://mobilnisvet.com/mobilni-komentari/y94s0/Apple/iPhone-14-Pro/5,Apple,Apple iPhone 14 Pro,Foxx83,2023-03-07 23:40:00,Treba mi odgovor ako neko zna pouzdan zbog cega se iphone od 12 pro na do 14 pro koji koristim trenutno greje dok se puni hvala ???
https://mobilnisvet.com/mobilni-komentari/y94s0/Apple/iPhone-14-Pro/5,Apple,Apple iPhone 14 Pro,ime,2023-03-05 10:30:00,"Da li je neko imao problema sa blututom? Ne mogu da povezem telefon na auto, ne prepoznaje uredjaj"
https://mobilnisvet.com/mobilni-komentari/y94s0/Apple/iPhone-14-Pro/5,Apple,Apple iPhone 14 Pro,Jaaaaajja,2023-03-04 20:46:00,14 Pro ili S23 ultra? Sta mislite?
https://mobilnisvet.com/mobilni-komentari/pt4qv/Apple/iPhone-14-Pro-Max/5,Apple,Apple iPhone 14 Pro Max,Pro,2023-05-18 06:02:00,Kako ste zadovoljni baterijom nakon dve nedelje recimo? Primetim da nije na onom nivou sa početka ili je jednostavno poremeti punjenje sa drugim punjačem i ako je org kabal.
https://mobilnisvet.com/mobilni-komentari/pt4qv/Apple/iPhone-14-Pro-Max/5,Apple,Apple iPhone 14 Pro Max,Max,2023-05-13 10:26:00,"Imam 14 pm i imam chrome, nudi mi opciju na safariju da instaliram google i kad hocu da instaliram pise da nije za ovaj region??? Malo mi nije jasno, koji region da unesem da bi imala ikonu google. Meni je podeseno na Srbiju.? Hvala"
https://mobilnisvet.com/mobilni-komentari/pt4qv/Apple/iPhone-14-Pro-Max/5,Apple,Apple iPhone 14 Pro Max,Boki,2023-05-12 15:02:00,"Pozdrav svima, zamolio bih vlasnike maxa da mi kazu svoje iskustvo o gabaritima ovog telefona, pre svega tezini od 250g+maska. Da li je to naporno koristiti u razlicitim situacijama (autu, prevozu, lezanju na kaucu...)?"
https://mobilnisvet.com/mobilni-komentari/pt4qv/Apple/iPhone-14-Pro-Max/5,Apple,Apple iPhone 14 Pro Max,Zorz,2023-04-22 07:59:00,Prešao prije dva dana sa Xiaomi Mi 10T 5G na iPhone.
https://mobilnisvet.com/mobilni-komentari/pt4qv/Apple/iPhone-14-Pro-Max/5,Apple,Apple iPhone 14 Pro Max,Nemke,2023-04-21 21:38:00,Ovaj ili S23 ultra?
https://mobilnisvet.com/mobilni-komentari/pt4qv/Apple/iPhone-14-Pro-Max/5,Apple,Apple iPhone 14 Pro Max,nevena,2023-04-16 22:01:00,"molim vas da se sto vise vas oglasi na ovo pitanje jer bi mi jako znacilo da cujem vasa misljenja, volela bih da kupim 14 pro max ali me zanima da li je pouzdano da kupim u ovakvim radnjama i cula sam da su u balkanskoj najpouzdaniji ali me zanima da li to vazi za balkansku 31 ili balkansku 20 ako ne gresim, bojim se da ne dam preko hiljadu evra i da mi na kraju uvale kopiju"
https://mobilnisvet.com/mobilni-komentari/pt4qv/Apple/iPhone-14-Pro-Max/5,Apple,Apple iPhone 14 Pro Max,MM,2023-04-01 10:15:00,"Aplikacije za 30% skuplje YT muzika 12,99eu na Android 9,99eu Amazon 23eu  na Android 18eu. Aplikacije u App Store se ne mogu same azurirati. Widgets veze sa vezom nemaju, raspored ikonica katastrofalan! Personalizcija uzas. Sve u svemu bacen novac! Znam znam… nisam nikada koristio IOS samo ste vi."
https://mobilnisvet.com/mobilni-komentari/pt4qv/Apple/iPhone-14-Pro-Max/5,Apple,Apple iPhone 14 Pro Max,Veki,2023-03-30 15:27:00,Meni se uopste ne greje.Tel je vrh
https://mobilnisvet.com/mobilni-komentari/pt4qv/Apple/iPhone-14-Pro-Max/5,Apple,Apple iPhone 14 Pro Max,Patricija,2023-03-28 19:07:00,Dal je 14 pro max vodootporan ?
https://mobilnisvet.com/mobilni-komentari/pt4qv/Apple/iPhone-14-Pro-Max/5,Apple,Apple iPhone 14 Pro Max,Milan,2023-03-27 00:39:00,"Kad vidim ovoliko pristrasne komentare ne znam da li da postavljam pitanje, ali ajd, da li je neko prešao sa Galaxy S Ultra serije na ovaj telefon, kakva su iskustva, šta je bolje šta je lošije? Razmišljam se izmedju S23 Ultra i ovog telefona"
https://mobilnisvet.com/mobilni-komentari/pt4qv/Apple/iPhone-14-Pro-Max/5,Apple,Apple iPhone 14 Pro Max,David44,2023-03-26 18:25:00,Telefon je bukvalno bez i jedne mane!
https://mobilnisvet.com/mobilni-komentari/pt4qv/Apple/iPhone-14-Pro-Max/5,Apple,Apple iPhone 14 Pro Max,IPHONE,2023-03-20 15:27:00,Koliko kosta zamena baterije na iphone 8 plus???
https://mobilnisvet.com/mobilni-komentari/pt4qv/Apple/iPhone-14-Pro-Max/5,Apple,Apple iPhone 14 Pro Max,MS,2023-03-20 12:52:00,"Pitanje za one koji imaju ovaj telefon. Da li je ovaj telefon tezak? Tj. da li ste se navikli na njegovu tezinu, i koliki vam je to problem?"
https://mobilnisvet.com/mobilni-komentari/pt4qv/Apple/iPhone-14-Pro-Max/5,Apple,Apple iPhone 14 Pro Max,Max,2023-03-15 09:13:00,Koliko dugo se puni baterija na kablu od 0 do 100%?
https://mobilnisvet.com/mobilni-komentari/pt4qv/Apple/iPhone-14-Pro-Max/5,Apple,Apple iPhone 14 Pro Max,Igor,2023-03-11 17:06:00,"Cao ljudi, mala pomoc..."
https://mobilnisvet.com/mobilni-komentari/pt4qv/Apple/iPhone-14-Pro-Max/5,Apple,Apple iPhone 14 Pro Max,Miki,2023-03-08 06:41:00,"Dobar dan,nikada nisam imao premijum model telefona,sada po prvi put zelim da dam vise para za jedan takav a hocu da uzmem 14 pro max.Moje pitanje glasi da li je sigurno kupiti telefon u ovim radnjama po ovim dosta nizim cenama u odnosu na operatere koliko sam video.Bojim se da dam preko 1000e a da mi ne uvale neku kopiju ili ko zna?"
https://mobilnisvet.com/mobilni-komentari/pt4qv/Apple/iPhone-14-Pro-Max/5,Apple,Apple iPhone 14 Pro Max,Jeja,2023-03-06 22:03:00,"Molim za malu pomoć,"
https://mobilnisvet.com/mobilni-komentari/pt4qv/Apple/iPhone-14-Pro-Max/5,Apple,Apple iPhone 14 Pro Max,Alexa,2023-03-04 21:32:00,"Planiram da pređem sa androida na ios (na IP 14 pro max), čitao sam na netu kako je ios dosta zatvoren sistem i kako kad se skine neka pesma sa neta prestaje da važi garancija za telefon, zanima me da li je to istina? I da li traže da se plaćaju silne aplikacije i funkcije na telefonu?"
https://mobilnisvet.com/mobilni-komentari/pt4qv/Apple/iPhone-14-Pro-Max/5,Apple,Apple iPhone 14 Pro Max,Goran,2023-03-02 23:18:00,"Pozdrav, zanima me da li je pametno kupiti bilo koji telefon u ovim manjim prodavnicama gde je oko 1200 eura s obzirom da je drasticno manja cena u odnosu na veće prodavnice?"
https://mobilnisvet.com/mobilni-komentari/pt4qv/Apple/iPhone-14-Pro-Max/5,Apple,Apple iPhone 14 Pro Max,IPHONE 8 PLUS,2023-03-02 16:27:00,Da li je dobro puniti iphone 8 plus sa 20w punjacom? Da li je lose za bateriju?
https://mobilnisvet.com/mobilni/tj1/Apple/iPhone-17-Pro-Max-12GB-2TB-1x-SIM-2x-eSIM,Apple,Apple iPhone 17 Pro Max,Sloba,2026-07-30 06:54:00,"Baguje Gemini opasno, nekad neće da odgovori, dugo čekam... Na androidu to ide mnogo brže."
https://mobilnisvet.com/mobilni/tj1/Apple/iPhone-17-Pro-Max-12GB-2TB-1x-SIM-2x-eSIM,Apple,Apple iPhone 17 Pro Max,Zdravko,2026-07-28 11:40:00,"Imao sam Samsung S 24 Ultra dvije godine, pa je prije mjesec dana počeo da mi se čudno ponaša senzor za osvjetljenje ekrana, a i rekoh da promijenim malo marku - prvi put u životu da uzmem nov Iphone. Preko 067 operatera u Crnoj Gori 17 Pro Max sa pola terabajta, na 24 rate, košta 1.988,00 €."
https://mobilnisvet.com/mobilni/tj1/Apple/iPhone-17-Pro-Max-12GB-2TB-1x-SIM-2x-eSIM,Apple,Apple iPhone 17 Pro Max,Љубо,2026-07-23 22:37:00,"I nije telefon samo kamera. Ako je do kamere, kupite fotoaparat."
https://mobilnisvet.com/mobilni/tj1/Apple/iPhone-17-Pro-Max-12GB-2TB-1x-SIM-2x-eSIM,Apple,Apple iPhone 17 Pro Max,Milena,2026-07-06 17:17:00,Dobar dan imam iphone 17 pro max narandžasti koji je promenio boju u roze zanima me da li je još neko imao takav problem. Dva puta sam ga reklamirala u tehno mediji gde je i kupljen i dva puta je odbijena reklamacija. Da li je još neko imao takva iskustva?
https://mobilnisvet.com/mobilni/tj1/Apple/iPhone-17-Pro-Max-12GB-2TB-1x-SIM-2x-eSIM,Apple,Apple iPhone 17 Pro Max,Dzimi,2026-06-17 09:12:00,"Pre su Apple i Samsung zarađivali isključivo od čistog hardvera – proda ti telefon, uzme profit i to je to. Zato je hardver morao biti savršen da ne bi gubili novac na servisima."
https://mobilnisvet.com/mobilni/tj1/Apple/iPhone-17-Pro-Max-12GB-2TB-1x-SIM-2x-eSIM,Apple,Apple iPhone 17 Pro Max,Djole,2026-06-15 10:41:00,"Koristim s 25 ultra,ajfon 13 i huavej p 30 pro , i mogu vam reći da huavej  još uvek radi extra"
https://mobilnisvet.com/mobilni/tj1/Apple/iPhone-17-Pro-Max-12GB-2TB-1x-SIM-2x-eSIM,Apple,Apple iPhone 17 Pro Max,Boban,2026-06-03 23:18:00,"Imam velikih problema sa WiFi 6 konekcijom, pitao sam vestacku inteligenciju da mi pomogne oko podesavanja rutera, radi to nekako ali nisam zadovoljan."
https://mobilnisvet.com/mobilni/tj1/Apple/iPhone-17-Pro-Max-12GB-2TB-1x-SIM-2x-eSIM,Apple,Apple iPhone 17 Pro Max,Makina,2026-05-31 02:41:00,Opaka baterija. Puni se dva dana al traje pola godine..
https://mobilnisvet.com/mobilni/tj1/Apple/iPhone-17-Pro-Max-12GB-2TB-1x-SIM-2x-eSIM,Apple,Apple iPhone 17 Pro Max,Vlada,2026-05-16 17:29:00,"Da li tripujem ili mi 17PM nekako laguje u odnosu na prosli 15PM. Mozda nije do telefona nego do novog softvera? Ponekad se oseti ta milisekunda kad zabaguje, nije mi to glatko kao nekada. Mozda nesto u podesavanjima da iskljucim ili promenim?"
https://mobilnisvet.com/mobilni/tj1/Apple/iPhone-17-Pro-Max-12GB-2TB-1x-SIM-2x-eSIM,Apple,Apple iPhone 17 Pro Max,Rasta,2026-05-15 15:40:00,"Meni je bela boja najlepsa,belo je belo..."
https://mobilnisvet.com/mobilni/tj1/Apple/iPhone-17-Pro-Max-12GB-2TB-1x-SIM-2x-eSIM,Apple,Apple iPhone 17 Pro Max,Xx,2026-05-03 11:49:00,Kada ćete napraviti tu jednom pretragu da kucam pocetak prodaje 2026 god
https://mobilnisvet.com/mobilni/tj1/Apple/iPhone-17-Pro-Max-12GB-2TB-1x-SIM-2x-eSIM,Apple,Apple iPhone 17 Pro Max,Ss,2026-05-03 06:21:00,"Beda ili ne, oni su multimilijarderi,mozemo samo da pljujemo mi koji smo beda.."
https://mobilnisvet.com/mobilni/tj1/Apple/iPhone-17-Pro-Max-12GB-2TB-1x-SIM-2x-eSIM,Apple,Apple iPhone 17 Pro Max,Pedja,2026-04-29 21:34:00,"Kamera je slaba na zumiranju u odnosu na jace kineze, baterija nista posebno, ostalo je odlicno, vrhunski. Mozda su malo zeznuli i farbu koja se ljusti ali svakako ide u masku pa se to nece primecivati. 9/10"
https://mobilnisvet.com/mobilni/tj1/Apple/iPhone-17-Pro-Max-12GB-2TB-1x-SIM-2x-eSIM,Apple,Apple iPhone 17 Pro Max,Neša,2026-04-07 01:20:00,Koliko traje baterija na ovom telefonu hvala
https://mobilnisvet.com/mobilni/tj1/Apple/iPhone-17-Pro-Max-12GB-2TB-1x-SIM-2x-eSIM,Apple,Apple iPhone 17 Pro Max,Nikola,2026-03-09 23:22:00,"Trenutno imam 16 pro max. Svakim novim ažuriranjem sve sam manje zadovoljan sa držanjem baterije. Do pre mesec dana mi je baterija držala bez problema jedan dan a u poslednje vreme moram da ga dopunim jednom dnevno. I sad se dvoumim, između 17 pro max (kažu da ima bolji bazeriju) ili Honor magic 8 pro? Samsung Ultra 26 je ispala iz opcije, razocaravajuća je ove godine."
https://mobilnisvet.com/mobilni/tj1/Apple/iPhone-17-Pro-Max-12GB-2TB-1x-SIM-2x-eSIM,Apple,Apple iPhone 17 Pro Max,Nađa,2026-03-07 23:39:00,"Da li preci sa 15 plus na 17 pro max? Zadovoljna sam i sa 15 plus cak mi je bh za 2 godine koriscenja odlican, ali nemam memorije nikad jer sam uzela od 128GB."
https://mobilnisvet.com/mobilni/tj1/Apple/iPhone-17-Pro-Max-12GB-2TB-1x-SIM-2x-eSIM,Apple,Apple iPhone 17 Pro Max,Pedja,2026-03-02 21:40:00,"Da li se dešava nekom da kada priča preko vibera da se telefon preterano greje?Jedino tu falinku sam primetio ,ostalo radi ok..."
https://mobilnisvet.com/mobilni/tj1/Apple/iPhone-17-Pro-Max-12GB-2TB-1x-SIM-2x-eSIM,Apple,Apple iPhone 17 Pro Max,Kosta,2026-02-27 15:26:00,Jeste imali problem sa AI da kad uredjujete slike ekran se zamrzne? Morala sam preko racunara u Fotoshopu da sredim. Valjda ce to resiti sa nekim azuriranjem?
https://mobilnisvet.com/mobilni/tj1/Apple/iPhone-17-Pro-Max-12GB-2TB-1x-SIM-2x-eSIM,Apple,Apple iPhone 17 Pro Max,Koja,2026-02-21 02:01:00,Pozdrav svima kažite mi samo u kojoj pođi i stabilniji sistem android ili iOS što se tiče Evrope i Amerike recimo da kažemo šta je ovako sigurnije
https://mobilnisvet.com/mobilni/tj1/Apple/iPhone-17-Pro-Max-12GB-2TB-1x-SIM-2x-eSIM,Apple,Apple iPhone 17 Pro Max,Dado,2026-02-05 17:05:00,Da li uzeti Samsung s25 ultra ili 17 pro? Hvala unapred
https://mobilnisvet.com/mobilni/tj1/Apple/iPhone-17-Pro-Max-12GB-2TB-1x-SIM-2x-eSIM,Apple,Apple iPhone 17 Pro Max,Saka,2026-01-31 17:27:00,Da li postoji mogućnost da se u Safari pregledaču uključi prevodilac sa engleskog na srpski
https://mobilnisvet.com/mobilni/tj1/Apple/iPhone-17-Pro-Max-12GB-2TB-1x-SIM-2x-eSIM,Apple,Apple iPhone 17 Pro Max,Aca,2026-01-28 23:45:00,"Da li imate bug na web safari brozveru,da vam ometa donji deo kad pretrazujete nesto,mene bas nervira"
https://mobilnisvet.com/mobilni/0rk/Apple/iPhone-17e-8GB-512GB-1x-SIM-2x-eSIM,Apple,Apple iPhone 17e,Dzoni,2026-07-24 19:06:00,Senzor glavne kamere kao na telefonima pre 10 godina... Tako se mlate pare...
https://mobilnisvet.com/mobilni/0rk/Apple/iPhone-17e-8GB-512GB-1x-SIM-2x-eSIM,Apple,Apple iPhone 17e,Sava,2026-07-15 04:08:00,"Odlican telefon, kome treba dobra baterija, i fluidan!"
https://mobilnisvet.com/mobilni/0rk/Apple/iPhone-17e-8GB-512GB-1x-SIM-2x-eSIM,Apple,Apple iPhone 17e,Dana Lamborghini,2026-05-23 17:36:00,"Au, bukvalno sam sprzila kintu. Toliko ga prejzovase na Toku, ja naivna odmah poletela. Ovo je sporo kao djavo, kamera srsly no comment. Bolje da sam skupljala za base ili pro..."
https://mobilnisvet.com/mobilni/0rk/Apple/iPhone-17e-8GB-512GB-1x-SIM-2x-eSIM,Apple,Apple iPhone 17e,Za igre,2026-05-04 03:29:00,"17e ili 15, namena igre i Netflix, Spotify"
https://mobilnisvet.com/mobilni/0rk/Apple/iPhone-17e-8GB-512GB-1x-SIM-2x-eSIM,Apple,Apple iPhone 17e,Nix,2026-04-30 17:07:00,"Ovo kad padne (valjda ce pasti) na oko 500e, bice top kupovina."
https://mobilnisvet.com/mobilni/0rk/Apple/iPhone-17e-8GB-512GB-1x-SIM-2x-eSIM,Apple,Apple iPhone 17e,Xxx,2026-04-30 08:17:00,Iphone 17e ili S25? Baterija mi je presudna.
https://mobilnisvet.com/mobilni/0rk/Apple/iPhone-17e-8GB-512GB-1x-SIM-2x-eSIM,Apple,Apple iPhone 17e,Srbo,2026-04-21 20:43:00,Kada cete napraviti da na pretrazi bude 2026 godina a ne 2023 godina pocetak prodaje. Kada cete to resiti
https://mobilnisvet.com/mobilni/0rk/Apple/iPhone-17e-8GB-512GB-1x-SIM-2x-eSIM,Apple,Apple iPhone 17e,Andjela,2026-04-17 13:25:00,"Zašto ovde ne napišete da su ovo cene samo za gotovinu.Ako neko želi da plati karticom u radnjama mu traže vise 12,000din u drugoj čak 30,000din.Da li je to normalno pa i kartica je gotovinsko plaćanje?Nego je jasno da imaju dupla knjiženja i da ne prijavljuju veću količinu zarade kroz PDV državi...."
https://mobilnisvet.com/mobilni/0rk/Apple/iPhone-17e-8GB-512GB-1x-SIM-2x-eSIM,Apple,Apple iPhone 17e,Dana Lamborghini,2026-04-17 01:33:00,Baterija fura?
https://mobilnisvet.com/mobilni/0rk/Apple/iPhone-17e-8GB-512GB-1x-SIM-2x-eSIM,Apple,Apple iPhone 17e,Ljubo,2026-04-11 22:31:00,Dati 700 evra za telefon koji nema ultrawide kameru je bacanje para. Ovaj telefon ne vredi više od 450 evra.
https://mobilnisvet.com/mobilni/0rk/Apple/iPhone-17e-8GB-512GB-1x-SIM-2x-eSIM,Apple,Apple iPhone 17e,iOS 26,2026-04-04 18:19:00,"Dobar . Preporučujem ga za sve one koji dolaze sa sa ajfon 12 i starije modele, usporedio sam ovaj model sa ajfon 13 i došao do zaključka da ovaj model nije nikakva srednja klasa nego refrebrikovani ajfon 13 jer njihove specifikacije naviše podudaraju samo dolazi sa nešto boljim ekranom umesto dve kamere od 12 mpx stavljena jedna od 48mpx i duplo veće interne memorije i sa većom baterijom za nekih 550 ampera."
https://mobilnisvet.com/mobilni/0rk/Apple/iPhone-17e-8GB-512GB-1x-SIM-2x-eSIM,Apple,Apple iPhone 17e,Apple,2026-04-02 09:41:00,Dali neko koristi iphone 17e zanima me baterij koliko izvuče SOT-a tipa od 08:00 h do 16:00h
https://mobilnisvet.com/mobilni/0rk/Apple/iPhone-17e-8GB-512GB-1x-SIM-2x-eSIM,Apple,Apple iPhone 17e,17e,2026-04-01 18:22:00,"Sviđa mi se ovaj opšti minilizam nema klackanja po stolu zbog kamera ne preferiram megsejf punjenje, ne smetami mala voltaža   punjača jer nijedan telefon nisam punio sat ipo vremena nego 45 minuta toliko mu zapravo treba od 20 do 80%. Videću u a1 nudega za 3300 DIN mesečno uz reciklažu starog uređaja.svakako ajfon nije upotrebljiv 85% bez interneta mogu poziv i poruke ali to mogu i sa nokiju 3310.😀"
https://mobilnisvet.com/mobilni/0rk/Apple/iPhone-17e-8GB-512GB-1x-SIM-2x-eSIM,Apple,Apple iPhone 17e,Mileva,2026-03-15 08:42:00,Dodaš još 220 evra i kupiš Pro. Pozdrav za genije koji su formirali ovu cenu.
https://mobilnisvet.com/mobilni/0rk/Apple/iPhone-17e-8GB-512GB-1x-SIM-2x-eSIM,Apple,Apple iPhone 17e,Hadžija,2026-03-11 20:54:00,"Za ove pare uzmeš običnu 17, i još ti kusur ostane"
https://mobilnisvet.com/mobilni/0rk/Apple/iPhone-17e-8GB-512GB-1x-SIM-2x-eSIM,Apple,Apple iPhone 17e,Poco loco,2026-03-11 15:31:00,Molim da mi neko upućen navede razlike modela Iphone 16e i Iphone 17e jer ja nisam uočio baš ništa bitno gledajući uporednu analizu ta dva modela na ovom sajtu.
https://mobilnisvet.com/mobilni/0rk/Apple/iPhone-17e-8GB-512GB-1x-SIM-2x-eSIM,Apple,Apple iPhone 17e,Ljubo,2026-03-09 14:44:00,Bolje uzeti i 16 od 256gb za 700 evra nego ovaj. Ovo je suludo davati tolike pare za telefon koji nema ultra wide kameru.
https://mobilnisvet.com/mobilni/0rk/Apple/iPhone-17e-8GB-512GB-1x-SIM-2x-eSIM,Apple,Apple iPhone 17e,Ljubo,2026-03-09 14:39:00,"Bolje dodati još 70 evra za esim 17. Ne isplati se 17e za 700 evra. Mnogo za ""midrange"" Iphone. Kad bude bar 600 evra, onda da."
https://mobilnisvet.com/mobilni/0rk/Apple/iPhone-17e-8GB-512GB-1x-SIM-2x-eSIM,Apple,Apple iPhone 17e,Apple Max,2026-03-04 19:29:00,Ee pa evo nama iphone-a 17e razmišljao da uzmem 16e ali ipak sam se odlučio da čekam 17e sad da prođe par meseci od njegovog izlaska uporediti da li će se sve svesti na isto kao i kod 16e mislim na bateriju čitao sam da dosta hvale bateriju na iphone-u 16e
https://mobilnisvet.com/mobilni-komentari/pt4qv/Apple/iPhone-14-Pro-Max/6,Apple,Apple iPhone 14 Pro Max,Benzema,2023-03-02 15:53:00,"Da li neko ima problem sa fokusom prednje kamere? I kako resiti to, npr slika je dobra kad se slika bez lica, znaci kad nema da fokusira lice tad je slika super prednjom kamerom, a ovako selfi lose izgleda mutno nekako bez ostrine, kao da fokus ne moze da odluci sta ce da fokusira lice ili pozadinu"
https://mobilnisvet.com/mobilni-komentari/pt4qv/Apple/iPhone-14-Pro-Max/6,Apple,Apple iPhone 14 Pro Max,DavidL,2023-03-02 11:47:00,"Svakog dana pada cena,  za 5-10-20€"
https://mobilnisvet.com/mobilni-komentari/pt4qv/Apple/iPhone-14-Pro-Max/6,Apple,Apple iPhone 14 Pro Max,Dace,2023-02-28 12:16:00,"Zasto još uvek ni jedan operater nema u ponudi Iphone 14 PRO i PRO MAX modele,zar nije početkom februara rešen problem sa linijama koje se pojavljuju na ekranu?"
https://mobilnisvet.com/mobilni-komentari/pt4qv/Apple/iPhone-14-Pro-Max/6,Apple,Apple iPhone 14 Pro Max,Vladimir,2023-02-25 19:46:00,"Da li je moguce da ja pravim bolje fotografije sa prednjom kamerom na Pocophone F1 sa Gcam nego na 14 Pro Max? Sve ostalo je top sem prednje kamere koja mi izgleda ocajno, dosta manje detalja ima nego na Poco F1, da li ima neko resenje za ovo, da li moze nekako softverski da se popravi?"
https://mobilnisvet.com/mobilni-komentari/pt4qv/Apple/iPhone-14-Pro-Max/6,Apple,Apple iPhone 14 Pro Max,Stojan,2023-02-18 01:57:00,"Ovo je porez za budale. Kao i samsung s22, 23. Ni jedan ne treba da bude skuplji od 400 evra. Ovo važi za običan narod, ne za milionere."
https://mobilnisvet.com/mobilni-komentari/pt4qv/Apple/iPhone-14-Pro-Max/6,Apple,Apple iPhone 14 Pro Max,David44,2023-02-17 01:54:00,Znaci dva dana bez problema sa umerenim korišćenjem? Posle koliko meseci kapacitet baterije oslabi? Imao sam XS i na godinu dana morao da menjam bateriju.
https://mobilnisvet.com/mobilni-komentari/pt4qv/Apple/iPhone-14-Pro-Max/6,Apple,Apple iPhone 14 Pro Max,David44,2023-02-16 21:15:00,"Koliko traja baterija? To me najviše interesuje, ostalo verujem da je sve super. I gde uzeti, u radnjama je oko 1180-1190€ trenutno, to je ok cena?"
https://mobilnisvet.com/mobilni-komentari/pt4qv/Apple/iPhone-14-Pro-Max/6,Apple,Apple iPhone 14 Pro Max,Bane,2023-02-04 22:19:00,"Da li neko ima iskustva sa korišćenjem ovog telefona u Dual SIM režimu? Kako se ponaša_ Da li Dual SIM standby ""jede"" bateriju?"
https://mobilnisvet.com/mobilni-komentari/pt4qv/Apple/iPhone-14-Pro-Max/6,Apple,Apple iPhone 14 Pro Max,Djordje,2023-02-01 05:13:00,"Kupio,i debelo se razocarao,kamera,baterija ekran brutalni,zvuk vrhunski,ali dao sam 1400eu za telefon i notifikacije za viber i whatsap mi nestizu cesto tek kad udjem u aplikaciju one pokazu da su tu,instagram isto,tako mi je bilo na 12pro pa sam ga prodao ali nisu hteki da isprave to ,namerno apple radi da bi se preslo na imesiges...."
https://mobilnisvet.com/mobilni-komentari/pt4qv/Apple/iPhone-14-Pro-Max/6,Apple,Apple iPhone 14 Pro Max,Venus,2023-01-26 01:22:00,Iako posjedujem iPhone Mogli su primjeniti boju telefona sve neke blede boje i iste dosadne tuzne ....
https://mobilnisvet.com/mobilni-komentari/pt4qv/Apple/iPhone-14-Pro-Max/6,Apple,Apple iPhone 14 Pro Max,Tanja,2023-01-25 11:54:00,Dobar dan.Da li neko ima problem sa Kamerom (Ios 16.2).Kao da sam tekefon podesava kada ce zamutiti sliku a kada izostriti da slika bude cista .
https://mobilnisvet.com/mobilni-komentari/pt4qv/Apple/iPhone-14-Pro-Max/6,Apple,Apple iPhone 14 Pro Max,Jelena,2023-01-23 21:32:00,"Molim vas za pomoc,da li neko zna da mi kaze kako se gasi vibracija na (silent mode).Nemam opciju u Settings kao nekada vibracija on-off.Ios 16.2"
https://mobilnisvet.com/mobilni-komentari/pt4qv/Apple/iPhone-14-Pro-Max/6,Apple,Apple iPhone 14 Pro Max,Milan,2023-01-19 19:30:00,"Izrez za prednju kameru i senzore je baš ogroman. Kakva su vam iskustva, da li ste se brzo navikli?"
https://mobilnisvet.com/mobilni-komentari/pt4qv/Apple/iPhone-14-Pro-Max/6,Apple,Apple iPhone 14 Pro Max,Vladimir,2023-01-14 12:01:00,Da li 14 pro max iz Kanade moze da se koristi u Srbiji.
https://mobilnisvet.com/mobilni-komentari/pt4qv/Apple/iPhone-14-Pro-Max/6,Apple,Apple iPhone 14 Pro Max,Deky AMG////,2023-01-12 18:59:00,"Evo bas juce kupio 14 pro max srebrni, pre njega koristio 13 pro max zatim 12 pro max . i mogu reci 12/pMax na 14pMax vredi preci,  13pMax na 14pMax je samo zelja i TD ali ako vam je dubok dzep zasto da ne..... Jedini razlog samo jedini zasto sam presao / kupio zbog ovod dynamic island . i LTPO i nista vise... Ajfon moj 13 pro max 128 blue USA verzia ovog meseca izlazi garancija kao čaša panzer glas vredi li 900€???"
https://mobilnisvet.com/mobilni-komentari/pt4qv/Apple/iPhone-14-Pro-Max/6,Apple,Apple iPhone 14 Pro Max,Vladimir,2022-12-29 21:09:00,"Pozdrav svima. Imam jedno pitanje, da li i serija 14 ima problem sa zvukom tokom razgovora kao serija 13 ?Da  li su i na 14 seriji izbacili zvucnik koji prigusuje spoljne sumove i buku ? Hvala."
https://mobilnisvet.com/mobilni-komentari/pt4qv/Apple/iPhone-14-Pro-Max/6,Apple,Apple iPhone 14 Pro Max,ilija,2022-12-22 14:17:00,"Telefon je fenomenalan, prodao 12 pro max i uzeo ovaj, top..  sve preporuke.."
https://mobilnisvet.com/mobilni-komentari/pt4qv/Apple/iPhone-14-Pro-Max/6,Apple,Apple iPhone 14 Pro Max,Pedja,2022-12-10 07:16:00,Svaki komentar je suvisan. Zver u svakom smislu te reci. Cena je bezobrazno velika i ruka mi se tresla kada sam brojao 1400€ ali ok. Prezivecu
https://mobilnisvet.com/mobilni-komentari/pt4qv/Apple/iPhone-14-Pro-Max/6,Apple,Apple iPhone 14 Pro Max,Nik,2022-11-26 09:12:00,"Ima li neko problem u poslednja 2-3 dana sa internetom. Iz čista mira pukne net iako stoji da su upaljeni mobilni podaci. Onda moram po 5-6 puta da iskljucim i upalim ponovo mobilne podatke kako bi proradilo. Nije do mreže, supruga u istoj mrezi kao ja i ona nema taj problem."
https://mobilnisvet.com/mobilni-komentari/pt4qv/Apple/iPhone-14-Pro-Max/6,Apple,Apple iPhone 14 Pro Max,Nenad,2022-11-24 18:39:00,"Ljudi, telefon je bez premca! Najbolji telefon ikad! Video, kamera, brzina punjenja, trajanje baterije...i naravno izgled!"
https://mobilnisvet.com/mobilni-komentari/pt4qv/Apple/iPhone-14-Pro-Max/6,Apple,Apple iPhone 14 Pro Max,Stefan,2022-11-11 08:52:00,"Da li kupiti 13/14 pro max ili S21/22 Ultra. Znaci 4 ista telefona sa malim razlikama.  A o ceni da ne pricam, 200.000 za telefon."
https://mobilnisvet.com/mobilni-komentari/pt4qv/Apple/iPhone-14-Pro-Max/6,Apple,Apple iPhone 14 Pro Max,Stefan,2022-10-26 23:21:00,Da li se isplati menjati S21 ultra za 14 pro max 256 GB?
https://mobilnisvet.com/mobilni-komentari/pt4qv/Apple/iPhone-14-Pro-Max/6,Apple,Apple iPhone 14 Pro Max,////AMG,2022-10-14 22:16:00,Jos minimum 5 god da sad promene zadnju stranu sveta .....Ostalo je znaci Masina
https://mobilnisvet.com/mobilni-komentari/pt4qv/Apple/iPhone-14-Pro-Max/6,Apple,Apple iPhone 14 Pro Max,sandra,2022-10-12 19:10:00,"Ljudi, do sada nisam imala nikakvo iskustvo sa iphone telefonima. Moze li neko da mi prenese iskustvo tokom poziva tj. da li je zvuk u onom gornjem zvucniku, slusalici, dovoljno jak da cujem sagovornika i napolju, na ulici kad je bucno ili mora da se prebacuje na spikerfon? Telefon mi ipak treba i za telefoniranje. pozz svima"
https://mobilnisvet.com/mobilni-komentari/pt4qv/Apple/iPhone-14-Pro-Max/6,Apple,Apple iPhone 14 Pro Max,Martin J.,2022-10-10 20:33:00,Imam iPhone 13 pro max 256GB...sve je o.k. ali me nervira grejanje telefona i punjača (Power Adapter 20W) prilikom punjenja. Sada ga punim od 30%-70% ili čak i manji raspon i tad jedva primetno se smlači... uz prosečno korišćenje baterija izgura 48h. kad je napunjen 80% i do 20%. Molim Vas za iskusdtva... jer bih ga prodao i doplatio za Četrmajesticu.
https://mobilnisvet.com/mobilni-komentari/y94s0/Apple/iPhone-14-Pro/6,Apple,Apple iPhone 14 Pro,Ivan,2023-03-04 19:23:00,Koja boja je najbolja po Vama?
https://mobilnisvet.com/mobilni-komentari/y94s0/Apple/iPhone-14-Pro/6,Apple,Apple iPhone 14 Pro,Upiši ime,2023-03-03 12:15:00,"Drug ima iphone 14 pro. Sedimo jedan pored drugog,  ja ga zovem on se javi otvori se veza merenje vremena stoji na 0:00 on vice alo, alo, alo... kod mene se cuje da i dalje  zvoni, jedno 5x! Tako pouzdan i savrsen taj Iphone! Umalo da se zeznem i da ga kupim!"
https://mobilnisvet.com/mobilni-komentari/y94s0/Apple/iPhone-14-Pro/6,Apple,Apple iPhone 14 Pro,Dex,2023-02-28 14:05:00,Koja radnja daje 2 godine garanciju od navedenih ma ovom sajtu?
https://mobilnisvet.com/mobilni-komentari/y94s0/Apple/iPhone-14-Pro/6,Apple,Apple iPhone 14 Pro,Anastasija,2023-02-26 15:17:00,"Cao. Vec godinama sam na Honor telefonima, sad me zanima da predjem na ovaj, pa me interesuju recenzije samo onih koji su kupili ovaj telefon posle androida i koji su kupili u nekoj od ovih prodavnica koje su navedene iznad, najjeftinije, jer cene variraju i do 400e razlike. Ustedela bih toliko kupovinom u nekim od tih prodavnica, ali sam skepticna. Hvala veliko unapred."
https://mobilnisvet.com/mobilni-komentari/y94s0/Apple/iPhone-14-Pro/6,Apple,Apple iPhone 14 Pro,Miki,2023-02-26 13:15:00,Jel ima nekog ovde ko je prešo sa IP14 na IP14pro. Razmišljam o ovoj varijanti ali nisam siguran da li vredi …
https://mobilnisvet.com/mobilni-komentari/y94s0/Apple/iPhone-14-Pro/6,Apple,Apple iPhone 14 Pro,Vlada,2023-02-26 00:22:00,"Jel ima neko objasnjenje da je 13 pro nesto malo jeftiniji od 14 pro? O cemu se radi, ne svidja se ljudima kapsula na 14tici pro?"
https://mobilnisvet.com/mobilni-komentari/y94s0/Apple/iPhone-14-Pro/6,Apple,Apple iPhone 14 Pro,Ana,2023-02-25 16:38:00,"Cao, kako se pokazala baterija nakon nekoliko meseci korišćenja ili godinu dana. Može li bez probelma da izdrzi dan?"
https://mobilnisvet.com/mobilni-komentari/y94s0/Apple/iPhone-14-Pro/6,Apple,Apple iPhone 14 Pro,Aleks12,2023-02-20 06:57:00,"Ljudi, interesuje me samo jedno, da li ova baterija moze da izgura godinu dana da se bez problema dvevno bez punjaca?"
https://mobilnisvet.com/mobilni-komentari/y94s0/Apple/iPhone-14-Pro/6,Apple,Apple iPhone 14 Pro,Prvi iphone,2023-02-16 14:48:00,"Koji punjač da koristim za 14 pro? Da kupim orig., ili može od neke druge marke tel.?"
https://mobilnisvet.com/mobilni-komentari/y94s0/Apple/iPhone-14-Pro/6,Apple,Apple iPhone 14 Pro,David44,2023-02-14 19:53:00,"Cena je pala za 400 evra za dva meseca, jako se teško prodaju premijum modeli u ovoj inflaciji."
https://mobilnisvet.com/mobilni-komentari/y94s0/Apple/iPhone-14-Pro/6,Apple,Apple iPhone 14 Pro,Hahaha,2023-02-07 12:50:00,"Ne da spustaju cene nego svaki dan skoro opadaju, pretpostavljam da je toliko dobro prodavan da je za 2 meseca spao za -500e."
https://mobilnisvet.com/mobilni-komentari/y94s0/Apple/iPhone-14-Pro/6,Apple,Apple iPhone 14 Pro,😃,2023-02-06 07:14:00,"Pozdrav, zanimaju me iskustva nekog ko koristi ovaj model? :)"
https://mobilnisvet.com/mobilni-komentari/y94s0/Apple/iPhone-14-Pro/6,Apple,Apple iPhone 14 Pro,Bosko,2023-02-04 08:31:00,"Pozdrav ljudi dvoumim se izmedju space grey i purple, Vase misljenje koja je boja lepsa? :)"
https://mobilnisvet.com/mobilni-komentari/y94s0/Apple/iPhone-14-Pro/6,Apple,Apple iPhone 14 Pro,R,2023-02-03 18:31:00,Pozdrav. Zanima me ima li velike razlike izmedju iphone 12 pro i iphone 14 pro? Konkretno me zanima baterija i kamera. Planiram da kupim jedan od ta dva modela a razlika u ceni nije bas ni mala.
https://mobilnisvet.com/mobilni-komentari/y94s0/Apple/iPhone-14-Pro/6,Apple,Apple iPhone 14 Pro,Mara,2023-01-20 09:57:00,Trenutno najlepsi i najkompletniji telefon...bez premca
https://mobilnisvet.com/mobilni-komentari/y94s0/Apple/iPhone-14-Pro/6,Apple,Apple iPhone 14 Pro,jabuka,2023-01-12 19:08:00,"Pozdrav, da li se nekome desava ko ima ovaj telefon da posle updejta poslednjeg na 16.2 kamera tj fokus dvaput uvelica?  makro focus da drugacije radi nego inace.."
https://mobilnisvet.com/mobilni-komentari/y94s0/Apple/iPhone-14-Pro/6,Apple,Apple iPhone 14 Pro,Leks,2023-01-09 06:44:00,"Planiram da uzmem ovaj telefon, ali mi je bitna baterija, koliko traje, da li može da izgura dan malo intenzivnijeg korišćenja?"
https://mobilnisvet.com/mobilni-komentari/y94s0/Apple/iPhone-14-Pro/6,Apple,Apple iPhone 14 Pro,Samo ja,2022-12-29 18:41:00,"Danas kupio.. nista specijalno vec vidjeno, sve isto u drugom pakovanju. Jedino sto se oseti da je malo brzi. Ono ostrvom... sta reci!! Tezak je i lose lezi u ruci! Za bateriju.. videcu, danas je pocelo! Poz"
https://mobilnisvet.com/mobilni-komentari/y94s0/Apple/iPhone-14-Pro/6,Apple,Apple iPhone 14 Pro,Niki,2022-12-13 23:21:00,"I kako se pokazao posle ovoliko vremena? Kamera,baterija..?"
https://mobilnisvet.com/mobilni-komentari/9260/Apple/iPhone-13/12,Apple,Apple iPhone 13,.,2022-10-17 00:42:00,Da li uzeti iPhone 13 ili doplatiti i uzeti 14? Ne planiram telefon da menjam na duže staze
https://mobilnisvet.com/mobilni-komentari/9260/Apple/iPhone-13/12,Apple,Apple iPhone 13,mića,2022-10-09 08:13:00,"Pozdrav, iphone je okej ali me jako nervira sto sve sto slikam ili primim ide u jedan folder i onda kada mi zatreba da nadjem nesto sto sam uslikao listam kao budala...da li ima neko resenje da sve sto slikam ide u folder Camera koji ovde ne postoji ..."
https://mobilnisvet.com/mobilni-komentari/9260/Apple/iPhone-13/12,Apple,Apple iPhone 13,Milos,2022-10-07 15:24:00,Koji region da odabereeeem😁??
https://mobilnisvet.com/mobilni-komentari/9260/Apple/iPhone-13/12,Apple,Apple iPhone 13,D,2022-10-05 17:30:00,Koji punjač da kupim sem originalnog molim vas
https://mobilnisvet.com/mobilni-komentari/9260/Apple/iPhone-13/12,Apple,Apple iPhone 13,Dule,2022-09-27 15:37:00,Sta imate da kazete o novom iOS 16 ?
https://mobilnisvet.com/mobilni-komentari/9260/Apple/iPhone-13/12,Apple,Apple iPhone 13,Nenad,2022-09-17 07:48:00,"Evo posle 11 godina korišćenja android uređaja prešao na iOS. Dve nedelje je kod mene i ovo su utisci. Telefon je solidan. Izrada je stvarno premium.Displej više nego korektan ako uzmemo u obzir 60 herca osvežavanje ekrana. Kamera i video dobri. Sa noćnim snimkom sam prezadovoljan. Baterija drži od jutra do uveče uz prosek od 6h on screen time. Generalno telefon radi dobro. Imao  sam kao što sam i pre pisao prvi dan screen freeze što me je iznenadilo, al od tada nemam problema. Multi tasking radi dobro i fluidan je. Sve u svemu lepo uklopljeno sve, ali... Uvek postoji ono ali. Telefon kao uređaj je prevashodno namenjen za komunikaciju. Pod tim smatram pozive, poruke, meil i sve druge vidove ,komunikacije poput društvenih mreža. I tu dolazimo do onog ali. Zvuk notifikacije. Pričam o zvuku notifikacije za app trećih strana, što je u ovom slučaju Gmail, viber, telegram, itd.... Zvuk je jednostavno tih. Duplo tiši u odnosu na zvuk na primer iMessage. Par meijlova sam propustio zbog toga što iPhone ima default zvuk za notifikacije app trecih strana. Za Gmail to je veoma kratak zvuk i veoma tih. Za viber imate mogućnost da promenite zvuk sa nekim zvukom koji vam je opet po default odrađen i to se neki sistemski zvukovi, ali šta god da izaberete zvuk je duplo tiši od istog zvuka koji namestiti naprimer za iMessage. Ovo je veoma iritirajuće pogotovo za nekoga ko je prešao sa androida. Samo zbog ove mane ozbiljno razmišljam da se vratim nazad na android. Za sve one koji misle da sam pogrešio negde u podešavanjima, nisam. Imate i čitavih 20 strana komentara na Apple oficijalnoj zajednici. Jednostavno Apple je u ovom pogledu po meni kiksnuo. Bitno je da radi na nekim funkcijama koje ćete koristiti možda 10 puta godišnje, al ovo je po meni osnovna stvar koju ni jedan telefon ne sme da dopusti. Pa čak ni oni od 150eur."
https://mobilnisvet.com/mobilni-komentari/9260/Apple/iPhone-13/12,Apple,Apple iPhone 13,R.Đ.,2022-09-17 00:27:00,"Pozdrav. Razmisljam se o kupovini ovog telefona pa me zanima koliko mu drzi baterija? U toku dana obavim par telefonskih poziva, uglavnom komuniciram preko aplikacija tako da mi je internet skoro ceo dan ukljucen ili wifi. Je l moze baterija da izdrzi ceo dan pri takvom koriscenju? I zanima me je l ima neke velike razlike izmedju iphone 13 i iphone 13 pro? Koji ima bolju bateriju?"
https://mobilnisvet.com/mobilni-komentari/9260/Apple/iPhone-13/12,Apple,Apple iPhone 13,Stefan,2022-09-13 16:54:00,"Pozdrav i postovanje,"
https://mobilnisvet.com/mobilni-komentari/9260/Apple/iPhone-13/12,Apple,Apple iPhone 13,n,2022-09-12 18:14:00,"koliko treba da prođe vremena da padne cena, s obzirom da iPhone 14 izlazi uskoro u prodaji?"
https://mobilnisvet.com/mobilni-komentari/9260/Apple/iPhone-13/12,Apple,Apple iPhone 13,Helen,2022-09-12 16:28:00,Jel ima velike razlike izmedju iphone 13 i 13mini?
https://mobilnisvet.com/mobilni-komentari/9260/Apple/iPhone-13/12,Apple,Apple iPhone 13,uzeh,2022-09-10 16:29:00,"uzeh IP 13, za sada samo reci hvale. Odlican telefon."
https://mobilnisvet.com/mobilni-komentari/9260/Apple/iPhone-13/12,Apple,Apple iPhone 13,Keptor,2022-09-09 08:09:00,Baterija na ovom telefonu???
https://mobilnisvet.com/mobilni-komentari/9260/Apple/iPhone-13/12,Apple,Apple iPhone 13,Nenad,2022-09-07 07:10:00,Pomažite!!!! Prvi put uzeo iPhone. Puni samo do 80%. Isključio sam optimizaciju i opet stane na 80%. Ostavio preko noći i ujutro 60%. Vidim da svremena na vreme kao krene da ga puni na sekundu pa stane. Na zaključanom ekranu piše napunjeno. Raskačim pa ponovo zakačim opet isto. Ništa od punjenja. E onda ga ugasim pa ga stavim na punjač i on krene da puni preko 80%. Koja je ovo debilana. Meni treba telefon na 100% kad krenem na posao. Šta njih briga za moju bateriji i za način na koji ću da ga punim. Ima li rešenja?Da li da reklamiram ovo? Uzet preko mts-a. Čitao sve moguće forume sve što su predlagali radio i opet ništa. Ne treba meni telefon za koji preporučuju da se koristi u opsegu od 40-80%.
https://mobilnisvet.com/mobilni-komentari/9260/Apple/iPhone-13/12,Apple,Apple iPhone 13,Milan,2022-09-06 15:28:00,Kad se prijavljujete zemlju...jel Srbiju stavljate? Znam da ranije dosta aplikacija nije bilo kad prijavite na Srbija.
https://mobilnisvet.com/mobilni-komentari/9260/Apple/iPhone-13/12,Apple,Apple iPhone 13,Dora,2022-08-26 01:05:00,"Da li je drastična razlika u kvalitetu fotografija i video zapisa kod Iphone 13 pro u odnosu na Iphone 13? S obzirom na to da bih telefon uzela prvenstveno zbog kamere, da li je zaista po tom pitanju 13 pro mnogo bolji?"
https://mobilnisvet.com/mobilni-komentari/9260/Apple/iPhone-13/12,Apple,Apple iPhone 13,K,2022-08-23 21:54:00,Iphone 12 ili 13?Da li je velika razlika?
https://mobilnisvet.com/mobilni-komentari/7179/Apple/iPhone-11-64GB/13,Apple,Apple iPhone 11,Nadja,2021-12-20 00:16:00,"Pozdrav, s obzirom da planiram da uzmem ovaj telefon polovan, zanima me health battery do koliko vredi uzeti I do koliko bi trebalo ? Hvala unapred"
https://mobilnisvet.com/mobilni-komentari/7179/Apple/iPhone-11-64GB/13,Apple,Apple iPhone 11,ana,2021-12-08 11:32:00,iphX  ili  iph11 koje su razlike i koji pre uzeti?
https://mobilnisvet.com/mobilni-komentari/7179/Apple/iPhone-11-64GB/13,Apple,Apple iPhone 11,Andrija,2021-11-30 09:05:00,Da li moze mala pomoc u vezi ovog telefona
https://mobilnisvet.com/mobilni-komentari/7179/Apple/iPhone-11-64GB/13,Apple,Apple iPhone 11,Neko,2021-11-27 19:11:00,Ovaj ili 12 mini?
https://mobilnisvet.com/mobilni-komentari/7179/Apple/iPhone-11-64GB/13,Apple,Apple iPhone 11,Tamara,2021-11-26 14:57:00,Da li mi se vise isplati da uzmem iphone 11 ili 13 (na duze staze gledamo?
https://mobilnisvet.com/mobilni-komentari/7179/Apple/iPhone-11-64GB/13,Apple,Apple iPhone 11,T,2021-11-21 21:25:00,Da li je bolje kupiti polovan ocuvan iphone 11 ili nov se2020?
https://mobilnisvet.com/mobilni-komentari/7179/Apple/iPhone-11-64GB/13,Apple,Apple iPhone 11,Ogi,2021-11-19 00:19:00,Da li se isplati uzeti ovaj telefon u Maju 2022.godine?
https://mobilnisvet.com/mobilni-komentari/7179/Apple/iPhone-11-64GB/13,Apple,Apple iPhone 11,:),2021-11-11 13:22:00,"Da li je bolje uzeti iphone 11 ili iphone 12 mini, iphone 12 mini, razlika u ceni nije velika, a ne znam koji je bolji, sta vi mislite?"
https://mobilnisvet.com/mobilni-komentari/7179/Apple/iPhone-11-64GB/13,Apple,Apple iPhone 11,Makica,2021-11-09 23:21:00,Da li je svaki 11 dual sim?
https://mobilnisvet.com/mobilni-komentari/7179/Apple/iPhone-11-64GB/13,Apple,Apple iPhone 11,Stefan,2021-11-06 15:05:00,Iphone 11 ili samsung A52s??
https://mobilnisvet.com/mobilni-komentari/7179/Apple/iPhone-11-64GB/13,Apple,Apple iPhone 11,MM,2021-11-05 14:21:00,Da li se isplati uzeti Iphone 11 star preko god dana?
https://mobilnisvet.com/mobilni-komentari/7179/Apple/iPhone-11-64GB/13,Apple,Apple iPhone 11,Jugger,2021-10-24 23:00:00,"Imao ovaj telefon nepuna 2 meseca i nisam mogao vlise, softwer je 5 godine iza androida, debele ivice, ogroman notch ( kao da je iz 2015 godine), jedino sto mu je kamera brutalna ostalo sve prosek, ne znam sta ljudi vide u iphonu"
https://mobilnisvet.com/mobilni-komentari/7179/Apple/iPhone-11-64GB/13,Apple,Apple iPhone 11,Dilan,2021-10-21 19:48:00,Koje bolje bateriju Iphone 11 ili 12 mini?
https://mobilnisvet.com/mobilni-komentari/7179/Apple/iPhone-11-64GB/13,Apple,Apple iPhone 11,Marko,2021-10-20 12:26:00,Najjaci telefon. Sve preporuke
https://mobilnisvet.com/mobilni-komentari/7179/Apple/iPhone-11-64GB/13,Apple,Apple iPhone 11,Siler,2021-10-18 05:28:00,"Je l moze punjac od iph 7 da puni iph 11 jer vidim da su ulazi isti, treba da mi stigne prekosutra madam se da se necu pokajati sto sam narucio 11, to mislim zbog ekrana i velicine rubova. Hvala"
https://mobilnisvet.com/mobilni-komentari/7179/Apple/iPhone-11-64GB/13,Apple,Apple iPhone 11,lily,2021-10-17 06:46:00,"moram li da imam računar ako kupim ovaj tel, zbog tog itunes-a itd?"
https://mobilnisvet.com/mobilni-komentari/7179/Apple/iPhone-11-64GB/13,Apple,Apple iPhone 11,Daša,2021-10-16 20:18:00,Da li ima portret opciju ova kamera?
https://mobilnisvet.com/mobilni-komentari/7179/Apple/iPhone-11-64GB/13,Apple,Apple iPhone 11,🌸,2021-10-15 11:38:00,"Da li će i dalje vredeti uzimanja ovaj telefon kroz nekoliko meseci, ili negde na proleće? (:"
https://mobilnisvet.com/mobilni-komentari/7179/Apple/iPhone-11-64GB/13,Apple,Apple iPhone 11,Ppp,2021-10-14 17:27:00,"Da li je malo 64gb? Imam trenutno telefon sa 128gb, pa planiram da uzmem 11 4/64gb, mišljenja?"
https://mobilnisvet.com/mobilni-komentari/7179/Apple/iPhone-11-64GB/13,Apple,Apple iPhone 11,Wers,2021-10-09 13:55:00,"Da li regularni, odnosno ovaj model podržava SIM-card i eSIM odjednom, ili je to isključivo dostupno na uređaju Iphone 11 Dual?"
https://mobilnisvet.com/mobilni-komentari/7651/Apple/iPhone-SE-(2020)/13,Apple,Apple iPhone SE (2020),Darko,2020-07-29 17:46:00,"Telefon sam ceo dan koristio i imam jos 63% na bateriji,naravno normalno koriscenje,oni koji hoce da igraju igrice i da gledaju filmove na njemu to nije tel. za njih,ja sam prezadovoljan, telefon je jednostavno vrh,brz bez bagova jeste da ima dosta ogranicenja ali hardver otkida kvalitet sam vrh."
https://mobilnisvet.com/mobilni-komentari/7651/Apple/iPhone-SE-(2020)/13,Apple,Apple iPhone SE (2020),Red,2020-07-29 06:34:00,Stvarno smesna ova prica o izgledu iz 2015 pa upravo se na tu kartu igralo da kome se svideo izgled i naravno kako je radio SE nece razmisljati o kupovini SE 2020 verzije kvalitetom prilagodjene ovom vremenu i nivou tehnologije. A gde ste nasli S10e da po bateriji hvalite kada jedva pola dana duze moze da izgura od ovog modela a na stranu to sto S10e odavno iz samo Samsungu i ovdasnjem trzistu poznatih razloga nema u ponudi. Inace je odlican i izgledom izuzetno simpatican model.
https://mobilnisvet.com/mobilni-komentari/7651/Apple/iPhone-SE-(2020)/13,Apple,Apple iPhone SE (2020),Lav,2020-07-28 19:49:00,"Ljudi al zasta 500 eur? Baterija slaba, izgled prosecan."
https://mobilnisvet.com/mobilni-komentari/7651/Apple/iPhone-SE-(2020)/13,Apple,Apple iPhone SE (2020),Jelena,2020-07-27 19:29:00,"Izgleda da je prepisana 7 i po specifikaciji i po izgledu,jel sam u pravu?"
https://mobilnisvet.com/mobilni-komentari/7651/Apple/iPhone-SE-(2020)/13,Apple,Apple iPhone SE (2020),Nikola,2020-07-27 01:24:00,@Zoki
https://mobilnisvet.com/mobilni-komentari/7651/Apple/iPhone-SE-(2020)/13,Apple,Apple iPhone SE (2020),Darko,2020-07-26 18:03:00,"Molim Vas za savet ovo mi je prvi iphone u životu,dali komotno mogu da ga nosim bez zaštite za ekran ili bi trebalo staviti nešto zbog grebanja?Kolika mu je otpornost na grebanje ekrana u stvarnim uslovima korišćenja iz vaših iskustava mimo ovih svih testiranja na youtubu?"
https://mobilnisvet.com/mobilni-komentari/7651/Apple/iPhone-SE-(2020)/13,Apple,Apple iPhone SE (2020),Uros,2020-07-25 22:23:00,Sta je bolje sada uzeti?
https://mobilnisvet.com/mobilni-komentari/7651/Apple/iPhone-SE-(2020)/13,Apple,Apple iPhone SE (2020),Igor,2020-07-25 20:40:00,Sve extra. Da licje neko testirao vodootpornost? 😄💧💧💧
https://mobilnisvet.com/mobilni-komentari/7651/Apple/iPhone-SE-(2020)/13,Apple,Apple iPhone SE (2020),Majabh,2020-07-24 09:13:00,Baterija definitivno jeste slaba evo ja sam uredjaj skinula sa punjaca jutros u devet sada je 11.10 imam 88% znaci dan nema snase da izgura vec ce morati dopuna baterije. Telefon sam juce uzela. Sve je super ali nisam ocekivala da je baterija ovoliko losa pa i na 6s je bila bolja...mislim da ce brzo ici u oglase
https://mobilnisvet.com/mobilni-komentari/7651/Apple/iPhone-SE-(2020)/13,Apple,Apple iPhone SE (2020),Igor,2020-07-22 18:20:00,Ljudi i na kraju kakva je baterija na ovom telefonu jedni kazu da ne valja drugi kazu da je dobra pa bi me zanimalo
https://mobilnisvet.com/mobilni-komentari/7651/Apple/iPhone-SE-(2020)/13,Apple,Apple iPhone SE (2020),Andjela,2020-07-22 14:16:00,"Da li se isplati kupiti ovaj model, a ako ne koji model bi mi poručili kao zamenu. Hvala."
https://mobilnisvet.com/mobilni-komentari/7651/Apple/iPhone-SE-(2020)/13,Apple,Apple iPhone SE (2020),Stefann,2020-07-20 10:30:00,Da li neko zna da li ce u sept./oktobru doci do nekog pada cene se 2020 ili x modela?
https://mobilnisvet.com/mobilni-komentari/7651/Apple/iPhone-SE-(2020)/13,Apple,Apple iPhone SE (2020),Zex,2020-07-20 08:59:00,Koliko videh na nekom turt. da ovaj tel ma Face ID ? Gde mu je to menu ? Nigde ne nadjoh :D
https://mobilnisvet.com/mobilni-komentari/7651/Apple/iPhone-SE-(2020)/13,Apple,Apple iPhone SE (2020),Djole,2020-07-20 00:06:00,Red varijanta 64gb iOS 14 na njemu. Baterija nije bas zadovoljavajuca ocekujem da bude optimizovano u skorije vreme sve ostalo je super. Postoje neke sitnice koje bi trebale da budu otklonjene novijim updatom. Kamera portrait mode nije savrsen jer je softverski pravi svakako greske. Prilikom fotkanja na jakom Suncu highlights su previse jaki. Dinamic range je svakako dobar. Prilikom fotkanja u kontrolisanim uslovima osvetljenja moze se reci da je savrsena kamera. Mogu se praviti i RAW fotke pa je svakako interesantno.
https://mobilnisvet.com/mobilni-komentari/7651/Apple/iPhone-SE-(2020)/13,Apple,Apple iPhone SE (2020),Milica,2020-07-17 10:46:00,Jel moze neko da mi kaze koliko skine baterije u toku slikanja ili snimanja?
https://mobilnisvet.com/mobilni-komentari/7651/Apple/iPhone-SE-(2020)/13,Apple,Apple iPhone SE (2020),dali,2020-07-16 13:17:00,"Telefon je kod mene 10 dana. pre njega sam koristi Iphone6s( fantazija telefon)bio sam sumnjicav po pitanju baterije jer dosta blejim. medjutim... baterija je vise nego solidna. njakam ga od 7 h i ugasi se negde oko 10,11 uvece. ako ga koristite normalno potrajace i dan ipo dva. neko ko je dole napisao da ga puni tri puta dnevno verovatno nije ni drzao taj telefon u ruci, nego mu je dosadno u zivotu pa zamajava ljude i sebe ovde. kamera je veoma dobra, ima i taj portret mod koji jeste softverski ali odradi to veoma lepo, naravno nije kao kad otvarate blendu na fotoaparatu. zvucnivi veoma dobri, performanse da ne spominjem jer ste ispod procitali da su fantasticne ida telefon leti. sve u svemu telefon je fantazija na kvadrat!"
https://mobilnisvet.com/mobilni-komentari/7651/Apple/iPhone-SE-(2020)/13,Apple,Apple iPhone SE (2020),Jov,2020-07-16 09:30:00,"Zanima me da li je i kod vas kada slikate nesto kamerom malo mutna, mislim to je minimalno i kad je bukvalno minimalno uvelicate se razcisti i bude najbolja moguca."
https://mobilnisvet.com/mobilni-komentari/7651/Apple/iPhone-SE-(2020)/13,Apple,Apple iPhone SE (2020),Wiliman,2020-07-15 21:50:00,Da li ima neko problema za zvukom u slušalici kada se uspostavlja veza. Hvala
https://mobilnisvet.com/mobilni-komentari/7651/Apple/iPhone-SE-(2020)/13,Apple,Apple iPhone SE (2020),Zoki,2020-07-15 13:34:00,Kupio danas od 128gb. Fantazija.
https://mobilnisvet.com/mobilni-komentari/7651/Apple/iPhone-SE-(2020)/13,Apple,Apple iPhone SE (2020),Vlajce,2020-07-14 08:05:00,"Uzeo sam ovaj telefon juce, prezadovoljan sam telefonom, narocito kamerom i performansama, telefon bukvalno leti. Sto se tice baterije solidna je, trenutno igram i asvalt9, i za sat i po igranja mi je potrosio 18%, al mi osvetljenje nikad nije preko pola.  Sve u svu ja sam prezadovoljan!"
https://mobilnisvet.com/mobilni-komentari/7651/Apple/iPhone-SE-(2020)/13,Apple,Apple iPhone SE (2020),Zoki,2020-07-13 11:22:00,"Pozdrav svima, jel uzeo neko preko Telenora od 128gb? Utisci? Hvala"
https://mobilnisvet.com/mobilni-komentari/7651/Apple/iPhone-SE-(2020)/13,Apple,Apple iPhone SE (2020),Bole,2020-07-10 10:36:00,"Sve isto kao 7,8 samo cip bolji,kao i kamera...koliko baterija gura????cujem razne komentare,pa me interesuje"
https://mobilnisvet.com/mobilni-komentari/7651/Apple/iPhone-SE-(2020)/13,Apple,Apple iPhone SE (2020),Jole,2020-07-05 15:24:00,Jel ima u našim prodavnicama da se nadje crveni?
https://mobilnisvet.com/mobilni-komentari/7651/Apple/iPhone-SE-(2020)/13,Apple,Apple iPhone SE (2020),Dare,2020-07-05 06:07:00,"Telefon je za svaku pohvalu,baterija je sasvim ok dva dana sa normalnim koriscenjem tako da to su gluposti sto pojedinci pisu.,napokon i kamera preko celog ekrana prezadovoljan telefonom!!!"
https://mobilnisvet.com/mobilni-komentari/7651/Apple/iPhone-SE-(2020)/14,Apple,Apple iPhone SE (2020),Ksenija,2020-06-30 09:29:00,"Dvoumim se izmedju ovog ili Xr,dobro bi mi dosla pomoc?"
https://mobilnisvet.com/mobilni-komentari/7651/Apple/iPhone-SE-(2020)/14,Apple,Apple iPhone SE (2020),Lola,2020-06-29 20:12:00,"Kupila sam ga pre neki dan i prezadovoljna sam! Posto svi komentarisu bateriju, da prvo to spomenem. Koristim ga umereno, za pozive, viber, instagram, mejl, jutjub i punim ga jednom dnevno. Mislim da neko ko igra igrice ne treba da ga uzima, ali za neku prosecnu ubotrebu je odlican! Telefon radi savrseno i prebrzo, kamera je odlicna, mali je i moze se kucati jednom rukom( to mi se posebno dopada). Mnogi su pisali svasta o trajanju baterije, sot, i to mi je bila glavna nedoumica prilikom kupovine, ali mi je drago da sam ga ipak uzela. Za svaku preporuku je!"
https://mobilnisvet.com/mobilni-komentari/7651/Apple/iPhone-SE-(2020)/14,Apple,Apple iPhone SE (2020),Miljan,2020-06-26 11:58:00,"Ovako...ne koristim, facebook, instagram, snapchat, whatsapp,viber. Od aplikacija koristim twitter, pinterest, flickr, sms..i pozive i ne preterujem sa youtube a igrice ne igram nikako. Pa se nadam da će baterija da izgura od jutra do večeri. E sad zamolio bih one koji imaju ovaj telefon da mi prenesu njihova iskustva. Hvala."
https://mobilnisvet.com/mobilni-komentari/7651/Apple/iPhone-SE-(2020)/14,Apple,Apple iPhone SE (2020),Cvetko,2020-06-23 10:21:00,Zanima me da li je memorija od 64gb.dovoljna za prosecnog korisnika i koliko zauzima sistem i koliko mi ostaje slobodnih gigabajta za koriscenje?
https://mobilnisvet.com/mobilni-komentari/7651/Apple/iPhone-SE-(2020)/14,Apple,Apple iPhone SE (2020),Apple SE,2020-06-21 11:19:00,Ljudi ovaj u Crnoj boji jel Space Grey ili je bas Crni? Gledao sam iphone 8 space grey nije neka boja
https://mobilnisvet.com/mobilni-komentari/7651/Apple/iPhone-SE-(2020)/14,Apple,Apple iPhone SE (2020),Pomoc,2020-06-19 23:03:00,"Da li neko zna kako da skinem youtube? Pokusao sam da promenim region medjutim kaze mi da vratim na Serbian store, da li moze neko da mi nekako pomogne, hvala puno unapred!"
https://mobilnisvet.com/mobilni-komentari/7651/Apple/iPhone-SE-(2020)/14,Apple,Apple iPhone SE (2020),Marko,2020-06-18 14:11:00,Ja sam sada probo ovaj fon u Vipu u crnoj boji. Jeste da izgleda kao 8 ali ta boja dole jabuka telefon brutalno dobro izgleda otvara sve u sekundi. Kamere su super. Uzecu ga za desetak dana. Samo nzm ta baterija valjda ce izgurati od ujutru 5h pa do 16h
https://mobilnisvet.com/mobilni-komentari/7651/Apple/iPhone-SE-(2020)/14,Apple,Apple iPhone SE (2020),Miroslav,2020-06-18 09:14:00,Interesuje me kakav mu je kvalitet zvuka?
https://mobilnisvet.com/mobilni-komentari/7651/Apple/iPhone-SE-(2020)/14,Apple,Apple iPhone SE (2020),the mask,2020-06-18 04:48:00,"koliko se ja u ove doktore dole razumem, sto mu se supruga puni 3puta dnevno 😘😂 i ima 3 sata SOT-a. to ispada da 9sati provede non-stop na telefonu? kako? a i kako kada ima spor punjac i puni se 3sata telefon?? ako moze neko da objasni kako to moze posto sam ja izgleda glup. hvala 😂"
https://mobilnisvet.com/mobilni-komentari/7651/Apple/iPhone-SE-(2020)/14,Apple,Apple iPhone SE (2020),Neko,2020-06-17 01:52:00,"Na ovakvim sajtovima stvarno čovek može da se zezne oko kupovine telefona. Dok svi recezenti na Balkanu kažu kako je baterija malo je reći loša, neki tvrde da im telefon izdrži čitav jedan dan. Da ako telefon koristite poprilično malo jer telefon nisam siguran da može da izgura 3 sata sot-a. Brutalne kamere, brutalan procesor, Ali čemu sve to kad ga moraš puniti minimum 2 puta na dan."
https://mobilnisvet.com/mobilni-komentari/7651/Apple/iPhone-SE-(2020)/14,Apple,Apple iPhone SE (2020),Nebitno,2020-06-16 21:03:00,"Kupio sam IPhone SE 2020 pre nedelju dana i mogu da kazem da sam prezadovoljan, meni baterija izdrzi ceo dan cak i duze uz po meni sasvim dosta koriscenja, ne igram igrice smatram da telefon nije za igranje igrica, koristim instagram wa viber itd, kamera je odlicna, nemam sta da dodam, za ljude koji normalno koriste telefon, koji ne zive zivot na telefonu ovaj telefon je pun pogodak!"
https://mobilnisvet.com/mobilni-komentari/7651/Apple/iPhone-SE-(2020)/14,Apple,Apple iPhone SE (2020),Goran,2020-06-16 13:24:00,Ako je sot 5-6 sati to je super.
https://mobilnisvet.com/mobilni-komentari/7651/Apple/iPhone-SE-(2020)/14,Apple,Apple iPhone SE (2020),Katastrofa,2020-06-14 22:21:00,"Ko sve ovde komentarise, to je stvarno zabrinjavajuce!!! Drndoid fanovima definitivno treba zabraniti komentarisanje apple telefona."
https://mobilnisvet.com/mobilni-komentari/7651/Apple/iPhone-SE-(2020)/14,Apple,Apple iPhone SE (2020),Braca,2020-06-12 15:45:00,"Imam stari se 2016 32 gb i bas sam zadovoljan kako me sluzio do sad ali je doslo vreme za zamenu i tu je dosao se 2 u pravo vreme, zanima me kako se se 2 za sad pokazao pre svega me interesuje jacina zvucnika,vibracija i baterija kako stoje a za ostalo mislim da je suvisno sto pitam?"
https://mobilnisvet.com/mobilni-komentari/7651/Apple/iPhone-SE-(2020)/14,Apple,Apple iPhone SE (2020),Milos 1995,2020-06-10 21:30:00,Ljudi kako vam drzi bateriju sat dva instagram par poruka poziva i malo slikanje?
https://mobilnisvet.com/mobilni-komentari/7651/Apple/iPhone-SE-(2020)/14,Apple,Apple iPhone SE (2020),David,2020-06-09 05:45:00,Ljudi da vas pitam vi koji koristite iphone baterija na iphone de moze da se uzme original i dali je dobraa ili nema da se uzme originalna bat za iphone
https://mobilnisvet.com/mobilni-komentari/7651/Apple/iPhone-SE-(2020)/14,Apple,Apple iPhone SE (2020),guuurl,2020-06-01 19:27:00,"Pozdrav ljudi, planiram da kupim iph xs uskoro (pišem ovde jer je trenutno veća popularnost SE 2020 na sajtu). Zanima me da li je pametno kupovati ga preko leta, ili ipak da čekam neki septembar ili oktobar zbog cene? Trenutno je malo ispod 600 evra po servisima datim na mobilnom svetu. Šta mislite, pošto se verovatno više razumete od mene, da li će biti nekih promena cena, i da li mislite da će biti drastične ili oko 20-30e? Hvala unapred dobrim ljudima 🌝"
https://mobilnisvet.com/mobilni-komentari/7651/Apple/iPhone-SE-(2020)/14,Apple,Apple iPhone SE (2020),S,2020-05-30 21:25:00,"Da li neko zna kako se skida jutjub aplikacija i jel to uopste moguce, jer ne moze da se pronadje na app storu"
https://mobilnisvet.com/mobilni-komentari/7651/Apple/iPhone-SE-(2020)/14,Apple,Apple iPhone SE (2020),Lena,2020-05-30 13:34:00,"Da li neko zna kada će ovaj telefon biti dostupan u Srbiji, jer ga još uvek nema nigde...drugarica ga je rezervisala u mts-u ali ni oni ne znaju kada će stići......."
https://mobilnisvet.com/mobilni-komentari/7651/Apple/iPhone-SE-(2020)/14,Apple,Apple iPhone SE (2020),Alo,2020-05-30 12:04:00,cekaj 500e za ovo... dal me neko zeza
https://mobilnisvet.com/mobilni-komentari/7651/Apple/iPhone-SE-(2020)/14,Apple,Apple iPhone SE (2020),David,2020-05-29 05:28:00,Necc svaka cast napokon neko ko je uzeo telefon da nam kaze kakav je hvala ti i nek ti lepo radi 😂
https://mobilnisvet.com/mobilni-komentari/7651/Apple/iPhone-SE-(2020)/14,Apple,Apple iPhone SE (2020),Aca,2020-05-28 18:13:00,"Se 2020, pixel 3 ili s9?"
https://mobilnisvet.com/mobilni-komentari/7179/Apple/iPhone-11-64GB/14,Apple,Apple iPhone 11,mmmm,2021-10-06 17:45:00,je li mu stvarno toliko loš ekran? :/
https://mobilnisvet.com/mobilni-komentari/7179/Apple/iPhone-11-64GB/14,Apple,Apple iPhone 11,Nikola,2021-10-02 21:36:00,Cao.Razmisljam se da li kupiti Iphone 11 ili 12 mini
https://mobilnisvet.com/mobilni-komentari/7179/Apple/iPhone-11-64GB/14,Apple,Apple iPhone 11,Coa,2021-10-02 15:43:00,Da li se isplati preci sa xr na 11 hmm?
https://mobilnisvet.com/mobilni-komentari/7179/Apple/iPhone-11-64GB/14,Apple,Apple iPhone 11,m,2021-10-01 15:37:00,"može li se preko zdravlja baterije pretpostaviti koliko je telefon koristen, prilikom kupovine polovnog?"
https://mobilnisvet.com/mobilni-komentari/7179/Apple/iPhone-11-64GB/14,Apple,Apple iPhone 11,Marko,2021-10-01 12:59:00,Kakav je ekran na telefonu?
https://mobilnisvet.com/mobilni-komentari/7179/Apple/iPhone-11-64GB/14,Apple,Apple iPhone 11,Ivan,2021-09-27 18:02:00,Zanima me koliko sati traje punjenje baterije od 15% do 100%?
https://mobilnisvet.com/mobilni-komentari/7179/Apple/iPhone-11-64GB/14,Apple,Apple iPhone 11,⬇️,2021-09-27 15:19:00,Kakvo je trajanje baterije na IOS 15?
https://mobilnisvet.com/mobilni-komentari/7179/Apple/iPhone-11-64GB/14,Apple,Apple iPhone 11,J.1,2021-09-26 14:53:00,Šta se dobija uz ovaj telefon?
https://mobilnisvet.com/mobilni-komentari/7179/Apple/iPhone-11-64GB/14,Apple,Apple iPhone 11,Milos,2021-09-26 08:13:00,da li je zdravo po bateriji da low power mode bude ukljucen sve vreme?
https://mobilnisvet.com/mobilni-komentari/7179/Apple/iPhone-11-64GB/14,Apple,Apple iPhone 11,Kruska,2021-09-23 20:12:00,"Ako kupim telefon sa apple sajta is US, da li cu morati da dekodiram telefon? Neki mi kazu da hocu. Sta vi mislite?"
https://mobilnisvet.com/mobilni-komentari/7179/Apple/iPhone-11-64GB/14,Apple,Apple iPhone 11,janko,2021-09-22 20:04:00,da li je pravilno da se iphone stavi na punjac dok se azurira softver
https://mobilnisvet.com/mobilni-komentari/7179/Apple/iPhone-11-64GB/14,Apple,Apple iPhone 11,Deda,2021-09-22 16:38:00,"Ios 15, nove mape… i dalje se ne moze upisati ponudjena adresa i broj ulice. Nego moras celu ulicu pisati i ako je ima u ponudi!!! Jadno"
https://mobilnisvet.com/mobilni-komentari/7179/Apple/iPhone-11-64GB/14,Apple,Apple iPhone 11,Nikola,2021-09-21 13:28:00,Iphone 11 ili samsung s20 fe 5g
https://mobilnisvet.com/mobilni-komentari/7179/Apple/iPhone-11-64GB/14,Apple,Apple iPhone 11,Danilo,2021-09-21 06:33:00,IOS 15 iskustva sa baterijom?
https://mobilnisvet.com/mobilni-komentari/7179/Apple/iPhone-11-64GB/14,Apple,Apple iPhone 11,Sara,2021-09-21 04:31:00,"Planiram da pređem sa xaomi-a redmi note 9, na iphone 11. Treba mi neki savet, ja sam imala iphone 6 i bas mi se lose pokazao, baterija je haotična, punjač sam morala da promenim svaki mesec. Da li iphone 11 moze da sadrzi igrice? Da li ste zadovoljni sa baterijom?"
https://mobilnisvet.com/mobilni-komentari/7179/Apple/iPhone-11-64GB/14,Apple,Apple iPhone 11,Ja,2021-09-20 16:09:00,Kakva je baterija na telefonu? I da li je pametno kupiti ga sad?
https://mobilnisvet.com/mobilni-komentari/7179/Apple/iPhone-11-64GB/14,Apple,Apple iPhone 11,M,2021-09-20 16:06:00,"iPhone XR 128gb ili iPhone 11 64gb? Trenutno imam telefon sa 64gb, imam ga skoro 2god i memorija je skoro puna. Sta predlazete?"
https://mobilnisvet.com/mobilni-komentari/7179/Apple/iPhone-11-64GB/14,Apple,Apple iPhone 11,Petar,2021-09-19 16:00:00,"Planiram da uzmem iphone 11, zanima me da li 64gb zavrsava poso."
https://mobilnisvet.com/mobilni-komentari/7179/Apple/iPhone-11-64GB/14,Apple,Apple iPhone 11,milan,2021-09-19 12:25:00,"Kupio sam 11 pro preko momka koji ih donosi iz inostranstva, dobio sam ga u pakovanju sa punjacem. Da li to znaci da sam ga dobio u starom pakovanju koje je stojalo negde ko zna koliko ili je jos uvek u nekim zemljama pakovanje sa punjacem, tj adapterom?"
https://mobilnisvet.com/mobilni-komentari/7179/Apple/iPhone-11-64GB/14,Apple,Apple iPhone 11,N,2021-09-18 20:42:00,"Beli ili ljubicasti iphone 11, ne mogu da odlucim"
https://mobilnisvet.com/mobilni-komentari/7179/Apple/iPhone-11-64GB/14,Apple,Apple iPhone 11,Nikola,2021-09-18 17:49:00,Da li vredi preci sa nokie e 52 na iphone 11 ?
https://mobilnisvet.com/mobilni-komentari/7179/Apple/iPhone-11-64GB/14,Apple,Apple iPhone 11,Z,2021-09-18 05:26:00,Ne moze da se instalira update ako nemas wi-fi. Ahaha strasno.
https://mobilnisvet.com/mobilni-komentari/7179/Apple/iPhone-11-64GB/14,Apple,Apple iPhone 11,m.m,2021-09-17 15:09:00,je li bolji ekran od ovog modela ili od xs ?
https://mobilnisvet.com/mobilni-komentari/9260/Apple/iPhone-13/13,Apple,Apple iPhone 13,Mića,2022-08-18 09:28:00,"Pozdrav,imam samsung s21 i godinama unazad koristim samo andorid uredjaje,zeleo bi da probam iphone 13 pro verziju...pa sad sta vi kažete na to"
https://mobilnisvet.com/mobilni-komentari/9260/Apple/iPhone-13/13,Apple,Apple iPhone 13,Viliman,2022-08-12 17:04:00,Jel imaju svi modeli 13 5g konekciju
https://mobilnisvet.com/mobilni-komentari/9260/Apple/iPhone-13/13,Apple,Apple iPhone 13,Seka,2022-08-09 21:26:00,"Ako bi mogli korisnici Iphone-a da mi odgovore,ali samo oni koji godinama koriste.Kakva je baterija na Iphone-u uopsteno,posle 2 godine?Da li vi koji koristite telefon po 3 godine,nosite punjac svuda sa sobom?Hvala"
https://mobilnisvet.com/mobilni-komentari/9260/Apple/iPhone-13/13,Apple,Apple iPhone 13,Radisa,2022-08-06 14:02:00,Koja prevara ovaj iPhone!???
https://mobilnisvet.com/mobilni-komentari/9260/Apple/iPhone-13/13,Apple,Apple iPhone 13,Milovan,2022-08-01 18:42:00,"Da li kupiti iphone 13 ili sacekati iphone 14 max? Najvise bi mi odgovarao zbog velicine, a kamere mi nisu toliko vazne. Sta mislite koja ce biti cena za iphone 14 max kod nas, da li ce biti vise od 1 000e?"
https://mobilnisvet.com/mobilni-komentari/9260/Apple/iPhone-13/13,Apple,Apple iPhone 13,Lala,2022-07-29 16:14:00,"Da li je bolji za ovaj telefon punjac od 5w, original apple od 11tice ili kvalitetan anker od 20w? Koji da koristim?"
https://mobilnisvet.com/mobilni-komentari/9260/Apple/iPhone-13/13,Apple,Apple iPhone 13,😁,2022-07-22 03:55:00,Ovaj ili IP 12?
https://mobilnisvet.com/mobilni-komentari/9260/Apple/iPhone-13/13,Apple,Apple iPhone 13,Marko,2022-07-20 10:36:00,"Planiram da uzmem za koji dan,zanima me punjac... Koliko sam skontao u kutiji dolazi kabal lightning to usb?"
https://mobilnisvet.com/mobilni-komentari/9260/Apple/iPhone-13/13,Apple,Apple iPhone 13,Dusan 93,2022-07-14 10:15:00,"Posle 3 meseca helt baterije na 99%. Da li je to normalno? Original punjac samo preko noci se puni, ne igram igrice. Telefon je kupljen nov."
https://mobilnisvet.com/mobilni-komentari/9260/Apple/iPhone-13/13,Apple,Apple iPhone 13,Mladen,2022-07-12 07:36:00,"Pozdrav ljudi, razmišljam se izmedju samsung s21 fe i iphone 13, samsung me izadje malo jeftinije na pretplatu."
https://mobilnisvet.com/mobilni-komentari/9260/Apple/iPhone-13/13,Apple,Apple iPhone 13,Pitanje,2022-07-10 15:09:00,Zanima me misljenje ljudi koji poseduju ovaj telefon. Da li se cuje jako pozadinska buka pri razgovoru sozbirom da 13 nema noise cancelation? Planiram da ga kupim ali se zbog toga dvoumim izmedju 12 i 13.Hvala unapred!
https://mobilnisvet.com/mobilni-komentari/9260/Apple/iPhone-13/13,Apple,Apple iPhone 13,13 or 12,2022-07-07 04:06:00,"Ljudi, 12 ili 13 pricam o obicnim serijama. Gledam 256gb, razlima je u 100 evra, sta vi predlazete?"
https://mobilnisvet.com/mobilni-komentari/9260/Apple/iPhone-13/13,Apple,Apple iPhone 13,Irena,2022-07-03 10:26:00,"Da li je velika razlika izmedju izmedju 13 i 13 pro? Razmisljam se oko ta dva modela, medjutim znam da veliku ulogu igra razlika u ceni koja je cini mi se cak preko 200€, da li uzeti 13 obicnu ili sacekati neko vreme pa uzeti 13pro? Da li je bas toliko drasticna razlika? Nisam zahtevan korisnik sto se tice telefona, naravno presudna je kamera za koju ne znam da se bas toliko razlikuje kod ova dva modela."
https://mobilnisvet.com/mobilni-komentari/9260/Apple/iPhone-13/13,Apple,Apple iPhone 13,Dragan,2022-07-01 21:41:00,"Da li se nekom desavala na iphone 13, da odjednom nece puniti preko 80%?"
https://mobilnisvet.com/mobilni-komentari/9260/Apple/iPhone-13/13,Apple,Apple iPhone 13,Milovan,2022-06-30 17:55:00,"Kupiti iphone 13 ili sacekati da izadje iphone 14? Koliko sam procitao preko interneta, cena ce im verovatno biti ista."
https://mobilnisvet.com/mobilni-komentari/9260/Apple/iPhone-13/13,Apple,Apple iPhone 13,Aleksa,2022-06-30 13:42:00,"Mora li originalni ili moze i kompatibilni 20w punjaci,da ne zeznem bateriju?"
https://mobilnisvet.com/mobilni-komentari/9260/Apple/iPhone-13/13,Apple,Apple iPhone 13,Ip,2022-06-25 14:40:00,Vredi li uzeti ovaj tel? Neko sa iskustvom?
https://mobilnisvet.com/mobilni-komentari/9260/Apple/iPhone-13/13,Apple,Apple iPhone 13,Olga,2022-06-22 19:40:00,"Dobro vece. Imam pitanje, mozda glupo. Imam iphone 13 pro, uzet pre 2 nedelje i danas se u toku koriscenja ugasio sam od sebe. Nije bio prazan. Jel to normalno ?  Hvala !"
https://mobilnisvet.com/mobilni-komentari/9260/Apple/iPhone-13/13,Apple,Apple iPhone 13,Dule,2022-06-19 14:26:00,Imam iPhone 13 u zelenoj “military green” boji od 17. juna. Evo mojih utisaka na prvi pogled.
https://mobilnisvet.com/mobilni-komentari/9260/Apple/iPhone-13/13,Apple,Apple iPhone 13,Taki,2022-06-17 14:59:00,Poz ekipa.
https://mobilnisvet.com/mobilni-komentari/9260/Apple/iPhone-13/13,Apple,Apple iPhone 13,Dusan 93,2022-06-11 20:56:00,"Posle dve godine koriscenja Huawei P30. Kupio sam iphone 13. Bez ikakvih zamerka telefon kida. Lagano nosi se i bez bilo kakvog silikona,kockast sa strane lago se nosi u ruci. Baterija super, kamere i video stvarno odusevljenje u odnosu na P30 ( ne lajt i ne pro). Imam ga oko 20 dana. Jedina zamerka slusalica,stvarno se bas lose cuje za telefon sa ovom cenom znamo svi koliko. Inace ekran,brzina,kamere, video na zadnjoj pa i predjoj kameri,zvucnik x2 cuju se topp,telefon zgodan za ruku. Hteo sam 13 mini ali bih se zeznuo i ovaj nije veliki toliko. Prezadovoljan sam."
https://mobilnisvet.com/mobilni-komentari/9260/Apple/iPhone-13/13,Apple,Apple iPhone 13,Miloš,2022-06-11 11:32:00,"Imam pitanje, imam ajfon 13, nov sam kupio, da li je moguce da sa 100% zdravlja baterija za manje od mesec dana spadne na 98%?"
https://mobilnisvet.com/mobilni-komentari/y94s0/Apple/iPhone-14-Pro/7,Apple,Apple iPhone 14 Pro,Marija,2022-12-07 11:27:00,"Uzela sam ajfon 14 pro 256gb,reklamirala sam ga posle 4 dana korišćenja jer se baterija isprazni posle 5 sati, a drugarici je kamera blokirala , užasno se greje i vibrira sam. Totalno razočaranje"
https://mobilnisvet.com/mobilni-komentari/y94s0/Apple/iPhone-14-Pro/7,Apple,Apple iPhone 14 Pro,Helios,2022-11-29 21:47:00,"Ovih dana treba da uzmem 14 pro. Nikada u životu nisam koristio iphone. Dakle sve je novo za mene. E sad, na šta treba da obratim pažnju kad krenem da ga podešavam? Koji region da odaberem? Imam neke aplikacije koje koristim na Samsungu i one su na pretplatu. Ako iste te skinem sa app store-a da li će mi i dalje važiti pretplate? I da li iPhone ima fabrički reset kao na androidu, ako nešto pogrešno izaberem, namestim, da mogu da uradim fabrički reset i da podešavan ispočetka? Koji punjač da uzmem? Hvala"
https://mobilnisvet.com/mobilni-komentari/y94s0/Apple/iPhone-14-Pro/7,Apple,Apple iPhone 14 Pro,Srdjan,2022-11-22 17:07:00,Da li postoji ovakav telefon u dual sim varijanti?
https://mobilnisvet.com/mobilni-komentari/y94s0/Apple/iPhone-14-Pro/7,Apple,Apple iPhone 14 Pro,Marija:),2022-11-10 18:52:00,Da li ima velike razlike u kameri izmedju 14 pro i 12? :)
https://mobilnisvet.com/mobilni-komentari/y94s0/Apple/iPhone-14-Pro/7,Apple,Apple iPhone 14 Pro,Marko,2022-10-24 11:39:00,13 pro max ili 14 pro? Napomena: Velicina ekrana nije od presudnog znacaja
https://mobilnisvet.com/mobilni-komentari/y94s0/Apple/iPhone-14-Pro/7,Apple,Apple iPhone 14 Pro,Iva,2022-10-23 17:08:00,Je l iPhone 14 pro mnogo bolji od iPhone 13 pro?
https://mobilnisvet.com/mobilni-komentari/y94s0/Apple/iPhone-14-Pro/7,Apple,Apple iPhone 14 Pro,Jelena,2022-10-13 16:19:00,"Prvi put uzimam iPhone, i ne znam da li da uzmem iPhone 13 pro ili 14 pro. Nisam neko ko često menja telefone, pa mi je veoma važno"
https://mobilnisvet.com/mobilni-komentari/y94s0/Apple/iPhone-14-Pro/7,Apple,Apple iPhone 14 Pro,Deki,2022-09-22 20:45:00,"Pitanje za one koji imaju tel,da li na ovom dinamičkom ostrvu izlazi poruka i tekst kad neko pošalje,sms,Instagram.viber..?"
https://mobilnisvet.com/mobilni-komentari/y94s0/Apple/iPhone-14-Pro/7,Apple,Apple iPhone 14 Pro,JJJ,2022-09-20 11:09:00,"Da li uzeti 13pro 256gb ili 14pro 128? Da li je 128gb dovoljno? Prosecan korisnik, slikam, snimam prosecno, koristim par aplikacija (banka, face, instagram, normačno surfovanje). I da li je tacno da serija 13 ima problem sa zvucnikom? Hvala. Inace bih presla na Iphone prvi put, trenutno koristim Xiaomi redmi 8 pro."
https://mobilnisvet.com/mobilni-komentari/y94s0/Apple/iPhone-14-Pro/7,Apple,Apple iPhone 14 Pro,Stefan,2022-09-09 21:01:00,Vredelo je cekati
https://mobilnisvet.com/mobilni-komentari/y94s0/Apple/iPhone-14-Pro/7,Apple,Apple iPhone 14 Pro,Ana,2022-09-09 15:13:00,"Meni je odličan iphone 13 pro, ovo mi deluje kao iphone 13 pro sa izmenama u dizajnu."
https://mobilnisvet.com/mobilni-komentari/pt4qv/Apple/iPhone-14-Pro-Max/7,Apple,Apple iPhone 14 Pro Max,nikitz,2022-09-23 19:01:00,ovaj ili samsung s22 ultra 5g?
https://mobilnisvet.com/mobilni-komentari/pt4qv/Apple/iPhone-14-Pro-Max/7,Apple,Apple iPhone 14 Pro Max,mirko,2022-09-10 22:54:00,Mislim da ce ovo biti najprodavaniji iPhone ikada. Posle više od 4 godine desila se neka realna izmena na telefonu. Dosta ljudi je čekalo trenutak da zameni pošto su svi modeli manje više bili isti.
https://mobilnisvet.com/mobilni-komentari/pt4qv/Apple/iPhone-14-Pro-Max/7,Apple,Apple iPhone 14 Pro Max,bugsbunny,2022-09-08 15:46:00,ovo uzeti i biti miran par godina laganooo.. naravno i 13 pro max nista losiji nije.. zver od telefona.. pozz
https://mobilnisvet.com/mobilni-komentari/9260/Apple/iPhone-13/14,Apple,Apple iPhone 13,Aleksandar,2022-06-10 12:15:00,Kupio sam ovaj model pre nekih 2 meseca i sve je super nemam zamerku proverio sam i na guglu da li je onaj broj imei validan i sa relefona i sa kutije sve je ok znaci nisam imao problem u bilo
https://mobilnisvet.com/mobilni-komentari/9260/Apple/iPhone-13/14,Apple,Apple iPhone 13,M,2022-06-04 17:30:00,Da li i ostalima traje manje baterija od apdejta na 15.5
https://mobilnisvet.com/mobilni-komentari/9260/Apple/iPhone-13/14,Apple,Apple iPhone 13,Misa,2022-05-31 19:12:00,Iphone 13 od 128gb ili iphone 12 od 256gb?
https://mobilnisvet.com/mobilni-komentari/9260/Apple/iPhone-13/14,Apple,Apple iPhone 13,Tamara,2022-05-26 10:29:00,"Kupila sam ip13 pre nedelju dana, i baterija mi se uopšte ne sviđa. Pogledam vreme korišćenja, 5,5h  spadne mi na 30-40% sa 100%. Ne znam je l to ok, ne znam šta da radim?"
https://mobilnisvet.com/mobilni-komentari/9260/Apple/iPhone-13/14,Apple,Apple iPhone 13,Mirko,2022-05-25 18:44:00,"Koja je kamera bolja,na obicnom iphone 12 ili 13 ?"
https://mobilnisvet.com/mobilni-komentari/9260/Apple/iPhone-13/14,Apple,Apple iPhone 13,Raki,2022-05-24 19:57:00,"Pozdrav svima. Supruga je pre 5 dana uzela ovaj model. Moze li pomoc oko postavljanja Story na instagramu, dodje skoro da izbaci I pise pokusajte ponovo? Hvala"
https://mobilnisvet.com/mobilni-komentari/9260/Apple/iPhone-13/14,Apple,Apple iPhone 13,Dusan,2022-05-24 15:01:00,Moze li se puniti telefon s bilo kojim Type-C punjacem ili mora biti Apple ?
https://mobilnisvet.com/mobilni-komentari/9260/Apple/iPhone-13/14,Apple,Apple iPhone 13,Gleich,2022-05-23 19:07:00,"Ljudi, jel ima prevelike razlike izmedju Iphone 12 i 13, mislim na obicnu verziju?"
https://mobilnisvet.com/mobilni-komentari/9260/Apple/iPhone-13/14,Apple,Apple iPhone 13,Serđo,2022-05-22 21:58:00,"Iphone 12 Pro ili 13 ? Najbitnija mi je kamera, foto a i video takođe. Šta uzeti ?"
https://mobilnisvet.com/mobilni-komentari/9260/Apple/iPhone-13/14,Apple,Apple iPhone 13,Dusan,2022-05-21 20:59:00,Iphone 13 ili iphone 12 ?
https://mobilnisvet.com/mobilni-komentari/9260/Apple/iPhone-13/14,Apple,Apple iPhone 13,Aleksandar,2022-05-17 13:41:00,Dobar dan imam iphone 13 da li neko zna dal je normalno da se u toku punjenja sa 20 w punjacem zagreva na pocetku do nekih 60%
https://mobilnisvet.com/mobilni-komentari/9260/Apple/iPhone-13/14,Apple,Apple iPhone 13,Marko77,2022-05-16 16:16:00,Uzeo sam ip13 i kada hocu nesto izbliza da slikam npr.neki tekst u novinama dosta je mutna slika i nije ostra kao recimo na ip12…ispada da ip12 ima dosta kvalitetniju kameru kada se slika izbliza neki tekst…Da li neko ima takvo iskustvo? pozz
https://mobilnisvet.com/mobilni-komentari/9260/Apple/iPhone-13/14,Apple,Apple iPhone 13,Odad,2022-05-16 15:43:00,Koji bolje Apple 13 ili xiaomi 12X
https://mobilnisvet.com/mobilni-komentari/9260/Apple/iPhone-13/14,Apple,Apple iPhone 13,Milica,2022-05-08 17:53:00,"Cao ,imam jednu molbu ako neko moze da mi objasni 🙏🏻"
https://mobilnisvet.com/mobilni-komentari/9260/Apple/iPhone-13/14,Apple,Apple iPhone 13,Laki,2022-05-06 14:08:00,Baterija od 3240mah nije obecavajuca i kao sto neko pise traje mu dva dana Oko 6h intezivnog koriscenja youtube slusanjw muzike deezer po koja igrica i to je Kod androida baterije su i do 5000mah a aple to skrto bas jedino sto ga krasi doba4 brz softvar i dobra kamera
https://mobilnisvet.com/mobilni-komentari/9260/Apple/iPhone-13/14,Apple,Apple iPhone 13,foc,2022-05-06 10:33:00,"Posle 3 meseca koriscenja telefona , ja sam prezadovoljan. Baterija mi nekada izdrzi i 2 dana. Ja ga stavljam na punjenje kada mu baterija padne na oko 30% i punim ga do 95%. BH je na 100% , kamera je jako dobra , jedino me malo nervira nocni mod , i treba mu malo duze vremena da slika, ali kada uslika bude dobra slika. Za sada me najvise nervira kada je telefon zakljucan , i neko me pozove, nemam opciju da prekinem poziv, i druga stvar je to , da nema vibracije kada se neko javi koga zovem ( da znaci da se javio ).  Nadam se da ce se u buducnosti softverski resiti problem.."
https://mobilnisvet.com/mobilni-komentari/9260/Apple/iPhone-13/14,Apple,Apple iPhone 13,Losmi,2022-05-02 12:33:00,Da li je tacno da je  baterija na trinaestici obicnoj bolja nego na 13 pro.
https://mobilnisvet.com/mobilni-komentari/9260/Apple/iPhone-13/14,Apple,Apple iPhone 13,Iph13,2022-05-01 10:05:00,"Telefon je savrsen, ko god se razmislja da ga uzme nece pogresiti, kamera brutalna, baterija drzi dan ipo uz konstantno koriscenje, vrh!!!"
https://mobilnisvet.com/mobilni-komentari/9260/Apple/iPhone-13/14,Apple,Apple iPhone 13,Dusan,2022-05-01 01:12:00,Zdravo ljudi planiram za neki dan uzeti Iphone 13 ili Huawei P50 pro? Sta mi preporucujete? Iphone 13 (ne pro).
https://mobilnisvet.com/mobilni-komentari/9260/Apple/iPhone-13/14,Apple,Apple iPhone 13,OldBoy,2022-04-28 07:38:00,"Molim za utiske neke oko ovog modela,baterija kvalitet tokom razgovora"
https://mobilnisvet.com/mobilni-komentari/9260/Apple/iPhone-13/14,Apple,Apple iPhone 13,Cjepivo,2022-03-27 17:37:00,"Za nepuna 2 meseca koriscenja je uspeo da mi skine 1% baterry  health,punim ga samo originalnim punjacem bez da igram igrice,telefon mi sluzi iskljucivo za drustvene mreze i youtube,da li telefon da nosim u yettel na reklamaciju?"
https://mobilnisvet.com/mobilni-komentari/9260/Apple/iPhone-13/14,Apple,Apple iPhone 13,Vladan,2022-03-26 22:49:00,Treba mi pomoć koji auto punjač da kupim za ovaj telefon?
https://mobilnisvet.com/mobilni-komentari/9260/Apple/iPhone-13/14,Apple,Apple iPhone 13,Dragan,2022-03-20 10:39:00,"Uzmem juce od druga da pogledam neke oglase na iphonu 13 i mogu da vam kazem da sam se bas razocarao,ponajvise u ekran. Cim sam poceo da skrolujem videla se bas razlika u  odnosu na moj samsung a52s. Ekran je kod mene na 120 hz i po meni razlika je ogromna. Da se razumemo i sam sam hteo da uzmem trinaesticu ali sam odustao zbog cekanja na isti."
https://mobilnisvet.com/mobilni-komentari/7179/Apple/iPhone-11-64GB/15,Apple,Apple iPhone 11,S,2021-09-16 20:53:00,Punjač od koliko w se preporučuje za  11icu?
https://mobilnisvet.com/mobilni-komentari/7179/Apple/iPhone-11-64GB/15,Apple,Apple iPhone 11,Marko,2021-09-16 15:00:00,Jel moze neko da mi kaze kako je pravilnije rakovoditi sa baterijom na iphone 11 do koliko % da padne za da ga stavim na punjac hvalla unapred!!!
https://mobilnisvet.com/mobilni-komentari/7179/Apple/iPhone-11-64GB/15,Apple,Apple iPhone 11,Battery health,2021-09-15 18:25:00,"Battery health mi je danas pao na 99%, a poceo sam ga koristiti 31.03.2021. Da li je prerano poceo padati?"
https://mobilnisvet.com/mobilni-komentari/7179/Apple/iPhone-11-64GB/15,Apple,Apple iPhone 11,TM,2021-09-14 14:07:00,"koristim samsung A50, da li preći na iphone 11. Zašto?"
https://mobilnisvet.com/mobilni-komentari/7179/Apple/iPhone-11-64GB/15,Apple,Apple iPhone 11,Jova,2021-09-12 16:52:00,"Ja sam imao ovaj model, inace telefon je fantastican, bez bagova, kamera brutalna, optimizacijai na vrhunskom nivou, ni jedan android nece imati optimizaciju kao ajfon, ALI, softwer je jako zatvoren,ne moze toliko toga da se uradi kao na androidu, ekran je dobar sto se tice svetline i prikaza boja ali rezolucija mu je 720p sto se itekako primeti, ivice su bas debele plus ima ogroman notch, kome to ne smeta svaka prepotuka"
https://mobilnisvet.com/mobilni-komentari/7179/Apple/iPhone-11-64GB/15,Apple,Apple iPhone 11,Milica Simic,2021-09-09 16:51:00,"Ceo život koristim samsung,planiram da se prebacim na ajfon 11,misljenja su podeljena.Neki kazu da je ajfon sranje u smislu baterije,brzi kvarovi,cim padne slomi se ekran itd.Dok neki kazu da je ekstra.Saveti,iskustva??"
https://mobilnisvet.com/mobilni-komentari/7179/Apple/iPhone-11-64GB/15,Apple,Apple iPhone 11,ceca,2021-09-07 22:59:00,Da li će možda i koliko otprilike opasti cena u narednih par meseci? (: Pošto će uskoro i 13ica izaći.
https://mobilnisvet.com/mobilni-komentari/7179/Apple/iPhone-11-64GB/15,Apple,Apple iPhone 11,Marko,2021-09-05 01:27:00,"Da li je isplativo kupiti ovaj telefon za manje od godinu dana? (7,8 meseci) kada mu se još malo spusti cena (nadam se da hoće)."
https://mobilnisvet.com/mobilni-komentari/7179/Apple/iPhone-11-64GB/15,Apple,Apple iPhone 11,Stefan,2021-09-01 13:50:00,Da li mogu ubaciti 2 kartice u iphone 11?
https://mobilnisvet.com/mobilni-komentari/7179/Apple/iPhone-11-64GB/15,Apple,Apple iPhone 11,Alex,2021-09-01 07:36:00,"Kupio telefon pre 2 dana, namestio sam onu opciju kada se klikne na Apple znak da pravi screen-shoot. Međutim moram 6 puta da kliknem da bi napravio jedan screen-shoot?"
https://mobilnisvet.com/mobilni-komentari/7179/Apple/iPhone-11-64GB/15,Apple,Apple iPhone 11,Da li se uz iPhone 1,2021-08-23 19:41:00,Da li se uz iPhone 11 dobija punjac?
https://mobilnisvet.com/mobilni-komentari/7179/Apple/iPhone-11-64GB/15,Apple,Apple iPhone 11,Som,2021-08-22 14:27:00,"Jednostavno posle 3 meseca koriscenja ovog telefona nisam mogao vise, ekran je jednostavno uzasan, 720 p rezolucija, koju god sliku uvelicas na instagramu, fbu dosta se zamuti, youtube i tik tok takodje bas se vidi da je niska rezolucija, ostalo sve vrh."
https://mobilnisvet.com/mobilni-komentari/7179/Apple/iPhone-11-64GB/15,Apple,Apple iPhone 11,Milica,2021-08-22 10:38:00,11 ili 11pro? Pretpostavljam da je 11 pro bolji ali meni je od telefona najbitnije da dobro slika i da ima dobru bateriju 😌 koji preporucujete?
https://mobilnisvet.com/mobilni-komentari/7179/Apple/iPhone-11-64GB/15,Apple,Apple iPhone 11,Mladyo,2021-08-18 08:33:00,Kako da exportujem kontakte sa gmail naloga u imenik telefona?? 🤔
https://mobilnisvet.com/mobilni-komentari/7179/Apple/iPhone-11-64GB/15,Apple,Apple iPhone 11,Mladyo,2021-08-16 17:30:00,Ima li neko prijedlog za dobru iOS igricu - pucačina žanr? 🙂
https://mobilnisvet.com/mobilni-komentari/7179/Apple/iPhone-11-64GB/15,Apple,Apple iPhone 11,Nikola,2021-08-13 13:36:00,Da li kupiti polovan iphone 11 64gb dajte mi predlog
https://mobilnisvet.com/mobilni-komentari/7179/Apple/iPhone-11-64GB/15,Apple,Apple iPhone 11,Mladyo,2021-08-08 10:11:00,Imate li iskustva sa podešavanje NFC funkcije za uvezivanje platne kartice na Iphone?
https://mobilnisvet.com/mobilni-komentari/7179/Apple/iPhone-11-64GB/15,Apple,Apple iPhone 11,Nikola,2021-08-08 01:38:00,Imam problema sa battery healthom. Desetog juna battery health mi je bio na 97% a danas 8.8.2021 na 90%. Baterija mi je imala onu rekalibraciju koju su imali svi iphone 11 i iphone 11 pro i pro max telefoni.
https://mobilnisvet.com/mobilni-komentari/7179/Apple/iPhone-11-64GB/15,Apple,Apple iPhone 11,Mateja,2021-08-06 09:44:00,"Telefon je odličan, jedino mi je ekran na njemu katastrofa, za ove pare može mnogo mnogo bolji ekran."
https://mobilnisvet.com/mobilni-komentari/7179/Apple/iPhone-11-64GB/15,Apple,Apple iPhone 11,tm,2021-07-31 11:44:00,Iphone 11 ili samsung(ne iz S kolekcije) i zašto??
https://mobilnisvet.com/mobilni-komentari/7179/Apple/iPhone-11-64GB/15,Apple,Apple iPhone 11,Mladyo,2021-07-31 11:21:00,Iphone 11 64 Gb.
https://mobilnisvet.com/mobilni-komentari/7179/Apple/iPhone-11-64GB/15,Apple,Apple iPhone 11,Danilo,2021-07-29 09:51:00,"Posle azuriranja na ios 14.7.1 baterija dosta slabija, da li ostali imaju problema?"
https://mobilnisvet.com/mobilni-komentari/7179/Apple/iPhone-11-64GB/15,Apple,Apple iPhone 11,Tamara,2021-07-26 13:33:00,"Imam iphone 11,oko 7 meseci ,čuvam ga,nije mi ispadao. Poslednjih dana mi se desava da ekran sam pocne da tipka,ako sam na instagrama lajkuje.kad pisem poruku sam kuca slova .kao da poblesavi . Cim pritisnem dugme sa strane ,upalim/ugasim ekran ,vrati se u normalu . Sta moze biti problem ?"
https://mobilnisvet.com/mobilni-komentari/7179/Apple/iPhone-11-64GB/15,Apple,Apple iPhone 11,LoL,2021-07-23 17:37:00,Smanjuje li zastitno staklo za kamere kvalitet slika? Ako ima neko da je provjeravao?
https://mobilnisvet.com/mobilni-komentari/7651/Apple/iPhone-SE-(2020)/15,Apple,Apple iPhone SE (2020),Necc,2020-05-28 09:33:00,"Prešao sam sa Androida na SE 2020. Cena jeste visoka za naše standarde, ali tu je kriva država, a ne proizvođač. Ja sam ljubitelj manjih telefona, razmatrao sam prvo 11, ali mi ne odgovara veličina, a 11 pro je stvarno preskup, pa je pobedio SE 2020."
https://mobilnisvet.com/mobilni-komentari/7651/Apple/iPhone-SE-(2020)/15,Apple,Apple iPhone SE (2020),Slavko,2020-05-28 06:47:00,Da su stavili ekran od ivice do ivice bio bi top a ova velicina telefona. To je moje misljenje ne znaci da sam upravu. Lepo izgleda.
https://mobilnisvet.com/mobilni-komentari/7651/Apple/iPhone-SE-(2020)/15,Apple,Apple iPhone SE (2020),mrki,2020-05-27 22:45:00,pa sad.... ima i prednosti i mana...
https://mobilnisvet.com/mobilni-komentari/7651/Apple/iPhone-SE-(2020)/15,Apple,Apple iPhone SE (2020),Vlada,2020-05-27 09:13:00,"Cena za ovaj telefon treba da bude max 300$. Ovo je budget telefon, to sto su stavili 500e neka hvala."
https://mobilnisvet.com/mobilni-komentari/7651/Apple/iPhone-SE-(2020)/15,Apple,Apple iPhone SE (2020),dub,2020-05-24 22:52:00,Iphone iz 2014 sa procesorom iz 2019 za 500 eura. Kakva pljačka. Da nema tu jabuku na leđima svi bi se smejali ovom poslovnom potezu!
https://mobilnisvet.com/mobilni-komentari/7651/Apple/iPhone-SE-(2020)/15,Apple,Apple iPhone SE (2020),Aa,2020-05-22 00:25:00,"Prvi model po mom misljenu je super. Ja ga koristim i dalje. U to vreme koliko se secam 7 je bio jaci od njega (msm da 8 nije izasao jos) a jedina razlika izmedju 6s i njega je bila kamera i 3d tach. I ko ne obraca paznju na to, a velicina mu odg, super. E sad nzm koliko ovaj novi se moze da isprati ove poslednje modele. Ako je briblizno jak kao prvi model sto je bio u odnosu na ove ‘zvucnije’ modele, a voli manji tel, izbor super"
https://mobilnisvet.com/mobilni-komentari/7651/Apple/iPhone-SE-(2020)/15,Apple,Apple iPhone SE (2020),Djole,2020-05-21 23:04:00,Reci cu vam jednu istinu a procitao sam to negde ovde u komentarima.
https://mobilnisvet.com/mobilni-komentari/7651/Apple/iPhone-SE-(2020)/15,Apple,Apple iPhone SE (2020),Mikelis,2020-05-20 10:35:00,Samsung S10e je je NOTE 10+ za ovaj iphonov promasaj!
https://mobilnisvet.com/mobilni-komentari/7651/Apple/iPhone-SE-(2020)/15,Apple,Apple iPhone SE (2020),David,2020-05-20 09:37:00,Ljudi hocu da predjem na ios i razmisljam se da kupim ovaj tel jel moze neko da mi kaze kakv je i kakva mu je baterija hvala
https://mobilnisvet.com/mobilni-komentari/7651/Apple/iPhone-SE-(2020)/15,Apple,Apple iPhone SE (2020),Miloš,2020-05-17 20:36:00,"Aj sad da rešimo ovu dilemu, novi iPhone SE ili polovni iPhone X? Korsitim iPhone 6, pre toga 5s, sasvim sam zadovoljan kako ti telefoni rade i Android me u ovom trenutku ne zanima. :) Dakle, godinu dana star iPhone X koji može da se nađe za oko 400 eur, možda i sa garancijom (ima ovde po oglasima) ili nov SE (kod operatera na ugovor ili za keš)? jedina prednost SE je čip A13 i to što bi bio nov. Prednosti X bolji ekran, kamera, mana stariji čip što mu uskraćuje podršku za softver (mada za 4 god valjda ću opet menjati tel :D ). Ako bih uzeo za keš + ugovr koji imam, ukupno bi me SE izašao u najboljem slučaju 78.500, iPhone X 65.500, iPhone XS 69.000. Ako bih SE uzeo kod operatera, neka NEO5 tarifa, total za dve god 87.000."
https://mobilnisvet.com/mobilni-komentari/7651/Apple/iPhone-SE-(2020)/15,Apple,Apple iPhone SE (2020),Dragan,2020-05-15 21:55:00,"Sta uzeti SE 64gb, 8 plus 256gb ili Galaxy S10e najvise mi treba zbog kamere i baterije"
https://mobilnisvet.com/mobilni-komentari/7651/Apple/iPhone-SE-(2020)/15,Apple,Apple iPhone SE (2020),Toma,2020-05-15 17:48:00,Da samsung ili sony ponude ovako nesto bio bi pun pogodak ovako je apple sa ovom cenom stvarno preterao!!!
https://mobilnisvet.com/mobilni-komentari/7651/Apple/iPhone-SE-(2020)/15,Apple,Apple iPhone SE (2020),Dr. Leem,2020-05-13 10:25:00,Vredi li ovih para?
https://mobilnisvet.com/mobilni-komentari/7651/Apple/iPhone-SE-(2020)/15,Apple,Apple iPhone SE (2020),Dr. Leem,2020-05-13 10:20:00,Imam huawei nova 5t i razbija telefon.
https://mobilnisvet.com/mobilni-komentari/7651/Apple/iPhone-SE-(2020)/15,Apple,Apple iPhone SE (2020),Dusan,2020-05-10 20:59:00,Ja se jos ne mogu odluciti da li ovaj ili S10e uzimam za duze vreme 2 3 god
https://mobilnisvet.com/mobilni-komentari/7651/Apple/iPhone-SE-(2020)/15,Apple,Apple iPhone SE (2020),Kiki,2020-05-09 17:37:00,"Meni neke stvari nisu jasne, iphone 8 je skuplji. iphone 8 je bolji?"
https://mobilnisvet.com/mobilni-komentari/7651/Apple/iPhone-SE-(2020)/15,Apple,Apple iPhone SE (2020),A.,2020-05-09 10:22:00,"Nigde nema više loših komentara nego na apple proizvodima. Niste mi jasni, ne zanima vas ništa od apple, nikad ne bi kupili, ali se ipak nekako nađete na svakoj njihovoj vesti da prokomentarišete."
https://mobilnisvet.com/mobilni-komentari/7651/Apple/iPhone-SE-(2020)/15,Apple,Apple iPhone SE (2020),S,2020-05-08 11:49:00,"Jel moze neko da napise iskustva sa baterijom i punjenjem ovog telefona posto vidim da je to najveca mana. I da li se desava posle odredjenog vremena uopste na iphonu( npr 8 posto je najslicniji) da se iskljucuje uvek sa 20,30% baterije kao kod nekih androida koji imaju  duplo vise mAh od ovog modela. Hvala"
https://mobilnisvet.com/mobilni-komentari/7651/Apple/iPhone-SE-(2020)/15,Apple,Apple iPhone SE (2020),Majstor,2020-05-08 07:43:00,Loš telefon a još gori ekran i baterija.
https://mobilnisvet.com/mobilni-komentari/7651/Apple/iPhone-SE-(2020)/15,Apple,Apple iPhone SE (2020),Tamara,2020-05-07 17:38:00,"Da li uzeti XS ili ovaj? Da li je velika razlika izmedju ova dva telefona, osim u ceni?"
https://mobilnisvet.com/mobilni-komentari/7651/Apple/iPhone-SE-(2020)/15,Apple,Apple iPhone SE (2020),Jeca,2020-05-06 19:18:00,"Planiram uzeti ovaj fon.pa me zanima da mi neko ukratko da neke savete posto nisam imala iskustva sa iosom, pre svega me zanima prebacivanje fajlova iz tel.u komp.da li je to toliko komplikovano kao sto pricaju? I u vezi kamere da li moze da se menja rezolucija slike napr.od 4:3 na 16:9? Puno bi mi znacilo da mi neko da iskren odgovor.Hvala..."
https://mobilnisvet.com/mobilni-komentari/7651/Apple/iPhone-SE-(2020)/15,Apple,Apple iPhone SE (2020),Vuk,2020-05-05 19:14:00,"Vidim da se mnogi dvoume izmedju iphone se i s10e pa tako i ja, mene pre svega interesuje kamera i zvucnici gde su bolji?"
https://mobilnisvet.com/mobilni-komentari/7651/Apple/iPhone-SE-(2020)/15,Apple,Apple iPhone SE (2020),NemamShishke,2020-05-04 19:49:00,Nikad nisam imao iphone i ovaj mi je zapao za oko.
https://mobilnisvet.com/mobilni-komentari/7651/Apple/iPhone-SE-(2020)/16,Apple,Apple iPhone SE (2020),Marko 89,2020-05-03 17:07:00,Ja ga planiram kupiti za neki dan u crvenoj boji? Nzm jel nije malo zenski u toj boji? Ili njega ili S10e
https://mobilnisvet.com/mobilni-komentari/7651/Apple/iPhone-SE-(2020)/16,Apple,Apple iPhone SE (2020),Jovan,2020-05-03 16:12:00,"Juce uzeo fon.sve osim baterije je extra, kamera me odusevila, brz kao munja kompaktan odlicno lezi u ruci...ipak baterija me razocarala bukvalno se puni 3h a isto toliko i izdrzi oko 3h upotrebe sto je nedopustivo!"
https://mobilnisvet.com/mobilni-komentari/7651/Apple/iPhone-SE-(2020)/16,Apple,Apple iPhone SE (2020),Goran,2020-05-02 23:02:00,Preslikan s7.
https://mobilnisvet.com/mobilni-komentari/7651/Apple/iPhone-SE-(2020)/16,Apple,Apple iPhone SE (2020),Lady,2020-05-02 07:17:00,Da li se gasi kao obican SE na hladnovi?
https://mobilnisvet.com/mobilni-komentari/7651/Apple/iPhone-SE-(2020)/16,Apple,Apple iPhone SE (2020),vlada,2020-05-01 21:42:00,"kiki-European measurement on head: 0.970 W/Kg,"
https://mobilnisvet.com/mobilni-komentari/7651/Apple/iPhone-SE-(2020)/16,Apple,Apple iPhone SE (2020),Mimica,2020-04-30 20:29:00,Koje su preporuke za kupovinu ovog modela? Da li vredi kupiti? Hvala unapred
https://mobilnisvet.com/mobilni-komentari/7651/Apple/iPhone-SE-(2020)/16,Apple,Apple iPhone SE (2020),Kiki,2020-04-29 14:27:00,Koliko iznosi sar(zracenje ovog telefona)?prethnodni iphone 7 i 8 su imali vece zracenje od dozvoljenog.
https://mobilnisvet.com/mobilni-komentari/7651/Apple/iPhone-SE-(2020)/16,Apple,Apple iPhone SE (2020),mrki,2020-04-29 11:00:00,ako kod nas bude <500 evrica vredi ga uzeti...
https://mobilnisvet.com/mobilni-komentari/7651/Apple/iPhone-SE-(2020)/16,Apple,Apple iPhone SE (2020),R+,2020-04-28 07:43:00,"Kao sto kaze Piter bolje je sve, mesavine XR i iP11 za kamere, a masina je od iP11 dok je dizajn od iP8 samo mi se cini malo jos doradjeniji, vidim da je i ja Apple logo malo drugaciji i spusteniji. Super ovo model, sve dobijes u kompaktnom kucistu koji je pritom lep. :)"
https://mobilnisvet.com/mobilni-komentari/7651/Apple/iPhone-SE-(2020)/16,Apple,Apple iPhone SE (2020),Kiki,2020-04-27 19:22:00,Da li su kamera i blic identicni kao na iphone 8?
https://mobilnisvet.com/mobilni-komentari/7179/Apple/iPhone-11-64GB/16,Apple,Apple iPhone 11,M,2021-07-23 04:17:00,"Ja sam iz zezanja svoj ip11pro menjao (koji koristim 17 meseci, a pre toga samo Apple uređajae) sa rođakom za galaxy s10(3g star) Na par dana.. i verovali ili ne želim da ga vratim! Ovih dana idem da uzmem s21+ ili ultra! Tako da.. ajfon je velikooo s.anje! Prvo i bitno, alarm možeš da nastelujes snooze kako želiš, muziku takođe.  Zvuk poziva, sms, alarma, plejera, sve to posebno se šteluje hihi.. i meni najlepše,  jbt možeš da ikonice postaviš gde i kako ti želiš. Tastatura radi završeno... dual Bluetooth, wireles punjenje. Kažu ekosistem najbolji na ajfonu a pola vas nema više od 1 uređaja.  I na ovom je ekosistem dobar sa tv,tab,buds itd. I jos mnogo sitnica koje znače, i ne vraćam se više na ios!! Mogu misliti šta će s21+/ultra raditi kada ovaj jede jedanaesti!"
https://mobilnisvet.com/mobilni-komentari/7179/Apple/iPhone-11-64GB/16,Apple,Apple iPhone 11,Mladyo,2021-07-22 14:29:00,Pomagajte. Par pitanja vezana za imenik na iphone 11.
https://mobilnisvet.com/mobilni-komentari/7179/Apple/iPhone-11-64GB/16,Apple,Apple iPhone 11,Nemanja,2021-07-16 23:47:00,"Kako da oslobodim memoriju na Icloudu, jer trenutno je puna? Razmisljqm da iskljucim Foto ali ne znam oce mi se onda obrisati svi snimci i slike sa uredjaja ili samo sa Clouda? Ako moze pojasnjenje. Jos da napomenem da sve slike i snimke redovno prebacujem na racunar preko kabla."
https://mobilnisvet.com/mobilni-komentari/7179/Apple/iPhone-11-64GB/16,Apple,Apple iPhone 11,Petar,2021-07-13 22:17:00,Da li ne potrebno da opcija background app refresh bude ukljucena da bi notifikacije redovno stizale? Primetio sam da kad je iskljucena neke notifikacije kasne po nekoliko minuta?
https://mobilnisvet.com/mobilni-komentari/7179/Apple/iPhone-11-64GB/16,Apple,Apple iPhone 11,Venom,2021-07-12 19:10:00,"Sta je bolje uzeti sada, iphone 11 ili xs max? Oba su nova?"
https://mobilnisvet.com/mobilni-komentari/7179/Apple/iPhone-11-64GB/16,Apple,Apple iPhone 11,isidorr,2021-07-10 21:01:00,Uzeo sam fon pre par dana.Prilikom igranja PUBGM telefon se strasno greje..Da li postoji neki nacin da se ne greje ili je to do igrice?? Hvala
https://mobilnisvet.com/mobilni-komentari/7179/Apple/iPhone-11-64GB/16,Apple,Apple iPhone 11,Pavle,2021-07-09 09:25:00,"Imam punjač od 18w, prilikom punjenja punjac se baš dosta zagreje, pa se posle postepeno hladi, da li jos neko ima slično iskustvo?"
https://mobilnisvet.com/mobilni-komentari/7179/Apple/iPhone-11-64GB/16,Apple,Apple iPhone 11,DD,2021-07-07 15:58:00,"Pozdrav, po prvi put koristim iphone pa bih imao nekoliko pitanja..."
https://mobilnisvet.com/mobilni-komentari/7179/Apple/iPhone-11-64GB/16,Apple,Apple iPhone 11,Dragan,2021-07-07 07:23:00,"Posto sam hteo da kupim ovaj telefon, uzeo sam od kolege da malo pregledam funkcije. Bukvalno posle desetak sekundi skrolovanja po ekranu odustao sam od njega. Sve je to ok, telefon je kvalitetan, ali ekran, po meni stvarno bledunjav i vidi se bas razlika izmedju ovog ips i amoleda kod samsunga. Koristim 4 godine j7 2017 i razlika je bas osetna,ko god da kaze da se ne primeti, primeti se i te kako."
https://mobilnisvet.com/mobilni-komentari/7179/Apple/iPhone-11-64GB/16,Apple,Apple iPhone 11,Em,2021-06-21 18:48:00,Ovaj ili samsung s20fe?
https://mobilnisvet.com/mobilni-komentari/7179/Apple/iPhone-11-64GB/16,Apple,Apple iPhone 11,Cofi,2021-06-21 16:11:00,I sta mislite inace o ajfonu 11 64gb kupiti ili ne
https://mobilnisvet.com/mobilni-komentari/7179/Apple/iPhone-11-64GB/16,Apple,Apple iPhone 11,Aleksandar,2021-06-19 06:00:00,"Ne bih da ispadnem hejter, već samo želim da skrenem pažnju zainteresovanim kupcima jer i ja sam bio jedan od njih."
https://mobilnisvet.com/mobilni-komentari/7179/Apple/iPhone-11-64GB/16,Apple,Apple iPhone 11,Stevana,2021-06-13 20:37:00,"Danas sam instalirala ios 14.6 i izašla mi je poruka u kojoj se pominje nekakva ponovna kalibracija baterije. Ta poruka se nalazi u delu battery, iznad mesta gde piše battery health. Da li možda neko zna o čemu je reč? hvala unapred."
https://mobilnisvet.com/mobilni-komentari/7179/Apple/iPhone-11-64GB/16,Apple,Apple iPhone 11,Milana,2021-06-12 19:08:00,"uporedio ekran sa 12 mini, šokirao sam se razlikom… ekran na 11 je užas"
https://mobilnisvet.com/mobilni-komentari/7179/Apple/iPhone-11-64GB/16,Apple,Apple iPhone 11,Boki,2021-06-12 08:59:00,Imam jedno pitanje za sve koji koriste IPhone.
https://mobilnisvet.com/mobilni-komentari/7179/Apple/iPhone-11-64GB/16,Apple,Apple iPhone 11,Dule,2021-06-11 09:26:00,"Telefon skoro mesec dana, sve radi perektno i brzo, baterija dva do tri dana normalnog koriscenja, ekran odlican!"
https://mobilnisvet.com/mobilni-komentari/7179/Apple/iPhone-11-64GB/16,Apple,Apple iPhone 11,Milan,2021-06-10 15:39:00,"Utisci posle mesec dana korišćenja su odlični, kamera i baterija znači stvarno bez greške. Jedino, jedan veliki minus za ekran koji mi se uopšte ne dopada i ima nisku rezoluciju. Znači uključim Instagram i uporedim pored sa S20 i znači razlika nebo i zemlja."
https://mobilnisvet.com/mobilni-komentari/7179/Apple/iPhone-11-64GB/16,Apple,Apple iPhone 11,Sanja,2021-06-08 23:12:00,"14.6 verzija, instalirati ili ne ?"
https://mobilnisvet.com/mobilni-komentari/7179/Apple/iPhone-11-64GB/16,Apple,Apple iPhone 11,PN,2021-06-07 08:49:00,"Da li vam je dovoljna memorija 64gb? Ja planiram da uzmem ovaj model, ali se razmišljam između 64gb i 128gb"
https://mobilnisvet.com/mobilni-komentari/7179/Apple/iPhone-11-64GB/16,Apple,Apple iPhone 11,Mirko,2021-06-06 12:51:00,"Ljudi, šta očekujete od nadolazeće serije ajfona 13 u septembru?"
https://mobilnisvet.com/mobilni-komentari/7179/Apple/iPhone-11-64GB/16,Apple,Apple iPhone 11,14.6,2021-06-05 14:03:00,14.6 softverska verzija? Vase iskustvo?
https://mobilnisvet.com/mobilni-komentari/7179/Apple/iPhone-11-64GB/16,Apple,Apple iPhone 11,Roki,2021-06-03 22:49:00,"Mogu li obicne Bluetooth slusalice od 10€-15€-20€ da naškode 11-ki? Puno mi je da dajem na originalne Airpods, a ne slusam cesto muziku na mobitelu?"
https://mobilnisvet.com/mobilni-komentari/7179/Apple/iPhone-11-64GB/16,Apple,Apple iPhone 11,Daca,2021-06-02 19:05:00,Ljudi razmisljam se da kupim 11 zanima me de ste vi kupili 11 vasw
https://mobilnisvet.com/mobilni-komentari/7179/Apple/iPhone-11-64GB/16,Apple,Apple iPhone 11,Milena,2021-06-01 16:34:00,"Ljudi, imam problem sa face ID. Naime, nije me prepoznavao dva dana i ja ugasim i pokusam ponovo da izradim face, medjutim kako god se namestim u onaj okvir ne prepoznaje mi lice, tj izlazi mi da face ID nije dostupan i da pokusam kasnije. Da li neko zna sta moze biti problem?"
https://mobilnisvet.com/mobilni-komentari/7179/Apple/iPhone-11-64GB/16,Apple,Apple iPhone 11,Bojana,2021-05-25 12:16:00,Da li Iphone 11 ima signalne lampice?
https://mobilnisvet.com/mobilni-komentari/9260/Apple/iPhone-13/15,Apple,Apple iPhone 13,Jeje,2022-03-16 22:14:00,"Caoo, da li uzeti ajfon 13 ili samsung s22?"
https://mobilnisvet.com/mobilni-komentari/9260/Apple/iPhone-13/15,Apple,Apple iPhone 13,Zare,2022-03-16 05:42:00,"Sestra je imala Iphone XS koji je prodala, sad je kupila Iphone 13. Kad uđe u Icolud piše da viber zauzima 3.8 GB(slike, poruke, video...), jel postoji mogućnost da se to sa Iclouda učita u viber na ovom novom telefonu pošto nije napravila rezervnu kopiju vibera pre prodaje starog telefona?"
https://mobilnisvet.com/mobilni-komentari/9260/Apple/iPhone-13/15,Apple,Apple iPhone 13,Marko,2022-03-15 10:23:00,"Pozdrav, da li kupiti 13 ili 13 pro."
https://mobilnisvet.com/mobilni-komentari/9260/Apple/iPhone-13/15,Apple,Apple iPhone 13,Miroslav,2022-03-09 14:33:00,"Eto, posle dosta godina odlučih se i ja za jabuku. Dobila je šansu. Za sada jedino mogu da kažem da sam prezadovoljan veličinom telefona. 6,1 mi je legao fenomenalno posle više godišnje patnje sa tabletima po džepovima. Koristio sam iPad već par godina tako da mi sistem nije preterana novost. Jedino me nervira što slanje mms ne ide. Znam, reći ćete šta će mi kada imam messenger ili Viber, ali ja sam jedan od onih koji žele da sve firca kako treba."
https://mobilnisvet.com/mobilni-komentari/9260/Apple/iPhone-13/15,Apple,Apple iPhone 13,Nikola,2022-02-23 13:18:00,Pozdrav hteo sam da pitam prelazak sa 11 pro na 13 kamera mi je bitna najviše .. hvala unapred
https://mobilnisvet.com/mobilni-komentari/9260/Apple/iPhone-13/15,Apple,Apple iPhone 13,Radoman,2022-02-21 11:38:00,"Poštovani,dvoumim se između Iphone 13 256gb i Iphone SE 64gb. Da li će ovaj potonji moći da izgura dve godine a da ne bude zastareo i da me dobro služi. Ja koristim mejl,instagram i internet,u suštini to je to što mi treba. Ponekad sačnim neku sliku. Pretplatnik sam MTS pa bih kod njih obnovio paket. Imaju oba telefona u ponudi. Ako ko ima kakav dobar savet bio bih mu zahvalan."
https://mobilnisvet.com/mobilni-komentari/9260/Apple/iPhone-13/15,Apple,Apple iPhone 13,Vladan,2022-02-21 10:48:00,Da li može da se  instalira EON aplikacija i ako može da li će raditi?
https://mobilnisvet.com/mobilni-komentari/9260/Apple/iPhone-13/15,Apple,Apple iPhone 13,Milica,2022-02-08 18:45:00,"Poz ljudi,da li ima velike razlike izmedju Iphone 12 i iphona 13,cisto radi ustede novca.Brat ima iphone 12 izuzetno je zadovoljan telefonom a iskreno na prvi pogled i ljepsi mi je izgled kamera na 12-ku nego na 13-cu,ali,zanima me da li je velika razlika u kameri,ako moze neko da podjeli iskustvo bila bih veoma zahvalna🙏😘"
https://mobilnisvet.com/mobilni-komentari/9260/Apple/iPhone-13/15,Apple,Apple iPhone 13,Slobodan,2022-02-04 19:50:00,"Evo ovako, posle par dana koriscenja ovog telefona da iznesem svoj utisak koji ce nekome mozda biti od pomoci."
https://mobilnisvet.com/mobilni-komentari/9260/Apple/iPhone-13/15,Apple,Apple iPhone 13,MARKO,2022-02-04 13:28:00,"Pre 2 meseca kupio telefon obican iPhone 13  i zaista sam prezadovoljan nema potrebe ici na pro modele ova osnovna verzija je brutalna, brz, stabilan, fluidan, kamera fenomenalna kao i baterija koja drzi bas dugo !!!"
https://mobilnisvet.com/mobilni-komentari/9260/Apple/iPhone-13/15,Apple,Apple iPhone 13,Boban,2022-02-04 00:35:00,"Zna li neko ,kako povecati osetljivost ekrana na dodir?"
https://mobilnisvet.com/mobilni-komentari/9260/Apple/iPhone-13/15,Apple,Apple iPhone 13,Pozdrav,2022-02-03 14:08:00,Koliki vam je SOT na iPhone 13 običan?
https://mobilnisvet.com/mobilni-komentari/9260/Apple/iPhone-13/15,Apple,Apple iPhone 13,Dusan,2022-02-02 18:36:00,"13 obican je babaroga telefon,i ovako je skup i nema potrebe bacati pare na pro modele."
https://mobilnisvet.com/mobilni-komentari/9260/Apple/iPhone-13/15,Apple,Apple iPhone 13,Stekson_reff,2022-02-01 20:14:00,"Imam Xiaomi mi 11 , opasan telefon , kamera full, radi extra. E sad posto nikad nisam koristio iphone voleo bih da probam, ciljam na iphone 12 pro. Kazite mi vase misljenje da li je xiaomi mi 11 bolji ili nije od 12 pro?"
https://mobilnisvet.com/mobilni-komentari/9260/Apple/iPhone-13/15,Apple,Apple iPhone 13,igorns,2022-02-01 07:32:00,"Koliko vam traje baterija? Toliko su pričali na yt o bateriji da sam mislio da ce da traje 6 dana... Sto se mene tice, drzim telefon na low power, ne koristim ig, tiktok, yt, ne igram igrice i izdrzi dan ipo. Ne znam da li je to dobro ili lose ali ocekivao sam makar dva cela dana sa ovakvim koriscenjem."
https://mobilnisvet.com/mobilni-komentari/9260/Apple/iPhone-13/15,Apple,Apple iPhone 13,noisecanc,2022-01-26 09:35:00,Dal stvarno nema sekundarni mic za otklanjanje pozadinske buke pri razgovorima?? LOL
https://mobilnisvet.com/mobilni-komentari/9260/Apple/iPhone-13/15,Apple,Apple iPhone 13,Nina,2022-01-26 00:21:00,Pozdrav. Ako koze jedan savet…naime prodajem uskoro iphone 11 i zanima me kako da ga vratim na fabricko kako mi slicajno ne bi ostali podaci neki i slicno? Hvala unapred
https://mobilnisvet.com/mobilni-komentari/9260/Apple/iPhone-13/15,Apple,Apple iPhone 13,Ajkula,2022-01-14 22:08:00,"Ljudi, postoji li neki ajfon a da mu baterija drži duže, kojem najduže drži? Izludilo bi me da nosim eksternu bateriju svaki dan, i da mi se gasi na pola dana.."
https://mobilnisvet.com/mobilni-komentari/9260/Apple/iPhone-13/15,Apple,Apple iPhone 13,A,2022-01-13 13:24:00,Uzela sam ovaj telefon pre dva dana i na kameri se pojavila zelena tackica.. sta da radim da li se desavalo jos nekome?
https://mobilnisvet.com/mobilni-komentari/9260/Apple/iPhone-13/15,Apple,Apple iPhone 13,Mi,2022-01-10 07:28:00,Da li cekati Xiaomi 12 ili ici na iPhone 13 🙈
https://mobilnisvet.com/mobilni-komentari/9260/Apple/iPhone-13/15,Apple,Apple iPhone 13,Zarko,2022-01-04 00:00:00,Iphone 12 pro ili Iphone 13?
https://mobilnisvet.com/mobilni-komentari/9260/Apple/iPhone-13/16,Apple,Apple iPhone 13,GAGAC,2022-01-01 14:50:00,Da li uzeti Ajfon 13 ili 13mini? Dilema mi je oko baterije.
https://mobilnisvet.com/mobilni-komentari/9260/Apple/iPhone-13/16,Apple,Apple iPhone 13,Andjela,2021-12-24 21:27:00,"Kupila sam iPhone 13, ali nakon 5 dana upotrebe odlučila sam da ga poklonim mladjoj sestri i predjem na iPhone 12 Pro jer sam shvatila neke stvari. iPhone 13 bih preporučila svakome ko ne želi da izdvoji previše novca za Pro model a želi solidno nepremijum iphone iskustvo iz budzet klase jer budimo iskreni, obične verzije nisu dzaba jeftinije od Pro verzija i ne zovu ih svi dzaba budzet iPhonima. A ko želi Pro i sve na Max i želi da iskusi čari premijum klase, on mora ići isključivo na Pro modele. Još je iPhone 12 Pro sada nekih 950 eura jer cena mu je pala. U svakom smislu reči telefon babaroga, brutalan u svakom segmentu. Ovo je neki moj dojam sa kojim će se složiti racionalna većina. Hvala puno @Mladen na iskrenim savetima, jedini korisnik koji zaista reši svaku nedoumicu nama koji smo nesigurni i koji se ne razumemo baš u sve ovo jer nemamo iskustva."
https://mobilnisvet.com/mobilni-komentari/9260/Apple/iPhone-13/16,Apple,Apple iPhone 13,Marko..,2021-12-22 20:43:00,"Pre nekih mesec dana kupio ajfon 13 običan i mogu reći da je odličan, sve radi bezprekorno, ekran fantastican dosta bolji nego na 12, baterija me odusevila koliko dugo traje.."
https://mobilnisvet.com/mobilni-komentari/9260/Apple/iPhone-13/16,Apple,Apple iPhone 13,Dragan,2021-12-14 17:56:00,Da li ima srpski meni i ako nema da li ce ga biti u narednom modelu ? Nije mi problem engleski ali bih voleo da nas ispostuju...
https://mobilnisvet.com/mobilni-komentari/9260/Apple/iPhone-13/16,Apple,Apple iPhone 13,Nikola,2021-12-14 09:04:00,"Da li uzeti 13mini, obican 13 ili 12pro? Ako moze neka preporuka ko ima iskustva. Unapred hvala"
https://mobilnisvet.com/mobilni-komentari/9260/Apple/iPhone-13/16,Apple,Apple iPhone 13,Vanja,2021-12-12 00:06:00,"S obzirom da je u mnogim prodavnicama iphone 13 jeftiniji i pritom noviji od 12pro, koja je proporuka za kupovinu od ta dva modela? Takodje, ako moze preporuka gde u Novom Sadu kupiti telefon? Hvala svima."
https://mobilnisvet.com/mobilni-komentari/9260/Apple/iPhone-13/16,Apple,Apple iPhone 13,Maja,2021-12-11 20:08:00,Iphone 13 ili 12 pro? Gde je bolja kamera i baterija? Potrebno zbog posala..Hvala
https://mobilnisvet.com/mobilni-komentari/9260/Apple/iPhone-13/16,Apple,Apple iPhone 13,Djoka,2021-12-08 15:51:00,Ovaj Mladen tvrdi da ima kao 12 pro i 13 pro Max koji je dobio od firme!! A non stop visi po drugim modelima! Zanimljivo
https://mobilnisvet.com/mobilni-komentari/9260/Apple/iPhone-13/16,Apple,Apple iPhone 13,Janko,2021-12-04 21:33:00,12 pro max ili 13 obican ..dvoumim se
https://mobilnisvet.com/mobilni-komentari/9260/Apple/iPhone-13/16,Apple,Apple iPhone 13,Zoran,2021-12-01 14:46:00,Dali se isplati zameniti iphon 12 za iphon13.
https://mobilnisvet.com/mobilni-komentari/9260/Apple/iPhone-13/16,Apple,Apple iPhone 13,Jovan,2021-11-26 09:01:00,"13 ili 12 pro? Volim kada telefon na oko i u ruci odaje taj premium utisak/osećaj (ne volim da koristim futrole, maske..)."
https://mobilnisvet.com/mobilni-komentari/9260/Apple/iPhone-13/16,Apple,Apple iPhone 13,Ogisha,2021-11-16 17:06:00,"Šta mi se najviše isplati - iPhone 13, 13 Mini ili 11 običan? Gledam da uzmem ajfon u maju i da ga čuvam nekih 3-4 godina. Hvala unapred."
https://mobilnisvet.com/mobilni-komentari/9260/Apple/iPhone-13/16,Apple,Apple iPhone 13,Stefan,2021-10-28 23:40:00,Koji uzeti iphone 13 ili iphone 12 pro?
https://mobilnisvet.com/mobilni-komentari/9260/Apple/iPhone-13/16,Apple,Apple iPhone 13,loki,2021-10-27 06:05:00,Jos uvek kupuju ekrane od Samsunga.
https://mobilnisvet.com/mobilni-komentari/9260/Apple/iPhone-13/16,Apple,Apple iPhone 13,vlado,2021-10-25 16:40:00,dali kupiti 12pro ili13 osnovni model.cena im je ista?
https://mobilnisvet.com/mobilni-komentari/9260/Apple/iPhone-13/16,Apple,Apple iPhone 13,Sofronije,2021-10-16 15:09:00,"U poredjenju sa 12 nesto svetliji ekran,za nokat brzi rad ako se tako moze reci, ko zna mozda jednom u nekom azuriranju posalju opciju da se i ovaj umanjeni notch skloni, svakako bolja izdrzljivost baterije a ovo resenje sa desne strane za 5G prijem je vickasto :) ja se uzalud ponadao da je fingerprint u pitanju :)"
https://mobilnisvet.com/mobilni-komentari/9260/Apple/iPhone-13/16,Apple,Apple iPhone 13,Никола,2021-10-02 12:27:00,Da li 13 ima slot za dve kartice?
https://mobilnisvet.com/mobilni-komentari/9260/Apple/iPhone-13/16,Apple,Apple iPhone 13,vikt,2021-09-30 09:32:00,Da li je bolje uzeti ip 12 pro ili 13 običan? Planiram da ga koristim barem 3/4 godine kao ip8 koji sada imam.
https://mobilnisvet.com/mobilni-komentari/7179/Apple/iPhone-11-64GB/17,Apple,Apple iPhone 11,Dule,2021-05-25 06:41:00,Zasto se telefon greje prilikom punjenja? Imam 18w punjac.
https://mobilnisvet.com/mobilni-komentari/7179/Apple/iPhone-11-64GB/17,Apple,Apple iPhone 11,035,2021-05-24 10:32:00,11 ili 12 mini ?
https://mobilnisvet.com/mobilni-komentari/7179/Apple/iPhone-11-64GB/17,Apple,Apple iPhone 11,jovan,2021-05-20 19:44:00,huawei p40 pro ili ovaj telefon?
https://mobilnisvet.com/mobilni-komentari/7179/Apple/iPhone-11-64GB/17,Apple,Apple iPhone 11,Adonis,2021-05-20 12:44:00,Da li je 64gb dovoljno na ovom modelu ili treba ići na 128gb?
https://mobilnisvet.com/mobilni-komentari/7179/Apple/iPhone-11-64GB/17,Apple,Apple iPhone 11,Me,2021-05-20 08:27:00,Ovaj ili  redmi note 10 pro?
https://mobilnisvet.com/mobilni-komentari/7179/Apple/iPhone-11-64GB/17,Apple,Apple iPhone 11,Jova,2021-05-19 08:29:00,"Zanima me da li mogu ja da punim ovaj telefon sa punjacem od Iphone SE 2016, ili moram bas punjac za 11? Ako mora da li neko zna gde mogu kupiti original punjac?"
https://mobilnisvet.com/mobilni-komentari/7179/Apple/iPhone-11-64GB/17,Apple,Apple iPhone 11,Milica,2021-05-16 05:58:00,"Kupila sam zastitno staklo za zadnju kameru, platila ga 1200 dinara, da li ce sada biti losiji kvalitet slike zbog tog zastitnog stakla koje ide preko sočiva ili kvalitet ostaje isti?"
https://mobilnisvet.com/mobilni-komentari/7179/Apple/iPhone-11-64GB/17,Apple,Apple iPhone 11,Nenad,2021-05-15 13:34:00,"Da li je bolje uzeti ovaj ili xs max, eto cisto me zanima neki savet ako se neko dvoumio isto , presao bih sa androida prvi put... Hvala"
https://mobilnisvet.com/mobilni-komentari/7179/Apple/iPhone-11-64GB/17,Apple,Apple iPhone 11,Miljan,2021-05-13 07:55:00,Jel idu zicne slušalice u iphone 11 ali samo bezicne
https://mobilnisvet.com/mobilni-komentari/7179/Apple/iPhone-11-64GB/17,Apple,Apple iPhone 11,neo,2021-05-13 01:54:00,Kupih 11ticu 128 pre neki dan (prvi put iPhone). Sam telefon fenomenalan cak i sa LCDom ali iOS je sto se stelovanja tice (u odnosu na Android) jedno smece najobicnije a Aplle nikako da to malo ispegla. Sve ostalo je dopadljivo i dobro.
https://mobilnisvet.com/mobilni-komentari/7179/Apple/iPhone-11-64GB/17,Apple,Apple iPhone 11,Djordje,2021-05-12 20:36:00,"Pozdrav svima, zanima me gde je najbolje kupiti punjac za 11 i koji uzeti da li od 18w ili 20w. Gledamo sam na netu cene se krecu od 1500din pa do 5000din pa mi je to malo cudno, zanima me vase misljenje gde je najbolje uzeti punjac i gde ste vi uzimali..."
https://mobilnisvet.com/mobilni-komentari/7179/Apple/iPhone-11-64GB/17,Apple,Apple iPhone 11,Bojan,2021-05-12 04:51:00,"Imao sam vazda android telefona, među njima iz premijum klase. Igrom slučaja, 2017 godine naletim na iphone 5 (tad star 5 i kusur godina) i oduševim se fluidnošću istog. Želeći malo jaču verziju u istom pakovanju, tad uzmem legendarni Iphone SE... Jedno zaista lepo iskustvo. Nažalost, vratio sam se Androidu jer sam se razočarao u sam Apple, a razlog je da ne mogu da se koriste usluge iTunes-a, da se kupuju neke aplikacije i tako to, odnosno Srbije tad nije bilo na listi za registraciju naloga (a npr. Kosova i Albanije jeste što je ponižavajuće). Vratim se na Android, uzevši P20 krajem 2018 godine. Dan danas me služi ova mašina, prezadovoljan, ali opet bih malo promena. Jako mi se sviđa jedanaestica. Čitajući komentare, saznao sam da ima za ne poverovati, konačno dobru bateriju, kao i sve ostalo."
https://mobilnisvet.com/mobilni-komentari/7179/Apple/iPhone-11-64GB/17,Apple,Apple iPhone 11,Pajo,2021-05-10 04:29:00,"Sinoc sam ga napunio do 96% i ugasio. Jutros, kada sam ga upalio, imao je 100%. Moze li neko objasniti to?"
https://mobilnisvet.com/mobilni-komentari/7179/Apple/iPhone-11-64GB/17,Apple,Apple iPhone 11,Pero,2021-05-09 16:39:00,"Generalno kupujem telefone u rangu od 200-250 evra, pitam se vredi li potrositi vise novca i kupiti neki iphone npr obicnu 11. Nisam neko ko previse zloupotrebljava telefon, zanimljiv je iphone ali prosto ne zelim da trosim previse novca ako nece dugo sluziti, ili ako ga ne mogu prodati."
https://mobilnisvet.com/mobilni-komentari/7179/Apple/iPhone-11-64GB/17,Apple,Apple iPhone 11,Josip,2021-05-07 19:45:00,"Odličan,brz,ima Pal Video mod"
https://mobilnisvet.com/mobilni-komentari/7179/Apple/iPhone-11-64GB/17,Apple,Apple iPhone 11,Sasha,2021-05-07 12:58:00,"Danas po prvi put kupila iPhone I ni sam se pokajala, vredi svaki dinar 😎"
https://mobilnisvet.com/mobilni-komentari/7179/Apple/iPhone-11-64GB/17,Apple,Apple iPhone 11,Ivan,2021-05-05 18:32:00,Da li ste ako da i gde kupili zaštitu za kameru? I da li je to neophodno?
https://mobilnisvet.com/mobilni-komentari/7179/Apple/iPhone-11-64GB/17,Apple,Apple iPhone 11,D,2021-05-04 21:53:00,"Da li se u novom pakovanju dobija punjač uz telefon, a ako ne koji treba da se kupi (koje jačine 5w ili...)?"
https://mobilnisvet.com/mobilni-komentari/7179/Apple/iPhone-11-64GB/17,Apple,Apple iPhone 11,D,2021-05-02 14:23:00,"Xiaomi mi 10t pro ili ovaj? Jaca je baterija i sve to na xiaomi, samo mi se ne svidja sto je glomazan i tezak…"
https://mobilnisvet.com/mobilni-komentari/7179/Apple/iPhone-11-64GB/17,Apple,Apple iPhone 11,Mihajlo,2021-05-02 13:27:00,Da li ako kupim Iphone 11 mogu da ga punim sa punjačem iphonea 6s (charger 5w)?
https://mobilnisvet.com/mobilni-komentari/7179/Apple/iPhone-11-64GB/17,Apple,Apple iPhone 11,Jana,2021-04-29 20:49:00,"Zdravoo,ja samo da pitam,po vašem mišljenju,koji telefon ima najbolju kameru X,11 ili 12? Unapred,zahvalna sam previše."
https://mobilnisvet.com/mobilni-komentari/7179/Apple/iPhone-11-64GB/17,Apple,Apple iPhone 11,N,2021-04-29 16:06:00,"Cao zanima me da li je bolja kupovina 11 ili 11 pro? Kapiram da je 11 pro bolji, ali da li je bolji za tih 150-200e koliko je i skuplji, tj da li ga je isplativo kupiti? Hvala"
https://mobilnisvet.com/mobilni-komentari/7179/Apple/iPhone-11-64GB/17,Apple,Apple iPhone 11,Ee,2021-04-28 22:38:00,14.5 verzija softvera-iskustva?
https://mobilnisvet.com/mobilni-komentari/7179/Apple/iPhone-11-64GB/17,Apple,Apple iPhone 11,Bane,2021-04-28 22:12:00,Da li uzeti iPhone 11 128gb ili iPhone 12 128gb?
https://mobilnisvet.com/mobilni-komentari/7179/Apple/iPhone-11-64GB/18,Apple,Apple iPhone 11,Dusko,2021-04-28 17:49:00,koliko traje baterija?
https://mobilnisvet.com/mobilni-komentari/7179/Apple/iPhone-11-64GB/18,Apple,Apple iPhone 11,Sandra,2021-04-28 17:22:00,"Zdravo,razmišljam se između 11 ili 12 mini,šta vi mislite?"
https://mobilnisvet.com/mobilni-komentari/7179/Apple/iPhone-11-64GB/18,Apple,Apple iPhone 11,Milan,2021-04-27 19:32:00,Jel li iko skinuo verziju softvera 14.5? Ima li kakvih bagova?
https://mobilnisvet.com/mobilni-komentari/7179/Apple/iPhone-11-64GB/18,Apple,Apple iPhone 11,Ljilja,2021-04-26 17:03:00,"Da li neko zna zbog cega se na iPhone 11 jacina ring tona posle nekog vremena smanji u toku zvonjenja i da  li to moze nekako da se podesi?Probala sam u podesavanjima,ali nisam uspela..."
https://mobilnisvet.com/mobilni-komentari/7179/Apple/iPhone-11-64GB/18,Apple,Apple iPhone 11,Milica,2021-04-26 12:21:00,Da li dolazi i punjač u kutiji ili samo usb kabl?
https://mobilnisvet.com/mobilni-komentari/7179/Apple/iPhone-11-64GB/18,Apple,Apple iPhone 11,Dragan,2021-04-24 14:01:00,Koliko je potrebno da se napuni telefon?
https://mobilnisvet.com/mobilni-komentari/7179/Apple/iPhone-11-64GB/18,Apple,Apple iPhone 11,Nemanja,2021-04-23 13:02:00,Interesuje me mišljenje da li kupiti 11 od 128 gb ili će mu još padati cena?
https://mobilnisvet.com/mobilni-komentari/7179/Apple/iPhone-11-64GB/18,Apple,Apple iPhone 11,DD,2021-04-22 18:52:00,Koliko se puni od 0 do 100 sa punjacem u kutiji?
https://mobilnisvet.com/mobilni-komentari/7179/Apple/iPhone-11-64GB/18,Apple,Apple iPhone 11,Arsa,2021-04-20 16:57:00,"Imam jedan problem SOT mi je oko 4h, koristim uglavnom mobilne podatke, wifi slabo, pogasio sam osvezivanje aplikacija u pozadini, lokacije, auto brightness, sve sam pogasio. Telefon je nov, zdravlje baterije 100%. U cemu moze biti problem? E da, dosta koristim fb i ig. Hvala"
https://mobilnisvet.com/mobilni-komentari/7179/Apple/iPhone-11-64GB/18,Apple,Apple iPhone 11,Roki,2021-04-18 23:48:00,"Isplati li se iskljuciti animacije na telefonu, iskljuciti obavjestenja i lokaciju za aplikacije koje se ne koriste, staviti staticnu pozadinu, iskljuciti Siri koji ne koristim i smanjiti prozirnost, dakle uciniti sve i da li se tako moze poboljsati rad telefona i sacuvati baterija? Ako moze neko ko se dobro razumije da mi odgovori"
https://mobilnisvet.com/mobilni-komentari/7179/Apple/iPhone-11-64GB/18,Apple,Apple iPhone 11,Tina,2021-04-18 11:24:00,"Da li se moze podesiti jedna melodija kada nam stizu obavestenja npr za Instagram, jedna za Facebook? Ili moze samo 1 ista melodija za sve aplikacije?"
https://mobilnisvet.com/mobilni-komentari/7179/Apple/iPhone-11-64GB/18,Apple,Apple iPhone 11,Nikola,2021-04-18 10:55:00,Kako prebaciti slike sa racunara pc na iphone putem kabla? Kada ih spojim odmah mi puni telefon...ne znam kako da nadjem opciju na tel da vrsi prenos podataka a ne da puni?
https://mobilnisvet.com/mobilni-komentari/7179/Apple/iPhone-11-64GB/18,Apple,Apple iPhone 11,Milan,2021-04-17 07:50:00,Da li instalirati tj azurirati IOS 14.4.2 na iphone 11?
https://mobilnisvet.com/mobilni-komentari/7179/Apple/iPhone-11-64GB/18,Apple,Apple iPhone 11,Nikola,2021-04-16 18:24:00,Da li iphone 11 ima touch ID ili samo face ID?
https://mobilnisvet.com/mobilni-komentari/7179/Apple/iPhone-11-64GB/18,Apple,Apple iPhone 11,Sara,2021-04-16 17:49:00,Danas kad sam kupila iphone 11 prilikom otkljucivanja sam stavila face ID i posle u podesavanjima nisam nigde pronasla da se otkljucava na finger. Moze li pomoc?
https://mobilnisvet.com/mobilni-komentari/7179/Apple/iPhone-11-64GB/18,Apple,Apple iPhone 11,Sara,2021-04-16 09:38:00,"Kako da proverim iphone koji sam uzela da li jd nov, polovan, fejk...?"
https://mobilnisvet.com/mobilni-komentari/7179/Apple/iPhone-11-64GB/18,Apple,Apple iPhone 11,Luka,2021-04-14 14:13:00,Da li je neko uzeo telefon skoro? Ukoliko jeste voleo bih da mi kazete da li ste zadovoljni?
https://mobilnisvet.com/mobilni-komentari/7179/Apple/iPhone-11-64GB/18,Apple,Apple iPhone 11,Ivica,2021-04-13 18:16:00,"Pozdrav, treba mi mala pomoć. Uzeo sam iphone11, kada mi zvoni telefon jedva se cuje, u podesavanjima je sve na max. Ringer je na max i kad to proverim sve je ok ali poziv je bas utisan, ne znam kalo pojacati zvono. Pojacano je i sa strane(volume)"
https://mobilnisvet.com/mobilni-komentari/7179/Apple/iPhone-11-64GB/18,Apple,Apple iPhone 11,Arsa,2021-04-10 14:15:00,"Iphone 11 ili pixel 4a 5g kamera mi je prioritet, fotografija, igrice ne igram. cena ne igra neku ulogu."
https://mobilnisvet.com/mobilni-komentari/7179/Apple/iPhone-11-64GB/18,Apple,Apple iPhone 11,Lena,2021-04-08 20:51:00,Koje zastitno staklo uzeti za iphone 11? Koliko se krecu cene?
https://mobilnisvet.com/mobilni-komentari/7179/Apple/iPhone-11-64GB/18,Apple,Apple iPhone 11,Pera Detlić,2021-04-08 19:44:00,Evo šesta godina kako koristim iphone 6 i došlo vreme da menjam. Šta preporučujete 11 ili 12?
https://mobilnisvet.com/mobilni-komentari/7179/Apple/iPhone-11-64GB/18,Apple,Apple iPhone 11,Marko,2021-04-04 13:19:00,Ovaj ili iphone 12?
https://mobilnisvet.com/mobilni-komentari/7179/Apple/iPhone-11-64GB/18,Apple,Apple iPhone 11,K,2021-04-03 14:15:00,"Kako da punim 11-ku a da sacuvam bateriju? Neki govore da ga punim od 20 do 80%, neki da ga punim od 20 do 100%, neki da ga punim kad god stignem. Vaš savjet?"
https://mobilnisvet.com/mobilni-komentari/7179/Apple/iPhone-11-64GB/19,Apple,Apple iPhone 11,Makica,2021-04-02 10:13:00,Da li je svaka 11-tica dual sim? Odnosno da ima mogucnost i digitalnog i fizickog sim-a?
https://mobilnisvet.com/mobilni-komentari/7179/Apple/iPhone-11-64GB/19,Apple,Apple iPhone 11,dragan,2021-04-01 06:37:00,kako da sacuvam battery health na iphone 11?
https://mobilnisvet.com/mobilni-komentari/7179/Apple/iPhone-11-64GB/19,Apple,Apple iPhone 11,HEJ,2021-03-31 15:31:00,Koji punjac preporucujete za 11?
https://mobilnisvet.com/mobilni-komentari/7179/Apple/iPhone-11-64GB/19,Apple,Apple iPhone 11,Milan,2021-03-30 11:06:00,"Pozdrav svima, planiram uzeti Iphone 11. Znam da je kamera na Iphone-u vrhunska, sto mi je bitno. Zanima me kakva je baterija na njemu, jer mi je u ona bitna? Koliko bi mogla izdržati i koliko često bi je morao puniti, s obzirom na to da tel koristim samo za facebook/instagram/youtube, ne igram igrice. Ako može neko da mi odgovori bio bih mu zahvalan."
https://mobilnisvet.com/mobilni-komentari/7179/Apple/iPhone-11-64GB/19,Apple,Apple iPhone 11,Miona,2021-03-30 08:56:00,"Zdravo, razmišljam se izmedju Iphone Xs i Iphone 11.Do sada sam koristila Samsung telefone tako da nisam mnogo upućena u Iphone modele.Koji uzeti?"
https://mobilnisvet.com/mobilni-komentari/7179/Apple/iPhone-11-64GB/19,Apple,Apple iPhone 11,Jelena,2021-03-29 16:02:00,"Pozdrav svima... Uzimam trenutno telefon iz mts... Dvoumim se između iPhone 11 i Samsung s21... Nije neka razlika u ceni.. Koristila sam iPhone 6s i bio mi je skroz ok. Nikad zabagovao nije.. A upropastilia sam bateriju sa istyle.. Pa, svaka sugestija mi znači..."
https://mobilnisvet.com/mobilni-komentari/7179/Apple/iPhone-11-64GB/19,Apple,Apple iPhone 11,Marta,2021-03-29 14:52:00,Da li 64gb dovoljno za normalan rad duzi vremenski period?
https://mobilnisvet.com/mobilni-komentari/7179/Apple/iPhone-11-64GB/19,Apple,Apple iPhone 11,Saki,2021-03-25 22:30:00,Ovaj telefon ili S10 plus?
https://mobilnisvet.com/mobilni-komentari/7179/Apple/iPhone-11-64GB/19,Apple,Apple iPhone 11,Slavko,2021-03-22 20:10:00,Da li se isplati kupiti iPhone 11 u 2021. godini? I zbog čega?
https://mobilnisvet.com/mobilni-komentari/7179/Apple/iPhone-11-64GB/19,Apple,Apple iPhone 11,Zorana,2021-03-21 22:22:00,Hello 👋 Da li još neko ima problem sa iTunes? Kada kliknem na ikonu piše da idem na iTunes U i to je to. Ima li neko rešenje ovog problema?
https://mobilnisvet.com/mobilni-komentari/7179/Apple/iPhone-11-64GB/19,Apple,Apple iPhone 11,Samra,2021-03-19 13:47:00,"Dobar dan, mozete li mi pomoci? Imam samsungov telefon. I zelela bih da kupim Iphon 11. Sta kazete za Iphon 11? I nisam upucena zbog cega je nekim Iphoni-a kapacitet baterije npr. 88, nekim 98 itd.?"
https://mobilnisvet.com/mobilni-komentari/7179/Apple/iPhone-11-64GB/19,Apple,Apple iPhone 11,Milica,2021-03-18 11:16:00,"Ljudi izašao je novi Samsung A72 koji obećava, da li je bolje da uzmem njega ili da uzmem ajfon 11?"
https://mobilnisvet.com/mobilni-komentari/7179/Apple/iPhone-11-64GB/19,Apple,Apple iPhone 11,M,2021-03-17 09:26:00,Da li kupiti nov 11 ili polovan 11 pro?
https://mobilnisvet.com/mobilni-komentari/7179/Apple/iPhone-11-64GB/19,Apple,Apple iPhone 11,Marija,2021-03-14 14:19:00,"Pozdrav 👋🏼 Posto planiram da kupim iphone 11, a čitajući komentare shvatila sam da nisam upućena, da li dobijam punjač i slušalice uz telefon ili ne? Imam punjač iphone 6s tako da ne znam koliko bi bio dobar za 11icu?  I pošto bih kupila nov telefon, da li je sigurno kupiti preko navedenih prodavnica? Hvalaa unapred"
https://mobilnisvet.com/mobilni-komentari/7179/Apple/iPhone-11-64GB/19,Apple,Apple iPhone 11,Mila,2021-03-13 22:08:00,Mene zanima da li da uzmem ajfon 11 ili da čekam da izađe SE 3 krajem marta?
https://mobilnisvet.com/mobilni-komentari/7179/Apple/iPhone-11-64GB/19,Apple,Apple iPhone 11,Jelena,2021-03-13 09:12:00,"Planiram da uzmem iPhone 11, prvenstveno zbog dobre kamere jer mi je zbog posla potrebna dobra kamera, inace do sada sam uvek imala Android tako da nemam nikakvo iskustvo sa iPhone telefonima. Elem, ono sto me zanima je to koliko dugo moze da mi traje iPhone 11, do sada sam imala Samsung Galaxy S5 i izdrzao je 7 godina, nije brz kao nekada, ali mogu i dalje da ga koristim. Ovde u komentarima sam procitala da iPhone 11 ima podrsku 5 godina, i mozda je glupo pitanje, ali stvarno se ne razumem u tehnologiju, da li to znaci da ima podrsku 5 godina od momenta kada se telefon pojavio na trzistu ili od momenta kada pocnem da ga koristim?"
https://mobilnisvet.com/mobilni-komentari/7179/Apple/iPhone-11-64GB/19,Apple,Apple iPhone 11,Teodor,2021-03-11 21:11:00,Iphone 11 ili Xiamo Mi 10T Pro?
https://mobilnisvet.com/mobilni-komentari/7179/Apple/iPhone-11-64GB/19,Apple,Apple iPhone 11,Dragan,2021-03-11 21:03:00,"Imam iphone 11 i ne radi mi opcija screen time. Pokazuje mi da sam proveo na telefonu svega nekoliko minuta, što je nemoguće. To je prestalo da mi radi 4. marta a do tad je radilo dobro. Da le još neko ima isti problem ili rešenje?"
https://mobilnisvet.com/mobilni-komentari/7179/Apple/iPhone-11-64GB/19,Apple,Apple iPhone 11,Xman,2021-03-10 11:53:00,"Da li je okej da uzmem u gigatronu adapter od 20W za iphone 11, posto u telenoru sam dobio samo usb sa onim C ulazom pa da iskoristim njega da ne kupujem i adapter i kabl?"
https://mobilnisvet.com/mobilni-komentari/7179/Apple/iPhone-11-64GB/19,Apple,Apple iPhone 11,Kosta,2021-03-09 12:25:00,Da li da uzmem ajfon 11 ili da sačekam da Samsung A52 5G stigne u Srbiju?
https://mobilnisvet.com/mobilni-komentari/7179/Apple/iPhone-11-64GB/19,Apple,Apple iPhone 11,Milena,2021-03-07 12:05:00,"U principu, i svejedno je na kom smo regionu u appstore-u, jesam li u pravu? 😁"
https://mobilnisvet.com/mobilni-komentari/7179/Apple/iPhone-11-64GB/19,Apple,Apple iPhone 11,Milena,2021-03-06 16:02:00,"Ljudi, imam problem da na iphone-u 11 instaliram aplikaciju Google photos koja mi mnogo znaci, zapravo pise mi da za moj region ta aplikacija nije dostupna. Probala sam i region da promenim, ali nista. Da li neko zna u cemu moze biti stos? Hvala unapred."
https://mobilnisvet.com/mobilni-komentari/7179/Apple/iPhone-11-64GB/19,Apple,Apple iPhone 11,Taša,2021-03-05 13:19:00,"Stiže mi 11 pro max, prvi put sam uzela iphone. Šta mi treba od dodatne opreme? Koji punjač savetujete, kablove, adaptere? Hvalaaa 🙂"
https://mobilnisvet.com/mobilni-komentari/7179/Apple/iPhone-11-64GB/20,Apple,Apple iPhone 11,Milutin,2021-03-05 11:44:00,Da li se isplata sada uzeti ajfon 11 ili da sačekam da izađe ajfon SE 3 na proleće?
https://mobilnisvet.com/mobilni-komentari/7179/Apple/iPhone-11-64GB/20,Apple,Apple iPhone 11,Violeta,2021-03-02 23:32:00,"Pozdrav svima! Mene zanima koja je razlika između OLED ekrana na ajfon 12 mini i LCD ekrana na ajfonu 11, kao i to koji je ekran je bolji za ljude sa dioptrijom?"
https://mobilnisvet.com/mobilni-komentari/7179/Apple/iPhone-11-64GB/20,Apple,Apple iPhone 11,Nikola,2021-03-01 22:11:00,Iphone 11 ili p30 pro?
https://mobilnisvet.com/mobilni-komentari/7179/Apple/iPhone-11-64GB/20,Apple,Apple iPhone 11,Devito,2021-03-01 14:57:00,Mi 10t pro ili iphone 11?
https://mobilnisvet.com/mobilni-komentari/7179/Apple/iPhone-11-64GB/20,Apple,Apple iPhone 11,Nedoumica,2021-02-23 23:03:00,"Iphone 11 ili p40 pro,tu im e cena oko 600e,10-20e,gore-dole,drzao sam oba u rukama,11 dodje ko igracka naspram p40 pro,sto se tice izgleda,sad,koji mi preporucujete da uzmem?koristio bi za net,drustvene mreze,you tube,itd,znam da nema gugl,ima phone clone.al moze da se namesti,gledao sam na you tube,a ima i u servis da ti nameste gugl play(za one koji ne znaju,)"
https://mobilnisvet.com/mobilni-komentari/7179/Apple/iPhone-11-64GB/20,Apple,Apple iPhone 11,Mladen,2021-02-20 22:54:00,"Planiram da uzmem telefon i još uvek nisam odlučio između 11 ili 12 mini (12 sam skroz otpisao, ne prija mi takav oblik na tu veličinu), ali se plašim da se neću navići na 12 mini zbog toga što je poprilično mali ekran, a ja sam navikao da serije (jedino što od zahtevnijih stvari povremeno radim) gledam na telefonu. 11 za divno čudo lepše prija ruci nego 12 dok 12 mini je presladak i idealan za šaku. Planirao sam da dam učešće od npr. 50k, a sad vidim da je ovde 11 samo 15 skuplji od tog učešća, pa sam blago šokiran. Šta biste mi preporučili? Kupiti tako u radnji ili kod operatera? (Istyle sam za sam telefon otpisao, preskupi su)"
https://mobilnisvet.com/mobilni-komentari/7179/Apple/iPhone-11-64GB/20,Apple,Apple iPhone 11,Stefkee,2021-02-20 20:36:00,Koliki je sot baterije na ovom telefonu?
https://mobilnisvet.com/mobilni-komentari/7179/Apple/iPhone-11-64GB/20,Apple,Apple iPhone 11,Vanja,2021-02-17 07:35:00,"Pozdrav svim ljubiteljima Iphona :) juce sam kupila Iphone 11 128g, zanima me, pošto nisam dobila punjac uz njega, da li je ok puniti ga na punjac koji sam dobila uz SE pre tri godine? Pošto su mi savetovali da uzmem adapter od 20w, zbog brzeg punjenja, sto meni i nije bitno jer punim mob preko noci. Hvala na pomoci"
https://mobilnisvet.com/mobilni-komentari/7179/Apple/iPhone-11-64GB/20,Apple,Apple iPhone 11,Muhamed,2021-02-16 16:01:00,Telefon je vrhunski.pocev pd baterije pa sve do rada.kamera odicna ali ima problem veliki.a to je lance flare efekt.slike imaju cudne tacke a video je maltene nekad neupotrebljiv.resenje trazenje druge pozicije.sve vise problema oko ovoga na 11 i 12 telefonima.uperite telefon ka izvoru svetlosti i videcete o cemu govorim.ima ovo ga i na ostalim telefonima al na iphonu je najgore.inace telefon je bruka koliko je dobar.
https://mobilnisvet.com/mobilni-komentari/7179/Apple/iPhone-11-64GB/20,Apple,Apple iPhone 11,ISSIDOR,2021-02-15 16:35:00,"Pozz drustvo,trenutno imam a50 pa bih presao na iphone11,jedini razlog je zbog igrica(PUBG), da li ima velikih razlika po pitanju igara..Hvala"
https://mobilnisvet.com/mobilni-komentari/7179/Apple/iPhone-11-64GB/20,Apple,Apple iPhone 11,Krle,2021-02-13 22:34:00,11 ili neki android noviji?
https://mobilnisvet.com/mobilni-komentari/7179/Apple/iPhone-11-64GB/20,Apple,Apple iPhone 11,m,2021-02-12 22:22:00,samsung s10 plus ili iphone 11?
https://mobilnisvet.com/mobilni-komentari/7179/Apple/iPhone-11-64GB/20,Apple,Apple iPhone 11,Miki,2021-02-12 11:27:00,"Razmisljam se da li da uzmem iphone 11 za koji mesec ili da uzmem Xr, pa me zanima sta je bolje jer je 11 skuplji za nekih 100e mozda i vise."
https://mobilnisvet.com/mobilni-komentari/7179/Apple/iPhone-11-64GB/20,Apple,Apple iPhone 11,David,2021-02-10 22:51:00,"Pozdrav svima. Presao bih po prvi put sa Androida na iOS, neki saveti mozda? I zanima me konkretno iPhone 11 obican, 128gb, da li ima neke mane? Hvala unapred. :)"
https://mobilnisvet.com/mobilni-komentari/7179/Apple/iPhone-11-64GB/20,Apple,Apple iPhone 11,Novi korisnik,2021-02-08 06:18:00,"Ljudi isplati li se u ovom trenutku uzimati ovaj model, od korisnika sam cuo samo reci hvale"
https://mobilnisvet.com/mobilni-komentari/7179/Apple/iPhone-11-64GB/20,Apple,Apple iPhone 11,Filip,2021-02-07 10:02:00,"Zdravo ajfon družino,"
https://mobilnisvet.com/mobilni-komentari/7179/Apple/iPhone-11-64GB/20,Apple,Apple iPhone 11,Mara,2021-02-02 22:12:00,"Želim da predjem sa Samsunga na Iphone. Da probam IOS. Malo se plasim, iskreno😂.... zbog baterije i ekrana. Da li da predjem i da li na XR ili 11?"
https://mobilnisvet.com/mobilni-komentari/7179/Apple/iPhone-11-64GB/20,Apple,Apple iPhone 11,Aleksandar,2021-02-02 07:43:00,"Pozdrav ekipo, imam jedno pitanje za vas... Iphone 11 je u pitanju, telefon je star 6 meseci. Primetio sam sitne ogrebotine na ekranu telefona, da li ima jos neko ovakav problem, i resenje za uklanjanje istih. Citao sam da ovaj model poseduje jedan od najotpornijih ekrana na ostecenja, pa me cudi otkuda te sitne ogrebotine. Telefon cuvam, nikada sa kljucevima, sitnim novcem, itd."
https://mobilnisvet.com/mobilni-komentari/7179/Apple/iPhone-11-64GB/20,Apple,Apple iPhone 11,miloš,2021-02-01 11:00:00,dobar dan! da li uzeti iphone 11 ili ipnone 12 mini? :)
https://mobilnisvet.com/mobilni-komentari/7179/Apple/iPhone-11-64GB/21,Apple,Apple iPhone 11,Momir Ninic,2021-01-30 19:44:00,"Lepo telefonce, oduvek mi je bio zelja, ali samo pusta zelja"
https://mobilnisvet.com/mobilni-komentari/7179/Apple/iPhone-11-64GB/21,Apple,Apple iPhone 11,Tea,2021-01-27 14:40:00,"Cao, treba mi savet, presla bih sa Samsunga po prvi put na Apple uredjaj, konkretno razmisljam o Iphone 11 ( zelim da predjem sa Androida najviše zbog kamere, iako mislim da su Androidi daleko jednostavniji za upotrebu, demantujte me ako grešim), ali mi je bitno da mogu na svoj Windows računar da prebacujem redovno slike sa uredjaja, tako gde mi stoje slike sa svih uredjaja preth. godina, a ne da mi se stalno po uredjaju."
https://mobilnisvet.com/mobilni-komentari/7179/Apple/iPhone-11-64GB/21,Apple,Apple iPhone 11,M,2021-01-27 09:22:00,jel moguce da na ovom sajtu dosta ljudi ima isti problem?? tipa kao javi se neko sa Viber problemom i onda jos par njih sa isti? ili onaj nije magao da instalira youtube i onda BAAM jos njih 3 imaju isti problem.. a do tada ni pre ni posle niko nista.
https://mobilnisvet.com/mobilni-komentari/7179/Apple/iPhone-11-64GB/21,Apple,Apple iPhone 11,Pera,2021-01-27 09:14:00,Imam problem. Kupio sam iphone 11 u petak i kad sam instalirao viber ne mogu da saljem i primam slike. Da li neko zna u cemu je problem i da li se nekome isto ovo desilo?
https://mobilnisvet.com/mobilni-komentari/7179/Apple/iPhone-11-64GB/21,Apple,Apple iPhone 11,Tina,2021-01-26 22:41:00,"Kupila sam Ip11 pre mozda nedelju dana. Sve super radi. Ali mi se recimo danas desilo da kada sam kucala na googlu nesto, samo zabode tastatura i nece nista da kuca. Kakda sam izasla i opet usla radilo je sve normalno."
https://mobilnisvet.com/mobilni-komentari/7179/Apple/iPhone-11-64GB/21,Apple,Apple iPhone 11,Danko,2021-01-25 08:52:00,"Da li se brzo puni memorija na iphone 11 64gb? Potrebno mi je za normlano korišćenje, igrice i dosta slika."
https://mobilnisvet.com/mobilni-komentari/7179/Apple/iPhone-11-64GB/21,Apple,Apple iPhone 11,sara,2021-01-19 16:53:00,treba mi savet.Koji je bolji telefon i model istog iphone 11 ili iphone 12?
https://mobilnisvet.com/mobilni-komentari/7179/Apple/iPhone-11-64GB/21,Apple,Apple iPhone 11,Sofx,2021-01-16 12:45:00,"Da li je lose za bateriju Iphone da se puni preko npr huawei quick charge punjaca ili nekog drugog koji nije apple,jer uz uredjaj ne dobijam adapter, ili je bolje uzeti original?"
https://mobilnisvet.com/mobilni-komentari/7179/Apple/iPhone-11-64GB/21,Apple,Apple iPhone 11,Dario,2021-01-16 12:21:00,kupiti od 64 ili 128 gb
https://mobilnisvet.com/mobilni-komentari/7179/Apple/iPhone-11-64GB/21,Apple,Apple iPhone 11,Dragan,2021-01-16 12:20:00,Koliko zauzima sam sistem na telefonu iphone 11 od 64gb
https://mobilnisvet.com/mobilni-komentari/7179/Apple/iPhone-11-64GB/21,Apple,Apple iPhone 11,Sun,2021-01-14 01:12:00,"Iphone 11 ( 128 gb ) ili Iphone 11 pro ( 64 gb ) u pitanju je ista cijena, ne mogu odluciti."
https://mobilnisvet.com/mobilni-komentari/7179/Apple/iPhone-11-64GB/21,Apple,Apple iPhone 11,Dule,2021-01-13 17:25:00,Ovaj ili Xiaomi mi10t pro?
https://mobilnisvet.com/mobilni-komentari/7179/Apple/iPhone-11-64GB/21,Apple,Apple iPhone 11,Luka,2021-01-11 22:25:00,Iphone 11 ili huawei p40 obican?
https://mobilnisvet.com/mobilni-komentari/7179/Apple/iPhone-11-64GB/21,Apple,Apple iPhone 11,Tina,2021-01-11 16:46:00,Hocu da kupim Ip11. Da li je taj LCD ekran ok? Cula sam razne teorije. Kapiram da je OLED bolji. Samo me zanima da li je primetna razlika?
https://mobilnisvet.com/mobilni-komentari/7179/Apple/iPhone-11-64GB/21,Apple,Apple iPhone 11,Mladja,2021-01-10 11:43:00,"Dobar dan moji Apole-ovci, planiram zameniti moj stari iPhone 8 Plus i preci na ovaj uredjaj, noviji iPhone 11 64GB Black ili White varijantu. Kakav je uredjaj generalno, kao i u svim segmentima pojedinacno, kamera, stereo zvuk, video recording sa front i back camerama, zatim battery life, koliko ima SOT, za koliko se napuni od 0% do 100% sa retail punjacem, ili ti adapterom koji dolazi u fabrickom pakovanju, i najvise ono sto me zanima na kraju je kakav disolej je taj u HD+ rezoluciji, neki kazu odlican, neki kazu mala rezolucija i vide se pixeli golim okom, i slicno. To sto je IPS LCD meni ne znaci nista, jer ja ne volim OLED vec IPS LCD ekrane tako da mi je u tom delu extra. Dobro bi dosli vasi ssveti i iskustva, misljenja, naravno, svima unapred hvala koji bi to iskustvo podelili sa mnom. Bas sam u dilemi oko njega, sta uraditi."
https://mobilnisvet.com/mobilni-komentari/7179/Apple/iPhone-11-64GB/21,Apple,Apple iPhone 11,debeli,2021-01-06 16:48:00,"Da li da uzmem ovaj iPhone 11 obican sa 64 gb, za 590 eura ili da skupim jos i na OGLASIMA uzmem iPhone 11 Pro Max 64 gb za nekih 700-750 eura...Do sada nisam koristio iPhone i IOS a nagovaraju me braca i sestre pa reko da predjem na iphone..."
https://mobilnisvet.com/mobilni-komentari/7179/Apple/iPhone-11-64GB/21,Apple,Apple iPhone 11,Dragan,2021-01-03 18:14:00,iphone 11 ili iphone xs
https://mobilnisvet.com/mobilni-komentari/7179/Apple/iPhone-11-64GB/21,Apple,Apple iPhone 11,Ana,2020-12-31 21:24:00,Iphone 11 64 gb ili xr 128gb?
https://mobilnisvet.com/mobilni-komentari/7179/Apple/iPhone-11-64GB/21,Apple,Apple iPhone 11,Marija,2020-12-29 20:19:00,Iphone 11 ili 12 mini? Ukoliko neko moze da mi odg :)
https://mobilnisvet.com/mobilni-komentari/7179/Apple/iPhone-11-64GB/21,Apple,Apple iPhone 11,Daniela,2020-12-28 17:49:00,Isplati li se sa Huawei P40 lite preći na iPhone 11?
https://mobilnisvet.com/mobilni-komentari/7179/Apple/iPhone-11-64GB/21,Apple,Apple iPhone 11,Ribar,2020-12-28 00:11:00,Može li mala pomoc namjervam da kupim 11 64gb dual da li neko ima iskustva... ili je bolje uzeti sa jednom karticom
https://mobilnisvet.com/mobilni-komentari/7179/Apple/iPhone-11-64GB/21,Apple,Apple iPhone 11,Dejan,2020-12-25 17:24:00,"Dobro vece, hteo bih nešto da vas pitam kupio sam Iphone  11 128 gb 30 oktobra 2020, sto znaci da ima manje od dva meseca, interesuje me da li je normalno da izgubi jedan posto baterije sad je trenutno 99%"
https://mobilnisvet.com/mobilni-komentari/7179/Apple/iPhone-11-64GB/22,Apple,Apple iPhone 11,Luka,2020-12-25 12:06:00,Da li može pomoć oko izbora?
https://mobilnisvet.com/mobilni-komentari/7179/Apple/iPhone-11-64GB/22,Apple,Apple iPhone 11,Jelena,2020-12-20 16:10:00,"Poštovani,da li ima crni iPhone 11 128 gb?"
https://mobilnisvet.com/mobilni-komentari/7179/Apple/iPhone-11-64GB/22,Apple,Apple iPhone 11,Marko,2020-12-18 13:57:00,"Pozdrav ljudi, skoro sam kupio ovaj telefon pa imam jedno pitanje, kad udjem u Iphone Storage i imam neku opciju Offload Unused Apps je l zna neko cemu sluzi i da li je moguce da mi sistem zauzima skoro 13 gb?"
https://mobilnisvet.com/mobilni-komentari/7179/Apple/iPhone-11-64GB/22,Apple,Apple iPhone 11,Oo,2020-12-18 01:13:00,Podrzava li E-sim?
https://mobilnisvet.com/mobilni-komentari/7179/Apple/iPhone-11-64GB/22,Apple,Apple iPhone 11,A,2020-12-16 20:52:00,"Šta mislite, 11 ili 8 plus?"
https://mobilnisvet.com/mobilni-komentari/7179/Apple/iPhone-11-64GB/22,Apple,Apple iPhone 11,Petar,2020-12-16 17:54:00,Da li je neko update IOS na 14.3? Je l ima nesto novo?
https://mobilnisvet.com/mobilni-komentari/7179/Apple/iPhone-11-64GB/22,Apple,Apple iPhone 11,Deni,2020-12-16 09:48:00,"Dobar dan, imam iphone 8plus sa 64 gb memorije vec 3 godine, sto je meni bilo dovoljno, tj ni u jednom momentu nisam imala problem sa memorijom. Sada planiram da kupim iphone 11, i imam dilemu da li da uzmem sa 64gb ili 128gb. Obicno koristim telefon 3 godine, pa ga prosledim deci... Da li moze savet da li ce mi 64 gb biti dovoljno, ako je do sad tako bilo ili mi je bolje na duze staze da uzmem 128 gb?"
https://mobilnisvet.com/mobilni-komentari/7179/Apple/iPhone-11-64GB/22,Apple,Apple iPhone 11,Aleksandar,2020-12-15 19:49:00,"Da li se jos nekom desava da kad pokusava da slika preko instagrama ultra wide angle kameron,slika bude strasno mutna?"
https://mobilnisvet.com/mobilni-komentari/7179/Apple/iPhone-11-64GB/22,Apple,Apple iPhone 11,Ivana,2020-12-14 19:13:00,Da li se uz Iphone11 dobija punjač i slušalice?
https://mobilnisvet.com/mobilni-komentari/7179/Apple/iPhone-11-64GB/22,Apple,Apple iPhone 11,Petar,2020-12-13 17:51:00,Je l može baterija da izgura jedan dan? Pozdrav.
https://mobilnisvet.com/mobilni-komentari/7179/Apple/iPhone-11-64GB/22,Apple,Apple iPhone 11,Filip,2020-12-12 22:25:00,11 ili xs i zašto?
https://mobilnisvet.com/mobilni-komentari/7179/Apple/iPhone-11-64GB/22,Apple,Apple iPhone 11,Nikola,2020-12-12 13:27:00,"Pozdrav, kupio sam telefon pre 3 dana i usao sam na sajt MySupport i tamo mi sve lepo pise da je telefon aktiviran(da ima garanciju) nego ima neki uzvicnik za AppleCare, pise kao da treba da se to kupi? Je l zna neko sta je AppleCare? Hvala puno."
https://mobilnisvet.com/mobilni-komentari/7179/Apple/iPhone-11-64GB/22,Apple,Apple iPhone 11,David,2020-12-09 18:57:00,Ja bi zeleo da uzmem ovaj fon trebao bi za jedno dva do tri meseca pa me zanima kolko ce ovaj fon imati mogucnos azuriranja
https://mobilnisvet.com/mobilni-komentari/7179/Apple/iPhone-11-64GB/22,Apple,Apple iPhone 11,Zevs,2020-12-06 20:26:00,"Posle par dana koriscenja, sve pohvale za telefon, za sad bez i jedne mane. Najvise me je iznedanila baterija (pozitivno), na kraju dana posle dosta koriscenja telefona (igrice, yt, poruke,wa, pozivi...) baterija bude na 30-40%, sto bi znacilo da lagano moze da izdrzi 2 dana nekog normalnog koriscenja telefona."
https://mobilnisvet.com/mobilni-komentari/7179/Apple/iPhone-11-64GB/22,Apple,Apple iPhone 11,Nat,2020-12-05 21:16:00,Iphone 11 256gb ili Xiaomi Mi9T/RedmiK20 128gb?
https://mobilnisvet.com/mobilni-komentari/7179/Apple/iPhone-11-64GB/22,Apple,Apple iPhone 11,Filip,2020-12-05 20:25:00,Da li je moguce negde placanje na rate?
https://mobilnisvet.com/mobilni-komentari/7179/Apple/iPhone-11-64GB/22,Apple,Apple iPhone 11,Caki,2020-12-05 08:11:00,"Imam u planu da kupim Iphone11 128Gb. Da li imate iskustva kakav je sa igricama, grafika da li baguje i tako nešto skično?"
https://mobilnisvet.com/mobilni-komentari/7179/Apple/iPhone-11-64GB/22,Apple,Apple iPhone 11,Anita,2020-12-03 17:51:00,Zna li neko zasto nema you tobe aplikacije da se skine u app store?
https://mobilnisvet.com/mobilni-komentari/7179/Apple/iPhone-11-64GB/22,Apple,Apple iPhone 11,Sara,2020-12-02 20:33:00,Da li je moguća online kupovina?
https://mobilnisvet.com/mobilni-komentari/7179/Apple/iPhone-11-64GB/22,Apple,Apple iPhone 11,Adrijana,2020-12-01 01:00:00,"Pozdrav, dugo sam koristila Samsung telefone i sada na 11 primecujem da kada uđem u neki kontakt nemam istoriju pozivanja konkretnog kontakta. Da li samo ne znam da podesim ili je takva cela serija i da li postoji neka aplikacija koja to može da reguliše?"
https://mobilnisvet.com/mobilni-komentari/7179/Apple/iPhone-11-64GB/22,Apple,Apple iPhone 11,marina,2020-11-30 11:32:00,"Sta mislite, oce li cene opadati jos malo???"
https://mobilnisvet.com/mobilni-komentari/7179/Apple/iPhone-11-64GB/22,Apple,Apple iPhone 11,Jelena,2020-11-29 12:42:00,Sta kupiti 11-cu ili 12 mini?
https://mobilnisvet.com/mobilni-komentari/7179/Apple/iPhone-11-64GB/22,Apple,Apple iPhone 11,Ani,2020-11-27 18:32:00,Koja je jacina originalnog punjaca koji se dobija uz telefon  iphone 11 (koliko vati)? Kupila sam nov telefon i nisam dobila ni slusalice ni adapter samo USB kabal pa se sad razmisljam da l da kupim u Istyle i koju jacinu adaptera.
https://mobilnisvet.com/mobilni-komentari/7179/Apple/iPhone-11-64GB/22,Apple,Apple iPhone 11,Aleksandra,2020-11-26 15:05:00,"Mala pomoc ,da li ip11 ili 12?"
https://mobilnisvet.com/mobilni-komentari/7179/Apple/iPhone-11-64GB/22,Apple,Apple iPhone 11,Simona,2020-11-20 18:49:00,Da li je bolje uzeti iphone 11 ili iphone xs?
https://mobilnisvet.com/mobilni-komentari/7179/Apple/iPhone-11-64GB/23,Apple,Apple iPhone 11,Zoran,2020-11-19 16:18:00,Dali se isplati preci sa iphone 11 na iphone 12.
https://mobilnisvet.com/mobilni-komentari/7179/Apple/iPhone-11-64GB/23,Apple,Apple iPhone 11,Milica,2020-11-18 21:35:00,Cao da li je negde moguce placanje na rate?
https://mobilnisvet.com/mobilni-komentari/7179/Apple/iPhone-11-64GB/23,Apple,Apple iPhone 11,Marko,2020-11-18 13:37:00,"Koja jacina punjaca je optimalna za Iphone 11, tj da mu ne steti previse bateriji?"
https://mobilnisvet.com/mobilni-komentari/7179/Apple/iPhone-11-64GB/23,Apple,Apple iPhone 11,Milica,2020-11-17 14:46:00,Huawei p30 pro ili IPhone 11 128gb?
https://mobilnisvet.com/mobilni-komentari/7179/Apple/iPhone-11-64GB/23,Apple,Apple iPhone 11,Dilema,2020-11-08 23:09:00,Huawei p30 8/256 pro ili iphone 11 128
https://mobilnisvet.com/mobilni-komentari/7179/Apple/iPhone-11-64GB/23,Apple,Apple iPhone 11,Marko,2020-11-07 10:11:00,Ovaj ili Samsung S20?
https://mobilnisvet.com/mobilni-komentari/7179/Apple/iPhone-11-64GB/23,Apple,Apple iPhone 11,Dragan,2020-11-06 19:56:00,11 ili 11pro koji je bolji? Savet!
https://mobilnisvet.com/mobilni-komentari/7179/Apple/iPhone-11-64GB/23,Apple,Apple iPhone 11,NN,2020-11-06 13:39:00,"Zbog cega je razlika u ceni izmedju npr Tehnomanije i Mobile Factory, konkretno za model Iphone 11 od 128 GB oko 200e, da li je zbog pouzdanosti ili sta vec???"
https://mobilnisvet.com/mobilni-komentari/7179/Apple/iPhone-11-64GB/23,Apple,Apple iPhone 11,Dilema,2020-11-03 10:01:00,Iphone 11 128gb
https://mobilnisvet.com/mobilni-komentari/7179/Apple/iPhone-11-64GB/23,Apple,Apple iPhone 11,Lila,2020-10-30 16:02:00,"XS ili 11? XS mi je definitivno lepši, ali baterija i procesor su slabiji. Cena je ista pa ne znam koji da uzmem. Kod 11 mi je bolji procesor i jača baterija ako ne grešim. Takodje, više mi odgovara veličina kod XS"
https://mobilnisvet.com/mobilni-komentari/7179/Apple/iPhone-11-64GB/23,Apple,Apple iPhone 11,Dejan,2020-10-30 10:18:00,Pozdrav da li je bolje uzeti Samsung Note 10+ ili iphone 11 64gb
https://mobilnisvet.com/mobilni-komentari/7179/Apple/iPhone-11-64GB/23,Apple,Apple iPhone 11,.,2020-10-27 21:01:00,Da li je bolje uzeti polovan 11 pro ili nov 11?
https://mobilnisvet.com/mobilni-komentari/7179/Apple/iPhone-11-64GB/23,Apple,Apple iPhone 11,Optimista,2020-10-24 06:22:00,Huawei pro 8/256 ili iphone 11?
https://mobilnisvet.com/mobilni-komentari/7179/Apple/iPhone-11-64GB/23,Apple,Apple iPhone 11,K.,2020-10-22 10:19:00,"Ne znam šta pričate da je baterija loša. Meni baterija uz solidno korišćenje (viber, vacap, Instagram i par poziva) traje 34h u cugu. Za razliku od prethodne s9, gđe je baterija trajala po par sati uz isto korišćenje. Sve preporuke za IPhone 11."
https://mobilnisvet.com/mobilni-komentari/7179/Apple/iPhone-11-64GB/23,Apple,Apple iPhone 11,Pj,2020-10-20 15:18:00,Dvoumim se između ovog IPhone 11 i Note 10 lite.
https://mobilnisvet.com/mobilni-komentari/7179/Apple/iPhone-11-64GB/23,Apple,Apple iPhone 11,jOKI,2020-10-19 18:55:00,Da li jos neko ima problem sa preuzimanjem youtuba posto mn na app storu izlazi samo youtube kids
https://mobilnisvet.com/mobilni-komentari/7179/Apple/iPhone-11-64GB/23,Apple,Apple iPhone 11,Stefan,2020-10-15 06:29:00,"Da li jos neko ima problem, posle update na ios14, ekran sam nekada promeni neku boju, izbledi, potamni, ne znam kako bih opisao, kada se pojaca osvetljenje na maksimum nije isto, jedino kada se ugasi rucno true tone tada vrati normalnu boju"
https://mobilnisvet.com/mobilni-komentari/7179/Apple/iPhone-11-64GB/23,Apple,Apple iPhone 11,Koja,2020-10-05 16:49:00,"Menjao s20 za ovaj,nisam se pokajao ni malo,.Baterija stvarno izgura dan,uz maximalno maltretiranje,na s20 su boje mnogo jake,da ne kazem izvestacene,na jabuci ekran je mogao biti i bolje,ali ok,jak lcd,jasno se vidi...da ne kaz isto je skoro sve s20\11 nema neke razlike sto se tice kamera,baterija..."
https://mobilnisvet.com/mobilni-komentari/7179/Apple/iPhone-11-64GB/23,Apple,Apple iPhone 11,M,2020-10-01 11:10:00,Jel moze pomoc. Koji je telefon bolja kupovina xs ili 11? Cena im je ista koliko vidim.
https://mobilnisvet.com/mobilni-komentari/7179/Apple/iPhone-11-64GB/23,Apple,Apple iPhone 11,Tara,2020-09-20 21:11:00,Da li neko zna nesto vise o IOS 14?
https://mobilnisvet.com/mobilni-komentari/7179/Apple/iPhone-11-64GB/24,Apple,Apple iPhone 11,Lolita,2020-09-19 15:25:00,pozdrav svima. Treba mi savet da li je bolje uzeti ip 11 ili xs max? Kamera i baterija su mi presudne.
https://mobilnisvet.com/mobilni-komentari/7179/Apple/iPhone-11-64GB/24,Apple,Apple iPhone 11,Zoran,2020-09-18 03:50:00,"Neka mi neko kaze kada sam instalirao ios 14,sad vidim de pokazuje signal za mrezu svetli lampica. Dali neko zna zasta ta lampica sluzi."
https://mobilnisvet.com/mobilni-komentari/7179/Apple/iPhone-11-64GB/24,Apple,Apple iPhone 11,Mile,2020-09-17 11:37:00,"Sviđa mi se ovaj telefon samo su ivice predebele, pogotovo se to vidi na crnoj varijanti"
https://mobilnisvet.com/mobilni-komentari/7179/Apple/iPhone-11-64GB/24,Apple,Apple iPhone 11,Pozdrav,2020-09-17 05:44:00,"Gledala sam video na youtube o iphone 11 o karakteristikama i kamerama. Neke od opcija ja cak i nemam na svom iphone. Kao npr. Potret mode mi je udaljen i nema da se priblizi, skroz je drugacije nego na iphone 8 plus koji sam koristila prije 11. Da li ima veze gdje je kupljen ili boja?? Pomoc da razumijem"
https://mobilnisvet.com/mobilni-komentari/7179/Apple/iPhone-11-64GB/24,Apple,Apple iPhone 11,Miki,2020-09-12 12:43:00,"Da li moze pomoc prvi put sam kupio ios telefon imam problem ne mogu da skinem youtube uopste ne prikazuje aplikaciju izbacuje mi samo youtube kids,drug ima isti problem da li to moze da se resi ako neko zna hvala unapred :) u pitanju je iphone 11"
https://mobilnisvet.com/mobilni-komentari/7179/Apple/iPhone-11-64GB/24,Apple,Apple iPhone 11,Dušan,2020-09-10 13:07:00,"Interesuje me kako punite telefon? Ja sam recimo staru sedmicu punio nocu, celu noc mi je stajala na punjacu, posle dve god battery health je pao na 57%... Sada sam uzeo 11, punim ga samo preko dana po par sati kad sam kuci i kad imam vremena, ne ostavljam ga celu noc na punjacu kao stari tel... poceo sam i maskicu da skidam jer je neko rekao da i to moze da utice na vek baterije... interesuje me vase iskustvo i sta vi radite..."
https://mobilnisvet.com/mobilni-komentari/7179/Apple/iPhone-11-64GB/24,Apple,Apple iPhone 11,Jovana,2020-09-04 05:58:00,"Razmisljam da li da uzmem iphone 8 plus ili 11..iskreno 11 mi i nije sada nešto,ali najveci problem mi je sto je tu razlika oko 110e tako da ne znam sta da radim..kada vec nije toliko ogromna razlika,a najnoviji telefon"
https://mobilnisvet.com/mobilni-komentari/7179/Apple/iPhone-11-64GB/24,Apple,Apple iPhone 11,Sara,2020-09-03 12:31:00,"Dragi svi koji se dvouimite da li da uzmete 11 verujte mi, uzimajte bez ikakvog razmišljanja! Telefon koristim 10ak dana i malo je reći da sam prezadovoljna. Prešla sam sa Samsunga i mislila sam da se neću navići, da ću se razočarati, da će mi nešto faliti od androida... Ništa od toga mi se nije desilo. Telefon je B R U K A! Kamera je i više nego odlična, a bateriju punim na svaka 3 dana (normalno koristim ali ponekad doziram da bi telefon pregurao noć bez punjenja). Apsolutno sve je odlično, pa čak i ekran a stvarno sam se plašila da će biti loš. Imate sve moje preporuke, ne možete pogrešiti sa ovakvim telefonom🎀"
https://mobilnisvet.com/mobilni-komentari/7179/Apple/iPhone-11-64GB/24,Apple,Apple iPhone 11,Ace,2020-09-02 22:42:00,"Sad kad je razlika u ceni izmedju 11 i 11 pro 200 evra, recite mi svoje misljenje koji od ta dva je bolji izbor ? Naravno cekacu da izadje 12-ca pa da im cena malo padne."
https://mobilnisvet.com/mobilni-komentari/7179/Apple/iPhone-11-64GB/24,Apple,Apple iPhone 11,Vladimir,2020-08-25 11:20:00,"Hocu da kupim Iphone 11 ili Iphone 11PRO. Zanima me samo jedna stvar, a to je da u telefon mogu da ubacim dve kartice. Inace obe su mi MTS. Hvala."
https://mobilnisvet.com/mobilni-komentari/7179/Apple/iPhone-11-64GB/24,Apple,Apple iPhone 11,Hm,2020-08-24 07:30:00,Ip11 ili s20?
https://mobilnisvet.com/mobilni-komentari/7179/Apple/iPhone-11-64GB/24,Apple,Apple iPhone 11,desk,2020-08-22 15:04:00,"Zanima me kako je reseno pitanje notifikacija na ovom telefonu ,za viber,WhatsApp,messenger ,poruke itd.Posto je ovde Lcd displej,i nema AOD,To mi je bas bitno,ima li neki dobar programcic za to namenjen .I koliko vam traje baterija za prosecnog korisnika,bez igara,samo drustvene mreze,citanje novina itd"
https://mobilnisvet.com/mobilni-komentari/7179/Apple/iPhone-11-64GB/24,Apple,Apple iPhone 11,Kobac,2020-08-20 13:50:00,"E pa ovako, vidim da se vodi polemika Huawei p30 pro / Iphone 11."
https://mobilnisvet.com/mobilni-komentari/7179/Apple/iPhone-11-64GB/24,Apple,Apple iPhone 11,djolej,2020-08-18 13:24:00,Koja zamena je najbolja za Google maps i Moovit za Iphone?hvala.
https://mobilnisvet.com/mobilni-komentari/7179/Apple/iPhone-11-64GB/24,Apple,Apple iPhone 11,Mile,2020-08-15 07:11:00,"Cao. Zanima me neko ko ima Iphone 11 ili 11 pro da mi kaze kakve fotografije portreta predmeta prave? Npr do sad koristim Huawei p30 pro i realno je brutalan taj aperture mode za slikanje predmeta (auto, hrana, masine itd) sa zamucenom pozadinom pa me zanima vase iskustvo sa Iphone jer cini mi se da nije dorastao ipak Huawei-u po tome? Ako me ubedite u suprotno uzecu Iphone zbog toga i realno zbog lepseg izgleda telefona."
https://mobilnisvet.com/mobilni-komentari/7179/Apple/iPhone-11-64GB/24,Apple,Apple iPhone 11,Edge,2020-08-15 05:12:00,"Dilema ,tražiti dual sim varijantu ili uzeti 1 sim pa koristiti mogućnost e-sima?"
https://mobilnisvet.com/mobilni-komentari/7179/Apple/iPhone-11-64GB/24,Apple,Apple iPhone 11,Deki,2020-08-10 11:55:00,"Ok,može li neko iskreno i ko je dobar poznavalac da kaže vredi li zbog ekrana dodati dosta više novca za 11 pro? Dvoumim se izmeđju 11 i pro-a. Znam da je baterija tu negde ista,kao i kamera ali ono sto ke najviše plaši je displej. Da li je na 11 pro displej tolikooo bolji u odnosu na 11 obican? Molim za iskren savet. Hvala."
https://mobilnisvet.com/mobilni-komentari/7179/Apple/iPhone-11-64GB/24,Apple,Apple iPhone 11,Iva,2020-08-09 20:44:00,"Zdravo svima. Da li da uzmem iphone xr ili 11? Razlika u ceni je 74 evra, vredi li doplatiti za 11 ili ne? Molila bih I da mi obrazlozite zasto? Hvala."
https://mobilnisvet.com/mobilni-komentari/7179/Apple/iPhone-11-64GB/24,Apple,Apple iPhone 11,Zoran,2020-08-08 18:19:00,"Dali jos nekome ne radi google maps na iphonu, pise mi da aplikacija nije dostupna za srbiju."
https://mobilnisvet.com/mobilni-komentari/7179/Apple/iPhone-11-64GB/24,Apple,Apple iPhone 11,Loki,2020-08-08 17:37:00,Koliko je garancija na telefone?
https://mobilnisvet.com/mobilni-komentari/7179/Apple/iPhone-11-64GB/24,Apple,Apple iPhone 11,Ogi,2020-08-07 23:55:00,"Zdravo svima, trazim strucnu pomoc jer se idalje dvoumim izmedju XR-a i 11ice, jer su oba telefona velika i lepa. Imajte u obzir da cu jedan od ova dva telefona uzeti u julu sledece godine, ali se dvoumim izmedju ova dva zbog cene, nekako me vuce 11ica zbog baterije i 4 giga rama i jos jednu godinu podrske od Appla (iOS update), ali bih XR uzeo zbog jeftinije cene. Ako moze neko da mi obrazlozi koji da uzmem i zasto. Hvala unapred"
https://mobilnisvet.com/mobilni-komentari/7179/Apple/iPhone-11-64GB/25,Apple,Apple iPhone 11,Muharem,2020-08-07 18:28:00,"Prvi put koristim iPhone , poslije Samsunga i huawei telefona. Ovaj telefon koristim par dana, jednom riječju oduševljen sam. Baterija mu je ekstra, kamera odlična ."
https://mobilnisvet.com/mobilni-komentari/7179/Apple/iPhone-11-64GB/25,Apple,Apple iPhone 11,Ivan,2020-08-07 16:38:00,Pozdrav ljudi. Šta uzeti iphon 11 ili p40 pro?
https://mobilnisvet.com/mobilni-komentari/7179/Apple/iPhone-11-64GB/25,Apple,Apple iPhone 11,anja,2020-08-06 14:11:00,"Da li neko koristi 2 kartice i kako to funkcionise? Da li baguje? Nisam nikad koristila, a sad su mi potrebne dve kartice."
https://mobilnisvet.com/mobilni-komentari/7179/Apple/iPhone-11-64GB/25,Apple,Apple iPhone 11,Muharem,2020-08-05 07:15:00,Koja je razlika sada izmedju ovog iphone 11 u odnosu na 11 pro?
https://mobilnisvet.com/mobilni-komentari/7179/Apple/iPhone-11-64GB/25,Apple,Apple iPhone 11,Mustafa,2020-08-04 14:27:00,Koliko je garancija?
https://mobilnisvet.com/mobilni-komentari/7179/Apple/iPhone-11-64GB/25,Apple,Apple iPhone 11,Vesna,2020-08-02 22:03:00,"Pozdrav. Da li se nekome dešava da se iPhone 11 Pro Max mnogo greje na punjaču iako se ne koristi. Isključena su sva pozadinska osvezavanja, lokacija, bluetooth i sve slično ali se greje mnogo do 80%"
https://mobilnisvet.com/mobilni-komentari/7179/Apple/iPhone-11-64GB/25,Apple,Apple iPhone 11,Joki,2020-07-30 08:19:00,Da li se moze ocekivati neki pad cene kada izadje iphone 12?
https://mobilnisvet.com/mobilni-komentari/7179/Apple/iPhone-11-64GB/25,Apple,Apple iPhone 11,A,2020-07-27 13:24:00,Da li se jos nekom greje tel prilikom videopoziva preko 4g a ...viber je u pitanju ...normalno je da se greje ali Ne ovoliko.Ugreje se posle nekih 5 ili vise min i to bude bas vreo ...
https://mobilnisvet.com/mobilni-komentari/7179/Apple/iPhone-11-64GB/25,Apple,Apple iPhone 11,Libe,2020-07-27 11:47:00,"Cao. Koristim Huawei p30 pro vec par meseci i razmislkam se da ga zamenim za Iphone 11 (obican model). Zanima me vase misljenje po pitanju kamera konkretno portret (slikanje ljudi) i aperture mod (slikanje objekata, auta itd) da li isto perfektno radi na Iphone 11 ili je pak kako se meni cini bolji na p30 pro?"
https://mobilnisvet.com/mobilni-komentari/7179/Apple/iPhone-11-64GB/25,Apple,Apple iPhone 11,djole,2020-07-23 11:21:00,"Posle 9 godina koriscenja androida ovo je moj prvi iphone. Na pocetku koriscenja mi je sve bilo nekako cudno, ali dan koriscenja je dovoljan da se naviknete. Stvarno za ovo kratko vreme samo reci hvale, kvalitet, brzina, baterija sve na zavidnom nivou. Ko planira da ga kupinemoj da okleva. Pozz"
https://mobilnisvet.com/mobilni-komentari/7179/Apple/iPhone-11-64GB/25,Apple,Apple iPhone 11,milos,2020-07-21 13:45:00,"jedini ajfon do sada koji ima normalnu bateriju koja moze da izgura dan i po uz maximalno koriscenje..telefon nije prevelik,extra stoji u ruci...kvalitetno odradjen i za svaku pohvalu,necu ga menjati najmanje 3-4god"
https://mobilnisvet.com/mobilni-komentari/7179/Apple/iPhone-11-64GB/25,Apple,Apple iPhone 11,Strahinja,2020-07-20 10:18:00,Kupio sam Iphone 11 u Telenoru pre 5 meseci. Uzeo sam ga iz 3 razloga:
https://mobilnisvet.com/mobilni-komentari/7179/Apple/iPhone-11-64GB/25,Apple,Apple iPhone 11,Marko,2020-07-17 00:32:00,Iphone xs ili 11 sta da uzmem razlika u ceni je 71
https://mobilnisvet.com/mobilni-komentari/7179/Apple/iPhone-11-64GB/25,Apple,Apple iPhone 11,Zoran,2020-07-13 19:59:00,Dali se jos nekome desava da nece google maps da se instalira.
https://mobilnisvet.com/mobilni-komentari/7179/Apple/iPhone-11-64GB/25,Apple,Apple iPhone 11,Dejann,2020-07-12 14:12:00,Zanima me da li se vise isplati uzeti iphone 11 ili iphone xs max?
https://mobilnisvet.com/mobilni-komentari/7179/Apple/iPhone-11-64GB/25,Apple,Apple iPhone 11,svetlana,2020-06-30 01:36:00,zanima me koliko su pouzdane radnje gde su jeftinije cene? i da li vredi da cekam da izadje dvanaestica pa da jedanaestici padne cena ili ne?
https://mobilnisvet.com/mobilni-komentari/7179/Apple/iPhone-11-64GB/25,Apple,Apple iPhone 11,Pedja,2020-06-27 13:39:00,da li neko od korisnika iphone 11 moze da mi kaze kakva je vidljivost na displeju u toku dana tj. na suncevoj svetlosti? da li se se vidi dobro ili mora da se pojaca osvetljenje do kraja? ( u planu je da kupim 11)
https://mobilnisvet.com/mobilni-komentari/7179/Apple/iPhone-11-64GB/25,Apple,Apple iPhone 11,A,2020-06-25 17:01:00,Koliko dugo se puni baterija na ovom telefonu posto u pakovanju ne ide brzi punjac ...hvala
https://mobilnisvet.com/mobilni-komentari/7179/Apple/iPhone-11-64GB/25,Apple,Apple iPhone 11,Skrle,2020-06-19 13:09:00,Da li ima negde na rate da se uzme iphone 11 bez radnog odnosa?
https://mobilnisvet.com/mobilni-komentari/7179/Apple/iPhone-11-64GB/25,Apple,Apple iPhone 11,Dejan,2020-06-17 11:44:00,"Poštovani molim vas recite mi šta je zaista bolji izbor,11 ili 11 pro? Da li vredi doplatiti za 11pro?"
https://mobilnisvet.com/mobilni-komentari/7179/Apple/iPhone-11-64GB/25,Apple,Apple iPhone 11,Ema,2020-06-16 21:08:00,"Caoo, da li ove radnje vrse dostavu na teritoriji cele Srbije, i kako se vrsi dostava? 🙂"
https://mobilnisvet.com/mobilni-komentari/7179/Apple/iPhone-11-64GB/25,Apple,Apple iPhone 11,Dragana,2020-06-16 17:00:00,Zanima me na kom telefonu je bolja baterija na xs ili 11?
https://mobilnisvet.com/mobilni-komentari/7179/Apple/iPhone-11-64GB/25,Apple,Apple iPhone 11,cofke,2020-06-13 23:33:00,"iphone 11 ili samsung s 2o  ili huawei p40? sta uzeti? iphone je idealka ali ovaj ekran jako los hd plus samo nemam pojma,sto vise covek razmislja to teze ide..."
https://mobilnisvet.com/mobilni-komentari/7179/Apple/iPhone-11-64GB/25,Apple,Apple iPhone 11,nemanja,2020-06-12 11:53:00,"ovaj ili xs? razmisljam se par dana, pa ne znam da li se isplati dodati 90e za ovaj."
https://mobilnisvet.com/mobilni-komentari/7179/Apple/iPhone-11-64GB/25,Apple,Apple iPhone 11,Enko,2020-06-10 17:05:00,Postovani..uzeo sam iphone 11 128GB..stiglo mi je azuriranje softvera iOS 13.5.1..medjutim ne moze se azurirat? Prvi put koristim iphone..pa ne znam. Hvala
https://mobilnisvet.com/mobilni-komentari/7179/Apple/iPhone-11-64GB/26,Apple,Apple iPhone 11,Skrle,2020-06-10 16:02:00,"Pozdrav da li ima negde na rate da se uzme ajfon 11 a da nije gigatron,win win tehnomanija. i  kakav je iphone se 2020?"
https://mobilnisvet.com/mobilni-komentari/7179/Apple/iPhone-11-64GB/26,Apple,Apple iPhone 11,S,2020-06-07 22:50:00,"Pozdrav ljudi, planiram da kupim iph xs uskoro (pišem vam ovde pošto je posećenost verovatno veća, pa će više ljudi videti). Zanima me da li je pametno kupovati ga preko leta, ili ipak da čekam neki novembar ili oktobar zbog cene? Trenutno je malo ispod 600 evra po servisima datim na mobilnom svetu. Šta mislite, pošto se verovatno više razumete od mene, da li će biti nekih promena cena, i da li mislite da će biti drastične ili oko 20-30e? Hvala unapred dobrim ljudima 🌝"
https://mobilnisvet.com/mobilni-komentari/7179/Apple/iPhone-11-64GB/26,Apple,Apple iPhone 11,filip,2020-06-06 16:34:00,"Znam da sam dosadan ali molicu jos jednu malu pomoc. Da skratim iphone 11 ili samsung s 20,s 20 plus? Hvala na eventualnom odg. Vidim da ovaj exynos chipset kude pa ajde da proverim mada iphone je realno klasa za sebe, igra neku svoju ligu ako pricamo realno i uzmemo sve parametre"
https://mobilnisvet.com/mobilni-komentari/7179/Apple/iPhone-11-64GB/26,Apple,Apple iPhone 11,filip,2020-06-05 22:48:00,Da li zaista vredi dati za pro 11 znatno vise novca u poredjenju sa ovim modelom? Da li je razlika ogromna izmedju ova dva telefona i vredna recimo razlike od 400 500 evra koliko je pro skuplji od iphonea 11? Hvala
https://mobilnisvet.com/mobilni-komentari/7179/Apple/iPhone-11-64GB/26,Apple,Apple iPhone 11,Marina,2020-05-31 19:58:00,"Pozdrav svima, zanima me da li ove firme 100% prodaju orginal modele? Da li mogu bez ikakve brige da porucim telefon iz bilo koje od ovih? Hvala unapred!"
https://mobilnisvet.com/mobilni-komentari/7179/Apple/iPhone-11-64GB/26,Apple,Apple iPhone 11,Mica,2020-05-26 16:32:00,interesuje me vasa preporuka izmedju i phone 11 i samsung note 10+
https://mobilnisvet.com/mobilni-komentari/7179/Apple/iPhone-11-64GB/26,Apple,Apple iPhone 11,Milica,2020-05-23 23:23:00,"Razmisljam se izmedju Iphone 11, S20, S10 +"
https://mobilnisvet.com/mobilni-komentari/7179/Apple/iPhone-11-64GB/26,Apple,Apple iPhone 11,Dani,2020-05-22 19:43:00,Dali mogu sa iphona da placam racune na kasi na primer ili to jos u srbiji nije dostupno za iphone dok na  androidu moze
https://mobilnisvet.com/mobilni-komentari/7179/Apple/iPhone-11-64GB/26,Apple,Apple iPhone 11,boris,2020-05-22 10:27:00,"Dobar dan,"
https://mobilnisvet.com/mobilni-komentari/7179/Apple/iPhone-11-64GB/26,Apple,Apple iPhone 11,Srdjan,2020-05-22 07:02:00,"Interesuje me vasa preporuka za koji telefon da se odlucim , izmedju XS Max od 256 GB ili  11-cu od 256 gb."
https://mobilnisvet.com/mobilni-komentari/7179/Apple/iPhone-11-64GB/26,Apple,Apple iPhone 11,Sasha,2020-05-18 13:14:00,phone 11 ili p30 pro - kamera ?
https://mobilnisvet.com/mobilni-komentari/7179/Apple/iPhone-11-64GB/26,Apple,Apple iPhone 11,Ana,2020-05-16 22:24:00,Iphone xs ili iphone 11?
https://mobilnisvet.com/mobilni-komentari/7179/Apple/iPhone-11-64GB/26,Apple,Apple iPhone 11,ja,2020-05-12 12:14:00,dual sim? fizički nano dve sim kartice ? prvi put cujem da iphone ima ovakav model osim za kinu
https://mobilnisvet.com/mobilni-komentari/7179/Apple/iPhone-11-64GB/26,Apple,Apple iPhone 11,Skawe,2020-05-07 19:46:00,Da li se isplati preci na ip 11 sa p20 pro?
https://mobilnisvet.com/mobilni-komentari/7179/Apple/iPhone-11-64GB/26,Apple,Apple iPhone 11,Ime,2020-05-05 18:30:00,"Mozes na androidu milion stvari vise nego na iosu, ali ako si svestan da te stvari postoje. To je isto kao da ti daju digitron, ti ga kao takav koristis i ne vidis mogucnosti racunara naspram toga. Tako da da, ko shvati shvatio je. Na kraju krajeva, svako svoje novce trosi. poy"
https://mobilnisvet.com/mobilni-komentari/7179/Apple/iPhone-11-64GB/26,Apple,Apple iPhone 11,Upiši ime...,2020-04-28 22:24:00,Ajfon11 rastura sa svime. Znam da Aple nas u svemu zaskoči ali sa ovim modelem moze se reći da smo mi donekle njemu doskočili.
https://mobilnisvet.com/mobilni-komentari/7179/Apple/iPhone-11-64GB/26,Apple,Apple iPhone 11,Milica,2020-04-11 02:18:00,"Dobar dan,zanima me da li su vam telefoni original i da li postoji nacin placanja na rate.Pozdrav."
https://mobilnisvet.com/mobilni-komentari/7179/Apple/iPhone-11-64GB/26,Apple,Apple iPhone 11,the mask,2020-04-09 21:47:00,"dada, na primer sta to na androidu mozes a na ios ne  osim menjanja thema Hvala"
https://mobilnisvet.com/mobilni-komentari/7179/Apple/iPhone-11-64GB/26,Apple,Apple iPhone 11,Dada,2020-04-09 10:21:00,"Ako mozes da sazvaces neverovatnu ogranicenost ios sistema onda je telefon odlican. Ja npr. vise puta se vracao na iphone za promenu ali ne mogu ios da gledam ocima vise. Milion stvari nema iphone koje olaksavaju rad, e sad sve zavisi ata ti treba od telefona."
https://mobilnisvet.com/mobilni-komentari/7179/Apple/iPhone-11-64GB/26,Apple,Apple iPhone 11,m,2020-04-03 17:03:00,"ns, ja sam 2x poslusao ovde savet ( i oba puta ispusio) i nikada vise. to sto tebe zanima, to mozes naci na YT.  ja samo mogu da ti kazem da sam se posle 2godine vratio ponovo na ios (11pro 256gb) i nikada vise android. pozdrav"
https://mobilnisvet.com/mobilni-komentari/7179/Apple/iPhone-11-64GB/26,Apple,Apple iPhone 11,NS,2020-04-03 15:52:00,"Imam S10 i dosad su to bili telefoni sa android sistemom, ali me je sad zainteresovao ovaj model, sta je to sto je bolje kod samsunga S10, a sta kod ovog modela Sta treba da znaju oni koji prelaze sa android sistema na sistem ajfona"
https://mobilnisvet.com/mobilni-komentari/7179/Apple/iPhone-11-64GB/26,Apple,Apple iPhone 11,Dani,2020-03-10 20:53:00,Dali vredi uzeti ovaj ili iphone xs
https://mobilnisvet.com/mobilni-komentari/7179/Apple/iPhone-11-64GB/26,Apple,Apple iPhone 11,Aleksandar,2020-03-03 09:33:00,"Nosim Iphone nekoliko dana pa da prenesem svoje utiske, baterija odlična, drži meni u proseku oko 2 dana korišćenja moje korišćenje podrazumeva uglavnom pozive i poruke (viber, whatsup), malo sicijalnih mreža i youtube. Što se tiče ekrana ja nemam nikakav problem, slika je jasna i čista, zvuk prilikom poziva i gledanja klipova odličan. Moja preporuka. Inače čisto kao info prešao sam sa Androida, S7 edge telefona o kom mogu takođe preneti samo reči hvale."
https://mobilnisvet.com/mobilni-komentari/7179/Apple/iPhone-11-64GB/26,Apple,Apple iPhone 11,dada,2020-03-02 22:31:00,Ekran je na nivou ekrana od pre 45 godine... a rezolucija od pre 67. Ostalo nije lose.
https://mobilnisvet.com/mobilni-komentari/7179/Apple/iPhone-11-64GB/26,Apple,Apple iPhone 11,Nix,2020-02-24 16:16:00,"Kakav je ekran realno Hocu da ga porucim a vidim zale se ljudi los, ja opet mislim da to ne moze biti lose."
https://mobilnisvet.com/mobilni-komentari/7179/Apple/iPhone-11-64GB/27,Apple,Apple iPhone 11,Mick,2020-02-23 09:56:00,frrr amoled ekran treba manje energije od ips ekrana. Baterija na ip11 je iz drugih razloga bolja od xs
https://mobilnisvet.com/mobilni-komentari/7179/Apple/iPhone-11-64GB/27,Apple,Apple iPhone 11,Frrr,2019-12-19 18:01:00,Telefon je brutalan bolji od xs camera zvucnik ekran amoled nepotreban bez da se nosate sa punjacom a ovako baterija dan ipo ekran mi je odlican odziv taca takodje cijena ne pada cudo je kvalitet. Iphone je najbolji telefon sa tim morate da se pomirite jes skup ali je zato najbolji nije kao samsung huawei itd
https://mobilnisvet.com/mobilni-komentari/7179/Apple/iPhone-11-64GB/27,Apple,Apple iPhone 11,Manila,2019-12-15 06:43:00,Stefanbg...moj zadnji ajfon je bio 8 plus .moraću lično da vidim ..jer sam pratio 11 od kad je trebao izaći...hvala na savetu
https://mobilnisvet.com/mobilni-komentari/7179/Apple/iPhone-11-64GB/27,Apple,Apple iPhone 11,stefNbg,2019-12-12 06:18:00,"Koristisao sam 11 nekih 10 dana i mogu reci, da baterija i kamera rasturaju koliko su dobri pogotovo baterija koja posle dosta interneta(3g,wifi), igranja clash royal na kraju dana ostane nekih 30. E sad, ono sto nikako nisam mogao da prihvatim je to da je ekran na novou 2013 tj iphone 7ice, i tu sam se razocarao, tako da posle toga sam ga zamenio za Pro, i razlika je vise nego ocigledna. Vrhunski telefon, ali mana mu je ekran, sve ostalo kome to ne smeta telefon ubija. savetujem da pogledate telefon tj ekran pre kupovine, i da oni koji imaju npr x, xs nikako ne prelaze na 11, jer ce biti razocarani ekranom, a ostati odusevljeni baterijom i kamerom. Pozdrav"
https://mobilnisvet.com/mobilni-komentari/7179/Apple/iPhone-11-64GB/27,Apple,Apple iPhone 11,I,2019-11-18 17:52:00,"Nema svrhe porediti iphone i android jer su dosta razliciti. Ko voli funkcionalnost i jednostavno i bukvalno smartphone uzece android, dok je iphone jednostavan i to sto ima radi kako treba. Vrlo je ogranicen i za entuzijaste nije. Koristio sam do x modela skoro sve, i svake godine davao sve vise para, a maltene dobijao isti uredjaj."
https://mobilnisvet.com/mobilni-komentari/7179/Apple/iPhone-11-64GB/27,Apple,Apple iPhone 11,Jo,2019-10-14 09:30:00,"Cini mi se, tj. u stvari sam siguran da mnogi ljubitelji android telefona nisu nikada ni koristili IOS operativne sistema niti su imali iphone nekada za sebe, prvo iz prostog razloga android umeju da set up  uju mogu da nameste zvono za melodiju lakse nego na iphone telefonima a trece realno su jeftiniji dosta. Imao sam sve iphone modele sve do 11 ali bukvalno svaki model koji je ikada izasao, kao i samsung modele sve do note 10, iskustva su mi takva, da note 8 koji je model od pre 2 godine postavlja se pitanje da li ce dobiti update za androdi 10 a dok iphone 6 koji je star 5 ili 6 godina dobija update za IOS 13 jos uvek. Znaci apple brine brigu o svojim korisnicima i ranijih telefona i pravi sistem koji mogu svi da koriste. IOS je malo zatvoren sistem i nema instaliranja van Apple Stora osim ako ga ne jail break i onda mogu i ostale krekovane apk, ali ako pogledate malo bolje, svaki iphone ce vam fantasticno raditi sa defolt apk skinutim iskljucivo preko Apple stora i necete vala bas imati nikakav problem, cetvrta stvar, apple menja procesore i kameru i ubacuje vise ram memorije to je tacno i time stvrno ubrzava rad samog telefona i to nije malo priemtno ali bi morali da ste koristili i druge iphone modele da bi videli tu razliku, sta radi samsung samo menja kucista i sve ostavlja isto kao sto i jeste, ne vidim kod bilo kog android uredjaja neko bitno poboljstanje od ovoga sto spocitavate apple proizvodima, nisam iskljucivi apple fun ali sam prisalitca operativnog sistema koji je fluidan i po mojim merilima radi bez greske."
https://mobilnisvet.com/mobilni-komentari/7179/Apple/iPhone-11-64GB/27,Apple,Apple iPhone 11,Manila,2019-10-03 11:20:00,Ma bre mašina od svakog androida....
https://mobilnisvet.com/mobilni-komentari/7179/Apple/iPhone-11-64GB/27,Apple,Apple iPhone 11,Qq,2019-09-29 16:34:00,"Ja skoro uzeo iphone i nije los za neke stvari. Ali prosto ne mogu da verujem kako je nesto lose uradjeno. Bukvalno za neke stvari mi treba 30 sekunde da uradim dok sam na androidu to za 3 sekunde radio. Zadnji iphone koji sam imao je bio 4s i sada sam uzeo xs i bas bas malo su napredovali tj ios je malo napredovao. Android je od 2011. Do danas nebo i zemlja koliko je napredovao. Ne znam ali razocaran sam, previse korisnih stvari nema."
