url,brand,phone,author,date,comment
https://mobilnisvet.com/mobilni/9432/Honor/50-Lite,Honor,Honor 50 Lite,Savo,2023-12-08 01:57:00,Honor 9x ili honor 50 lite za igrice
https://mobilnisvet.com/mobilni/9432/Honor/50-Lite,Honor,Honor 50 Lite,Miki,2023-12-01 13:39:00,"Poštovanje,honor50 lite 6/128 ili 90 lite 8/256,uzeti karakteristike u obzir oba modela,koji mi preporučujete.Hvala."
https://mobilnisvet.com/mobilni/9432/Honor/50-Lite,Honor,Honor 50 Lite,🎊Milica,2023-07-08 13:36:00,"Dakle ja imam ovaj telefon, ali ovih meseci mi se pojavilo da kad god ovde pretražim bilo koji telefon (npr. Samsung Galaxy A9), kad pogledam ovo kao ""uporedi mobilni telefon"" / ""vreme za zamenu?"" ne piše mi ""Honor 50 Lite vs npr. Samsung Galaxy A9"" nego neki Huawei Honor 9 Lite. Kako da ovo rešim? Ovo je Honor 50 Lite, a ne Huawei Honor 9 Lite!"
https://mobilnisvet.com/mobilni/9432/Honor/50-Lite,Honor,Honor 50 Lite,Dragan,2023-03-13 20:13:00,Da li se dobija punjac uz telefon
https://mobilnisvet.com/mobilni/9432/Honor/50-Lite,Honor,Honor 50 Lite,Ogi,2022-12-21 11:14:00,Ovaj ili honor magic 4lit?
https://mobilnisvet.com/mobilni/9432/Honor/50-Lite,Honor,Honor 50 Lite,Djovani,2022-10-30 07:08:00,Honor 50 lite je odličan talefon za te pare svidja mi se to sto ima brzo punjenje i brzo se napuni baterija  nisam se pokajao sto sam ga uzeo lepo radi brz je ima dobru rezoluciju
https://mobilnisvet.com/mobilni/9432/Honor/50-Lite,Honor,Honor 50 Lite,Ringe,2022-09-13 16:50:00,Kupiobsam tel pre par dan i fon je bruka
https://mobilnisvet.com/mobilni/9432/Honor/50-Lite,Honor,Honor 50 Lite,Miki,2022-08-11 06:20:00,Imam ovaj tel dali još nekom gubi signal za sim mrežu
https://mobilnisvet.com/mobilni/9432/Honor/50-Lite,Honor,Honor 50 Lite,Sara,2022-05-20 16:27:00,"Zdravo, sta mislite da li je bolji honor 50 lite ili honor x8. Ili ipak postoji bolja varijanta u tom cenovnom rangu. Hvala."
https://mobilnisvet.com/mobilni/9432/Honor/50-Lite,Honor,Honor 50 Lite,Sara,2022-04-03 14:19:00,Da li može ekran da se deli?
https://mobilnisvet.com/mobilni/9432/Honor/50-Lite,Honor,Honor 50 Lite,Sandra,2022-03-26 11:07:00,Kako se skida mrezica sa selfi kamere?
https://mobilnisvet.com/mobilni/9432/Honor/50-Lite,Honor,Honor 50 Lite,Dub,2022-02-26 23:08:00,"Koja je razlika između Honor 50 lite i Huawei Nova 8i, osim GMS-a?"
https://mobilnisvet.com/mobilni/9432/Honor/50-Lite,Honor,Honor 50 Lite,Milan,2022-02-10 16:37:00,Da li ovaj telefon podržava google play? Posto vidim da honor 50 podrzava
https://mobilnisvet.com/mobilni/9432/Honor/50-Lite,Honor,Honor 50 Lite,Milan 79,2022-02-08 17:13:00,Imace pre neki dan sam uzeo telefon. Za tu cenu je korektan.
https://mobilnisvet.com/mobilni/9432/Honor/50-Lite,Honor,Honor 50 Lite,Milan 79,2022-02-08 17:12:00,Zna li neko kako proslediti primljenu sms poruku. Kad zadrzim prstom naporuku nista se ne desava. Moju poruku mogu proslediti a dolaznu ne.
https://mobilnisvet.com/mobilni/9432/Honor/50-Lite,Honor,Honor 50 Lite,Jovana,2022-02-05 08:19:00,Da li neko moze da mi napise kako da imam navigaciju traku na dnu ekrana sa poljem back? Hvala
https://mobilnisvet.com/mobilni/9432/Honor/50-Lite,Honor,Honor 50 Lite,Z,2022-01-25 11:02:00,Honor 50 lite ili Realme 8i ili Vivo Y33S?
https://mobilnisvet.com/mobilni/9432/Honor/50-Lite,Honor,Honor 50 Lite,Esemeralda,2022-01-21 06:27:00,"Telefon za rang kojem pripada je odličan, Xiaomi je igračka. Ko koristi telefon u svrhu telefoniranja, da brzo obavi razgovor, da se lako snađe u meniju, kontaktima i sl. je baš po meri. Takođe reprodukuje i lepo zvuk. Sviđa mi se što je prednja kamera sa strane, a ne na sred. I ono što je prednost za bilo koji Xiaomi je meni i samo kretanje kroz meni i home screen."
https://mobilnisvet.com/mobilni/9432/Honor/50-Lite,Honor,Honor 50 Lite,Dex,2022-01-14 11:45:00,"Upravo sedim (on je uzeo ovaj cena 280e a realme 290e) i druga učim, za ovu cenu realme 8 pro je bomba, poco x3 pro 8/256, ljudi imate uporedni test za sve marke na kimovil.com ili aplikacija kimovil.."
https://mobilnisvet.com/mobilni/9432/Honor/50-Lite,Honor,Honor 50 Lite,x,2022-01-02 01:58:00,IPS ekran 60 Hz osvezavanje i Snapdragon 662 a kosta isto kao Redmi Note 10 Pro sa 120 Hz na AMOLED ekranu i Snapdragon-om 732G. Ovaj telefon je bacanje para a narocito je neupotrebljiv za gejming.
https://mobilnisvet.com/mobilni/9432/Honor/50-Lite,Honor,Honor 50 Lite,Igor,2022-01-01 16:10:00,Ima li lampicu za obavestenja ako ima kako se ukljucuje
https://mobilnisvet.com/mobilni/9432/Honor/50-Lite,Honor,Honor 50 Lite,Akiša,2021-12-28 10:55:00,Da li se iaplati preci sa Honora 9x na ovaj 50 lite???
https://mobilnisvet.com/mobilni-komentari/9432/Honor/50-Lite/2,Honor,Honor 50 Lite,Doberman,2021-12-26 21:50:00,"Bolje ove performanse a da sve radi ko svet,nego Xiaomi,na papiru sve napucano a baguje 8x dnevno.Inace se slazem da je cena previsoka."
https://mobilnisvet.com/mobilni-komentari/9432/Honor/50-Lite/2,Honor,Honor 50 Lite,Big Lebowski,2021-12-14 13:56:00,Na čemu mora da si pa da se zezneš i ovo kupiš..
https://mobilnisvet.com/mobilni-komentari/9432/Honor/50-Lite/2,Honor,Honor 50 Lite,Savke,2021-12-08 06:50:00,Da li neko normalan može da plati ovoliko za snapdragon 662?
https://mobilnisvet.com/mobilni-komentari/9432/Honor/50-Lite/2,Honor,Honor 50 Lite,Cane,2021-12-07 17:51:00,Snapdragon 662. Pfff
https://mobilnisvet.com/mobilni-komentari/9432/Honor/50-Lite/2,Honor,Honor 50 Lite,Zoki honor,2021-12-02 15:45:00,Bolje sacekaj pa uzmi 50 lite je slabija verzija... Ali mogu ti reci da neces pogresiti i ako uzmes honor 50 lite
https://mobilnisvet.com/mobilni-komentari/9432/Honor/50-Lite/2,Honor,Honor 50 Lite,Savke,2021-11-25 16:46:00,Snapdragon 662??? Po ovoj ceni?Jel ovo neka greška u podacima?
https://mobilnisvet.com/mobilni-komentari/9432/Honor/50-Lite/2,Honor,Honor 50 Lite,50lite,2021-11-05 12:19:00,Da li sacekati ovaj ili uzeti honor 50
https://mobilnisvet.com/mobilni/8715/Honor/50-8GB-256GB,Honor,Honor 50,Milena,2026-01-29 13:22:00,"Marta 2022. sam kupila telefon, radi i dalje kao sat, padao mi je bezbroj puta, bez zastitnog stakla, a na ekranu par sitnih, jedva primetnih ogrebotina, neverovatno koliko je izdrzljiv. Nikad  nije zabagovao niti je bilo potrebe za restartom. Evo posle toliko koriscenja, osim sto je baterija malo oslabila i na megabajtima ne moze da izdrzi ceo dan, vec moram da ga dopunim u toku dana, drugo da napisem nemam. Inace u uslovima normalnog koriscenja punim ga 1x dnevno. Prezadovoljna, ne menja mi se ovaj telefon nikako. 😊"
https://mobilnisvet.com/mobilni/8715/Honor/50-8GB-256GB,Honor,Honor 50,Dragan,2024-12-19 09:53:00,Najbolji honor 50 u rangu sa honor 200 pro
https://mobilnisvet.com/mobilni/8715/Honor/50-8GB-256GB,Honor,Honor 50,Stefan,2024-12-05 16:19:00,Kupio honor 50...6/128 polovan
https://mobilnisvet.com/mobilni/8715/Honor/50-8GB-256GB,Honor,Honor 50,Vesko,2024-11-04 13:26:00,Da li ima neko Honor 50 ostecen mozda?
https://mobilnisvet.com/mobilni/8715/Honor/50-8GB-256GB,Honor,Honor 50,Kkk,2024-10-14 16:25:00,"Da se javim sa utiscima. Koristio sam telefon nepune 2 godine, tacnije 23 meseca 😂"
https://mobilnisvet.com/mobilni/8715/Honor/50-8GB-256GB,Honor,Honor 50,Ivan,2024-06-04 17:00:00,"Vredi li dati za polovan honor 50 6/128, 140e a koristim p40lite"
https://mobilnisvet.com/mobilni/8715/Honor/50-8GB-256GB,Honor,Honor 50,Extra,2024-04-08 14:16:00,Da li ima neko Honor 50 da je ostecen treba mi maticna.
https://mobilnisvet.com/mobilni/8715/Honor/50-8GB-256GB,Honor,Honor 50,Boki,2024-03-27 15:08:00,Pozz uzeti ovaj model ili honor magic 5 lite 8 256
https://mobilnisvet.com/mobilni/8715/Honor/50-8GB-256GB,Honor,Honor 50,Dragan,2024-03-01 23:07:00,Telefon je najbolji od kamere pa nadalje uvjek ću uzimati honor telefone
https://mobilnisvet.com/mobilni/8715/Honor/50-8GB-256GB,Honor,Honor 50,Aleksandar,2024-02-13 21:06:00,"Uprkos svim negativnim komentarima,to je ipak individualno od slučaja do slučaja, telefon je sjajan. Koristim ga 2 godine, bez problema i da uznemo u obzir da ja nisam zahtevan korisnik ali imam dvojac od 4 i 6 godina koji ga ""jaše"" propisno i uspešno preživljava sve muke na koje je osuđen pored dve ""napasti"" 😊.... Ko god da se odluči za njega neće da pogreši."
https://mobilnisvet.com/mobilni/8715/Honor/50-8GB-256GB,Honor,Honor 50,Dajana,2024-02-12 14:34:00,"Imam Honor 50 Lite, sinoć se baterija ispraznila, stavila sam tel na punjenje i od jutros ne mogu da udjem ni u jednu aplikaciju, non stop samo učitava nešto i na ekranu stoji naziv HONOR, a dole se pale one tačkice.....Pokušavam da restartujem, ali isto 🙁🤔"
https://mobilnisvet.com/mobilni/8715/Honor/50-8GB-256GB,Honor,Honor 50,Dejan,2024-02-11 10:36:00,"Telefon je ispao i neko ga je zgazio ,ekran je pukao... Da li se isplati sada zameniti ga ?"
https://mobilnisvet.com/mobilni/8715/Honor/50-8GB-256GB,Honor,Honor 50,Dragan,2024-01-28 04:29:00,Najbolji telefon
https://mobilnisvet.com/mobilni/8715/Honor/50-8GB-256GB,Honor,Honor 50,Dragan,2024-01-26 20:49:00,"Imam jedno pitanje,kupio sa honor telefon,neznam kako da izadjem iz neke aplikacije ili poziva,naprimer pozovem nekoga,i ostaje mi na displej svi pozivi kako da se vratim na početni ekran"
https://mobilnisvet.com/mobilni/8715/Honor/50-8GB-256GB,Honor,Honor 50,Dragan,2024-01-22 20:54:00,Ne znam zašto se ljudi žale na kamere telefon ima kameru najbolju od konkurencije ja imam Honor 50 kamere su vrhunske telefon daleko bolji od bilo kog iphone-a nekad ste koristili telefone bez kamera sjetite se ali sad ste razmaženi pa ne valja ovo ne valja ono
https://mobilnisvet.com/mobilni/8715/Honor/50-8GB-256GB,Honor,Honor 50,H50,2024-01-18 13:06:00,Stigao sinoc update i novi Kontrolni centar. Mnogo lepse i lakse.
https://mobilnisvet.com/mobilni/8715/Honor/50-8GB-256GB,Honor,Honor 50,Madball,2024-01-10 08:45:00,Da li je ok ovaj telefon uzeti u 2024.? Mislim zbog podrske i to. Slabo se razumem. Hteo sam da uzmem poco x5 pro ali se dvoumim zbog kvaliteta izrade i klimave podrske servisa. Treba mi savet
https://mobilnisvet.com/mobilni/8715/Honor/50-8GB-256GB,Honor,Honor 50,Vlada,2024-01-06 20:31:00,"Honor 50 teška kršina. Oba zvučnika su počela da krče posle samo dva meseca korišćenja. Naravno, ove iz mts zabole baš za to"
https://mobilnisvet.com/mobilni/8715/Honor/50-8GB-256GB,Honor,Honor 50,Ventilator,2023-12-31 13:51:00,Kamere vrhunske bolje nego kod bilo kog proizvođača telefon je vrh. Ajfon preskupi ima lošiju kameru . Sto se tice kamere broj 1 u svijetu
https://mobilnisvet.com/mobilni/8715/Honor/50-8GB-256GB,Honor,Honor 50,Aja,2023-12-11 19:42:00,"Podrzaje li ovaj mob play store,googlove aplikacije se mogu bez problema instalirati?"
https://mobilnisvet.com/mobilni/8715/Honor/50-8GB-256GB,Honor,Honor 50,Boki,2023-11-07 18:51:00,Pozz koji uzeti ovaj model ili magic lite 8 256
https://mobilnisvet.com/mobilni/8715/Honor/50-8GB-256GB,Honor,Honor 50,Ivan,2023-10-05 05:42:00,"Pozdrav za sve. Elem, kupio HONOR 50 8/256 pre skoro 2 god. Ja sam prezadovoljan. U ovoj klasi bez premca. Baterija 2 dana, brzo punjenje, upadate na vreme, brz, pregledan, na netu odličan. Na svim terenima ima prijem neta dometa isl. Kamera nije nesto posebno ali može da odgovori na neke normalne prohteve. Jednostavno preporuka, telefon je vrh u klasi. Da, kupljen u Yetel.. Nadam se da će nekom pomoći komentar radi odluke..."
https://mobilnisvet.com/mobilni/8715/Honor/50-8GB-256GB,Honor,Honor 50,Milena,2023-09-23 12:12:00,Da li ovaj telefon ima lag da secka video kod instagram reels-a i shorts-a kao sto je to slucaj na starijim modelima iz honor/huawei porodice?
https://mobilnisvet.com/mobilni/8715/Honor/50-8GB-256GB,Honor,Honor 50,Dragan,2023-09-17 13:37:00,Telefon je jako dobar brz i nema mu ravnog 50 70 i 90 potpuno isti
https://mobilnisvet.com/mobilni/9873/Honor/X7,Honor,Honor X7,Sasa,2024-12-22 06:41:00,Malo mi se okrivio honor x7 u djepu radi besprekorno
https://mobilnisvet.com/mobilni/9873/Honor/X7,Honor,Honor X7,Dinaa,2024-12-12 23:30:00,Imam honor magic 4 lite 5g uzela sam ga na starom sa jedna tocka na stranom zelim da ga zamenim sa honor x7 isto takodje na starom ali nov u kutii dali je pametno to da uradim zelim neko da mi kaze plus na magic 4 lite vidim da ekran mu je lepen mislim da ne gubim nista jer ako uzmem x7 ipak iako je malo slabiii ipak mislim da je novo novo
https://mobilnisvet.com/mobilni/9873/Honor/X7,Honor,Honor X7,Nenad Stevanovic,2024-10-20 07:35:00,"Imam honor x7b vec 4. meseca, odlican telefon, kamera je full, ram memorija 6gb+6gb(honor ram turbo), Magic OS 8, android verzija 14.Telefon je odlican, BRZ sistemski rad, kamera je odlicna kao i zvuk, baterija traje dva dana, bilo sta da RADITE, ima ugradjeno BRZO punjenje, JEDNOSTAVNO za NJEGOVU cenu, prezadovoljan sam, prosto odlican telefon"
https://mobilnisvet.com/mobilni/9873/Honor/X7,Honor,Honor X7,Rogibn,2024-07-14 09:37:00,Najvaca prednost ovog telefona je Baterija koja sa normalnim koriscenjem izdrzi i do 4 dana. Procesor i kamera solidne.... Za cijenu od 150 e bolji telefon necete naci.
https://mobilnisvet.com/mobilni/9873/Honor/X7,Honor,Honor X7,Nedja,2024-05-10 17:01:00,Koji telefon je bolji Honor X7b ili Samsung A 15 hitno mi je !!!
https://mobilnisvet.com/mobilni/9873/Honor/X7,Honor,Honor X7,dm,2023-12-15 00:34:00,"Kako vratiti sat, fabričku verziju?"
https://mobilnisvet.com/mobilni/9873/Honor/X7,Honor,Honor X7,Deja,2023-11-13 23:24:00,Koji je bolji telefon po vama? Honor x7a ili realme 5 pro?
https://mobilnisvet.com/mobilni/9873/Honor/X7,Honor,Honor X7,Jordanco,2023-11-06 15:45:00,Dal netko zna kako vratiti stari softver android 11 magic ui 4.2 na honor x7.Napravio sam kompletni reset sve se izbrisao a i dalje mi je android 13 magic ui 7.1.Nisam bas zadovoljan sa novi softver pa hocu da vratim fabricki.Ako netko zna neka objasni.Unapred hvala
https://mobilnisvet.com/mobilni/9873/Honor/X7,Honor,Honor X7,Stefan,2023-11-03 11:01:00,Zna li neko zasto mi se wifi nonstop gasi i pali sam od sebe
https://mobilnisvet.com/mobilni/9873/Honor/X7,Honor,Honor X7,Jordanco,2023-10-09 18:18:00,Dali netko zna koja je opcija na Honor x7 kada zvonim na drugi telefon i kada se ukluci telefon za razgovor sa druge strane ima kratke vibracije pred razgovora.Ako netko zna gde je ta opcija da isklucim vibraciju na samom pocetku razgovora.Unapred hvala
https://mobilnisvet.com/mobilni/9873/Honor/X7,Honor,Honor X7,Jordanco,2023-09-29 08:35:00,Ko je bolji telefon po vase mislenje Honor x7 4x2.4 ghz kryo sa 4gb ram ili Redmi 12c 2x2.0 ghz cortex sa 6gb ram
https://mobilnisvet.com/mobilni/9873/Honor/X7,Honor,Honor X7,Biljana,2023-09-06 08:05:00,"Promenila sam mnogo telefonskih uredjaja, honor x7A je zadivljujući dobar, odličan. Ko ga jednom kupi neće poželeti ništa kvalitetnije. Svaka čast👌👍"
https://mobilnisvet.com/mobilni/9873/Honor/X7,Honor,Honor X7,Lena,2023-04-20 00:19:00,Da li ima Google operaciju? ( Google play itd..)
https://mobilnisvet.com/mobilni/9873/Honor/X7,Honor,Honor X7,Bocky,2023-02-17 11:38:00,Da li ima posebno slot za dve SIM kartice i memorisku ili jedan SIM i jedan hibrid slot?
https://mobilnisvet.com/mobilni/9873/Honor/X7,Honor,Honor X7,Cyber,2023-01-04 11:50:00,Dal se ocekuje upgrade na android 12?
https://mobilnisvet.com/mobilni/9873/Honor/X7,Honor,Honor X7,Dragan,2022-12-24 20:57:00,Ovaj tel ili motorola G32 pitanje je sad?
https://mobilnisvet.com/mobilni/9873/Honor/X7,Honor,Honor X7,Mare,2022-12-22 12:01:00,Dali ovaj telefon ima ulaz za slusalice?
https://mobilnisvet.com/mobilni/9873/Honor/X7,Honor,Honor X7,JJ,2022-12-21 21:07:00,"Ne znam da li da kupim ovaj fon, ne svidja mi se rezolucija i PPI, jako malo to deluje, kako izgleda ekran, jel dobar, ne vide se pikseli i tako to? xD"
https://mobilnisvet.com/mobilni/9873/Honor/X7,Honor,Honor X7,Sasa,2022-11-28 22:32:00,Dali ovaj ovaj telefon podrzava dve sim kartice??
https://mobilnisvet.com/mobilni/9873/Honor/X7,Honor,Honor X7,Stefan,2022-11-20 17:42:00,Evo da se javim posle 4 meseca koriscenja honor x7 i dalje ga koristim da budem iskren za mene je ovaj telefon odlican nikad nije zabogovao ili nesto slično igram igrice na njemu taj snapdragon 680 mozda nije za igre ali sve sto sam pokrenuo radi glatko i fluidno kamere je dobra sve pohvale
https://mobilnisvet.com/mobilni/9873/Honor/X7,Honor,Honor X7,Dragan,2022-11-18 15:14:00,Jel X7 ima onu led lampicu za obavestenja o propustenih pozivima i porukama?
https://mobilnisvet.com/mobilni/9873/Honor/X7,Honor,Honor X7,Ivan,2022-10-30 15:12:00,"Imao sam pre ovog Samsung A51 kojim sam bio prezadovoljan, osim kamere koja je bila očajna za telefon srednje klase. Pre njega sam imao Samsung A6+ koji jr imao bolju kameru. Evo već par meseci imam Honor X7 sa čijom sam kamerom zadovoljniji nego sa A51 ali selfi kamera je jako loša. I imam još jednu zamerku a to je da mi se nekoliko puta dnevno desi da se telefon sam iz čista mira zaključa u sred recimo čitanja nekih dnevnih novina ili gledanja youtube-a. Inačr telefon za ove pare sjajan."
https://mobilnisvet.com/mobilni/9873/Honor/X7,Honor,Honor X7,Banat,2022-10-23 20:34:00,Zaboravih da pitam...da li se u pakovanju ovog mobtela nalaze slušalice i silikonske gace jer na stranim recenzijama pokazuju da ima sve to?....
https://mobilnisvet.com/mobilni/rp21x/Honor/X6-128GB,Honor,Honor X6,Kalehedj,2026-05-06 16:42:00,Odličan je imam 3 godine radi super ne bagije ni pored ažuriranja na android 14
https://mobilnisvet.com/mobilni/rp21x/Honor/X6-128GB,Honor,Honor X6,Manda,2024-09-13 14:24:00,Meni piše honor 8 pro 128gb. Ovde na sajtu a imam X6 kako to?
https://mobilnisvet.com/mobilni/rp21x/Honor/X6-128GB,Honor,Honor X6,Radojica,2024-09-03 16:17:00,Da li mogu kartice drugih operatera da se koriste. Imam Yettel pa da li mogu Telenor ili A1 da koristim u njemu
https://mobilnisvet.com/mobilni/rp21x/Honor/X6-128GB,Honor,Honor X6,Manda,2024-08-22 18:51:00,Meni radi Odlicno dobio android 14
https://mobilnisvet.com/mobilni/rp21x/Honor/X6-128GB,Honor,Honor X6,pera,2024-06-01 17:51:00,Moze li se podesiti osetljivost na dodir i brzina tastatre prilkom kucanja?
https://mobilnisvet.com/mobilni/rp21x/Honor/X6-128GB,Honor,Honor X6,Stefan,2024-05-10 19:05:00,Kamera loša nikakva.
https://mobilnisvet.com/mobilni/rp21x/Honor/X6-128GB,Honor,Honor X6,Bozana,2023-08-29 22:45:00,"Honor x6 je loš mobitel, po svemu u odnosu na Honor 50,koji mi je, na moju žalost, upao u vodu😔"
https://mobilnisvet.com/mobilni/rp21x/Honor/X6-128GB,Honor,Honor X6,Zoki,2023-08-17 09:55:00,Pridruzite se fb grupi Honor Fans Srbija & ROW da razmenjujemo iskustva.
https://mobilnisvet.com/mobilni/rp21x/Honor/X6-128GB,Honor,Honor X6,Iphone 13 pro,2023-08-16 17:02:00,"Dobijen kao sluzbeni, obe kartice razlicitih opetatora rade na 4g super, baterija izgura dan i ostane archim ga bas, kamere danju ok nocu propast a to me ne interesuje jer imam mnogo bolji nego da kazem koga zanima, koliko para toliko muzike a ovde je muzika jos i gratis. Dobar telefon za bas prosecnog korisnika. Obavezno silikonka maska za ledja klizava je plastika. Sve u svemu ipak je ovo honor koji je po meni jedini android izbor posle iPhone"
https://mobilnisvet.com/mobilni/rp21x/Honor/X6-128GB,Honor,Honor X6,Sm,2023-05-24 19:00:00,Raspad procesor a ovoliko skup ne vredi te pare ni pod razno
https://mobilnisvet.com/mobilni/rp21x/Honor/X6-128GB,Honor,Honor X6,milorad,2023-05-24 12:08:00,"da li neko zna dali ovaj tel ima foliju preko ekrana(stakla)ako neko možda zna neka mi odgovori,,,hvala svima poz."
https://mobilnisvet.com/mobilni/rp21x/Honor/X6-128GB,Honor,Honor X6,mihajlo ilic majstor,2023-04-23 18:54:00,Telefon imam punih 5 meseci mogu reci da sam toliko zadovoljan znaci telefon uopste ne koci za igrice nije los ali za moje potrebe je brutalan samo x8 bi bilo bolje da uzmete ako volite igrice
https://mobilnisvet.com/mobilni/rp21x/Honor/X6-128GB,Honor,Honor X6,Tomo91,2023-04-17 17:47:00,"Ja imam honor i zadovoljan sam. Za svoje potrebe,meni odlican 😃😃😃"
https://mobilnisvet.com/mobilni/rp21x/Honor/X6-128GB,Honor,Honor X6,Rudolf Moric,2023-03-27 12:02:00,Lep i tečno funkcionalni telefon bez mana
https://mobilnisvet.com/mobilni/rp21x/Honor/X6-128GB,Honor,Honor X6,Vuki,2023-03-06 18:15:00,Drug mi ima x6 i uopšte ne koči
https://mobilnisvet.com/mobilni/rp21x/Honor/X6-128GB,Honor,Honor X6,Pep,2023-01-01 15:00:00,"Imam tel. 20 dana krš ali neviđeni,4/64. Ne kupujte koči em je spor sa osnovnih 10tak aplikacija. Back moraš dva puta tapnuti ma žasau."
https://mobilnisvet.com/mobilni/rp21x/Honor/X6-128GB,Honor,Honor X6,Redmi,2022-11-08 14:17:00,Ovaj mobtel je na nivou Redmi 9a samo sa glavnom kamerom od 50mpx....tragedija...
https://mobilnisvet.com/mobilni/rp21x/Honor/X6-128GB,Honor,Honor X6,Žeks,2022-11-04 22:33:00,"Fon je totalni promašaj. Za pozive i poruke je Ok, za sve ostalo NE."
https://mobilnisvet.com/mobilni/rp21x/Honor/X6-128GB,Honor,Honor X6,Luki,2022-11-01 15:08:00,Sramota sta nude u 2022 godini
https://mobilnisvet.com/mobilni/rp21x/Honor/X6-128GB,Honor,Honor X6,TM,2022-10-25 11:28:00,Užas procesor.... Na nivou P22 koji jedva pokreće sistemske aplikacije a ne nešto više
https://mobilnisvet.com/mobilni/9817/Honor/X8,Honor,Honor X8,Borko,2026-03-15 12:32:00,Imam telefon skoro 4 god  i telefon je super Sve radi kao kad sam ga uzeo u A1 Samo pohvale za telefon Cak mi je danas stiglo i neko azuriranje softvera
https://mobilnisvet.com/mobilni/9817/Honor/X8,Honor,Honor X8,Urke88,2026-01-04 20:33:00,Sto su losi snimci na youtube i tiktoku za gledanje
https://mobilnisvet.com/mobilni/9817/Honor/X8,Honor,Honor X8,Kihajlo,2025-12-14 20:51:00,Ksko da snimam na telefonuu
https://mobilnisvet.com/mobilni/9817/Honor/X8,Honor,Honor X8,Mia,2024-12-01 23:29:00,"Imam ovaj telefon 2 godine. Prosecan sam korisnik i u te svrhe telefon je odlican. Ali ono sto me je odusevilo- upao mi je u fontanu, na jednom putovanju. Vec sam se bila oprostila od njega. Prvih 10 min. je nesto cudno funkcionisao, slike blede. A onda se sabrao i radi evo i dalje kao zmaj. Ja sam odusevljena!"
https://mobilnisvet.com/mobilni/9817/Honor/X8,Honor,Honor X8,Nana,2024-10-28 11:08:00,Posle godinu i sedam meseci poceo da baguje. U toku razgovora sagovornik me ne cuje. Jedva cekam da se rešim ovog telefona. Uzas!
https://mobilnisvet.com/mobilni/9817/Honor/X8,Honor,Honor X8,Lala,2024-06-12 01:46:00,"Imam honor x8 već skoro 2. godine. Dobar telefon za svoju cenu, brzo se puni i baterija mu dugo traje. Kamera je loša, prednja vise nego zadnja. Kada iznad tastature kliknem na opciju da mi prevede neku reč sa (npr.) srpskog na engleski, režim tastature se promeni i slova su na drugacijem položaju, što otežava kucanje. Za poslednje, imam utisak da je baš to telefona a to jeste internet. Sve u svemu, za svoju cenu kvalitetan telefon sa par mana, ali nista strašno."
https://mobilnisvet.com/mobilni/9817/Honor/X8,Honor,Honor X8,Mile,2024-04-26 22:39:00,"Jel neko zna, dali moži da se upari honor X8b sa Huawei watch GT2 pro - 6B9"
https://mobilnisvet.com/mobilni/9817/Honor/X8,Honor,Honor X8,Mile,2024-01-05 15:13:00,Honor x8 a neradi jedna slušalica.... nije do slušalica na drugim telefonima radi.... nijedne slušalice ne reprodukuju zvuk u obe ... definitivno do telefona... ima li negde da se to podesi u samom uredjaj u....?!
https://mobilnisvet.com/mobilni/9817/Honor/X8,Honor,Honor X8,Zeljko,2023-12-26 15:39:00,Kosa baterija
https://mobilnisvet.com/mobilni/9817/Honor/X8,Honor,Honor X8,toma,2023-11-26 09:26:00,"Koristio telefon godinu dana.Kamera losa,sve ostalo bez zamerke.Baterija dobra,za prosecnog korisinika sasvim dovoljan telefon."
https://mobilnisvet.com/mobilni/9817/Honor/X8,Honor,Honor X8,liliander,2023-11-21 10:59:00,"Katastrofa od mobitela Honor 8x ima zaslon koji puca ko kokica, već ga drugi puta mjenjam. Kamera užas, senzorika užas. Žao mi je da sam ga kupila i od prvog dana ne živcira. Ogroman, nespretan, ne mogu višeeee"
https://mobilnisvet.com/mobilni/9817/Honor/X8,Honor,Honor X8,Vladimir,2023-11-12 21:29:00,"Imam problem sa SMSom za plaćanje parkinga, i bilo kojim koji se plaća. Jel ima neko rešenje i kako to da sredim? Inače da ne bi ste pisali, provereno sa operaterom iako je broj služben i koristim uslugu oduvek, a problem je tek odkada sam uzeo ovaj telefon pre 10tak dana."
https://mobilnisvet.com/mobilni/9817/Honor/X8,Honor,Honor X8,Milan Žabalj,2023-11-11 07:43:00,Pozdrav društvo.
https://mobilnisvet.com/mobilni/9817/Honor/X8,Honor,Honor X8,Vucinic slobodan,2023-11-02 18:07:00,Stigao android 13 sad kod mene
https://mobilnisvet.com/mobilni/9817/Honor/X8,Honor,Honor X8,Borko,2023-10-31 21:32:00,Stigao mi android 13 Ne mogu da verujem da je stigao
https://mobilnisvet.com/mobilni/9817/Honor/X8,Honor,Honor X8,Slavisa,2023-10-19 16:28:00,"Imam problem da sam stalno nedostupan. Neprekidno mi stize poruka da sam imao propusten poziv, a linija slobodna."
https://mobilnisvet.com/mobilni/9817/Honor/X8,Honor,Honor X8,Goran,2023-10-10 18:06:00,Da li da kupim Honor X8 ili Motorolu g72?
https://mobilnisvet.com/mobilni/9817/Honor/X8,Honor,Honor X8,Maki,2023-10-01 20:43:00,Telefon je kupljen odma kad je izasao. Kupio sam zastitno staklo 1500 dinara od Samsung ali uklapa se ne honor i sad su mi se pojavile neke male linije sarene na ekran kao da je slomljen a zastitno nije kako
https://mobilnisvet.com/mobilni/9817/Honor/X8,Honor,Honor X8,Maki,2023-10-01 20:41:00,Moze neko molim vas da odgovori imam honor x8 od kako je izasao kupio sam fotrolu u mobilmaniju 500 dinara i zastitno staklo 1500 dinara od Samsung ali uklapa se na honorx8 sve super do sada pocelu su da mi se pojavljuju neke roze linije na telefonu kao da je slomljen a nikad nije pao zastitno staklo nije slomljeno nego na ekran roze linije sarene plasim se ljudi neke male linije. Nek neko odgovori
https://mobilnisvet.com/mobilni/9817/Honor/X8,Honor,Honor X8,Nena,2023-09-12 03:09:00,Jel vam se dešava da ugasite wifi mobilni podaci su svakako isključeni da se mobil i podaci sami uključe?
https://mobilnisvet.com/mobilni/9817/Honor/X8,Honor,Honor X8,Dac,2023-08-26 12:06:00,"Imam ga godinu dana. Baterija drzi skoro 1 dan, ali ga ma tretiram do besvesti, kamera preko dana nije losa a nocu NEVALJA. Telefon nema nikakve posebne funkcije, prost. Radi dobro! Otporan. Imao sam Saomi t 9 pro, bio je bolji... Ocena za ovaj tel. Od 1 do 10. 7 cista sto znaci moze da prodje..."
https://mobilnisvet.com/mobilni/9817/Honor/X8,Honor,Honor X8,Davorka,2023-08-17 17:55:00,Zadovoljna. 😊
https://mobilnisvet.com/mobilni/9817/Honor/X8,Honor,Honor X8,ines,2023-08-12 17:53:00,novi honor X8a skrolanje po njemu nikako dali netko zna kako se brzo izlazi iz stranica ? mozda ima neka caka a da ja neznam
https://mobilnisvet.com/mobilni-komentari/9817/Honor/X8/2,Honor,Honor X8,ines,2023-08-12 17:41:00,"kupila sam u A1 jučer Honor x8a a imala sam xiaomi T11pro - kako mi je trenutno na popravku a istekao mi je ugovor uzela sam honor na akciji - velika je razlika u svemu najveci mi je problem pomicanja touch sistema nikako da izadjem iz pozicije npr odem na watsup trebam par minuta da izadjem touch gore dolje desno lijevo nikako da se makne ? dali netko zna zasto? obično mob imaju dolje kvačice i pritiskom odmah izadjes , ostalo za sada izgleda ok brzo se prazni to je istina, dočim ovaj xiaomi mi je znao biti i tjedan dana bez punjača. Ima dobre kamere lijepe fotke , i čiste, zapravo dali ima negdje malo bolja uputstva o koristenju"
https://mobilnisvet.com/mobilni-komentari/9817/Honor/X8/2,Honor,Honor X8,Hpk,2023-08-11 23:02:00,Zoom prednje kamere na ovom telefonu ne radi
https://mobilnisvet.com/mobilni-komentari/9817/Honor/X8/2,Honor,Honor X8,Kimiko,2023-08-03 18:21:00,"Pušteno je ažuriranje na android13, proverite i azurirajte uređaje"
https://mobilnisvet.com/mobilni-komentari/9817/Honor/X8/2,Honor,Honor X8,Mateja,2023-07-23 13:13:00,"Zdravo, da li preporučujete da kupim honor X8. Sada imam redmi note 10s da li vredi kupovati?"
https://mobilnisvet.com/mobilni-komentari/9817/Honor/X8/2,Honor,Honor X8,Igor,2023-07-21 08:08:00,Drugari ima li ko iskustva koji je sada bolji telefon X8 ili X8a?
https://mobilnisvet.com/mobilni-komentari/9817/Honor/X8/2,Honor,Honor X8,Dejan,2023-07-12 14:19:00,Kupio sam u YETTEL HONOR X8 MENI JE DOBAR ima godinu dana
https://mobilnisvet.com/mobilni-komentari/9817/Honor/X8/2,Honor,Honor X8,Kole,2023-07-10 19:43:00,Samo zakrpa od ažuriranja???
https://mobilnisvet.com/mobilni-komentari/9817/Honor/X8/2,Honor,Honor X8,"Jovan,",2023-06-27 13:29:00,Zadovoljan 9/10 telefonom.
https://mobilnisvet.com/mobilni-komentari/9817/Honor/X8/2,Honor,Honor X8,Kole,2023-06-23 07:26:00,i dalje na Androidu 11.....
https://mobilnisvet.com/mobilni-komentari/9817/Honor/X8/2,Honor,Honor X8,Aleksa,2023-06-21 21:07:00,"Zvuk na video snimcima...nisam očekivao nikakav spektakl,ali mi nije jasno zašto zvuči kao da ronim i snimam. Snimanje zvuka mu je ispod proseka,bilo u video snimcima,bilo preko audio snimanja. U slušalici je dobar zvuk i zadovoljavajući je kod reprodukcije snimaka sa youtube recimo. Kamere nisu dobre baš,ali za ostale stvari,sasvim je dobar."
https://mobilnisvet.com/mobilni-komentari/9817/Honor/X8/2,Honor,Honor X8,Milica Nikolić,2023-05-31 07:02:00,"Interesuje me, da li telefon Honor X 8a,može da koristi i ćirilicu, srpski jezik(obavezna mi je u nekim poslovima). Za sada sam podesiila makedonski, ali nedostaje par slova. I da li mogu da se postave strelice, kursori, za izlazak iz ekrana, menija, kao i na većini Android? Hvala unapred"
https://mobilnisvet.com/mobilni-komentari/9817/Honor/X8/2,Honor,Honor X8,Fica45,2023-05-29 15:15:00,"DObar telefon za ovaj novac , nemam nikakkvih negativnih utisaka osim baterije koja jedva izdrzi jedan dan , ali se zato jako brzo puni. Ostalo sve ok...."
https://mobilnisvet.com/mobilni-komentari/9817/Honor/X8/2,Honor,Honor X8,Марко,2023-05-18 12:29:00,Nekad mi nestane signal za drugu karticu pa se vrati posle desetak sekundi... Jel se nekom isto dešava? Šta da radim?
https://mobilnisvet.com/mobilni-komentari/9817/Honor/X8/2,Honor,Honor X8,Uros,2023-05-16 17:51:00,Odvezuje mi sa interna ne znam kako to da resim
https://mobilnisvet.com/mobilni-komentari/9817/Honor/X8/2,Honor,Honor X8,valdo,2023-05-02 08:39:00,"kada je telefon potpuno iskljucen i kada se stavi na punjac,on se ukljuci tj podize sistem..da li je tako i kod drugih?"
https://mobilnisvet.com/mobilni-komentari/9817/Honor/X8/2,Honor,Honor X8,Goran,2023-04-29 19:33:00,Honor x8 kupljen juče. Nisam bas zadovoljan. Kamera nikakva. Neverovatno. Samo da se čovek iznervira. Napolju manje više. Da sam znao ne bih ga kupio. Nema čak ni indikaciju za punjenje. Ostalo standardno kao kod svih telefona.
https://mobilnisvet.com/mobilni-komentari/9817/Honor/X8/2,Honor,Honor X8,mikćko,2023-04-27 20:51:00,Najvece smeće koje sam do sqada imao
https://mobilnisvet.com/mobilni-komentari/9817/Honor/X8/2,Honor,Honor X8,Baba Bora,2023-04-15 21:17:00,Da li Honor x8 ima Google?
https://mobilnisvet.com/mobilni-komentari/9817/Honor/X8/2,Honor,Honor X8,Marijana,2023-04-14 23:00:00,"Telefon je skroz okej, zadovoljna sam sa svim.. Jedina zamrka mi je sto mi je pre nekih nedwlju dana poceo bluetooth da zajebava, upali se ugasi se.. I ne znam zasto.. Bukvalno ne mogu nigde da se povezem sa njim..."
https://mobilnisvet.com/mobilni-komentari/9817/Honor/X8/2,Honor,Honor X8,marko,2023-04-13 19:05:00,da li je vodootporan?
https://mobilnisvet.com/mobilni-komentari/9817/Honor/X8/2,Honor,Honor X8,Vlada,2023-04-13 15:17:00,"Meni je seckano ekran i treperile nepovratne poruke(operater, banka..) resetovao sam telefon i pri podizanju sistema tražio je nekakav abdejt.. prihvatio sam.. Telefon više ne secka a ni poruke više ne trepere.. Sve radi ok.."
https://mobilnisvet.com/mobilni-komentari/9817/Honor/X8/2,Honor,Honor X8,Stef,2023-04-02 22:57:00,Slabo drži bateriju jedva istera dan
https://mobilnisvet.com/mobilni-komentari/9817/Honor/X8/2,Honor,Honor X8,Mii,2023-03-20 12:45:00,Realme telfoni su extra
https://mobilnisvet.com/mobilni-komentari/9817/Honor/X8/2,Honor,Honor X8,Đorđe,2023-03-15 22:06:00,"Uzet je relativno skoro, posle možda dve sedmice, video sam da mi secka ekran, a od danas tj jutros, kada mi stigne nepovratni SMS(od banke potrošnja itd, sim obaveštenja..) na dnu ekrana mi non stop treperi na te poruke, takoreći skače non stop, kada uđem u poruku"
https://mobilnisvet.com/mobilni-komentari/9817/Honor/X8/2,Honor,Honor X8,Tomo91,2023-03-07 03:26:00,"Telefon je super,imao sam ga. Ne treba bolji za te pare. Uvek bih ga uzeo"
https://mobilnisvet.com/mobilni-komentari/9873/Honor/X7/2,Honor,Honor X7,Banat,2022-10-21 22:42:00,Koji mobtel kupiti Huawei nova Y70 ili Honor X7? Koji je bolji i koji bi uzeli da ga kupujete za sebe?…..Pozdrav i hvala onima koji odgovore...
https://mobilnisvet.com/mobilni-komentari/9873/Honor/X7/2,Honor,Honor X7,Aleksandar85,2022-10-09 16:51:00,Kupio sam ovaj mob juče i pošto godinama koristim Samsung ne mogu da provalim ima li ovaj fon opciju back provalio sam da kad se prevuče od donjeg levog ugla ka gore izdaje se skroz.... Takodje nisam izvalio da li moze u pozadini da radi više app koliko sam primetio može samo 1 app pomozite :(
https://mobilnisvet.com/mobilni-komentari/9873/Honor/X7/2,Honor,Honor X7,Sa.n,2022-09-30 16:03:00,Da li da uzmem x7 ili samsung a32? Koji je bolji?
https://mobilnisvet.com/mobilni-komentari/9873/Honor/X7/2,Honor,Honor X7,xD,2022-09-25 12:04:00,Da li će ovaj telefon dobiti Android 12?
https://mobilnisvet.com/mobilni-komentari/9873/Honor/X7/2,Honor,Honor X7,Dragan,2022-09-24 20:00:00,"Telefon nije loš, brz, stabilan, kamera nije najsjajnija pogotovo noću. Da li ja ne znam da je pronađem ili fabrička aplikacija za muziku uopšte ne postoji. Baterija za moje potrebe, sa dosta surfovanja po netu zadovoljavajuća ai brzina punjenja je dobra."
https://mobilnisvet.com/mobilni-komentari/9873/Honor/X7/2,Honor,Honor X7,Milan,2022-09-22 20:25:00,"Pozdrav! Kakva je baterija na ovom telefonu? Nisam neki zahtevan korisnik, par poziva, malo po Netu i to je to. Ne igram igrice."
https://mobilnisvet.com/mobilni-komentari/9873/Honor/X7/2,Honor,Honor X7,Branko,2022-09-17 15:23:00,Vlasnik sam ovog telefona par dana... Za sada sve super :)...
https://mobilnisvet.com/mobilni-komentari/9873/Honor/X7/2,Honor,Honor X7,Boban,2022-09-12 19:52:00,Odličan telefon
https://mobilnisvet.com/mobilni-komentari/9873/Honor/X7/2,Honor,Honor X7,Milan,2022-09-04 22:14:00,Da li ima auto fokus? Senzor?
https://mobilnisvet.com/mobilni-komentari/9873/Honor/X7/2,Honor,Honor X7,Miki,2022-09-02 11:46:00,"Dobar dan,interesuje me ovaj ili redmi 10 2022 ,koji je bolji telefon ,hvala vam !"
https://mobilnisvet.com/mobilni-komentari/9873/Honor/X7/2,Honor,Honor X7,Bixy,2022-09-01 21:32:00,Da li telefon podrzava play prodavnicu?
https://mobilnisvet.com/mobilni-komentari/9873/Honor/X7/2,Honor,Honor X7,Stefan,2022-08-25 19:29:00,Danas sam kupio ovaj telefon nakon dugo koriscenja a12 mogu vam reci da je odličan odličan procesor kamera je za pohvalu i takodje softver zadovoljan sam
https://mobilnisvet.com/mobilni-komentari/9873/Honor/X7/2,Honor,Honor X7,Mara,2022-07-18 16:02:00,Ima li neko iskustva sa ovim telefono? Dvoumim se između x7 i x8
https://mobilnisvet.com/mobilni-komentari/9873/Honor/X7/2,Honor,Honor X7,laurra,2022-07-10 15:07:00,kakva su iskustva sa ovim telefonom? dvoumim se izmedju njega i honor 50 lite
https://mobilnisvet.com/mobilni-komentari/9873/Honor/X7/2,Honor,Honor X7,ignjat,2022-06-21 03:54:00,"kakav je telefon, baterija jel drži dugo?"
https://mobilnisvet.com/mobilni-komentari/9873/Honor/X7/2,Honor,Honor X7,DR,2022-06-16 14:03:00,"Kakav je ovaj telefon, da li neko ima iskustva sa njim?"
https://mobilnisvet.com/mobilni-komentari/8714/Honor/50/2,Honor,Honor 50,Milos,2023-08-28 13:25:00,"Pozdrav,ja honor 50 koristim vec godinu dana i imam problem sa tim da u toku koriscenja aplikacije padajuci meni ne radi tako cisto,u toku video razgovora na whatsappu ili viberu nemoguce je koristiti neku drugu aplikaciju bez da telefon baguje,prilikom punjenja svaki 5.-6. put se desi da uopste nece da reaguje brzo punjenje i baterija se jako brzo trosi,kako god da se ovaj telefon koristi cisto sumnajm da bi trebalo da ima takvih problema za godinu dana koriscenja. govorim kao neko ko  u telefonu ima ukupno 4 apliakcije i nema sta toliko da ga usporava. da li jos neko ima takvih problema sa ovim telefonom?"
https://mobilnisvet.com/mobilni-komentari/8714/Honor/50/2,Honor,Honor 50,Sandra,2023-08-16 22:12:00,Šta mislite Honor 50 ili Honor magic 5 lite? Hvala 😊
https://mobilnisvet.com/mobilni-komentari/8714/Honor/50/2,Honor,Honor 50,Šone,2023-08-16 18:36:00,Zna li neko dali može sa ovog telefona preko hdmi adaotera da se gleda sadržaj na tv?
https://mobilnisvet.com/mobilni-komentari/8714/Honor/50/2,Honor,Honor 50,Šone,2023-08-16 18:35:00,"Telefon je odličan, lep, brz i bez bagova. Moje je mišljenje da je kamera mogla biti bolja. Baterija se brzo puni i dugo drži."
https://mobilnisvet.com/mobilni-komentari/8714/Honor/50/2,Honor,Honor 50,Alwksa,2023-07-09 01:31:00,"Imam problem telefon nece da se puni brzo Bec samo na običnom punjenje, resenje?, Možda zamena USB konektora?"
https://mobilnisvet.com/mobilni-komentari/8714/Honor/50/2,Honor,Honor 50,darko,2023-07-05 18:26:00,Meni preko ota na telefonu nema update-a ali na kompu preko honor suita ima ali neće da krene download 13-ce.
https://mobilnisvet.com/mobilni-komentari/8714/Honor/50/2,Honor,Honor 50,Dragan,2023-07-05 05:37:00,Meni android 13 još nije stigo a nekome jest kako ne znam
https://mobilnisvet.com/mobilni-komentari/8714/Honor/50/2,Honor,Honor 50,Honor,2023-07-04 17:52:00,Stigla 13😁😁😁
https://mobilnisvet.com/mobilni-komentari/8714/Honor/50/2,Honor,Honor 50,Boban,2023-06-26 17:48:00,Upravo stigla 13 -tica
https://mobilnisvet.com/mobilni-komentari/8714/Honor/50/2,Honor,Honor 50,B.,2023-06-07 19:10:00,Kad ce android 13?
https://mobilnisvet.com/mobilni-komentari/8714/Honor/50/2,Honor,Honor 50,Sandra,2023-05-29 12:47:00,"Imam 1 problem . Upaljena mi je lokacija i prenos podataka . Cesto se desava da mi blinka lokacija i izgubi mi se mreza , nema signala . Cim iskljucim lokaciju , mreza se vrati i telefon opet normalno radi ."
https://mobilnisvet.com/mobilni-komentari/8714/Honor/50/2,Honor,Honor 50,Boban,2023-05-26 20:24:00,4 folija se odlepljuje!!!
https://mobilnisvet.com/mobilni-komentari/8714/Honor/50/2,Honor,Honor 50,Boban,2023-05-26 20:24:00,Najbolje staklo za tel i gde kupiti
https://mobilnisvet.com/mobilni-komentari/8714/Honor/50/2,Honor,Honor 50,Boban,2023-05-22 14:13:00,Postoji li dostojn staklo za ovaj midel kao i za 70 da se neodlepi piske 7 dana sem ovih dobro izreklaniranih raznih folija koje su obicni dju re a koštaju
https://mobilnisvet.com/mobilni-komentari/8714/Honor/50/2,Honor,Honor 50,B.,2023-05-17 12:56:00,Stigla aprilska zakrpa
https://mobilnisvet.com/mobilni-komentari/8714/Honor/50/2,Honor,Honor 50,Marko,2023-04-26 00:05:00,"Telefon solidan,kamera katastrofa...."
https://mobilnisvet.com/mobilni-komentari/8714/Honor/50/2,Honor,Honor 50,Vejder,2023-04-25 12:52:00,"Pozdrav,sta je bolje Honor 50 8/256  ili nord 2t 8/128 posto je cena priblizna,sta se vise isplati?"
https://mobilnisvet.com/mobilni-komentari/8714/Honor/50/2,Honor,Honor 50,🇦🇷,2023-04-19 07:29:00,Sta mislite da li se isplati uzeti nov?
https://mobilnisvet.com/mobilni-komentari/8714/Honor/50/2,Honor,Honor 50,Update,2023-04-17 16:41:00,"Pozdrav, jel neko dobio ažuriranje na android 13? Inače proverite na prošlom update ovaj model je dobio 2gb raba sad je 8 + 2 honor turbo"
https://mobilnisvet.com/mobilni-komentari/8714/Honor/50/2,Honor,Honor 50,Đole,2023-04-10 13:22:00,"Pozdrav, da li još neko ima problema sa slanjem SMS-a?"
https://mobilnisvet.com/mobilni-komentari/8714/Honor/50/2,Honor,Honor 50,Vlada,2023-04-08 17:10:00,Honor 50 krš telefon
https://mobilnisvet.com/mobilni-komentari/8714/Honor/50/2,Honor,Honor 50,Marko,2023-03-27 10:11:00,"Imam problem sa telefonom Honor 50, dešava se sledece:"
https://mobilnisvet.com/mobilni-komentari/8714/Honor/50/2,Honor,Honor 50,Igor,2023-03-20 13:34:00,Napokon resili problem sa mehuricima.
https://mobilnisvet.com/mobilni-komentari/8714/Honor/50/2,Honor,Honor 50,Freya,2023-03-04 19:44:00,Ima li google play prodavnicu? Po specifikacijama mana mu samo sto nema slot za memorijsku.
https://mobilnisvet.com/mobilni/hmj2m/Honor/X8-5G,Honor,Honor X8 5G,Manda,2026-04-20 08:45:00,Ima memorijsku karticu i 1sim i radi odlično baterija 2 dana.
https://mobilnisvet.com/mobilni/hmj2m/Honor/X8-5G,Honor,Honor X8 5G,Peca,2022-08-21 20:55:00,"Jako dobar telefon softwer je kao na huawei uredjajima po malo modernizovan,kamera solidna ne i vrhunska u porodjenju sa mi redmi 10 pro mala beba xaomi ima bolju kameru 50x ali sve ostalo daje prednost ovom uredjau,baterija odlicna 2 dana lagano,lagan telefon atraktivnog izgleda,za te pare top telefon imam ga 15 dana sve pohvale za HONOR X8 bez aprosolutno i jednog baga."
https://mobilnisvet.com/mobilni/9894/Honor/Magic4-Lite,Honor,Honor Magic4 Lite,Naki,2025-08-29 12:18:00,"Moze poredjenje HonorMagic 7late 512 gb I Samsung A 56 256 koji je bolji, koristila sam do sad Oppo find 2xpro"
https://mobilnisvet.com/mobilni/9894/Honor/Magic4-Lite,Honor,Honor Magic4 Lite,miso,2023-10-24 21:29:00,honor magic 4 lite ili honor 90 lite-
https://mobilnisvet.com/mobilni/9894/Honor/Magic4-Lite,Honor,Honor Magic4 Lite,Zz,2023-06-14 01:05:00,Jel ima android 12 na ovom telefonu?
https://mobilnisvet.com/mobilni/9894/Honor/Magic4-Lite,Honor,Honor Magic4 Lite,Vuk,2023-06-03 23:18:00,Da li neko zna kakav je telefon za malo jače igrice
https://mobilnisvet.com/mobilni/9894/Honor/Magic4-Lite,Honor,Honor Magic4 Lite,Marko,2023-06-03 01:21:00,"Kakav je sa nadogradnjama, hoće li dobijati novije verzije androida i ako da, koje?"
https://mobilnisvet.com/mobilni/9894/Honor/Magic4-Lite,Honor,Honor Magic4 Lite,Михајло,2023-06-01 18:22:00,Pozdrav svima. Molim Vas za pomoć. Dvoumim se između Motorole G52 i Honor Magic 4 lite. Bio bih zahvalan ako bi neko odvojio vremena i pomogne.
https://mobilnisvet.com/mobilni/9894/Honor/Magic4-Lite,Honor,Honor Magic4 Lite,Ema,2023-04-22 12:29:00,"Ima li igde u Srbiji da se kupi ovaj fon a da nije 5g,jer jedino imaju honor magic 4 lite 5G koji je dosta skuplji a isti je?"
https://mobilnisvet.com/mobilni/9894/Honor/Magic4-Lite,Honor,Honor Magic4 Lite,Tribal,2023-03-29 02:39:00,Mene samo zanima da li ima neku zaštitu ekrana?
https://mobilnisvet.com/mobilni/9894/Honor/Magic4-Lite,Honor,Honor Magic4 Lite,marko 011,2023-03-22 20:28:00,da li honor magic 5 lite ima punjac
https://mobilnisvet.com/mobilni/9894/Honor/Magic4-Lite,Honor,Honor Magic4 Lite,Jana,2023-03-18 01:23:00,"Izuzetan telefon, u ovoj cenovnoj kategoriji. Dugo sam koristila saomi modele,zadnji x3 pro, ali od kako sam slucajno uzela ovaj jer mi je na x3 pro crkao ekran, prodisala sam. Izuzetno lepo i fluidno radi, baterija odlicna, punjac brz, ekran, velik, sa 120 hz. Svaka preporuka"
https://mobilnisvet.com/mobilni/9894/Honor/Magic4-Lite,Honor,Honor Magic4 Lite,Marko,2023-03-13 21:21:00,"Na kom vam je androidu uređaj, tj koliko je nadogradnji dobio?"
https://mobilnisvet.com/mobilni/9894/Honor/Magic4-Lite,Honor,Honor Magic4 Lite,Vlaja,2023-02-19 08:17:00,Da li ima signalnu lampicu za propustene pozive?
https://mobilnisvet.com/mobilni/9894/Honor/Magic4-Lite,Honor,Honor Magic4 Lite,Vladimir,2023-01-17 08:04:00,Ovaj model ili Realme 9 pro?
https://mobilnisvet.com/mobilni/9894/Honor/Magic4-Lite,Honor,Honor Magic4 Lite,Dak,2023-01-12 06:31:00,Da li je telefon dual sim?
https://mobilnisvet.com/mobilni/9894/Honor/Magic4-Lite,Honor,Honor Magic4 Lite,Daša,2023-01-08 15:00:00,"Može li pomoć, shvatila sam da ovaj telefon nema google play prodavnicu niti išta od google-a, kako funkcioniše, tipa mape, aplikacije, pretraga i slično? Ima adekvatna zamena ili? hVala!"
https://mobilnisvet.com/mobilni/9894/Honor/Magic4-Lite,Honor,Honor Magic4 Lite,MikiBg,2022-12-29 11:10:00,Bruka kakav telefon.radi brze od samsunga koji je duplo skuplji
https://mobilnisvet.com/mobilni/9894/Honor/Magic4-Lite,Honor,Honor Magic4 Lite,Slobodan,2022-12-27 23:09:00,Vivo Y76 5G ili Honor Magic4 Lite 6/128.Ista je cena.
https://mobilnisvet.com/mobilni/9894/Honor/Magic4-Lite,Honor,Honor Magic4 Lite,Anonimac,2022-12-27 14:44:00,Ovaj telefon ili samsung galaxy A32?
https://mobilnisvet.com/mobilni/9894/Honor/Magic4-Lite,Honor,Honor Magic4 Lite,Botta,2022-12-21 12:07:00,Treba mi savet ili pomoć. Novi Honor Magic4 Lite ili Redmi Note 11 Pro 5G?
https://mobilnisvet.com/mobilni/9894/Honor/Magic4-Lite,Honor,Honor Magic4 Lite,Ogi,2022-12-21 11:15:00,Ovaj ili Honor 50 lite?
https://mobilnisvet.com/mobilni/9894/Honor/Magic4-Lite,Honor,Honor Magic4 Lite,Bojan,2022-12-16 22:24:00,"Interesuje me, nisam previse strucan ali se lomim izmedju honor 4 lite magic, vivo y35 i samsung a33 5g? Ko bi mogao da mi pomogne da odaberem najbolji telefon od ova tri i zbog cega mislite da je u prednosti ta opcija?"
https://mobilnisvet.com/mobilni/9894/Honor/Magic4-Lite,Honor,Honor Magic4 Lite,Ilija,2022-12-04 14:46:00,"Kad stiže nadgradnja softvera na Magic 6 sistem, na ovom telefonu.poz"
https://mobilnisvet.com/mobilni/9894/Honor/Magic4-Lite,Honor,Honor Magic4 Lite,Ivan,2022-11-27 23:13:00,"Gde se gasi Nfc, ne nadjoh nigde."
https://mobilnisvet.com/mobilni/9894/Honor/Magic4-Lite,Honor,Honor Magic4 Lite,Jiiki,2022-11-22 20:56:00,"Odličan telefon, posle mnogo godina na saomiju, emui mi legao kao banja. Prilicno brz, lep, veliki ekran,dovoljno rama, i za ove pare odlicna kupovina."
https://mobilnisvet.com/mobilni/9955/Honor/70,Honor,Honor 70,Aleksa,2026-07-17 10:04:00,Stiglo azuriraje za jun 2026 aaaaaaaa.
https://mobilnisvet.com/mobilni/9955/Honor/70,Honor,Honor 70,Zare,2026-07-03 15:19:00,"Sve ok, ali cim sam malo duze na drustvenim mrezama greje kao lud. Npr. kad sam na YouTube ne greje ali sve ostalo toliko greje da zamrači ekran. To je tako već par meseci. Ukoliko bih ga menjao, sta mi preporucujete? Ne pratim vise kao pre."
https://mobilnisvet.com/mobilni/9955/Honor/70,Honor,Honor 70,Babin,2026-06-25 14:04:00,Kupio zeni kad se pojavio i jos radi kao nov svaka cast za Honor 70
https://mobilnisvet.com/mobilni/9955/Honor/70,Honor,Honor 70,Vlasnik 70,2026-05-11 22:11:00,Ramovi telefona dal su metalni ili plastici??Inace telefon je exstra
https://mobilnisvet.com/mobilni/9955/Honor/70,Honor,Honor 70,Nemke,2026-02-26 08:31:00,Jel imate problem sa dometom u poslednja dva meseca?
https://mobilnisvet.com/mobilni/9955/Honor/70,Honor,Honor 70,Aleksandar,2026-01-13 19:17:00,Upravo stigao abdejt 250mb zakrpa sistema za novembar 2025god. Sad da li je ro poslednja ili ce biti kasnije i neka za januar 26 to neznam.
https://mobilnisvet.com/mobilni/9955/Honor/70,Honor,Honor 70,M,2026-01-05 06:48:00,Koliko vidim ovaj telefon je završio sa bilo kakvim azuriranjem?
https://mobilnisvet.com/mobilni/9955/Honor/70,Honor,Honor 70,Nikola,2025-12-02 23:46:00,"Imam problem, kada iz liste pozivanih brojeva, kliknem na neko ime, zna u 50% slučajeva da okrene broj bez početne nule i tada dobijem sekretaricu: ""broj nije u planu numeracije"". Nekada okrene normalno, nekada se desi ovo. Pa onda moram da otvorim na karakteristike kontakta i odatle mi normalno pozove. Veoma me to iritira. Pokušao sam da prepravim broj kontakta i u format +38106 i u 06... Opet isto. Postoji li način to da sredim? Da li je to inače normalno?"
https://mobilnisvet.com/mobilni/9955/Honor/70,Honor,Honor 70,Aleksandar,2025-09-23 08:13:00,Upravo stigao abdejt 250mb bezbednosna zakrpa za avgus.
https://mobilnisvet.com/mobilni/9955/Honor/70,Honor,Honor 70,M,2025-08-26 21:27:00,Upravo stigao update
https://mobilnisvet.com/mobilni/9955/Honor/70,Honor,Honor 70,Dejan Lo,2025-08-13 16:29:00,Jel više za Honor 70 nema više novih ažuriranja.Mislim neće dobijati-stizati više
https://mobilnisvet.com/mobilni/9955/Honor/70,Honor,Honor 70,Tina,2025-08-03 10:02:00,"Pozdrav, pukao mi je ekran, telefon za sada radi normalno. U servisima traže od 10000-24000."
https://mobilnisvet.com/mobilni/9955/Honor/70,Honor,Honor 70,VD,2025-05-20 15:03:00,Stigao novi update. 👋
https://mobilnisvet.com/mobilni/9955/Honor/70,Honor,Honor 70,dragan,2025-05-16 20:04:00,"Pozdrav... imam honor x8b i sve je ok , ali me nervira i ne znam kako da resim problem, a nisam neki strucnjak za ovu tehniku, kada sam nedostupan i neko me pozove, onda kasnije dobijem poruku mts operatera o propustenom pozivu, u toj poruci je naveden broj toga ko me zvao, ali ja ne mogu kao na mnogim drugim telefonima da otvorim tu poruku i kliknem na taj broj, pa ako ga imam umemorisanog telefon prepozna, ako ne samo ostane broj... ima li neko resenje za ovo? hvala unapred..."
https://mobilnisvet.com/mobilni/9955/Honor/70,Honor,Honor 70,Nikola,2025-04-29 17:51:00,Kakvo vam je stanje sa punjačem i baterijom posle dve godine? Meni sve gore. Punjač često neće brzo da puni. A baterija jedva izdrži 3-4 sata SOT. Imam utisak da je posle ažuriranja sve otislo na gore.
https://mobilnisvet.com/mobilni/9955/Honor/70,Honor,Honor 70,Branko,2025-04-27 10:05:00,"Pozdrav. Desava li se nekom da kada se javim na sagovornik me ne cuje prvih 4-5 sekundi, a posle sve normalno?"
https://mobilnisvet.com/mobilni/9955/Honor/70,Honor,Honor 70,Mirko,2025-04-18 23:13:00,"Postoji li opcija zamene baterije ? Znam da je integrisana. Ne bih da ga menjam, ali je baterija osetno oslabila."
https://mobilnisvet.com/mobilni/9955/Honor/70,Honor,Honor 70,Stefan,2025-04-12 12:05:00,Trenutno koristim Honor magic 7lite ali baterija i sam telefon nisam bas zadovoljan imam ponudu da zamenim ovaj sa honorom 70 koji je 1.5 god star
https://mobilnisvet.com/mobilni/9955/Honor/70,Honor,Honor 70,Nemke,2025-03-30 21:25:00,"Kako ste zadovoljni poslednjim ažuriranjima? Meni deluje da telefon radi brže i bolje. Možda mi se samo čini, pa rekoh da vidim kako se ostalima cini"
https://mobilnisvet.com/mobilni/9955/Honor/70,Honor,Honor 70,Huawei user,2025-03-23 10:51:00,Odličan telefon. Kupio ga ženi prije vise od 2 godine radi odlično od prvog dana. Pogotovo nakon update na Magic 8.
https://mobilnisvet.com/mobilni/9955/Honor/70,Honor,Honor 70,nemke,2025-03-12 09:38:00,postoji li opcija podele ekrana na dva dela?
https://mobilnisvet.com/mobilni/9955/Honor/70,Honor,Honor 70,M,2025-02-21 16:31:00,Stigla bezbedonosna zakrpa za februar
https://mobilnisvet.com/mobilni/vlx0b/Honor/X7a-Dual-SIM,Honor,Honor X7a,Tomka,2025-04-23 10:00:00,Telefon u garanciji do kraja god.a vec ga dva puta saljem na popravku.Ne mogu dobiti novi jer je proslo 6mesrci .Uopste  nisam zadovoljna.
https://mobilnisvet.com/mobilni/vlx0b/Honor/X7a-Dual-SIM,Honor,Honor X7a,Dejan,2024-10-05 14:36:00,Izasao je android 14 i magic UI 8. Da bi uspesno azuzirali sistem morate izvaditi sim karticu i tek onda potraziti azuriranja. Jer kad je sim unutra nece naci update.
https://mobilnisvet.com/mobilni/vlx0b/Honor/X7a-Dual-SIM,Honor,Honor X7a,Lana,2024-09-16 08:57:00,"Stariji clan porodice je isao da produzi ugovor kod operatera i ponudili mu ovaj telefon, na šta je on pristao da izneneadi mene, jer je čuo da planiram promenu telefona u skorije vreme. Inače on nikada nije koristio smartfon i sve te, kako ih zove, ""tacne"" su mu iste. Sad, mene zanima jel ovo okej telefon za svakodnevnu upotrebu? Sebe ne smatram preterano zahtevnim korisnikom. Pozivi, poruke, mejl, browsing, Viber, WhatsApp, YouTube, Dailymotion, Pinterest, Moonreader i jos par aplikacija.  Recenzije koje sam našla nisu baš dobre, spor, loš procesor, rezolucija, zvuk, kamera itd. Koliko se sećam, ni moj sadašnji Galaxy A20e nije bio nešto po recenzijama,  a sasvim fino mi poslužio evo već peta godina, tako da me i za ovaj više zanimaju utisci ljudi koji ga svakodnevno koriste."
https://mobilnisvet.com/mobilni/vlx0b/Honor/X7a-Dual-SIM,Honor,Honor X7a,CommentBoy,2024-04-29 22:50:00,Jako dobar telefon a nije ni toliko skup.
https://mobilnisvet.com/mobilni/vlx0b/Honor/X7a-Dual-SIM,Honor,Honor X7a,Mikelis,2024-04-25 06:16:00,Telefon extra za ulozeni novac
https://mobilnisvet.com/mobilni/vlx0b/Honor/X7a-Dual-SIM,Honor,Honor X7a,Krle,2024-02-25 16:38:00,Odlican telefon i jako izdrzljiva bateija.
https://mobilnisvet.com/mobilni/vlx0b/Honor/X7a-Dual-SIM,Honor,Honor X7a,Shone,2023-12-24 02:36:00,Honor X7A ili Poco m5?
https://mobilnisvet.com/mobilni/vlx0b/Honor/X7a-Dual-SIM,Honor,Honor X7a,Kako prebaciti jezik,2023-12-21 17:16:00,Kako da prebacim sa nemackog na srpski
https://mobilnisvet.com/mobilni/vlx0b/Honor/X7a-Dual-SIM,Honor,Honor X7a,Mrkota,2023-12-09 12:03:00,Android 13?
https://mobilnisvet.com/mobilni/vlx0b/Honor/X7a-Dual-SIM,Honor,Honor X7a,Saki,2023-12-05 22:13:00,Svugde u podacima piše baterija
https://mobilnisvet.com/mobilni/vlx0b/Honor/X7a-Dual-SIM,Honor,Honor X7a,Miljan,2023-12-05 08:14:00,"Hoce li dobiti azuriranje na magic ui 7,i android 13? Za x7 znam da hoce ali za x7a neznam,ako neko zna - HVALA"
https://mobilnisvet.com/mobilni/vlx0b/Honor/X7a-Dual-SIM,Honor,Honor X7a,Joka,2023-11-18 17:23:00,Ima li Play prodavnicu?
https://mobilnisvet.com/mobilni/vlx0b/Honor/X7a-Dual-SIM,Honor,Honor X7a,Novi Korisnik,2023-11-14 20:28:00,Kupio sam ovaj telefon pre nedelju dana
https://mobilnisvet.com/mobilni/vlx0b/Honor/X7a-Dual-SIM,Honor,Honor X7a,Cole,2023-11-09 14:56:00,"Telefon je jako loš, dodati 50e i kupiti nesto bolje od xiaomi-ja. Izbegavati u širokom luku."
https://mobilnisvet.com/mobilni/vlx0b/Honor/X7a-Dual-SIM,Honor,Honor X7a,Nebitno ime,2023-10-03 09:11:00,"E ovako kupio sam telefon juče u radnji,platio sam ga 180€ baterija je lošija nego što piše ne može da izdrži ni ceo dan,ja koristim društvene mreže i yt,tt igram 1 slabu igricu malo i jednu malo zahtevniju ali ne po ceo dan nego sat,dva dnevno,igrice ne rade lepo nego seckaju što nije bio slučaj na prošlom modelu honor 20 lite,što se tiče ostalog kamere solidne,punjač koji se dobija uz njega puni za sat vremena možda malo više,eto jedina zamerka je baterija koja nije toliko dobra kao što piše,telefon je za nekog prosečnog korisnika što kod mene nije slučaj ja sam malo zahtevniji ali svakako je bolji od prošlog modela za nijansu.."
https://mobilnisvet.com/mobilni/vlx0b/Honor/X7a-Dual-SIM,Honor,Honor X7a,HonorMagicMoments,2023-09-28 22:56:00,Dodjite u fb grupu @HONOR Fans Srbija & ROW  da razmenjujemo iskustva.
https://mobilnisvet.com/mobilni/vlx0b/Honor/X7a-Dual-SIM,Honor,Honor X7a,Marko,2023-09-23 10:07:00,Da li uz telefon ide punjac ili se kupuje nezavisno?
https://mobilnisvet.com/mobilni/vlx0b/Honor/X7a-Dual-SIM,Honor,Honor X7a,Dejan,2023-09-22 08:16:00,Razmišljam honor x6 a ili x7a kada ih uporedim uglavnom je tu sve slično pa i cena.
https://mobilnisvet.com/mobilni/vlx0b/Honor/X7a-Dual-SIM,Honor,Honor X7a,Maja,2023-09-19 02:24:00,"Kamera je ocajna, uzas. Jedino na ovom telwfonu ato vredi je baterija koja stvarno izdrzi dva dana, brzina onako, msm za 4g rama solidna, ali kamera je uzaaaaaas."
https://mobilnisvet.com/mobilni/vlx0b/Honor/X7a-Dual-SIM,Honor,Honor X7a,Vojo,2023-09-18 20:27:00,Koji uzeti x7a ili x6a. Hvala.
https://mobilnisvet.com/mobilni/vlx0b/Honor/X7a-Dual-SIM,Honor,Honor X7a,HonorX7a,2023-08-21 19:19:00,"Ovaj model koristim tek od jutros i evo posle 10tak sati aktivnog koriscenja sam prijatno iznenadjen, baterija je od 9 jutros do 19 uvece pala samo za oko 30%, radi sasvim ok bez bagova i fluidno, razgovori jasni, drustvene mreze super, kamere nisam jos testirao kao i zvucnik. Fin telefon. Cisto da kazem da sam pre ovog koristio Motorolu edge 40 koju sam prodao jer je propast sa baterijom i nije nista posebno. Ljudi ne bacajte pare na skupe telefone."
https://mobilnisvet.com/mobilni/vlx0b/Honor/X7a-Dual-SIM,Honor,Honor X7a,Slavko,2023-08-14 15:15:00,"Za ulozeno je odlican, slazem se sa komentarima za samsung. Samo sminka i nista vise. Honor ili Huawei rade tecno i fluidno. Oces bolji kupi skuplji. Nosim Nova 10 srednja klasa al telefon kida. Opet ima i ona ko sta voli i na sta je navikao."
https://mobilnisvet.com/mobilni/vlx0b/Honor/X7a-Dual-SIM,Honor,Honor X7a,Pedja,2023-08-12 12:28:00,Treba mi pomoć oko podešavanja kad gledam snimke i na viberu kada uključim kameru ne vidi se nista sve mutno nejasno!
https://mobilnisvet.com/mobilni/vlx0b/Honor/X7a-Dual-SIM,Honor,Honor X7a,barac baki,2023-08-08 10:09:00,nema led sezor za obaveštenja. to mu je mana. sad ga imam ali niikad više. honor X7a.
https://mobilnisvet.com/mobilni/v2d/Honor/X7b,Honor,Honor X7b,Boris,2025-12-12 21:41:00,"Ovaj telefon sam na brzinu kupio jer sam prethodni slomio. Znam da ne jeftin i da ne mogu čudo da očekujem, ali ovo je najsporiji telefon koji sam ikad imao i ne bih ga preporučio. Za jednostavne stvari mi treba vremen kao da je večito uspavan."
https://mobilnisvet.com/mobilni/v2d/Honor/X7b,Honor,Honor X7b,Mato,2025-01-18 16:17:00,Da li Honor X7b ima žirokompas?
https://mobilnisvet.com/mobilni/v2d/Honor/X7b,Honor,Honor X7b,Milenko,2025-01-18 12:30:00,Ima li smisla ovaj telefon pored 200 smart ili x8b-slicne su cene
https://mobilnisvet.com/mobilni/v2d/Honor/X7b,Honor,Honor X7b,Vesna,2024-11-21 00:12:00,Kako restarovati telefon ili ugasiti? Nigde me mogu da nađem a na dugme sa desne strane neće.
https://mobilnisvet.com/mobilni/v2d/Honor/X7b,Honor,Honor X7b,Jorgos,2024-11-17 20:27:00,"Kada se malo stariji,štedljivi ali kvalitetni procesori SD 695, SD 680 i SD 778 upare sa dobro odrađenim softverom, dobija se skroz dobra kombinacija kao ovde kod X7b gde sve klizi u zadovoljavajućoj brzini. Ekran čitak,svetao,zvuk jasan i glasan,kamere dobre. Preporuka da ne čitate bezvezne komentare i da za sića lovu kupite baš ok telefon."
https://mobilnisvet.com/mobilni/v2d/Honor/X7b,Honor,Honor X7b,Nebojsa,2024-11-12 15:51:00,"Stvarno ne znan cenu ovolike negativne reakcije - baterija vise nego dobra, fotografije sasvim pristojne, vidljivost ekrana vise nego dobra (na moje iznenadjenje), sve radi prilicno tecno... . Tesko da za 15-18000 ima nesto bolje. Sad, ako je neko ocekivao iphone za ove pare, neka slobodno pise negativne komentare! Moja preporuka za ovaj telefon."
https://mobilnisvet.com/mobilni/v2d/Honor/X7b,Honor,Honor X7b,marko,2024-10-17 10:21:00,posle mesec dana koriscenja ocena 4 sasvim solidan telefon lepog izgleda i boje za coveka koji shvata da za ovaj novac ne kupuje spejs satl vec telefon neke srednje nize klase
https://mobilnisvet.com/mobilni/v2d/Honor/X7b,Honor,Honor X7b,Zexon,2024-09-07 14:02:00,Da li je na ekranu već zalepljena zaštitna folija?
https://mobilnisvet.com/mobilni/v2d/Honor/X7b,Honor,Honor X7b,Goran,2024-07-08 15:29:00,Uzeo tel.pre 7 dana telefon je vrh za te pare cak i kamera je dobra
https://mobilnisvet.com/mobilni/v2d/Honor/X7b,Honor,Honor X7b,Tamara,2024-05-15 20:20:00,Telefon kupljen uglavnom radi igrica. Pubg gyroscope ne radi. Nemojte se zeznuti i kupiti kao ja. Pozz
https://mobilnisvet.com/mobilni/v2d/Honor/X7b,Honor,Honor X7b,123,2024-02-27 00:32:00,Nista posebno sem stereo zvuka ako je to uopste posebno i sto za dinar dobijete slusalice. Ali nema punjaca nema maske i verzija je 6/128. Imao sam tehno pova 5 nfc i iskreno pokajao sam se sto sam prodao taj kupio ovaj
https://mobilnisvet.com/mobilni/v2d/Honor/X7b,Honor,Honor X7b,Aleksa,2024-02-17 22:02:00,Da li u pakovanju dolazi i maska ?
https://mobilnisvet.com/mobilni/v2d/Honor/X7b,Honor,Honor X7b,Motorola forever,2024-02-08 11:56:00,"Ali ipak možda probam ovaj...jel zna neko,ima 2 sim + mem.kartica ili ako stavim mem.karticu,ostaje samo 1 sim? Hvala!!!"
https://mobilnisvet.com/mobilni/v2d/Honor/X7b,Honor,Honor X7b,Boki,2024-01-24 18:20:00,"Jaka baterija, stereo zvucnici. Ima li kobovaj telefon?"
https://mobilnisvet.com/mobilni/x24/Honor/X6a,Honor,Honor X6a,Vasilije,2025-06-29 13:27:00,Ja imam ovaj telefon ponekad gličuje ali dobra je cena
https://mobilnisvet.com/mobilni/x24/Honor/X6a,Honor,Honor X6a,Vladimir Pavićević,2025-02-18 15:46:00,"Imam ovaj telefon već godinu i sasvim je solidan za te pare.... Telefon je samo za osnovno i manje zahtevno... Neke od mana su mu kamera koja je mogla biti bolja, zvučnik koji je mogao biti i glasniji i to što dosta baguje.... Čak i kada koristim fejsbuk mesindžer za slanje poruka desi se da se tastatura pojavi i nestaje sama od sebe... Ponekad zabaguje toliko da ga jedva restartujem znači ne mogu ništa da uradim... Ako se pokrene neka malo zahtevnija aplikacija odmah izbacuje i neće da učita... Znači za zvanje, slanje poruka i neke osnovne stvari tj. Za prosečnog korisnika je dobar... Nije za igrice ili zahtevne aplikacije... Kol'ko para tol'ko muzike...."
https://mobilnisvet.com/mobilni/x24/Honor/X6a,Honor,Honor X6a,Realno,2025-01-25 01:18:00,Samo jedna rijec. Kamera mu je losa.
https://mobilnisvet.com/mobilni/x24/Honor/X6a,Honor,Honor X6a,Dzoni,2024-05-16 17:58:00,"Jako skorman telefon,samo za osnovnije stvari,veoma je spor.kupio sam caletu fon a on koristi samo za osnovno i to mu radi posao."
https://mobilnisvet.com/mobilni/x24/Honor/X6a,Honor,Honor X6a,Damir,2024-05-05 08:10:00,"Razmišljam kupiti ovaj mobitel, zanima ima li skener? Sada koristim samsung A71 i odlicno me služi ali baterija nakon 2.5 godine ne sluzi vise. Moze li misljenje, jel bolje kupit novu bateriju ili mob?"
https://mobilnisvet.com/mobilni/x24/Honor/X6a,Honor,Honor X6a,W,2024-04-28 09:39:00,"Ne pamtim da sam na nekom telefonu proveo ovoliko vremena pojacavajuci i utisavajuci zvuk. Ucim jezike na Duo lingu, skoro svaki glas ima razlicitu jacinu. Kada zvoni telefon, poplasi sve u kancelariji, od nekog distorziranja zvuka...tu sam zaobisao neke sitnije mane telefona...Imao sam pre ovog telefona Xiaomi 10c, koji je otkazao posle 13m i bio bi u garanciji da jedna prodavnice u Balkanskoj u Bg-u izdaju fiskalne racune, kao sto ne cine, a poreska za to ne zna. LM je bio kudikamo bolji telefon, a kad pogledam specifikacije, trebalo bi da su tu negde. Jedino mi je kamera bolja kod Honora. Sve u svemu, zaobidjite ovaj telefon i dodajte koji dinar vise za nesto bolje, da se ne zeznete kao ja. Pritom uopste nisam zahtevan korisnik, ne igram igrice i to. Pozdrav"
https://mobilnisvet.com/mobilni/x24/Honor/X6a,Honor,Honor X6a,Taki,2024-02-19 14:14:00,"Nikako da kloniram podatke sa komšijinog starog telefona Honor 8a, na novi službeni Honor X6a."
https://mobilnisvet.com/mobilni/x24/Honor/X6a,Honor,Honor X6a,Tamo neko,2024-01-03 19:04:00,Sasvim ok telefon za ovaj novac
https://mobilnisvet.com/mobilni/x24/Honor/X6a,Honor,Honor X6a,Mikica,2023-12-29 14:27:00,Da li ima slot za memorijsku karticu?
https://mobilnisvet.com/mobilni/x24/Honor/X6a,Honor,Honor X6a,Zoki,2023-12-28 08:12:00,"Pozdrav, ljudi! Interesuje me da li ima Google podršku? Treba mi detetu za školu, pa... Hvala unapred!"
https://mobilnisvet.com/mobilni/x24/Honor/X6a,Honor,Honor X6a,Milica uwu,2023-12-02 21:19:00,To je dex rock telefon
https://mobilnisvet.com/mobilni/x24/Honor/X6a,Honor,Honor X6a,Ljuba,2023-10-15 19:18:00,"Telefon je odličan,bez ikakvih mana,prelepog izgleda i oblika,a velika prednost je što dolazi sa instaliranim Android 13 ."
https://mobilnisvet.com/mobilni/x24/Honor/X6a,Honor,Honor X6a,Milan,2023-08-27 14:04:00,"Telefon sam kupio u Mts za dete. Skroman telefon po niskoj ceni. Radi sve kako treba za sada. Baterija je ok. Za taj novac, lepo izgleda. Koliko para toliko muzike."
https://mobilnisvet.com/mobilni/x24/Honor/X6a,Honor,Honor X6a,Wax,2023-08-22 02:37:00,"Pozdrav, da li ovaj model ima u opcijama dupli tap za ""budjenje ekrana""? Tzv double tap to wake?"
https://mobilnisvet.com/mobilni/x24/Honor/X6a,Honor,Honor X6a,Nenad,2023-08-11 21:24:00,Uzeo sam ga čim se pojavio u prodaji skroman telefon ništa posebno što bi se reklo koliko para toliko muzike. Pohvale za dizajn u plavoj boji i bateriju za tu cenu sasvim korektno.
https://mobilnisvet.com/mobilni/bk4/Honor/70-Lite,Honor,Honor 70 Lite,Vito,2023-09-14 22:26:00,Očajno - ekran i softver bagovit. Zaobići svakako.
https://mobilnisvet.com/mobilni/dd4/Honor/Magic6-Lite,Honor,Honor Magic6 Lite,Nina,2026-06-25 22:02:00,"Imam taj telefon 2 godine i sad je kao kad sam ga kupila, zadovoljna sam sa honorima i neću ih menjati. Inače ovo mi je treći telefon honor a učitava brzo sve, padao mi je više puta sve normalno radi nigde ogrebotine nema."
https://mobilnisvet.com/mobilni/dd4/Honor/Magic6-Lite,Honor,Honor Magic6 Lite,Maja,2026-05-26 11:06:00,"Pozdrav, da li neko zna šta može biti, snimak ekrana nemoguć zbog  skladista memorije. U oitanju lhonor magic 6 a slobodne memorije. 50 % pobrisala keš i sve sto sam mogla."
https://mobilnisvet.com/mobilni/dd4/Honor/Magic6-Lite,Honor,Honor Magic6 Lite,Neđo,2026-03-19 07:33:00,Znali neko dal ce honor magic 6 dobiti android 16.
https://mobilnisvet.com/mobilni/dd4/Honor/Magic6-Lite,Honor,Honor Magic6 Lite,Dejan Nikolajević,2025-11-24 15:48:00,Koji telefon da uzmem u mts posle ovoga da ima nešto bolju kameru a da bude u istom cenovnom rangu?
https://mobilnisvet.com/mobilni/dd4/Honor/Magic6-Lite,Honor,Honor Magic6 Lite,Marija,2025-11-20 05:32:00,Ovaj 5g ili x8c..koji je bolji..uzela bih preko provajdera..mala je razlika u ceni na rate ?
https://mobilnisvet.com/mobilni/dd4/Honor/Magic6-Lite,Honor,Honor Magic6 Lite,emix,2025-11-10 09:49:00,pozdrav
https://mobilnisvet.com/mobilni/dd4/Honor/Magic6-Lite,Honor,Honor Magic6 Lite,R,2025-10-27 14:01:00,"Koliko vam pokazuje zdravlje baterije, ako ima neko ko koristi ovaj telefon bar godinu dana? 100% ili manje"
https://mobilnisvet.com/mobilni/dd4/Honor/Magic6-Lite,Honor,Honor Magic6 Lite,Vlada,2025-10-24 14:57:00,Ima li neko kakvu info sto se tice nadogradnje? Imam tel godinu dana i nisam jos nista azurirao jer vidim da je bas problem kada se azurirao! Ima li ko savet da li ili ne azurirati?!
https://mobilnisvet.com/mobilni/dd4/Honor/Magic6-Lite,Honor,Honor Magic6 Lite,Jovsnce,2025-08-23 13:42:00,I kad se podvuce da li je ovaj Telefon uspesan ili promasaj-da li ga treba razmatrati bilo Nov bilo polovan
https://mobilnisvet.com/mobilni/dd4/Honor/Magic6-Lite,Honor,Honor Magic6 Lite,Vojin Jovanović,2025-08-05 20:40:00,Ne mogu povezati telefon Honor medic 6 lige sa kupujem prodajem Hvala unapred
https://mobilnisvet.com/mobilni/dd4/Honor/Magic6-Lite,Honor,Honor Magic6 Lite,Vladan NP,2025-07-17 07:08:00,ima li zaštitno staklo pošto je zakrivljeni ekran?
https://mobilnisvet.com/mobilni/dd4/Honor/Magic6-Lite,Honor,Honor Magic6 Lite,Honor,2025-07-08 20:04:00,Imam problem sa kamerom sa aplikacije instagrama tokom snimanja i slikanja obavezno seca kamera kao usporen snimak a tokom slikanja potrebno je uraditi sliku 7-8 sekunde ne vredi da stalno čistim telefon ocigledno je ovo neki problem.
https://mobilnisvet.com/mobilni/dd4/Honor/Magic6-Lite,Honor,Honor Magic6 Lite,Tradtra,2025-06-15 21:29:00,"Mislio sam da samo xiaomi ima problema sa nadogradnjom,ali ovaj honor ih je usio i to debelo! Ako koristim viber duze od 15 minuta i to samo pisajuci poruke,teperatura ode na 42 stepene,ne mogu da vjerujem da neko moze ovoliko unistiti telefon,nije ni cudo da prodaju ovako mali broj telefona,a prije sam se pitao zasto,evo mi i odgovora,poluproizvod je honor u srednjoj klasi telefona,cak je i redmi telefon za ovo..."
https://mobilnisvet.com/mobilni/dd4/Honor/Magic6-Lite,Honor,Honor Magic6 Lite,X,2025-06-07 10:28:00,Ovaj telefon sada moze da se nadje za 160e
https://mobilnisvet.com/mobilni/dd4/Honor/Magic6-Lite,Honor,Honor Magic6 Lite,Nemanja,2025-06-02 20:56:00,"Cao ljudi, treba mi savet ko se dobro razume u telefone, kupio bih telefon do 200e, najbitnije mi je da ima bas izdrzljivu bateriju, koji bi to telefon bio?"
https://mobilnisvet.com/mobilni/dd4/Honor/Magic6-Lite,Honor,Honor Magic6 Lite,Saša,2025-05-14 14:36:00,Stigla 15!
https://mobilnisvet.com/mobilni/dd4/Honor/Magic6-Lite,Honor,Honor Magic6 Lite,Dragana,2025-04-25 10:33:00,"Dobar dan, htela bih da kupim telefon za oko 250 evra. Bitno mi je da je dobra baterija i kamera. Razmisljam mozda ovaj ili redmi note 13,  cini mi se da je zvuk na honoru losiji. Koji je bolji telefon? Ili mozda neki treci?"
https://mobilnisvet.com/mobilni/dd4/Honor/Magic6-Lite,Honor,Honor Magic6 Lite,Dexy,2025-04-15 12:55:00,"Pozdrav, može lo pomoć? Kada mi neko pošalje na msn link za klip na TikTok i kliknem na njega dobijem opciju otvori na TikTok. Kliknem i onda me pošalje na play prodavnicu umesto da otvori klip. Tamo imam opciju otvori i deinstaliraj. Kad kliknem otvori pusti sasvim neki drugi klip. Kako podesiti da otvara sa poslato linka na TikTok?"
https://mobilnisvet.com/mobilni/dd4/Honor/Magic6-Lite,Honor,Honor Magic6 Lite,Ja,2025-04-12 19:15:00,"Jedan extra stvarno  dobar telefon za ce u koju pripada.Baterija vrhunska, ekran vrhunski, sve glatko pici. Jedno zvuk nije stereo, ovako vrhunski aparat. Samsung neki modeli iz ove klase posle godinu seckaju trzaju ovde stvarno radi sve besprekorno. Honor odlican isplegan os i odlican brend."
https://mobilnisvet.com/mobilni/dd4/Honor/Magic6-Lite,Honor,Honor Magic6 Lite,Saki,2025-04-03 19:36:00,"Da li honor magic 6 lite podrzava ai eraser,i da li ce ga dobiti ako trenutno nema?Pozdrav"
https://mobilnisvet.com/mobilni/dd4/Honor/Magic6-Lite,Honor,Honor Magic6 Lite,Tradtra,2025-03-29 19:20:00,"Hvala honoru na azuriranju,jako mi puno znaci sigurnosna zakrpa za mart,nisam oka sklopio dok je nisam dobio... Hvala jos jednom,sada mirno spavam! Sada i nikada vise honor,ovo je jedini telefon na kojem necu dobiti niti jednu veliku nadogradnju softvera,dosao je sa prastarim androidom 13 i posle par mjeseci dobio stari android 14 sa kojim je morao doci iz kutije... Jos jednom hvala i nikada vise honor!"
https://mobilnisvet.com/mobilni/dd4/Honor/Magic6-Lite,Honor,Honor Magic6 Lite,*****,2025-03-22 11:33:00,"Odličan telefon, koristim ga par meseci. Radi kao prvog dana, brz, kamera odlična, baterija lagano 2 dana,a nekad skoro i 3."
https://mobilnisvet.com/mobilni/dd4/Honor/Magic6-Lite,Honor,Honor Magic6 Lite,Jovana,2025-03-12 23:33:00,"Zdravo, telefon kupljen danas uspela sam da prebacim sve sa starog telefona ali ne mogu da se registrujem na whats i viber, da li se još nekom dešavalo?"
https://mobilnisvet.com/mobilni/dd4/Honor/Magic6-Lite,Honor,Honor Magic6 Lite,Ana,2025-03-11 22:16:00,"Zdravo, danas sam kupila Honor magic 6 Lite, ali ne mogu da instaliram Instagram, piše da aplikacija neće raditi na mom uređaju. Da li će raditi kada budem prebacila podatke sa starog Huawei telefona? I da li se još neko susreo sa ovim? Hvala unapred!"
https://mobilnisvet.com/mobilni-komentari/dd4/Honor/Magic6-Lite/2,Honor,Honor Magic6 Lite,Milena,2025-03-08 20:47:00,"Da li neko ima problem da mu na aplikacijama (npr viber, whats app, poruke) ostaje notifikacija na ikonici (npr 1,2...) a poruke procitane?"
https://mobilnisvet.com/mobilni-komentari/dd4/Honor/Magic6-Lite/2,Honor,Honor Magic6 Lite,Vlada,2025-03-04 22:02:00,"Pozdrav koliko treba da bude vreme rada ekrana, na ovom telefonu, uz normalno koricenje?"
https://mobilnisvet.com/mobilni-komentari/dd4/Honor/Magic6-Lite/2,Honor,Honor Magic6 Lite,Maja,2025-02-27 08:37:00,"Telefon je teško s...., popunjen možda 30% jedva radi, puca sistem... Uvek sam koristila Samsung s klasu i kupim ovaj, ovo je blagi uzassss... Ovaj Samsung s21 i dalje radi kao sat, a ovaj nov pa ovo je hororrrrr. Znaci, nikad vise honor...."
https://mobilnisvet.com/mobilni-komentari/dd4/Honor/Magic6-Lite/2,Honor,Honor Magic6 Lite,Pozdrav svima,2025-02-15 22:59:00,"Magic 6 Lite 5G 8/256 ili Samsung A16 5G 8/256, šta je bolje kupiti ženskom detetu za rođendan (12) pošto sam ja operisan za ove stvari. Hvala unapred na odgovorima"
https://mobilnisvet.com/mobilni-komentari/dd4/Honor/Magic6-Lite/2,Honor,Honor Magic6 Lite,Mara,2025-02-13 12:50:00,"Ovaj ili honor magic 7 lite, koji ima bolju prednju kameru?"
https://mobilnisvet.com/mobilni-komentari/dd4/Honor/Magic6-Lite/2,Honor,Honor Magic6 Lite,",,,",2025-02-06 12:35:00,Da li mu smeta ako se puni na punjaču od Samsunga 15w?
https://mobilnisvet.com/mobilni-komentari/dd4/Honor/Magic6-Lite/2,Honor,Honor Magic6 Lite,Rasa,2025-02-01 08:02:00,Koju zastitu ekrana staviti na honor magic 6 lite?
https://mobilnisvet.com/mobilni-komentari/dd4/Honor/Magic6-Lite/2,Honor,Honor Magic6 Lite,Zoran,2025-01-31 18:27:00,"Kakav je ekran na Honor magic 6 lite? Imao sam Redmi note 11s i nosao ga bez folije, stakla, i ni ogrebotine 2 godine! A radim kao gipsa-moler i u đepu svega! Hvala"
https://mobilnisvet.com/mobilni-komentari/dd4/Honor/Magic6-Lite/2,Honor,Honor Magic6 Lite,MIroslava,2025-01-22 14:43:00,da li je neko kupovao punjac i kabal preko alija? Da ne zezne nesto?
https://mobilnisvet.com/mobilni-komentari/dd4/Honor/Magic6-Lite/2,Honor,Honor Magic6 Lite,Miroslava,2025-01-21 23:12:00,Koliko Vam treba da napunite mob od 10 do 100% i kojim punjačem?
https://mobilnisvet.com/mobilni-komentari/dd4/Honor/Magic6-Lite/2,Honor,Honor Magic6 Lite,K&A,2025-01-17 23:13:00,"Dobro vece ljudi.Ne radi poziv na cekanju,a ukljucen.Da li neko imao takav problem?"
https://mobilnisvet.com/mobilni-komentari/dd4/Honor/Magic6-Lite/2,Honor,Honor Magic6 Lite,Anka,2025-01-17 08:17:00,"Kupljen Honor 5 Band Fitness narukvica, nema šanse da je povežem sa telefonom, da li neko ima li neka fora nešto bilo šta..."
https://mobilnisvet.com/mobilni-komentari/dd4/Honor/Magic6-Lite/2,Honor,Honor Magic6 Lite,Jovan,2025-01-16 13:16:00,koliki vam je prosecan sot na ovom telefonu dok se baterija ne isprazni?
https://mobilnisvet.com/mobilni-komentari/dd4/Honor/Magic6-Lite/2,Honor,Honor Magic6 Lite,Rade,2025-01-16 09:13:00,Kablic koji je dosao uz telefon
https://mobilnisvet.com/mobilni-komentari/dd4/Honor/Magic6-Lite/2,Honor,Honor Magic6 Lite,Rade,2025-01-16 09:05:00,"Ma ne koristim a 55,S uzeo ovaj nov"
https://mobilnisvet.com/mobilni-komentari/dd4/Honor/Magic6-Lite/2,Honor,Honor Magic6 Lite,Rade,2025-01-15 22:37:00,Upotreba podataka se trosi a ugasen net ne kapiram kako
https://mobilnisvet.com/mobilni-komentari/dd4/Honor/Magic6-Lite/2,Honor,Honor Magic6 Lite,Rade,2025-01-15 22:35:00,Jel zna neko dami kaze kako da podesim brzo punjenje baterije novje telefon
https://mobilnisvet.com/mobilni-komentari/dd4/Honor/Magic6-Lite/2,Honor,Honor Magic6 Lite,dzoni,2025-01-10 16:12:00,da li koristiti kablic za punjenje koji dolazi uz njega ili onaj koji dolazi uz punjac?
https://mobilnisvet.com/mobilni-komentari/dd4/Honor/Magic6-Lite/2,Honor,Honor Magic6 Lite,Koky,2025-01-07 20:27:00,Da li bateriji pravi problem ako se ne puni original punjacem? Koristim Nokijin koji sam koristio i za Samsung A71. Punio ga je za oko sat ipo-2 (brzo punjenje) a Honoru treba 3 sata (bar tako pise). 🤨
https://mobilnisvet.com/mobilni-komentari/dd4/Honor/Magic6-Lite/2,Honor,Honor Magic6 Lite,b,2025-01-06 15:27:00,Ovaj ili redmi note 13 pro 4g?
https://mobilnisvet.com/mobilni-komentari/dd4/Honor/Magic6-Lite/2,Honor,Honor Magic6 Lite,Mihajlo,2025-01-05 22:53:00,Kada dobija Magic OS 9?
https://mobilnisvet.com/mobilni-komentari/dd4/Honor/Magic6-Lite/2,Honor,Honor Magic6 Lite,Vlada,2025-01-03 16:06:00,Da li još uvek Volte pravi problem sa slanjem poruka ili je rešeno nekim uplate?
https://mobilnisvet.com/mobilni-komentari/dd4/Honor/Magic6-Lite/2,Honor,Honor Magic6 Lite,C,2024-12-29 15:48:00,Cao ljudi Ugasio mi se fon jer je bio prazan palim ga na dugme za paljenje i od jednom nesto crveno se pojavi i odma se sklonilo i pise honor kao pali se sta je to moglo biti?
https://mobilnisvet.com/mobilni-komentari/dd4/Honor/Magic6-Lite/2,Honor,Honor Magic6 Lite,P,2024-12-25 12:44:00,Da li ćemo dobiti i mi na hm6lite telefonu nakon ažuriranja na android 15 više rama?
https://mobilnisvet.com/mobilni-komentari/dd4/Honor/Magic6-Lite/2,Honor,Honor Magic6 Lite,Мићо,2024-12-24 23:45:00,"Dobro veče ljudi pre neki dan gledao sam neki reels snimak na Intagramu imam ovaj Honor 6 lajt telefon, sa desne strane skroz desno crno samo na tom videu nigde više ide zelena linija pa crvena tako se menjaju pitao sam druga koji koristi Samsung poslao mu video kod njega ide samo crvena i za sekund se javlja zelena dok na akfonu nema nikakve ima ali nešto sitno sitno jedva se vidi do čega je problem i fal je to kvar hvala unapred"
https://mobilnisvet.com/mobilni-komentari/34pn3/Honor/X7a/2,Honor,Honor X7a,dovedimolopovenavlas,2023-08-03 05:37:00,"kupio sam tel. preko oglasa uzet u A1 (nov sa), za 100e i masku teracel za 500din extra, tanka i prijanja odlicno. Trajanje baterije mi je bitno ... super bro puni a i traje(brzi punjač u kutiji) .. sve onako radi solindo imao sam pre toga mate 20 lajt ovaj je brzi i bolje radi a u suštini to su slični telefoni (ovaj x7a deluje jače i izdržljivije). Što se tiče cene mislim da ne vredi više od 100e. Ima gogle servise. a postoji i honor prodavnica. Kamera je  solidna. Preporučujem instaliranje Adblock brosera - nema raklama . Android 12. Jedino se wifi malo sporije priključuje na mrežu - inače radi brzo. Sve u svemu to je to, površno. Završava sve za manje para."
https://mobilnisvet.com/mobilni-komentari/34pn3/Honor/X7a/2,Honor,Honor X7a,Jocky,2023-08-01 01:25:00,Da li ima Google play?
https://mobilnisvet.com/mobilni-komentari/34pn3/Honor/X7a/2,Honor,Honor X7a,Marko,2023-07-24 19:53:00,Kako da podesim dole strelice za vracanje unazad?
https://mobilnisvet.com/mobilni-komentari/34pn3/Honor/X7a/2,Honor,Honor X7a,Reks,2023-07-19 20:24:00,Nema s.maske
https://mobilnisvet.com/mobilni-komentari/34pn3/Honor/X7a/2,Honor,Honor X7a,Marijana,2023-05-19 12:55:00,"Honor x7a ili xiaomi redmi 10c?Koji uzeti, hvala..."
https://mobilnisvet.com/mobilni-komentari/34pn3/Honor/X7a/2,Honor,Honor X7a,Milica,2023-04-14 12:29:00,"Koji da uzmem, Honor X7a ili Xiaomi NOTE 11?"
https://mobilnisvet.com/mobilni-komentari/34pn3/Honor/X7a/2,Honor,Honor X7a,Marko,2023-04-14 09:05:00,Primećuje li se razlika što ekran nije full HD?
https://mobilnisvet.com/mobilni-komentari/34pn3/Honor/X7a/2,Honor,Honor X7a,Neko,2023-04-10 17:07:00,Da li Honor X7A ima lampicu da svetli za poruke i pozive?
https://mobilnisvet.com/mobilni-komentari/34pn3/Honor/X7a/2,Honor,Honor X7a,Zeka,2023-03-15 18:48:00,Je l ima Google play?
https://mobilnisvet.com/mobilni-komentari/34pn3/Honor/X7a/2,Honor,Honor X7a,Foca,2023-02-21 21:31:00,Jel moguce da ima toliko jaku bateriju od 6000ma?
https://mobilnisvet.com/mobilni-komentari/9955/Honor/70/2,Honor,Honor 70,Laki,2025-02-18 15:48:00,"Jel zna neko zašto se moj honor 70 ne puni kao pre za 20 minuta i sta mu je crklo pa nema vise brzo punjenje punjac nije sigurno probao sam, radi exstra al se puni oko 4 sata baterija drži ceo dan samo nemoze da se napuni  brzo dal servis ili da ga omlatim o beton ...."
https://mobilnisvet.com/mobilni-komentari/9955/Honor/70/2,Honor,Honor 70,VD,2025-02-07 13:18:00,Stigao novi update..
https://mobilnisvet.com/mobilni-komentari/9955/Honor/70/2,Honor,Honor 70,Bane,2025-01-20 06:03:00,"Odlican telefon, brzo punjenje, baterija drzi lepo,kamera je dobra, fluidan.,pre ovoga imao samsung a52s, jedina mana je samo jedan zvucnik"
https://mobilnisvet.com/mobilni-komentari/9955/Honor/70/2,Honor,Honor 70,Mata,2024-11-19 08:52:00,Kako da povežem honor 70 i smart tv lg
https://mobilnisvet.com/mobilni-komentari/9955/Honor/70/2,Honor,Honor 70,Ivan,2024-11-16 14:27:00,Pozdrav da li neko ima problem sa pregrevanjem telefona kad ga malo vise cackam bas se pregreje i krene da baguje malo?
https://mobilnisvet.com/mobilni-komentari/9955/Honor/70/2,Honor,Honor 70,Nenad,2024-11-10 03:12:00,Da li preći s ovoga na 200 pro ili sačekati još?
https://mobilnisvet.com/mobilni-komentari/9955/Honor/70/2,Honor,Honor 70,Boske,2024-11-08 21:59:00,Izvucite sim karticu iz telefona i nakon toga pokrenite ažuriranje telefona. Ima ažuriranje!
https://mobilnisvet.com/mobilni-komentari/9955/Honor/70/2,Honor,Honor 70,Honor user,2024-11-03 15:55:00,"Odličan telefon, imam ga 2 godine sve super radi. Dobio sam A14. Ekran mu je top."
https://mobilnisvet.com/mobilni-komentari/9955/Honor/70/2,Honor,Honor 70,M,2024-11-01 07:23:00,"Još nema nikakvog ažuriranja, kod vas?"
https://mobilnisvet.com/mobilni-komentari/9955/Honor/70/2,Honor,Honor 70,Aloha,2024-10-16 05:15:00,"Imam problem predpostavljam i drugi kada posaljem video koji je napravljem ovim telefonom (HONOR70) bilo kome na bilo koji telefon vidi se mutno bez obzira sto stavim hd kvalitet. Dok kod mene kada isti taj otvorim na honor 70 je super kvalitet. Slao to na fb, whatsapp ili viberu kvalitet nije isti"
https://mobilnisvet.com/mobilni-komentari/9955/Honor/70/2,Honor,Honor 70,David,2024-10-14 12:31:00,"Dobio azuriranje 14, telefon zverka, moze da se ""bije"" sa mnogo skupljim telefonima. Svaka preporuka"
https://mobilnisvet.com/mobilni-komentari/9955/Honor/70/2,Honor,Honor 70,VD,2024-10-01 23:50:00,"Da li je neko dobio bilo kakvo ažuriranje nakon Androida 14? Nakon Magic 8.0 nisam dobio ni jedno ažuriranje više, mislim na Security Patch.."
https://mobilnisvet.com/mobilni-komentari/9955/Honor/70/2,Honor,Honor 70,Miloš,2024-09-22 21:09:00,"Da li se nekome dešava da mu se telefon restartuje kad bude na punjaču? Meni da, možda jednom na 10 punjenja. Šta mi je činiti u tom slučaju?"
https://mobilnisvet.com/mobilni-komentari/9955/Honor/70/2,Honor,Honor 70,Darko,2024-08-27 11:12:00,Pozdrav drugari
https://mobilnisvet.com/mobilni-komentari/9955/Honor/70/2,Honor,Honor 70,Aleksandar,2024-08-15 12:27:00,zasto mi se greje honor 70 tipa za nekih 5 minuta se zagreje i posle nekog vremena kad ga koristim bukv bude vreo e sad dali je to neki kvar ili se i vama desava koji ga imate?
https://mobilnisvet.com/mobilni-komentari/9955/Honor/70/2,Honor,Honor 70,Aleksandar,2024-08-15 12:23:00,zasto mi se greje honor 70 zagreje se za 5 minuta i posle nekog vremena onako bude vreo? dali je to neki kvar?
https://mobilnisvet.com/mobilni-komentari/9955/Honor/70/2,Honor,Honor 70,Alex,2024-08-10 09:42:00,"Stiglo opet neko novo ažuriranje, verovatno da dodatno zakolje bateriju. Nek se nose vise i oni i azuriranja, svako ažuriranje klanje baterije i ram-a."
https://mobilnisvet.com/mobilni-komentari/9955/Honor/70/2,Honor,Honor 70,Boske,2024-08-04 08:46:00,"Posle ažuriranja telefon zna da zabode na 4,5 sekunde. Dugo sam istraživao u čemu je problem i na kraju sam primetio ram memorija od 8gb zauzeta je 5,3gb a da preostala memorija je 2.2gb. Da li neko od vas korisnika ovog telefona može da proveri kakva je situacija kod vas sa ram memorijom?"
https://mobilnisvet.com/mobilni-komentari/9955/Honor/70/2,Honor,Honor 70,Dejan Lo,2024-07-26 16:47:00,"Od kada je ažuriran softver,u podeševanju kamere ne može datum na slici da se napiše i ako je sve štiklirano kako treba."
https://mobilnisvet.com/mobilni-komentari/9955/Honor/70/2,Honor,Honor 70,Danijela,2024-07-19 12:36:00,Da li je neko imao problem sa jacinom zvuka pri razgovoru? Tiho se cuje iako je podeseno na max
https://mobilnisvet.com/mobilni-komentari/9955/Honor/70/2,Honor,Honor 70,Šone,2024-07-17 22:03:00,Šta uzeti Honor 70 ili Xiaomi 12?
https://mobilnisvet.com/mobilni-komentari/9955/Honor/70/2,Honor,Honor 70,Riki,2024-07-12 16:48:00,Imam honor 70 zadovoljan sam telefonom ali razmisljao sam da uzmem a55 samsung? Jel ima razlike neke i jel vredi uopste menjati?
https://mobilnisvet.com/mobilni-komentari/9894/Honor/Magic4-Lite/2,Honor,Honor Magic4 Lite,Nadja,2022-11-06 12:46:00,Da li ima led lampicu?
https://mobilnisvet.com/mobilni-komentari/9894/Honor/Magic4-Lite/2,Honor,Honor Magic4 Lite,Pavle,2022-10-13 21:43:00,"Vec 3 godine koristim Huawei P30 lite, vreme je da zanovim ali svi telefoni su jako poskupeli pa mi se ovaj cini ekonomski prihvatljivim. Bitna mi je korektna baterija i kamera. Kakav je ovaj u odnosu na P30 lite? Da li su mu bolje kamere? Da li je neko uzivo uporedjivao?"
https://mobilnisvet.com/mobilni-komentari/9894/Honor/Magic4-Lite/2,Honor,Honor Magic4 Lite,Vladimir,2022-10-09 04:59:00,Ovaj nov ili xiaomi mi 10 lite 5g Ne star 4 meseca?
https://mobilnisvet.com/mobilni-komentari/9894/Honor/Magic4-Lite/2,Honor,Honor Magic4 Lite,Maki,2022-09-21 14:21:00,Ovaj model ili honor x7 ili x8?
https://mobilnisvet.com/mobilni-komentari/9894/Honor/Magic4-Lite/2,Honor,Honor Magic4 Lite,Stf,2022-09-20 21:11:00,Imam trenutno Xiaomi redmi note 9 pro da li se isplati uzeti ovaj honor Magic 4 lite nakon Xiaomia?
https://mobilnisvet.com/mobilni-komentari/9894/Honor/Magic4-Lite/2,Honor,Honor Magic4 Lite,Dejan Nikolajević,2022-08-06 12:41:00,"Pozdrav dobri ljudi. Ističe ugovor u mts-u i treba da ga obnovim i uzmem drugi telefon. Po vama, da li ću biti zadovoljan sa Honor Magic4 lite, posle Samsung galaxy a71 koji sada imam? I još jedno pitanje: ima li Magic4 lite Google servise? Hvala unapred i oprostite na dužem postu."
https://mobilnisvet.com/mobilni-komentari/9894/Honor/Magic4-Lite/2,Honor,Honor Magic4 Lite,Nelle,2022-07-07 10:54:00,Ovaj macig 4 lite il  50 lite
https://mobilnisvet.com/mobilni-komentari/9894/Honor/Magic4-Lite/2,Honor,Honor Magic4 Lite,Mladen,2022-07-03 15:34:00,Ponovo se javljam posle tri nedelje korišćenja i testiranja telefona. Mogu vam reći da je stvarno dobar telefon a pogotovu za novac za koji se prodaje. Odličan....
https://mobilnisvet.com/mobilni-komentari/9894/Honor/Magic4-Lite/2,Honor,Honor Magic4 Lite,Marjan,2022-06-20 11:37:00,"Ovaj telefon ili Samsung Galaxy A52? Koji uzeti posto planiram promenu i koji je bolji. Pisite sve za kamere, procesor, baterija sve u poredjenju sa A52..."
https://mobilnisvet.com/mobilni-komentari/9894/Honor/Magic4-Lite/2,Honor,Honor Magic4 Lite,Mladen,2022-06-16 06:56:00,Telefon sam kupio pre neki dan pa da nešto kažem o njemu. Telefon se puni od 20% do 100% za 45 min a do 80% za 30 min. Kamere solidne u rangu sa huawei p40 lite u poredjenju sa njime brži za par procenata u testu.  Šta to znači? Ko lma p 40 lite onda dobro zna šta sam hteo da kažem. U prevodu znači p40lite sa googlom što je fantastično. Nadam se da će nekome ovo biti od koristi.
https://mobilnisvet.com/mobilni-komentari/9894/Honor/Magic4-Lite/2,Honor,Honor Magic4 Lite,Dragan,2022-06-15 12:45:00,Zasto neko ne napise da je telefon loš?!
https://mobilnisvet.com/mobilni-komentari/9894/Honor/Magic4-Lite/2,Honor,Honor Magic4 Lite,Aki,2022-05-30 18:54:00,Vredi li menjati novu 5t za ovaj?
https://mobilnisvet.com/mobilni-komentari/9894/Honor/Magic4-Lite/2,Honor,Honor Magic4 Lite,Dragan,2022-05-22 11:19:00,Ima da se kupi futrola?
https://mobilnisvet.com/mobilni-komentari/9894/Honor/Magic4-Lite/2,Honor,Honor Magic4 Lite,Sara,2022-05-21 13:37:00,Odlican telefon kamera baterija sve..
https://mobilnisvet.com/mobilni-komentari/9894/Honor/Magic4-Lite/2,Honor,Honor Magic4 Lite,Srecko,2022-05-16 21:02:00,Da li neko ima ovaj tel.i kakav je?
https://mobilnisvet.com/mobilni-komentari/8714/Honor/50/3,Honor,Honor 50,Honpr,2023-02-25 20:46:00,Telefon je vrhunski samo mu je mana baterija👍👍👍
https://mobilnisvet.com/mobilni-komentari/8714/Honor/50/3,Honor,Honor 50,Ševrolet kaptiva,2023-02-08 11:20:00,Telefon je broj 1 među telefonima od baterije memorije pa nadalje. Nema sta da dodam. Jer mana nema. Ga nijansu je honor 70 bolji zbog većeg ekrana a u suštini isti telefoni. Kamera je jako dobra nema zamerke i ako ne slikam puno. Brz i nikad ne koči puni se za 45 minuta do 100% od nule. Izdrži čitav dan Al da ga bas koristiš. Samsung jest dobar Al honor ga je prevazišao jedan je honor
https://mobilnisvet.com/mobilni-komentari/8714/Honor/50/3,Honor,Honor 50,Sanja,2023-02-08 09:07:00,"Koristim Honor 50 godinu dana i samo ću reći par stvari o njemu, možda nekome bude korisno. S' obzirom na moj posao gde koristim telefon i službeno i privatno i gde je isforsiran maksimalno, on radi ipak besprekorno. Trenutno u njemu pored fajlova, dokumenata imam i sigurno 15k fotografija i Honor 50 me nikada nije izdao. Nikada zakočio, zabrljao, usporio. Baterija izdrži dan lagano a sa mnom provede 80% vremena. Za redovne korisnike mora dobaciti i do dan i po :) Ko kaže da je slaba baterija taj ne koristi ovaj telefon :) Kada želim da ga dopunim to zaista bude brzinski. Za nekih pola sata otprilike on je već na 70% - savršeno brzo punjenje i odlična stvar da se ne čeka mnogo. Vizuelno takodje lep, fluidan, tanak, ekran jasan. Kamera na dnevnoj svetlosti sasvim ok ali ne može da se poredi naravno sa telefonima novije generacije. Kada je slabija osvetljenost dobijaju se mutnije slike i to je po meni jedina mana. Sve u svemu, kome kamera nije #1 a želi da ima lep telefon sa baterijom koja izgura više nego 90% telefona na tržištu od mene topla preporuka za ovaj telefon. :)"
https://mobilnisvet.com/mobilni-komentari/8714/Honor/50/3,Honor,Honor 50,Doktor,2023-02-06 18:40:00,Telefon je daleko bolji nego iphone
https://mobilnisvet.com/mobilni-komentari/8714/Honor/50/3,Honor,Honor 50,Shone,2023-01-13 09:28:00,Pozz svima! Dvoumim se izmedju honora 50 i pixel 6a telefona. Cene su im identicne.
https://mobilnisvet.com/mobilni-komentari/8714/Honor/50/3,Honor,Honor 50,Darko,2022-12-30 08:20:00,Stvarno mocan telefon. Jos mu nisam nasao manu.
https://mobilnisvet.com/mobilni-komentari/8714/Honor/50/3,Honor,Honor 50,Nesalomivi,2022-12-26 16:06:00,"Dvoumim se, honor 50 ili honor 70? Kada se sve uzme u obzir, sta je bolja kupovina? Moze mi neko reci koje su prednosti i mane i malo pomoci? Hvala"
https://mobilnisvet.com/mobilni-komentari/8714/Honor/50/3,Honor,Honor 50,Boško,2022-12-24 22:57:00,"Posle 2,5god korištenja Huawi nove 5t, prešao sam na Honor 50,sa novom 5 sam bio prezadovoljan! E sad posle par dana korištenja Honora, jedna stvar me baš jako jako nervira, a to je što nema u doljenjem delu onu strelicu za izlazak, kad se u nešto udje, da li postoji mogućnost da se tu nešto instalira, pa da to bude?? Skontao sam da se izlazi kada povučem prstom sa ivice displeja, ali to je baš nepraktično! Ako ima neki način drugi, molim neka pomogne🙂Inače je fon brutalan!"
https://mobilnisvet.com/mobilni-komentari/8714/Honor/50/3,Honor,Honor 50,Vlada,2022-12-24 07:50:00,"Loša kamera, slabija baterija, otisak prsta ne tako brz, i čitač qr koda mu ne funkcioniše, krčenje u zvučniku. Ovoliko para za telefon koji ne funkcioniše skroz, sramota. Izbegnite ovaj telefon, moja preporuka."
https://mobilnisvet.com/mobilni-komentari/8714/Honor/50/3,Honor,Honor 50,Djole,2022-12-20 11:35:00,"Molim pomoć, treba kod operatera da uzmem novi telefon...da li da uzmem Honor 70, tj da li se isplati uzeti ga ili ovaj Honor 50 za keš?"
https://mobilnisvet.com/mobilni-komentari/8714/Honor/50/3,Honor,Honor 50,Tea,2022-12-10 08:38:00,Honor x8 ili honor 50?
https://mobilnisvet.com/mobilni-komentari/8714/Honor/50/3,Honor,Honor 50,Mik,2022-12-08 06:24:00,Honor 50 ili samsung a52s?
https://mobilnisvet.com/mobilni-komentari/8714/Honor/50/3,Honor,Honor 50,Dragan,2022-12-03 14:30:00,Telefon je zverima pravi nemam zamerke nijedne. Baterija se brzo puni kamera je dobra  brz ko puta ili tigar. Ko oce telefon visike klase ovo je pravi izbor i neće pogrijesiti honor 70 jest za nijansu bolji al nista posebno
https://mobilnisvet.com/mobilni-komentari/8714/Honor/50/3,Honor,Honor 50,Nenad,2022-11-28 13:54:00,"Da li ovaj honor 50, ili npr motorola edge 30? Vidim da su oba telefona hvaljena,pa bih da prelomim. Inace, posle vise godina prelazim sa samsungovih telefona. Hvala unapred"
https://mobilnisvet.com/mobilni-komentari/8714/Honor/50/3,Honor,Honor 50,Dejan,2022-11-26 14:19:00,Da li moze dva vibera kao na samsung telefonima? Bez instaliranja dodatnih aplikacija posto one smaraju reklamama
https://mobilnisvet.com/mobilni-komentari/8714/Honor/50/3,Honor,Honor 50,Dragan,2022-11-26 14:10:00,Telefon jako dobar isti ko honor 70 samo malo manji ekran tako da je sve isto ko 70ka. Kamera dobra brz jako baterija dobra brzo se puni za moje potrebe je sila nad silama . Nema da koči već piči ko skije na ledu
https://mobilnisvet.com/mobilni-komentari/8714/Honor/50/3,Honor,Honor 50,Silja,2022-11-25 07:08:00,"Posle Samsunga 8, Honor sije samsung u svakom pogledu, baterija drzi i do 2 dana, dok na samsungu 8 jedva dan, tac bolji, napuni se brzo, i bez bagova, ja sam odusevljen telefonom."
https://mobilnisvet.com/mobilni-komentari/8714/Honor/50/3,Honor,Honor 50,Snežana,2022-11-24 06:16:00,Da li uzeti honor 50 ili p30?
https://mobilnisvet.com/mobilni-komentari/8714/Honor/50/3,Honor,Honor 50,Dragan,2022-11-22 20:00:00,Honor 50 je jako dobar i brz telefon i mislim da ne zaostaje za samsungom. Kamera dobra. Baterija isto dobra vbar zasad Uzo sam u jezeru ima 15 dana otprilike. I jako sam zadovoljan zakrivljen ekran. Lijepje telefon
https://mobilnisvet.com/mobilni-komentari/8714/Honor/50/3,Honor,Honor 50,Dr. Dragan,2022-11-10 16:20:00,Šta znači 8gb +2gb ram memorije
https://mobilnisvet.com/mobilni-komentari/8714/Honor/50/3,Honor,Honor 50,Dragan,2022-11-09 20:50:00,Kupio honor 50 prezadovoljan
https://mobilnisvet.com/mobilni-komentari/8714/Honor/50/3,Honor,Honor 50,Hroo,2022-11-07 21:36:00,"Ekipa bok,"
https://mobilnisvet.com/mobilni-komentari/8714/Honor/50/3,Honor,Honor 50,Kjkl,2022-11-07 20:17:00,"Uzeo sam verziju 8/256, sve u svemu za cenu i sta se nudi, smatram da je medju boljim opcijama. Nego, nije mi jasno, zasto se svi zale na kameru? Ne verujem da su toliko lose kao sto pricate, ipak ako zelite top kameru uzmite neki bolji iphone ili samsung. Za novu 5t su isto pricali da su kamere lose, ali su se pokazale i vise nego dobre. Ako neko ima iskustva ili zamerke, neka kaze. I jos jedna stvar, zasto su neki u komentarima pominjali da nema google ili su komentari brisani i bili za nesto drugo?"
https://mobilnisvet.com/mobilni-komentari/8714/Honor/50/3,Honor,Honor 50,Marko,2022-11-06 10:56:00,"Postovani imam problem na ovom telefonu,kupio sam ga novog pre nedelju dana i od prvog dana ne mogu ne mogu da upalim na njemu AOD,Always on.."
https://mobilnisvet.com/mobilni-komentari/9817/Honor/X8/3,Honor,Honor X8,Ann,2023-03-05 15:08:00,Ja sam uzela cerki honor 8 i loša prednja kamera. Svaki dan je slušam kako kuka.
https://mobilnisvet.com/mobilni-komentari/9817/Honor/X8/3,Honor,Honor X8,Ggggg,2023-02-12 00:47:00,Kad je izašao fon
https://mobilnisvet.com/mobilni-komentari/9817/Honor/X8/3,Honor,Honor X8,MilicaS,2023-02-09 13:18:00,"Zanima me da li je bolje uzeti honor x7 ili x8 ili x7a, u cemu je razlika, meni to deluje slicno sve? Istice mi ugovor u mts, ili neki drugi ima bolji u istom cen.rangu? Hvala"
https://mobilnisvet.com/mobilni-komentari/9817/Honor/X8/3,Honor,Honor X8,Mik,2023-02-08 23:18:00,"Ja neznam sta je na io om telefonu dobro od procesora do baterije jedan zvucnik nema prosirenje memorije sve gore od goreg ,, za te pare ima da kupis mnogo bolji tel , samsung a52 , realme 8 ,neke motorole"
https://mobilnisvet.com/mobilni-komentari/9817/Honor/X8/3,Honor,Honor X8,Nik,2023-02-08 17:48:00,"Jel podrzava Google Play i Google Chrome, kao npr.. sto nema kod Huaweia ?"
https://mobilnisvet.com/mobilni-komentari/9817/Honor/X8/3,Honor,Honor X8,Ljilja,2023-02-07 20:36:00,Vrh telefon
https://mobilnisvet.com/mobilni-komentari/9817/Honor/X8/3,Honor,Honor X8,Марко,2023-02-07 13:17:00,Odličan telefon. Jedina zamerka je baterija.
https://mobilnisvet.com/mobilni-komentari/9817/Honor/X8/3,Honor,Honor X8,Milutinac,2023-02-03 09:16:00,Još je na androidu 11??? Model iz 2022 a verzija OS buđava-to ne obećava.
https://mobilnisvet.com/mobilni-komentari/9817/Honor/X8/3,Honor,Honor X8,aki,2023-02-03 08:54:00,znali neko sta se desava sto gubi konekciju sa internetom
https://mobilnisvet.com/mobilni-komentari/9817/Honor/X8/3,Honor,Honor X8,Igor,2023-01-31 17:13:00,Ima li google servise? Neki pisu dobre kamere neki pisu nisu?
https://mobilnisvet.com/mobilni-komentari/9817/Honor/X8/3,Honor,Honor X8,Kiza,2023-01-26 23:01:00,"Da li je bolje uzeti ovaj tel ili huawei nova Y90?Koristim huawei P10 mate skoro 5 godina i baš se odlično pokazao.Gledao sam telefone u tom cenovnom rangu i ta dva su mi zapala za oko.Xiaomi nemojte da mi preporučujete,realno za te pare nema dobar."
https://mobilnisvet.com/mobilni-komentari/9817/Honor/X8/3,Honor,Honor X8,Dejan Nikolić,2023-01-23 22:20:00,Da li postoji mogućnost ubacivanja sd memorijske kartice u ovaj telefon?
https://mobilnisvet.com/mobilni-komentari/9817/Honor/X8/3,Honor,Honor X8,Borko,2023-01-20 15:39:00,Imam telefon više od 6 meseci Radi super Uzet u A1
https://mobilnisvet.com/mobilni-komentari/9817/Honor/X8/3,Honor,Honor X8,Violeta,2023-01-19 13:29:00,"Molim odgovor ako neko ima iskustva sa ovim da kazem problemom.. Kupljen nov X8 20.01.3023..desava se da mi pise, da sam van mreze, da navodno nije povezan na wifi a kad udjem da se povezem, pise da je uredjaj povezan... Posle par pokusaja moram da ugasim telefon i kad ponovo upalim onda bude ok. Dali treba da reklamiram u radnji u kojoj sam ga kupila ili se ovo desa jos nekome. Pre toga sam koristila 4 god Honor P10 lite i bila izuzetno zadovoljna... Iz tog razloga sam se odlucila opet za Honor.."
https://mobilnisvet.com/mobilni-komentari/9817/Honor/X8/3,Honor,Honor X8,Coaxx,2023-01-18 06:16:00,"Telefon je bruka za te pare sve odlicno radi i baterija odlicna , kakvi xiaomi ne moze priđu. X8 slika odlicno dobar tel da se fura 2godine dok ne istekne ugovor sluzi ce sigurno.."
https://mobilnisvet.com/mobilni-komentari/9817/Honor/X8/3,Honor,Honor X8,Vuci kupci,2023-01-18 01:36:00,X 8 vrh telefon bacali smo ga na beton nije pukao a kamera vrh vrhova ubija 6 gb rama gura gta 5 i vodootporan je
https://mobilnisvet.com/mobilni-komentari/9817/Honor/X8/3,Honor,Honor X8,Nataša,2023-01-16 21:30:00,"Dvoumim se izmedju Honor x8(6gb, 128gb) i Vivo y35 (8gb,256gb)."
https://mobilnisvet.com/mobilni-komentari/9817/Honor/X8/3,Honor,Honor X8,Kivi,2023-01-08 10:00:00,"Koliko je ovaj telefon dobra zamena za Redmi Note 9 pro ili bi bilo bolje nesto drugo uzeti? Gledao sam ga u prodavnici, sam ekran ne izgleda nista bolje. E sto se tice baterije, kamere,  procesora i sam ram?"
https://mobilnisvet.com/mobilni-komentari/9817/Honor/X8/3,Honor,Honor X8,Kole,2023-01-08 08:44:00,Nikako mi ne da da instaliram viber na drugoj sim kartici. Probao preko paralel space i još nekih aplikacija i ne da. Ima li mogućnosti za viber na drugoj kartici???
https://mobilnisvet.com/mobilni-komentari/9817/Honor/X8/3,Honor,Honor X8,A,2023-01-04 18:01:00,Kakva je kamera na ovom telefonu?
https://mobilnisvet.com/mobilni-komentari/9817/Honor/X8/3,Honor,Honor X8,Miki,2022-12-29 21:19:00,"Telefon je mnogo los,, isti kao one kineske kopje za 50 ,60 e gledao sam neke servisere koji su ga popravljali i bas je od mnogo loseg materijala napravljen i komponente su mnogo lose u njemu"
https://mobilnisvet.com/mobilni-komentari/9817/Honor/X8/3,Honor,Honor X8,Dragan,2022-12-29 09:19:00,Telefon je skroz dobar kamere slikaju dobro i neznam zašto se neki žale.
https://mobilnisvet.com/mobilni-komentari/9817/Honor/X8/3,Honor,Honor X8,Kole,2022-12-28 16:34:00,Telefon je bas dobar. Hoće li dobijati 12?
https://mobilnisvet.com/mobilni-komentari/9817/Honor/X8/3,Honor,Honor X8,Aleksandar,2022-12-28 12:21:00,Gde u telefonu stoji podesavanje za izabiranja poziva sa koje ce kartice biti upucen poziv.
https://mobilnisvet.com/mobilni-komentari/9817/Honor/X8/3,Honor,Honor X8,Vojo,2022-12-27 17:08:00,Ima li X8 trougao krug kocku na dnu ekrana. Hvala
https://mobilnisvet.com/mobilni/blm/Honor/Magic5-Lite,Honor,Honor Magic5 Lite,Tina,2025-11-07 22:09:00,Rado bih opet uzela isti jer stvarno volim edge telefone. Da se ispravim zbog autocorrecta .
https://mobilnisvet.com/mobilni/blm/Honor/Magic5-Lite,Honor,Honor Magic5 Lite,Iki,2025-11-05 00:42:00,"Evo ja da pišem o njemu, korisnik 2,5 godine a i dalje radi... Za tadasnjih 200e na akciji u martu 2023-e pa do sada nije me izdao NIKADA! Ja ne znam sta bih kupio a da radi ovako! Izdaje ga snaga vidi se, nema update, baterija mi je pala na 1 dan max slabog koriscenja, nekako mi zao sto nije kao pre. Odlican telefon za te pare, inace sam od 2012-e bio korisnik Samsunga, prvi put Honora. Sve preporuke, ako i dalje budu ovakvi kao sa ovim modelom"
https://mobilnisvet.com/mobilni/blm/Honor/Magic5-Lite,Honor,Honor Magic5 Lite,Nikola,2025-10-25 14:58:00,Da li je ovaj telefon i dalje negde dostupan kod nas u Srbiji?
https://mobilnisvet.com/mobilni/blm/Honor/Magic5-Lite,Honor,Honor Magic5 Lite,Mateja,2025-10-19 20:33:00,"Telefon odlican,za te pare ne moze bolje koristim ga 1,5 godinu nije ni jednom zabagovao imam 8/256 verziju i ne moze bolje.Jedina blaga mana kod ovog telefona je sto ima malo losiju kameru ali uz neka podesavanja se sredi."
https://mobilnisvet.com/mobilni/blm/Honor/Magic5-Lite,Honor,Honor Magic5 Lite,Nebojsa,2025-08-03 09:08:00,"Solidan telefon, kamera zivi ocaj. Nisam zahrevan po tom pitanju ali kako god kameru podesio uslikano nema dodirnih tacaka sa stvarnoscu."
https://mobilnisvet.com/mobilni/blm/Honor/Magic5-Lite,Honor,Honor Magic5 Lite,milan,2025-06-21 17:15:00,kako sa pocetnog ekrana  skloniti koliko je koraka predjeno?
https://mobilnisvet.com/mobilni/blm/Honor/Magic5-Lite,Honor,Honor Magic5 Lite,Bojana,2025-06-14 02:17:00,"Uzet pre 2 godine na nekoj akciji.. 2 godine bez ikakvih bagova, kočenja, baterija odlična, ekran divota. No za te novce ipak ne može sve. Kamera loša osim na dnevnom svetlu normalno. Na suncu se lepo sve vidi, izrada odlična.. Nisam zahtevan korisnik osim što dosta koristim tel i treba mi ipak bolja kamera."
https://mobilnisvet.com/mobilni/blm/Honor/Magic5-Lite,Honor,Honor Magic5 Lite,DENIS,2025-04-29 01:42:00,"Telefon imam skoro drugu godinu telefon ima sjane specifikacije, solidan cipset vrhusku bateriju  dobar telefon elegantan kamera dobra u tom cenovnom rangu"
https://mobilnisvet.com/mobilni/blm/Honor/Magic5-Lite,Honor,Honor Magic5 Lite,Darko023,2025-03-31 00:12:00,"Skroz pristojan telefon, imam verziju 8/256 sada će već 2 godine, dve kartice uvek rade, dan i po baterija, fotografije mogu da prođu, bez ikakvih bagova."
https://mobilnisvet.com/mobilni/blm/Honor/Magic5-Lite,Honor,Honor Magic5 Lite,kide,2025-02-11 13:01:00,"ljudi, pozdrav. da li neko  zna kako da postavim vibraciju dok kucam brojeve, npr. zapravo, da li je ta opcija moguca, jer sam  sinoc nekoliko puta pokusavao ali nisam uspeo, cak mislim da to nije moguce. ok, nadam se da gresim, a ako neko zna da resi ovaj problem, unapred sam zahvalan."
https://mobilnisvet.com/mobilni/blm/Honor/Magic5-Lite,Honor,Honor Magic5 Lite,Darko,2025-01-25 11:19:00,Da li ovaj telefon ima opticku stabilizaciju snimanja videa?
https://mobilnisvet.com/mobilni/blm/Honor/Magic5-Lite,Honor,Honor Magic5 Lite,Ivan,2024-11-14 12:13:00,"Kupio sam ga prošle god. u decembru, sad će mu godinu dana, pre mesec dana je počeo da baguje, do tada kao doxa radio. Ne znam jel se jos nekom to desava, ostane mi muzika kad izadjem iz instagrama, pa onda nema donje komande na displeju, pa odjednom ikonica aplikacije presecena na pola a pola je nema, baterija jedva dan izdrži, baš me odjednom razočarao..."
https://mobilnisvet.com/mobilni/blm/Honor/Magic5-Lite,Honor,Honor Magic5 Lite,Vica,2024-10-27 06:48:00,Imam ovaj telefon godinu dana radi bez ikakvi problema nema bagova opste kamera solidna malo podseca ekran na premijum klasu sad bi uzeo magic 6 lite dosta jaci a ovi sto pricaju da nevalja nek kupe neki od 1000 pace bude sve ok.
https://mobilnisvet.com/mobilni/blm/Honor/Magic5-Lite,Honor,Honor Magic5 Lite,Mirko,2024-10-24 11:00:00,Da li kupiti ovaj telefon ili Honor x 8b?
https://mobilnisvet.com/mobilni/blm/Honor/Magic5-Lite,Honor,Honor Magic5 Lite,Aca,2024-10-18 00:51:00,Da li ce biti Android 14 za ovaj model?
https://mobilnisvet.com/mobilni/blm/Honor/Magic5-Lite,Honor,Honor Magic5 Lite,Saša,2024-10-12 11:36:00,"Uzeo sam ga novog prošle godine,i realno razočarao sam se jako,nikad gore uložen novac."
https://mobilnisvet.com/mobilni/blm/Honor/Magic5-Lite,Honor,Honor Magic5 Lite,Zoran Živanov,2024-10-01 10:21:00,"Telefon sa solidnim procesorom,dovoljno RAM-a,dovoljno memorije ali kamera kao na telefonu iz 2015 godine. Slabo fokusira."
https://mobilnisvet.com/mobilni/blm/Honor/Magic5-Lite,Honor,Honor Magic5 Lite,Bojan,2024-09-12 22:01:00,Kamera bukvalno neupotrebljiva. Uzeo ga ženi i mogu reći čisto bacanje para. Prosto ne verujem koliko je honor propao. Ovako ne slikaju ni modeli iz 2015.godine. užas
https://mobilnisvet.com/mobilni/blm/Honor/Magic5-Lite,Honor,Honor Magic5 Lite,Josip,2024-09-12 17:25:00,"Uradio se ,,update,,neki dan i sada kada otvorim kameru,štuca,smrzava,zapinje,pa krenje i opet...da li je do ,,update,,ili se slučajno pokvarila kamera baš sad?"
https://mobilnisvet.com/mobilni/blm/Honor/Magic5-Lite,Honor,Honor Magic5 Lite,Slavica,2024-08-27 21:41:00,"Molim vas za pomoć. Imam problem sa eho-om kada pričam na Viber, a povremeno i na običnom pozivu. Sve vreme čujem svoj glas. Užasno je iritantno. Kako to da rešim?"
https://mobilnisvet.com/mobilni/blm/Honor/Magic5-Lite,Honor,Honor Magic5 Lite,Bane,2024-08-19 07:33:00,Jedan od najgorih telefona koje sam imao.kao da je iz 2017 godine.kamera katastrofa neupotrebljiva.procesor spot secka non stop.zamenio Sam Ga za Nord 2 Koji je za ovaj telefon babaroga.Prednosti:ekran je dobar I onako lagan je lepo lezi u ruci.svakako nikome Ga ne bi preporucio ovaj tel ne bi trebao da Kosta vise od 100 e
https://mobilnisvet.com/mobilni/blm/Honor/Magic5-Lite,Honor,Honor Magic5 Lite,Blu,2024-08-19 02:22:00,Odličan tel za taj novac. Nakon godinu dana korišćenja nemam zamerke osim na kameru za koju se znalo da je loša. Razmišljam na prelazak na Honor 90 ili honor 200. Sasvim dobro služi za sve. Baterija je malo možda oslabila ali se koristi podosta tako da izgura dan bez problema
https://mobilnisvet.com/mobilni/flw/Honor/90-Lite-4GB-256GB-2x-SIM,Honor,Honor 90 Lite,Nemanja,2026-05-21 13:56:00,Da li ima za honor 90lite
https://mobilnisvet.com/mobilni/flw/Honor/90-Lite-4GB-256GB-2x-SIM,Honor,Honor 90 Lite,Miloš,2026-01-25 13:00:00,Kakav je vaš utisak sa ovim zadnjim ažuriranjem ja mislim trećim za Android 15 ne znam zašto mi stiže Već treći put da li tako treba ili je to jedno isto ažuriranje ako ima neko iskustva nek mi molim te napiše ovde
https://mobilnisvet.com/mobilni/flw/Honor/90-Lite-4GB-256GB-2x-SIM,Honor,Honor 90 Lite,Ivan,2025-09-25 00:37:00,"Loš telefon. Kucanje poruka je nekako neprecizno. Kamere blagi užas a ima 100mpix hahaha. Eto kamera 100mpix a snima u neupotrebljivom full hd 1920x1080 dok 4k je u recimo 3840x2160. Moj REALME 8 PRO ima 100mpix iz 2021 i snimao je 4k, imamo REALME 12 pro, i jedan Vivo već 3-4god. Sjajni telefoni iz bbk grupacije. čist fluidan softver daleko stabilniji od šaomija"
https://mobilnisvet.com/mobilni/flw/Honor/90-Lite-4GB-256GB-2x-SIM,Honor,Honor 90 Lite,90 lite,2025-09-01 10:58:00,"Tacno nakon 2 godine 1 dan baterija je gotova. Moze da izdrzi nekih 3-4 sata aktivnog koriscenja, i moze da se napuni max 96%. Telefon u poslednje vreme pocinje mnogo da se greje i ekran samo zacrni. Mora da se ostavi par minuta da se ohladi pa onda opet moze da se koristi."
https://mobilnisvet.com/mobilni/flw/Honor/90-Lite-4GB-256GB-2x-SIM,Honor,Honor 90 Lite,Mišo,2025-07-05 15:58:00,Konačno stigao i MagicOS 9 (Android 15).
https://mobilnisvet.com/mobilni/flw/Honor/90-Lite-4GB-256GB-2x-SIM,Honor,Honor 90 Lite,Raša,2025-06-14 22:48:00,"Kad se pogleda specifikacija, prosečan ili ispod toga, u rukama, u radu - iznad proseka."
https://mobilnisvet.com/mobilni/flw/Honor/90-Lite-4GB-256GB-2x-SIM,Honor,Honor 90 Lite,Andrija,2025-06-09 19:42:00,"Best Buy - trenutno za 90-100 evra, da je dobro-očuvan, u garanciji."
https://mobilnisvet.com/mobilni/flw/Honor/90-Lite-4GB-256GB-2x-SIM,Honor,Honor 90 Lite,Neven,2025-06-09 14:53:00,Odličan telefon koji zadovoljava potrebe prosečno aktivnog korisnika mobilnog-smart telefona.
https://mobilnisvet.com/mobilni/flw/Honor/90-Lite-4GB-256GB-2x-SIM,Honor,Honor 90 Lite,Mia,2025-05-26 03:18:00,"Godinu ipo dana koristim ovaj telefon, vrlo sam zadovoljna. Nadam se da će još dugo ostati u ovako dobrom stanju što se svega tiče. Preporuke :)"
https://mobilnisvet.com/mobilni/flw/Honor/90-Lite-4GB-256GB-2x-SIM,Honor,Honor 90 Lite,Jole,2025-03-20 09:11:00,"Drugari, ima li šanse da 90 lite dobije android 15"
https://mobilnisvet.com/mobilni/flw/Honor/90-Lite-4GB-256GB-2x-SIM,Honor,Honor 90 Lite,Stefann,2025-03-03 00:00:00,Uzeo bi honor 90 lite trenurno imam honor X8 mislim da nema nekih vecih unapredjenja pa me interesuje da li bi bila dobra kupovina
https://mobilnisvet.com/mobilni/flw/Honor/90-Lite-4GB-256GB-2x-SIM,Honor,Honor 90 Lite,Gabi,2025-01-04 18:30:00,Sta je bolje da uzmem honor 90 lite ili redmi note 12 Pro 5 molim vas
https://mobilnisvet.com/mobilni/flw/Honor/90-Lite-4GB-256GB-2x-SIM,Honor,Honor 90 Lite,Nemanja,2024-12-23 18:20:00,Molim vas kazite mi dali ima android 15 za honora 90lite
https://mobilnisvet.com/mobilni/flw/Honor/90-Lite-4GB-256GB-2x-SIM,Honor,Honor 90 Lite,Nebitno ime,2024-12-18 13:02:00,"Telefoni su mi se brzo kvarili,obicno zbog baterije ili padanu mi u vodu. Sada pazim na telefone ali za bateriju na ovom Honor 90 lite nemam reci."
https://mobilnisvet.com/mobilni/flw/Honor/90-Lite-4GB-256GB-2x-SIM,Honor,Honor 90 Lite,Laki,2024-09-26 13:19:00,Posle ažuriranja na android 14 treba ga Jos jednom restartovatin
https://mobilnisvet.com/mobilni/flw/Honor/90-Lite-4GB-256GB-2x-SIM,Honor,Honor 90 Lite,Molim vas kazite mi,2024-09-21 20:30:00,Imam honor 90 lite android 13..kako i dali je moguce dobiti 14
https://mobilnisvet.com/mobilni/flw/Honor/90-Lite-4GB-256GB-2x-SIM,Honor,Honor 90 Lite,Badza,2024-09-15 18:12:00,"d2x Isti slucaj... od pre par dana, kamera mu baguje, tj. koci muzuka u pozadini,kamera koci, slika posle 5 sekundi... a... mozr li se srediti???"
https://mobilnisvet.com/mobilni/flw/Honor/90-Lite-4GB-256GB-2x-SIM,Honor,Honor 90 Lite,Nenaa,2024-09-13 18:31:00,"Pozdrav svima! Zanima me što se tiče ovog modela kamera, baterija? Nisam zahtevan korisnik, igrice ne. Samo osnovno, društvene mreže na kratko i to je sve. Hvala unapred!"
https://mobilnisvet.com/mobilni/flw/Honor/90-Lite-4GB-256GB-2x-SIM,Honor,Honor 90 Lite,d2x,2024-09-11 06:24:00,stiglo azuriranje.nakon njega telefon baguje. uvek kada otvorim kameru i pokušam da uslikam sliku zabaguje.
https://mobilnisvet.com/mobilni/flw/Honor/90-Lite-4GB-256GB-2x-SIM,Honor,Honor 90 Lite,Biksi,2024-09-08 13:46:00,"Pozdrav svima! Imam jedan problem koji ne znam koliko ima veze sa ovim telefonom i da li neko moze da mi pomogne. Naime, dok sam na pozivu sa nekim, u toku razgovora, telefon sam pozove nekog drugog. Da li znate kako to da resim?"
https://mobilnisvet.com/mobilni/flw/Honor/90-Lite-4GB-256GB-2x-SIM,Honor,Honor 90 Lite,Bora,2024-09-07 07:46:00,Telefon koristim već 7 meseci i zadovoljan sam kvalitetom.Najviše koristim navigaciju pošto radim u kurirskoj službi ne koči ne nahije.Ocena 10+
https://mobilnisvet.com/mobilni/flw/Honor/90-Lite-4GB-256GB-2x-SIM,Honor,Honor 90 Lite,Jelena,2024-08-25 21:03:00,Da li honor 90 lite podrzava google play?
https://mobilnisvet.com/mobilni/flw/Honor/90-Lite-4GB-256GB-2x-SIM,Honor,Honor 90 Lite,Nemanja,2024-08-19 12:28:00,Imam nov honor 90lite..dosta mi se greje prilikom punjenja.. Isto tako se greje prilikom razgovora na viberu i dali se on moze puniti slabijim punjace od 66w
https://mobilnisvet.com/mobilni/flw/Honor/90-Lite-4GB-256GB-2x-SIM,Honor,Honor 90 Lite,Bojana,2024-08-13 07:58:00,"Molim vas za pomoć,ne mogu da se odlučim,posle zadnjeg Huawei telefona koji je podržavao google kupila sam Redmi 11 pro i ja sa njim nikako na zelenu granu,pored ""digitron"" kamere sve mi nešto naopako. Mogu da biram između Magic 5 lite,Magic 6 lite, X8B i 90 lite. Da li možete da mi date preporuku koji da odaberem? Hvala svima"
https://mobilnisvet.com/mobilni/bm5/Honor/X8b-512GB,Honor,Honor X8b,Kiza,2026-04-23 02:35:00,"Ja ne znam ovi sto pisu kao ne valja i te fore dal oni uopste imali x8b pa da kometarisu ja ga imam vec 2 gidine prvo telefon ima setifikat od 5 zvezdice koj je dobijo u švici na testu za padove  na ivicama telefona gde su mahom svi telefoni  tu osetljivi ovaj nije ima otpornost na pad cak sam lično proverio  bacao ga i nista mu nije pogotovu kad udari telefon ugao telefona definitivno ima i taj glamuran dizajn na kome otisci ne ostaju na zadnjem delu prelepu zelenu boju lagan tanak telefon je i za igrice dobar kamera solidna dal slikas il snimaš  naravno bolje je kad snimas po meni telefon je ekstra  i cak je i bolji od remi 13  uglavnom tu su slicni su nijase ih dele ovaj ima stavku dve bolju u necemu isto to i 13 ca ima u necemu drugom zavisi sta hices od mob moje misljenje telefon je ekstra stvar uksa i sta trazis od telefon ako bas imas novac i hoces da se K, kupi bajo Vertur njemu ni ajfon 17 ne prilazi Vertur je prava ozbiljna prica  aj pa pozz"
https://mobilnisvet.com/mobilni/bm5/Honor/X8b-512GB,Honor,Honor X8b,Gax,2025-07-11 01:09:00,Jel nekome stigao update Androida i Emui-ja?
https://mobilnisvet.com/mobilni/bm5/Honor/X8b-512GB,Honor,Honor X8b,Marijana,2025-04-15 21:12:00,"Ovaj ili honor 70, koji ima bplju prednju kameru?"
https://mobilnisvet.com/mobilni/bm5/Honor/X8b-512GB,Honor,Honor X8b,Ana,2025-02-28 12:26:00,Ovaj ili honor x8c? Koji ima bolju selfi kameru?
https://mobilnisvet.com/mobilni/bm5/Honor/X8b-512GB,Honor,Honor X8b,Maja,2025-02-27 11:23:00,"Ovaj ili redmi 13 pro plus, koji ima bolju prednju kameru?"
https://mobilnisvet.com/mobilni/bm5/Honor/X8b-512GB,Honor,Honor X8b,rkoMi,2025-02-11 21:22:00,"Za te pare solidno zo izgleda, glavna prednosti ekran koji je dobar, baterija, lep osecaj u ruci(ali jeftinija izrada, ledja su od neke jeftine plastike koja je tanka i pod pod prstom se udubljuje kad je stisnes?), generalne performanse su okej za bazicnu upotrebu(yt,fb, web) i nista vise, kamera je takodje nista posebno, poredio sam je sa p30 koji je telefon od pre 6 godina i ima bolju kameru."
https://mobilnisvet.com/mobilni/bm5/Honor/X8b-512GB,Honor,Honor X8b,igor,2025-02-10 16:41:00,Utisci posle 2 meseca koriscenja 2 identicna uredjaja (supruga i ja).
https://mobilnisvet.com/mobilni/bm5/Honor/X8b-512GB,Honor,Honor X8b,Petar,2025-01-29 17:58:00,Kako se na honoru x8b podesava da bude upaljen ekran uvek
https://mobilnisvet.com/mobilni/bm5/Honor/X8b-512GB,Honor,Honor X8b,Milenko,2025-01-18 12:34:00,Ovaj ili 200 smart ili x7b ili dodati za 200 lite?Reklo bi se svi su slicni.
https://mobilnisvet.com/mobilni/bm5/Honor/X8b-512GB,Honor,Honor X8b,Marko,2024-12-18 20:36:00,"Ovaj ili redmi note 13 pro 4g. Prosecan korisnik. Ako moze poredjenje fluidnosti u radu, baterija i kamere. Hvala"
https://mobilnisvet.com/mobilni/bm5/Honor/X8b-512GB,Honor,Honor X8b,Vesna @,2024-12-05 18:38:00,"Može li mala pomoć, honor x8b ili honor magic6 lite?"
https://mobilnisvet.com/mobilni/bm5/Honor/X8b-512GB,Honor,Honor X8b,Roki,2024-12-02 05:07:00,"Telefon je odlican. Od aplikacija imam viber i to je to. Ok ove sto dolaze uz njega gmail ,jutub i dosta toga beskorisnog sto jbg ne moze da se deinstalira. Brzinom rada istog sam odusevljen,kamere rade extra kao i video zapis. Baterija u mojim uslovima exploatacije traje 3 puna dana. Tako da telefon koristim samo u svrhu osnovne ili malo naprednije komunikacije. Igrice ne koristim,ona s.... fejsbuk,tiktak i istagram takodje ne koristim. Tako da fon za osnovnu namenu je babaroga."
https://mobilnisvet.com/mobilni/bm5/Honor/X8b-512GB,Honor,Honor X8b,Duško,2024-11-24 19:24:00,Da li je neko nabavio punjač od 35w?Ako nije problem da kažete gde ste ga kupili?Hvala.
https://mobilnisvet.com/mobilni/bm5/Honor/X8b-512GB,Honor,Honor X8b,Sanja,2024-11-17 21:11:00,"Zanima me mišljenje,Samsung A53G ili HonorX8b? Hvala"
https://mobilnisvet.com/mobilni/bm5/Honor/X8b-512GB,Honor,Honor X8b,Drazen..,2024-11-15 18:27:00,Molim pomoc..honor x8b ..kupio zeni i kad god me ona zove..stavi me.na cekanje jer prilikom razgovora na.sredini ekrana.se.nalazi ta opcija..oitanje..kako mogu to maknuti sa ekrana prilikom poziva..jer kad iskljucim opciju poziva na cekanju..ponovo se.orilikom.prihvacanja poziva otvori ekran sa tom opcijom..i to me izludjuje jer me prilikom svakog poziva zena stavlja na cekanje..jer licem dotakne taj dio ekrana..tj.zaslona..hvalaaaaaa...
https://mobilnisvet.com/mobilni/bm5/Honor/X8b-512GB,Honor,Honor X8b,Sanja,2024-11-10 10:33:00,Honor X8b 256 ili Realme 12 + 256? Imam Huawei nova 9 SE pa planiram da ga menjam.
https://mobilnisvet.com/mobilni/bm5/Honor/X8b-512GB,Honor,Honor X8b,Nikola,2024-10-30 08:07:00,Koliko je uvelicavanje kamerom
https://mobilnisvet.com/mobilni/bm5/Honor/X8b-512GB,Honor,Honor X8b,Dejan,2024-10-24 10:58:00,Zanima me da li je bolja kupovina Honor x8b ili Honor magic 5 lite? Hvala.
https://mobilnisvet.com/mobilni/bm5/Honor/X8b-512GB,Honor,Honor X8b,Nemanja,2024-10-13 09:15:00,Kakva je baterija kod vas. Kod mene izdrzi ceo dan i sutra dan moram da punim telefon. Da li je to uredu sa tim kapacitetom baterije od 4500mah
https://mobilnisvet.com/mobilni/bm5/Honor/X8b-512GB,Honor,Honor X8b,Treba mi pomoc,2024-10-12 10:21:00,Motorola g84 ili honor 8b?
https://mobilnisvet.com/mobilni/bm5/Honor/X8b-512GB,Honor,Honor X8b,Slavko,2024-09-18 15:51:00,Da li uzeti samsung a54  ram 8 ili honor x8b
https://mobilnisvet.com/mobilni/bm5/Honor/X8b-512GB,Honor,Honor X8b,User77,2024-09-17 17:45:00,"Ima li neko problema, tj da mu telefon stalno prebacuje na ""mms"" pa potom na ""sms"" da je nemoguće da se pozovu pojedini kontakti niti oni vas, ili da u odredjenom trenutku ne moze te da pozovete nekoga pa moze nakon nekog vremena.. Uzeo sam novi telefon zato sto mi je bio potreban za posao, medjutim cini mi se da je bolji bio stari.."
https://mobilnisvet.com/mobilni/bm5/Honor/X8b-512GB,Honor,Honor X8b,Karla,2024-08-13 15:18:00,Moze li mi neko nesto reci o telefonu Redmi Note 13 Pro 5G...Dali je ovaj telefon dobar..Hvala 💕
https://mobilnisvet.com/mobilni/bm5/Honor/X8b-512GB,Honor,Honor X8b,dušan,2024-08-10 22:36:00,"zdravo svima, želim da postavim pitanje u vezi 8xb... d ali se još nekom dešava da se boje ekrana ponekad promene?? boje su sa mnogo jačeg kontrasta i ne menja se ništa bez restarta. šta bi moglo biti!? ne mogu da provalim zbog čega se ovo često dešava..."
https://mobilnisvet.com/mobilni/d2f/Honor/X8a-8GB,Honor,Honor X8a,Mici,2025-08-07 23:58:00,"Ljudii, je l isto neko od vas ima problem sa aplikacijom Honor zdravlje? Ne koristim pametan sat, korake sam pratila uvek uz pomoć aplikacije i odjednom aplikacija ne prikazuje/ne učitava broj pređenih koraka. Ceo dan telefon uz mene, hodala recimo 4k koraka sigurno - nijedan korak nije detektovao. Brisala aplikaciju, restartovala telefon, ništa pomoglo nije :("
https://mobilnisvet.com/mobilni/d2f/Honor/X8a-8GB,Honor,Honor X8a,Đole,2025-03-30 21:56:00,"Telefon je sjajan uz Pixel launcher.. preporučujem svima instalaciju..inače,Magic OS 8.0,Android 14..mali kompjuter..jedino zamerka što nema slot za SD karticu i što nema 3.5 mm konektor za žičane slušalice.. oblikom podseća na iPhone..ima sjajan menadžer sistema..još jednom preporuka da instalirate Pixel launcher.."
https://mobilnisvet.com/mobilni/d2f/Honor/X8a-8GB,Honor,Honor X8a,Pozz,2025-02-03 12:40:00,"Da li neko može da mi da neki savet (ako je moguće zapravo) kako da se poboljša kvalitet snimanja na telefonu? Slike su sasvim okej, lepo mogu da ispadnu, al što se tiče snimaka... Katastrofa 🫠"
https://mobilnisvet.com/mobilni/d2f/Honor/X8a-8GB,Honor,Honor X8a,Sasa po,2024-09-27 16:23:00,Ali telefon je brzi usvakom pogledu
https://mobilnisvet.com/mobilni/d2f/Honor/X8a-8GB,Honor,Honor X8a,Sasa po,2024-09-27 16:21:00,Samo davam kazem umene sada trosi vise bateriju duplomi krace baterija traje nego stoje trajala tomije najveca zamerka jebiga takoje
https://mobilnisvet.com/mobilni/d2f/Honor/X8a-8GB,Honor,Honor X8a,Hello,2024-09-26 13:42:00,"Vidim niko nije ''odavno'' pitao, pa ću ja opet - jel ima još neko android 14? Ili samo ja nesreća JOŠ UVEK nisam dobila :D"
https://mobilnisvet.com/mobilni/d2f/Honor/X8a-8GB,Honor,Honor X8a,Nadja,2024-09-17 12:28:00,Da li je sada neko u medjuvremenu dobio napokon android 14?
https://mobilnisvet.com/mobilni/d2f/Honor/X8a-8GB,Honor,Honor X8a,Sasa,2024-08-26 05:48:00,Jeli stigao jos kome androjid 14
https://mobilnisvet.com/mobilni/d2f/Honor/X8a-8GB,Honor,Honor X8a,Nadja,2024-08-23 11:49:00,Da li je jos neko dobio Android 14 ?
https://mobilnisvet.com/mobilni/d2f/Honor/X8a-8GB,Honor,Honor X8a,An,2024-08-19 09:07:00,"Zdravo, trebam pomoc malu.."
https://mobilnisvet.com/mobilni/d2f/Honor/X8a-8GB,Honor,Honor X8a,Sasa,2024-08-18 16:44:00,Sada mi stiglo azuriranje na androjid 14 jeli jos kome stiglo napokon je stiglo bar meni
https://mobilnisvet.com/mobilni/d2f/Honor/X8a-8GB,Honor,Honor X8a,Sasa,2024-08-17 05:33:00,Doce i avgust iskoro proce anestize jos dugo najavljivano azuriranje na androjid 14 bar meni nije stiglo jos ijase pitam dalice uopste stici znali iko stase desava
https://mobilnisvet.com/mobilni/d2f/Honor/X8a-8GB,Honor,Honor X8a,Sasa,2024-08-07 06:06:00,Kad stize androjid 14 na xonor x8a tome interesuje ako ko zna ili ce dobiti androjid 13 inace telefon nije los za cenu koliko kosta solidan telefon
https://mobilnisvet.com/mobilni/d2f/Honor/X8a-8GB,Honor,Honor X8a,Milinko,2024-07-03 19:22:00,"Sta predlazete 90 lite,x8a,x7b ili samsung a15-svi su cenovno slicni.."
https://mobilnisvet.com/mobilni/d2f/Honor/X8a-8GB,Honor,Honor X8a,Anđela,2024-06-28 18:11:00,"Pošto je vreme da uzmem novi telefon, dvoumim se između honor x8a i honor magic5 lite 5G. Zanima me koji je bolji i zbog čega?"
https://mobilnisvet.com/mobilni/d2f/Honor/X8a-8GB,Honor,Honor X8a,Averroes,2024-05-25 13:35:00,Da li moze da podrzi Wild Rift?
https://mobilnisvet.com/mobilni/d2f/Honor/X8a-8GB,Honor,Honor X8a,Dejan,2024-04-02 10:48:00,Da li ovaj uređaj ima opciju deljenje ekrana?
https://mobilnisvet.com/mobilni/d2f/Honor/X8a-8GB,Honor,Honor X8a,Milica,2024-03-14 15:24:00,"Pozz, može li mi neko reći zašto na ovom telefonu ne može da se promeni u podešavanjima kamere, opcija - odraz u ogledalu (samo prednja kamera)? Kad snimam prednjom kamerom, okrene mi snimak, kao u ogledalu, baš mi se ne sviđa to, ako imate neki savet, nešto, pišite svakako"
https://mobilnisvet.com/mobilni/d2f/Honor/X8a-8GB,Honor,Honor X8a,Maja,2024-02-17 20:51:00,Ima li u postavkama opcija da se na fotografijama doda datum i vrijeme koji će biti vidljivi na izrađenoj fotografiji?
https://mobilnisvet.com/mobilni/d2f/Honor/X8a-8GB,Honor,Honor X8a,Ss,2024-01-31 11:35:00,"Moze li neko reci kakva je potrosnja baterije posto vidim da je kapacitet 4500mAh,koliko moze izdrzati prilikom normalne upotrebe znaci pozivi,poruke,yt,drustvene mreze,igrice ne igram i dali dolazi punjac sa njim ili naknadno treba kupiti"
https://mobilnisvet.com/mobilni/d2f/Honor/X8a-8GB,Honor,Honor X8a,Goran,2024-01-17 07:33:00,Ukoliko neko želi da kupi izuzetno povoljno ovaj telefon neka iskoristi ovaj trik i telefon može u Gigatronu da dobije za 15600 RSD.
https://mobilnisvet.com/mobilni/d2f/Honor/X8a-8GB,Honor,Honor X8a,Andrea,2024-01-12 00:28:00,Molim Vas gde se nalazi ulaz za obicne zicane slusalice na ovom telefonu???
https://mobilnisvet.com/mobilni/d2f/Honor/X8a-8GB,Honor,Honor X8a,Nikola Niš,2024-01-07 15:34:00,"Uzeo sam ovaj telefon, preko provajdera. Kao prosečan korisnik, i više sam, nego zadovoljan. Baterija, dobro drži, ali se puni sporije od Samsunga S20, ne znam zašto?"
https://mobilnisvet.com/mobilni/d2f/Honor/X8a-8GB,Honor,Honor X8a,Sasa popovic,2024-01-05 16:53:00,Kad xonor x8a dobija novo ažuriranje ikojece dobiti na androjid 13 ili direkt na androjid 14 unapred xvala inace telefon je super imam ga mesec dana vec iokej je
https://mobilnisvet.com/mobilni/29z/Honor/90-16GB-512GB-1x-SIM-1x-eSIM,Honor,Honor 90,Blacky,2026-04-14 08:02:00,Koja verzija androida je najnovija za ovaj telefon?
https://mobilnisvet.com/mobilni/29z/Honor/90-16GB-512GB-1x-SIM-1x-eSIM,Honor,Honor 90,Ljubiša,2026-01-09 17:15:00,"Da li zna neko šta je potrebno da se uradi sa telefonom da bi kod korišće ja aplikacije""novča ik"" otključao aplikaciju pomoću face(lica).Telefon mi se normalno i brzo otključava pomoću face ali nedajemi mogućnost da se otključava novčanik pomoću lica"
https://mobilnisvet.com/mobilni/29z/Honor/90-16GB-512GB-1x-SIM-1x-eSIM,Honor,Honor 90,Kimi,2025-12-08 11:54:00,"5G jede bateriju. 2h SOTa, na ivici neupotrebljivosti."
https://mobilnisvet.com/mobilni/29z/Honor/90-16GB-512GB-1x-SIM-1x-eSIM,Honor,Honor 90,Dragana,2025-11-30 11:47:00,Redmi Note 13 Pro 5G 12GB / 512GB ili Honor
https://mobilnisvet.com/mobilni/29z/Honor/90-16GB-512GB-1x-SIM-1x-eSIM,Honor,Honor 90,rimles,2025-11-05 12:10:00,Ako moze neko da pomogne.
https://mobilnisvet.com/mobilni/29z/Honor/90-16GB-512GB-1x-SIM-1x-eSIM,Honor,Honor 90,Nenad,2025-09-20 10:07:00,"Da li se nekome desava da se prilikom razgovora aktivira display i stavlja pozvi na cekanje ili seta po meniju. Inace ovako telefon super, samo mi ovo bas smeta, jer moram da pazim prilikom svakog poziva da ne naslanjam telefon na obraz. Hvala"
https://mobilnisvet.com/mobilni/29z/Honor/90-16GB-512GB-1x-SIM-1x-eSIM,Honor,Honor 90,kimi,2025-08-07 09:36:00,Stigao novi veci update 9.0.0.168. Donosi nove AI mogucnosti i laksi transfer podataka sa iphone uredjajima. A15 je u pitanju.
https://mobilnisvet.com/mobilni/29z/Honor/90-16GB-512GB-1x-SIM-1x-eSIM,Honor,Honor 90,Honor,2025-08-02 19:34:00,"Baterija je uzas zivi, 2x ga punim, mnogo se greje, kako da to resim?"
https://mobilnisvet.com/mobilni/29z/Honor/90-16GB-512GB-1x-SIM-1x-eSIM,Honor,Honor 90,Rax,2025-07-10 18:08:00,"Evo i nakon mesec dana moj telefon i dalje radi EXTRA. Ja ne kažem da drugim ljudima telefon radi LOŠE, ali kod mene je sve OK. To što baterija traje malo manje nego kada sam kupio, mislim da je to normalno posle godinu ipo dana. Ima svakakvih ljudi na ovim sajtovima koji su BOTOVI za neku marku telefona, ali ja kažem kako je kod mene"
https://mobilnisvet.com/mobilni/29z/Honor/90-16GB-512GB-1x-SIM-1x-eSIM,Honor,Honor 90,RaX,2025-06-11 20:30:00,Ja ljudi kao da nemam telefon kao vi. Meni telefon radi odlično i baterija posle 19 meseci drži jedan ipo dan. Sada kada su počele ove vrućine telefon se malo više greje ali to je normalno po ovakoj vrelini.
https://mobilnisvet.com/mobilni/29z/Honor/90-16GB-512GB-1x-SIM-1x-eSIM,Honor,Honor 90,Dušan,2025-06-01 14:21:00,"Ažuriranje 9.0.0.150 je totalno uništilo bateriju. Sad ga punim 2x dnevno, pre toga je mogla da izdrži 2 dana."
https://mobilnisvet.com/mobilni/29z/Honor/90-16GB-512GB-1x-SIM-1x-eSIM,Honor,Honor 90,hejter,2025-05-28 15:54:00,Posle skoro godinu dana ja i dalje ne mogu da verujem da postoji ovoliko loš telefon. Znači veće đubre od telefona verovatno i marke ne postoji tačka
https://mobilnisvet.com/mobilni/29z/Honor/90-16GB-512GB-1x-SIM-1x-eSIM,Honor,Honor 90,Dejan,2025-05-23 16:20:00,Čini se da se telefon posle ažuriranja još više greje nego inače.
https://mobilnisvet.com/mobilni/29z/Honor/90-16GB-512GB-1x-SIM-1x-eSIM,Honor,Honor 90,VanillaThunder,2025-05-15 08:06:00,"Posle najnovijeg update-a, telefon je dva puta počeo da pali-gasi ekran po nekoliko puta. Drugi put kada se desilo, morao sam ugasiti telefon da prestane. Da li je imao neko slično iskustvo?"
https://mobilnisvet.com/mobilni/29z/Honor/90-16GB-512GB-1x-SIM-1x-eSIM,Honor,Honor 90,Milos,2025-05-08 08:37:00,Da li korisnicima A1 i mts mreze volte radi bez problema? Posto kod Y. kasne poruke po par minuta a problem jos uvek nije resen.
https://mobilnisvet.com/mobilni/29z/Honor/90-16GB-512GB-1x-SIM-1x-eSIM,Honor,Honor 90,Dejan,2025-05-04 22:56:00,Da li se zna kada stiže MagicOS9.0.za HONOR 90?
https://mobilnisvet.com/mobilni/29z/Honor/90-16GB-512GB-1x-SIM-1x-eSIM,Honor,Honor 90,Ana,2025-05-04 12:57:00,"Kada snimam video, snimak baš koči i secka, jel to uopšteni problem kod ovog telefona ili je kod mene?"
https://mobilnisvet.com/mobilni/29z/Honor/90-16GB-512GB-1x-SIM-1x-eSIM,Honor,Honor 90,Tanja,2025-05-04 11:49:00,Honor 90 ili Honor 200 ?
https://mobilnisvet.com/mobilni/29z/Honor/90-16GB-512GB-1x-SIM-1x-eSIM,Honor,Honor 90,Rimles,2025-05-02 08:49:00,Da li neko ima problema sa mobilnim podacima nakon instalacije MagicOS 9.0.
https://mobilnisvet.com/mobilni/29z/Honor/90-16GB-512GB-1x-SIM-1x-eSIM,Honor,Honor 90,Srđan,2025-04-19 21:39:00,Da li je neko imao problem da mu tokom pričanja na poziv zvučnik kao da probija i slabije se čuje i kako rešiti to. Telefon star 3 meseca nikada nije ispadao niti kvašen niti bilo šta slično.
https://mobilnisvet.com/mobilni/29z/Honor/90-16GB-512GB-1x-SIM-1x-eSIM,Honor,Honor 90,Dilema,2025-04-02 11:03:00,Honor 200 ili RN 13 Pro +?
https://mobilnisvet.com/mobilni/29z/Honor/90-16GB-512GB-1x-SIM-1x-eSIM,Honor,Honor 90,Vlada,2025-03-07 17:39:00,"Koliko mu je SOT, tj, da li baterija izgura ceo dan (minimum 5 sati ukljucenog ekrana)"
https://mobilnisvet.com/mobilni/29z/Honor/90-16GB-512GB-1x-SIM-1x-eSIM,Honor,Honor 90,Dilema,2025-01-27 16:45:00,Honor 90 12/512 ili Xiaomi 13T 8/256? Kamera i baterija su mi bitne. Hvala.
https://mobilnisvet.com/mobilni/29z/Honor/90-16GB-512GB-1x-SIM-1x-eSIM,Honor,Honor 90,Bane,2025-01-05 20:03:00,Pitanje: koji punjač da kupim? Može li Superfast kineski za oko 2 hiljade?
https://mobilnisvet.com/mobilni/z08/Honor/Magic5-Pro-12GB-512GB-Dual-SIM,Honor,Honor Magic5 Pro,Marko,2026-06-13 16:16:00,"Koliko ciklusa punjenja i praznjenja imate i na koliko % je sad baterija kod vas? Meni je magic 7pro za samo 255ciklusa i godinu dana opao na 99% a na kutiji od telefona su napisali da garantuju 1200ciklusa, pa me zanima koliko propada baterija na dve tri godine, ako je po 1% nije strasno, ne znam koliko obicno degradira baterija i kod drugih telefona, ovo mi je prvi telefon na kom moze da se vidi ovo, pa mi je malo cudno da posle 250 ciklusa vidim promenu a na kutiji kao garantuju 1200... Ako ima neko ko se razume u baterije, bio bih zahvalan kad bi se javio"
https://mobilnisvet.com/mobilni/z08/Honor/Magic5-Pro-12GB-512GB-Dual-SIM,Honor,Honor Magic5 Pro,Stefan,2026-05-14 14:25:00,Kako ste zadovoljni telefon posle updatea baterija i ostalo?
https://mobilnisvet.com/mobilni/z08/Honor/Magic5-Pro-12GB-512GB-Dual-SIM,Honor,Honor Magic5 Pro,Milos,2026-02-08 07:57:00,Meni stigao magicOS 10 na magic 5 pro a na magic 6 pro jos nije. Kakva li je to logika Honora?
https://mobilnisvet.com/mobilni/z08/Honor/Magic5-Pro-12GB-512GB-Dual-SIM,Honor,Honor Magic5 Pro,Марко94,2026-02-01 15:36:00,"Našao sam foru za os10 na 4pda kako da dobijete, onemogućute sim karticu ili obe ako ih imate ugasite i upalite tel sa onemogućenim sim karticama i proverite za apdejt kod mene je uspelo..."
https://mobilnisvet.com/mobilni/z08/Honor/Magic5-Pro-12GB-512GB-Dual-SIM,Honor,Honor Magic5 Pro,Марко94,2026-02-01 15:11:00,"Pitanje za one koji imaju tel od prvog dana koliko izvlačite sot sada posle skoro 3 godine. Kod mene je katastrofalna situacija od avgusta 2025. dobio sam samo 1 apdejt tel koristim kao drugi samo za net i poneki video i bukvalno za 2 ili nešto malo više od 2 sata sot-a popije 40-ak% bateriju nekad i više... pre oko mesec ipo se desilo da za nzm tačno 4-5 puta iz nekog razloga sa istim korišćenjem išao preko 7 sati sota a onda se vratio na staro... Promenio sam dosta telefona i ovo mi je prvi i zadnji honor nažalost jer ovakav bs od softvera nisam imao ni na jeftinim xiaomi telefonima,.,. Šteta što ovako hardverski moćan i po meni pik honora zapostavljen i osakaćen bs softverom bilo bi dobro da nešto nauče od komšija iz bbk grupe pre svega msm na oppo jer za color os zaostaju u svakom aspektu min 2-3 godine..."
https://mobilnisvet.com/mobilni/z08/Honor/Magic5-Pro-12GB-512GB-Dual-SIM,Honor,Honor Magic5 Pro,Milos,2026-01-22 07:43:00,Sta se tripujete toliko sa azuriranjima. Nista novo nećemo dobiti sa MagicOS 10
https://mobilnisvet.com/mobilni/z08/Honor/Magic5-Pro-12GB-512GB-Dual-SIM,Honor,Honor Magic5 Pro,Aleksandar,2026-01-16 18:18:00,Da li je izasla nadogradnja za ovaj telefon? Ja sam i dalje na Magic OS 9 verzija 176.
https://mobilnisvet.com/mobilni/z08/Honor/Magic5-Pro-12GB-512GB-Dual-SIM,Honor,Honor Magic5 Pro,X,2025-12-19 16:32:00,Sad sam provalio da ovaj tel ima vrlo malo zakrivljenu gornju stranu ekrana 😀
https://mobilnisvet.com/mobilni/z08/Honor/Magic5-Pro-12GB-512GB-Dual-SIM,Honor,Honor Magic5 Pro,Марко,2025-12-17 06:30:00,Koliko vam potroši bateriju tokom noći meni 5-6%...
https://mobilnisvet.com/mobilni/z08/Honor/Magic5-Pro-12GB-512GB-Dual-SIM,Honor,Honor Magic5 Pro,Nikola,2025-12-13 13:55:00,"Pozdrav svima,"
https://mobilnisvet.com/mobilni/z08/Honor/Magic5-Pro-12GB-512GB-Dual-SIM,Honor,Honor Magic5 Pro,Djole,2025-12-01 21:56:00,Kakav li je te magic 5 ultimate. Šteta što nije bio za naše tržište.
https://mobilnisvet.com/mobilni/z08/Honor/Magic5-Pro-12GB-512GB-Dual-SIM,Honor,Honor Magic5 Pro,Djoks,2025-11-30 09:35:00,"Jos uvek nedostizna kamera za Samsung, mozda ce S26 Ultra biti na nivou HM5 Pro, hihi."
https://mobilnisvet.com/mobilni/z08/Honor/Magic5-Pro-12GB-512GB-Dual-SIM,Honor,Honor Magic5 Pro,dejan,2025-11-26 12:24:00,"Stize nadogradnja,176"
https://mobilnisvet.com/mobilni/z08/Honor/Magic5-Pro-12GB-512GB-Dual-SIM,Honor,Honor Magic5 Pro,Stefan,2025-11-06 20:11:00,Planiram ga uzeti recite mi kakvo je vase misljenje sada?
https://mobilnisvet.com/mobilni/z08/Honor/Magic5-Pro-12GB-512GB-Dual-SIM,Honor,Honor Magic5 Pro,Miloš,2025-07-30 19:18:00,Ja još uvek nisam dobio apdejt na pomenutu verziju 171. Još uvek MagicOS 9 i verzija 162.
https://mobilnisvet.com/mobilni/z08/Honor/Magic5-Pro-12GB-512GB-Dual-SIM,Honor,Honor Magic5 Pro,Dejan,2025-07-11 14:58:00,Stigo novi update 171
https://mobilnisvet.com/mobilni/z08/Honor/Magic5-Pro-12GB-512GB-Dual-SIM,Honor,Honor Magic5 Pro,Beks - NUFC,2025-07-05 23:58:00,"Dve godine koristim ovaj prelepi uredjaj. Zbilja sam fasciniran! Uredjaj radi tako glatko, tako precizno i stabilno, da nemam reči. Baterija je malo 'omekšala', ali mu ne zameram. Ne bih ga menjao, niti prodao. Teško će Honor nadmašiti ovaj uredjaj!"
https://mobilnisvet.com/mobilni/z08/Honor/Magic5-Pro-12GB-512GB-Dual-SIM,Honor,Honor Magic5 Pro,Sone,2025-07-05 09:25:00,Da li menjati OnePlus 12 za ovaj model..Zanimaju me kamere i trajanje baterije
https://mobilnisvet.com/mobilni/z08/Honor/Magic5-Pro-12GB-512GB-Dual-SIM,Honor,Honor Magic5 Pro,Pero,2025-06-29 16:29:00,"Trenutno imam Mate 50 pro, nosim ga nekih godinu dana. Da li vredi preći na Magic 5 ili 6 pro? Najbitnija stavka su mi kamere i baterija?"
https://mobilnisvet.com/mobilni/z08/Honor/Magic5-Pro-12GB-512GB-Dual-SIM,Honor,Honor Magic5 Pro,Dejan,2025-06-17 09:35:00,Da li na honor magic 5 pro mogu da se instaliraju i koriste dve esim kartice
https://mobilnisvet.com/mobilni/z08/Honor/Magic5-Pro-12GB-512GB-Dual-SIM,Honor,Honor Magic5 Pro,Slavko,2025-06-05 13:47:00,kako da se preko usb-a povezem na racunar
https://mobilnisvet.com/mobilni/z08/Honor/Magic5-Pro-12GB-512GB-Dual-SIM,Honor,Honor Magic5 Pro,Vlada,2025-05-20 20:09:00,Da li se isplati dati ovaj telefon i 350e doplate za Honor Magic 7 pro? Da li je tolika razlika u klasi ili da zadrzim moj Magic 5 pro?
https://mobilnisvet.com/mobilni/z08/Honor/Magic5-Pro-12GB-512GB-Dual-SIM,Honor,Honor Magic5 Pro,Vlada,2025-05-07 07:11:00,"Koliko je SOT baterije, koliko izgura za jedan dan?"
https://mobilnisvet.com/mobilni/z08/Honor/Magic5-Pro-12GB-512GB-Dual-SIM,Honor,Honor Magic5 Pro,Ivan,2025-03-20 21:40:00,Pozdrav ljudi jedno pitanje uzeo sam Honor 200 sve super nemam zamerki ali me zanima da li se u ovom trenutku isplati preci na magic 5 pro ili ne?
https://mobilnisvet.com/mobilni/z08/Honor/Magic5-Pro-12GB-512GB-Dual-SIM,Honor,Honor Magic5 Pro,Gor,2025-03-02 09:35:00,"Evo opet ja,pa zamislite ovaj tel od 1000 evra i kompaniju Honor sta vam sve ovo govori i Kaze o poslednjem azuriranju ovo je katastrofa,sta ima na ovom telefonu da vredi u odnosu na jeftinije telefone a pogotovo na azuriranje vrtimo se u krug jedno poboljšaju a drugo pokvare ispiranje mozgova sramota.Mislim da ovaj Honor Medžik 5 pro ne vredi taj novac a i mnogi drugi telefoni ovo je samo uzimanje novca od javnih kupaca"
https://mobilnisvet.com/mobilni-komentari/gz0/Honor/Magic5-Pro/2,Honor,Honor Magic5 Pro,Darko,2025-02-28 21:39:00,"Ima li ko problem sa mikrofonom.? Kada snimam glasovne na wp,viber,snep cetu jako se slabo cuje. Dok na Sound recorder kad snimim cuje se perfektno."
https://mobilnisvet.com/mobilni-komentari/gz0/Honor/Magic5-Pro/2,Honor,Honor Magic5 Pro,Marko,2025-02-19 19:51:00,Upravo stiglo azuriranje na verziju 9.0.0.133
https://mobilnisvet.com/mobilni-komentari/gz0/Honor/Magic5-Pro/2,Honor,Honor Magic5 Pro,Petar,2025-02-09 13:46:00,"Bio sam na Malti, nadao sam se da će mi se tamo ažurirati telefon jer sam mislio da je do našeg operatera, međutim nije. Dakle da ovi iz Honora nisu ažurni sa ažuriranjem. Sve stoji kao u septembru i baš đe nervira!"
https://mobilnisvet.com/mobilni-komentari/gz0/Honor/Magic5-Pro/2,Honor,Honor Magic5 Pro,Deki,2025-01-31 10:14:00,"Uzeo sam Honnor Magic 5 pro,plaćen 125.000 dinara.Nakon 2 meseca su mi kamere počele magliti i telefon je počeo bagovati (nikad ga približio vodi nisam) a neće da mi prihvate reklamaciju,jer je ispalo da je oštećen od vode.Prvo što ga nisam kvasio,a druga stvar je ta što je on navodno vodootporan,uzeo sam ga na kraju novembra 2024te a sad je kraj januara kad ovo pišem.I šta sad raditi,koga i kako tužiti."
https://mobilnisvet.com/mobilni-komentari/gz0/Honor/Magic5-Pro/2,Honor,Honor Magic5 Pro,Gor,2025-01-30 13:21:00,"Au šta bi sa ažuriranjem za honor 5 pro ,ko ovde koči honor ili naši operateri , ovo je strasno sta se radi"
https://mobilnisvet.com/mobilni-komentari/gz0/Honor/Magic5-Pro/2,Honor,Honor Magic5 Pro,Tref,2025-01-24 19:37:00,Imate li google circle to search na Magic 8.0? Kako do updejta na 9.0?
https://mobilnisvet.com/mobilni-komentari/gz0/Honor/Magic5-Pro/2,Honor,Honor Magic5 Pro,Aleksandar,2025-01-23 18:14:00,Stigao danas MagicOS 9 i mogu reći da je ekstra za sada.
https://mobilnisvet.com/mobilni-komentari/gz0/Honor/Magic5-Pro/2,Honor,Honor Magic5 Pro,Giska,2025-01-15 21:09:00,Sto mislite dali ostati na honoru magic 5 pro koji je perfektan ili uzeti honor magic 7 pro. Ili sačekati
https://mobilnisvet.com/mobilni-komentari/gz0/Honor/Magic5-Pro/2,Honor,Honor Magic5 Pro,Stiven,2025-01-12 11:07:00,Da li je bolji video na ovom ili na pixelu 8 pro. Ajfon ne dolazi u obzir mora da bude android a slicne su cene polovni
https://mobilnisvet.com/mobilni-komentari/gz0/Honor/Magic5-Pro/2,Honor,Honor Magic5 Pro,Irena,2025-01-04 19:16:00,"Da li vredi zameniti honor 70 za ovaj telefon? Najvise me interesuje kamera, i zadnja i prednja... Hvalaa"
https://mobilnisvet.com/mobilni-komentari/gz0/Honor/Magic5-Pro/2,Honor,Honor Magic5 Pro,Ana,2025-01-02 12:04:00,"Što se tiče ažuriranja, izgleda da je Srbija jedan od problema :D Ja sam trenutno u Rumuniji, na njihovoj mreži i odmah sam dobila update, gde je promenjen malo i interfejs, ikonice obaveštenja npr, a verzija je: 8.0.0.181(C431E3R2P2)"
https://mobilnisvet.com/mobilni-komentari/gz0/Honor/Magic5-Pro/2,Honor,Honor Magic5 Pro,Gorsim,2024-12-23 14:11:00,Samo da vam kažem jednu stvar ovaj honor koji su ovo lažovi kažu za premijum telefone mesečno ažuriranje stvarno lazu pa gde im je mesečno azuriranje.I da ima nista novo ne donosi sve isto samo mazu oci zalosno
https://mobilnisvet.com/mobilni-komentari/gz0/Honor/Magic5-Pro/2,Honor,Honor Magic5 Pro,Beks - NUFC,2024-12-21 21:03:00,"Po prvi put sam namestio na 120 herca. Telefon radi još tečnije i gladje. Medjutim, baterija se troši nestvarno brzo. Danas sam ga napunio na 100 posto u 14h. Sad u 21h telefon je na 30 posto. Stoji da ga nisam ispuštao iz ruke (gledao neke utakmice, kladio se, prelistavao neke stranice), ali ovo nisam očekivao... Vraćam se na staro... Neka ga sam podešava kako mu odgovara."
https://mobilnisvet.com/mobilni-komentari/gz0/Honor/Magic5-Pro/2,Honor,Honor Magic5 Pro,Giska,2024-12-14 20:57:00,"Honor magic 5 pro je vrh telefon ima sve sto treba da ima od dizajna do specifikacija. Koristim ga god dana i isto radi ko i prvog dana, samo reci hvale. A svako ima pravo da mu svidja nesto drugo od kada su izašli honor tel samo njih i koristim i nisam se pokajao ni u jednom trenutku kao sa SAMSUNGOM na primer koji je znao i razočarati."
https://mobilnisvet.com/mobilni-komentari/gz0/Honor/Magic5-Pro/2,Honor,Honor Magic5 Pro,Beks - NUFC,2024-12-13 19:49:00,"Ovaj model više niko ne komentariše. Nije mi jasno zašto. Jedan fenomenalan proizvod, prefinjenog dizajna i odličnih karakteristika! Ako neko čita, imam jedno pitanje. Prethodnih dana mi je internet slabije radio. Yetel mreža je u pitanju. Nije bilo 4g+ već samo 4g. Signal je bio dosta slabiji, slalno je nešto blinkao...Godinu i po dana ga koristim bez ikakvih problema, prvi put je internet zakazao. Da li je neko možda to primetio prethodnih dana?!"
https://mobilnisvet.com/mobilni-komentari/gz0/Honor/Magic5-Pro/2,Honor,Honor Magic5 Pro,Dijana,2024-12-13 09:07:00,"Zdravooo ljudi, sta je bolje uzeti, honor magic pro 6, ili honor 200pro, ip 14 ili Samsung s 23, ili cak mozda Huawei puta 70 pro? Trenutno imam p30, i savrseni telefon je za moje potrebe, ali je vreme za zamenu, najbitnije mi je da traje neki duzi vremenski period, ne bih menjala telefon na dve godine? Ako neko moze da pomogne"
https://mobilnisvet.com/mobilni-komentari/gz0/Honor/Magic5-Pro/2,Honor,Honor Magic5 Pro,Marko,2024-12-10 21:00:00,Kada dolaze nova ažuriranja?
https://mobilnisvet.com/mobilni-komentari/gz0/Honor/Magic5-Pro/2,Honor,Honor Magic5 Pro,Darko,2024-11-16 00:50:00,Stigla nadogradnja 8.0.0.172(C431E3R2Ppatcho02)
https://mobilnisvet.com/mobilni-komentari/gz0/Honor/Magic5-Pro/2,Honor,Honor Magic5 Pro,Xyz,2024-10-30 16:56:00,Dilema Magic 5pro ili S24+?
https://mobilnisvet.com/mobilni-komentari/gz0/Honor/Magic5-Pro/2,Honor,Honor Magic5 Pro,:),2024-10-19 15:49:00,"Citajuci komentare stekao sam utisak da su Honor M5Pro, Honor M6Pro i Honor 200 pro slicni , ako ne i i sti jer koriste iste senzore kamere... Sta onda uzeti za 600e?"
https://mobilnisvet.com/mobilni-komentari/gz0/Honor/Magic5-Pro/2,Honor,Honor Magic5 Pro,Zagor,2024-10-12 01:59:00,Uzeo sam Honor Magic6 Pro
https://mobilnisvet.com/mobilni-komentari/gz0/Honor/Magic5-Pro/2,Honor,Honor Magic5 Pro,Steff,2024-09-29 15:14:00,Stigo novi update 8.0.0.167(C431E3R2P2) jel neko instalirao ima li nekih nuspojava?
https://mobilnisvet.com/mobilni-komentari/fbd/Honor/X8a/2,Honor,Honor X8a,Riki,2023-12-20 01:13:00,"Uzeo bih ga na poklon, pa se dvoumim između njega i Galaxy A14? Šta mislite?"
https://mobilnisvet.com/mobilni-komentari/fbd/Honor/X8a/2,Honor,Honor X8a,Aleksandra,2023-12-17 20:57:00,Jel moze neko da mi kaze svoje iskustvo kad zvoni telefon jel u isto vreme ima zvono i vibracija sto se tice telefona
https://mobilnisvet.com/mobilni-komentari/fbd/Honor/X8a/2,Honor,Honor X8a,Branimir,2023-12-16 21:07:00,Imam dva ista telefona honor x8a a ja bi da korustim jedan a da mogu i na ovom drugom imam iste podatke.
https://mobilnisvet.com/mobilni-komentari/fbd/Honor/X8a/2,Honor,Honor X8a,Branimir,2023-12-16 21:04:00,Kako da imam dva telefonska ista broja?
https://mobilnisvet.com/mobilni-komentari/fbd/Honor/X8a/2,Honor,Honor X8a,Milica,2023-12-11 21:11:00,Ima li ovaj telefon skeniranje OR koda?
https://mobilnisvet.com/mobilni-komentari/fbd/Honor/X8a/2,Honor,Honor X8a,Momo,2023-11-28 10:50:00,Vec 4 meseca ni 1 problem. Iskreno iznenadjen sam. Pozitivno naravno.
https://mobilnisvet.com/mobilni-komentari/fbd/Honor/X8a/2,Honor,Honor X8a,Ena,2023-11-28 01:00:00,"Četiri dana imam Honor x8a i već dva puta mi briše sve slike iz galerije. To mi se dešavalo na Huawei telefonu i zato sam kupila novi telefon, ali i na njemu ista priča. Zna li neko o čemu se radi? Da li da ga reklamiram?"
https://mobilnisvet.com/mobilni-komentari/fbd/Honor/X8a/2,Honor,Honor X8a,Deki,2023-11-27 20:33:00,Da li neko možda zna da li postoji defender maska za x8a... i gde može da se nabavi Novi Sad...
https://mobilnisvet.com/mobilni-komentari/fbd/Honor/X8a/2,Honor,Honor X8a,Ivana,2023-11-22 18:23:00,Zanima me da li je kamera i u dnevnim i u noćnim uslovima bolja kod honor x8a ili kod motorole g72?
https://mobilnisvet.com/mobilni-komentari/fbd/Honor/X8a/2,Honor,Honor X8a,Nina,2023-11-18 11:57:00,Da li neko zna da li ce dobiti Android 13?
https://mobilnisvet.com/mobilni-komentari/fbd/Honor/X8a/2,Honor,Honor X8a,Dusan,2023-11-17 19:51:00,Ljudi sad je ovaj fon u jednoj maloprodaji 18000 hiljada zanima me kako se pokazao
https://mobilnisvet.com/mobilni-komentari/fbd/Honor/X8a/2,Honor,Honor X8a,suzana,2023-11-14 11:56:00,honor X8A ili xiaomi 12?
https://mobilnisvet.com/mobilni-komentari/fbd/Honor/X8a/2,Honor,Honor X8a,Ana,2023-11-14 09:05:00,"Ljudi, ovaj fon sad na akcijama po radnjama."
https://mobilnisvet.com/mobilni-komentari/fbd/Honor/X8a/2,Honor,Honor X8a,Jovan,2023-11-04 21:22:00,Moze pomoc....Dvoumim se izmedju Honorx8a i Honor magic 5 lite? Vasa preporuka...
https://mobilnisvet.com/mobilni-komentari/fbd/Honor/X8a/2,Honor,Honor X8a,Slavisa,2023-10-31 19:41:00,Odličan telefon za ovaj novac. Dali neko zna kako da u vremenskoj prognozi proširimo listu gradova i mesta. Lista je ograničena sa desetak gradova pa nemam prognozu za mesto u kojem živi. Hvala.
https://mobilnisvet.com/mobilni-komentari/fbd/Honor/X8a/2,Honor,Honor X8a,Aleksandar,2023-10-29 23:29:00,Čemu služi iznad kamera od gore ona rupica i ono pored nje ?
https://mobilnisvet.com/mobilni-komentari/fbd/Honor/X8a/2,Honor,Honor X8a,Milica,2023-10-26 17:52:00,"Kupila sam telefon u julu i vrlo sam zadovoljna. Došao je punjač uz telefon što je danas rijetkost i zaštitno staklo. Za te pare je zaista odličan, dovoljno brz za moje potrebe, kamera takođe odlična. Baterija je solidna, izgurala mi je čitav dan na planini. Koristila sam navigaciju i svjetlost na 100%. Sve u svemu, mogu da preporučim."
https://mobilnisvet.com/mobilni-komentari/fbd/Honor/X8a/2,Honor,Honor X8a,Stefan,2023-10-07 20:33:00,Moze li sa žičnim slušalicama USB-c da se pokrene radio FM?
https://mobilnisvet.com/mobilni-komentari/fbd/Honor/X8a/2,Honor,Honor X8a,Joe,2023-10-04 19:24:00,"Zna li ko kako da postavim strelicu za vraćanje unazad, trougaovadrat i krug, na HONOR x8a? Ispadoh glup jbg! Hvala"
https://mobilnisvet.com/mobilni-komentari/fbd/Honor/X8a/2,Honor,Honor X8a,Paja,2023-10-03 16:24:00,Honor X8A. ili da dodam malo pa Honor 70?
https://mobilnisvet.com/mobilni-komentari/fbd/Honor/X8a/2,Honor,Honor X8a,Mirko,2023-09-28 16:25:00,Kupio sam ga pre dva meseca. Spor je sačuvaj bože! Ima li neko sličan problem?
https://mobilnisvet.com/mobilni-komentari/fbd/Honor/X8a/2,Honor,Honor X8a,Vladasd,2023-09-26 22:03:00,"Odličan za svoju cenu,kamera odlicna,baterija dobra,izgled fenomenalan,brz pouzdan,prezadovoljan sam,ovo mi je već drugi honor,sve preporuke 👍"
https://mobilnisvet.com/mobilni-komentari/fbd/Honor/X8a/2,Honor,Honor X8a,Milena,2023-09-26 12:50:00,Utisci ovtelefonu i najvise me zanima kakva je kamera???
https://mobilnisvet.com/mobilni-komentari/fbd/Honor/X8a/2,Honor,Honor X8a,Coa22,2023-09-18 18:52:00,"Ja sam kupio ovaj telefon pre nekoliko dana i više sam nego zadovoljan njime. Korisniku poput mene baš ništa više od ovoga ne treba. Posebno bih izdvojio bateriju koja me extra služi prilikom uživanja u multimediji, budući da se 95% mojih aktivnosti na pametnom telefonu svodi na društvene mreže i YouTube."
https://mobilnisvet.com/mobilni-komentari/q5v/Honor/X8b/2,Honor,Honor X8b,Honor user,2024-08-09 22:56:00,Odličan telefon za tu cijenu. Meni je jedna velika mana kaj nema NFC. Inače Honor 200 lite je nadograđeni x8b.
https://mobilnisvet.com/mobilni-komentari/q5v/Honor/X8b/2,Honor,Honor X8b,339,2024-07-27 11:08:00,"Stigao Magic OS 8, pre 7 dana, za sada je ok, trajanje baterije, slicno, ima nekih par opcija vise, i dalje je ispeglan os"
https://mobilnisvet.com/mobilni-komentari/q5v/Honor/X8b/2,Honor,Honor X8b,dm72,2024-06-30 14:33:00,"Kupljen pre par dana. U suštini ok, ali me interesuje koliko je baterija postojana, jer sam mišljenja da se brzo prazni."
https://mobilnisvet.com/mobilni-komentari/q5v/Honor/X8b/2,Honor,Honor X8b,Lucky,2024-06-30 11:21:00,Da li moze dva vibera?
https://mobilnisvet.com/mobilni-komentari/q5v/Honor/X8b/2,Honor,Honor X8b,Nebitno,2024-06-04 21:26:00,Moze li pomoc honor x8b ili xiaomi redmi note 13
https://mobilnisvet.com/mobilni-komentari/q5v/Honor/X8b/2,Honor,Honor X8b,Darko Zekovic,2024-05-27 16:23:00,"Mane za ovaj telefon su UFS 2.2 i procesor koji je stariji , za 2024 je star par godina a telefon je izasao u decembru 2023 dakle to su 2 najvece mane , isto tako bluetooth 5.0 ima ako je to tacno on je izasao 2016 godine ne znam cemu to mada ako kosta 20.000 dinara nije ni cudo ovako nije los."
https://mobilnisvet.com/mobilni-komentari/q5v/Honor/X8b/2,Honor,Honor X8b,Djole,2024-05-25 09:18:00,Honor X8b ili Samsung galaxy a15
https://mobilnisvet.com/mobilni-komentari/q5v/Honor/X8b/2,Honor,Honor X8b,Toša,2024-05-22 16:00:00,"Ok, nema fizičkog 3.5mm ulaza, ne može FM radio da se pokrene ni preko 3.5 mm - type C adaptera, pa kojim trikovima koristite FM radio aplikaciju ovog modela ako uopšte koristite???"
https://mobilnisvet.com/mobilni-komentari/q5v/Honor/X8b/2,Honor,Honor X8b,Toša,2024-05-21 14:19:00,Je l' neko na ovom telefonu pronašao 3.5mm ulaz da bi mogao da sluša FM radio?
https://mobilnisvet.com/mobilni-komentari/q5v/Honor/X8b/2,Honor,Honor X8b,Zoks,2024-05-18 16:08:00,"Ako može pomoć, x8b ili realme c67. Unapred hvala."
https://mobilnisvet.com/mobilni-komentari/q5v/Honor/X8b/2,Honor,Honor X8b,m,2024-05-17 19:23:00,"imam xiaomi 11 lite ali nakon skoro dve godine baterija se sve brže prazni, razmišljao sam da ga zamenim ovim honorom ali nisam siguran da li bi mi odgovarao, pošto dnevno koristim i do 6 sati telefon"
https://mobilnisvet.com/mobilni-komentari/q5v/Honor/X8b/2,Honor,Honor X8b,Dejan,2024-05-17 07:23:00,"Realme c67, ovaj telefon ili Tecno Spark 20 pro ??"
https://mobilnisvet.com/mobilni-komentari/q5v/Honor/X8b/2,Honor,Honor X8b,Žorž,2024-05-11 18:44:00,Da li je dobra kupovina ovaj honor.
https://mobilnisvet.com/mobilni-komentari/q5v/Honor/X8b/2,Honor,Honor X8b,Aco,2024-05-10 08:37:00,Honor x8b ili honor magic 5 lite
https://mobilnisvet.com/mobilni-komentari/q5v/Honor/X8b/2,Honor,Honor X8b,Averroes,2024-04-20 10:24:00,"Do 600e samo Mi 13T serija koja je mngoo skuplja ima vece osvetljenje ekrana, ali nema bolji ekran kad sagledamo sve, ukljucujuci i PWM. Ovaj telefon za 200e vredi svaki dinar."
https://mobilnisvet.com/mobilni-komentari/q5v/Honor/X8b/2,Honor,Honor X8b,Ljubo,2024-04-16 18:32:00,Ovaj ili samsung A25?
https://mobilnisvet.com/mobilni-komentari/q5v/Honor/X8b/2,Honor,Honor X8b,Djole,2024-04-06 19:54:00,"Da li ovaj tel.ima e-sim, kakva mu je baterija (koliko izdrži), jesu li mu kamere stvarno toliko loše, isplati li se uopšte uzimati ovaj tel."
https://mobilnisvet.com/mobilni-komentari/q5v/Honor/X8b/2,Honor,Honor X8b,Dragana,2024-04-03 15:40:00,"Uzela sam Honor xb i sve je super sem kamere. Slikam, cuje se klik, sklonim telefon, i ispostavi se da je na slici pod, papuce... Znaci kad klikne nije slikao mora da se drzi jos dugo i ne mrda telefon. Naročito nezgodno za slikanje dece. Da ne postoji mozda neko podešavanje?"
https://mobilnisvet.com/mobilni-komentari/q5v/Honor/X8b/2,Honor,Honor X8b,Lav,2024-04-02 22:30:00,"Vec godinama imam huawei p20 lite i telefon je odličan, s tim da mu je baterija baš oslabila. Dvoumim se izmedju Honor x8b i Honor 6 magic lite. Nisam zahtevan korisnik, ali bitno mi je da telefon ne laguje, da je fluidan i malo bolji od huawei p20 lite. Da li preporučujete neki od dva gorepomenuta telefona? ili neki treći?"
https://mobilnisvet.com/mobilni-komentari/q5v/Honor/X8b/2,Honor,Honor X8b,Vojo,2024-03-22 12:08:00,Zamolio bih nekoga da mi kaze Dvoumim se između Honor 90 lajt i Honor X8B. Koji je bolji telefon. Unapred hvala.
https://mobilnisvet.com/mobilni-komentari/q5v/Honor/X8b/2,Honor,Honor X8b,Hrelja,2024-03-06 17:11:00,"Može li mi netko tko ima Honor x8b reći ima li utor za slušalice, jer mislim da sam negdje pročitao da nema?"
https://mobilnisvet.com/mobilni-komentari/q5v/Honor/X8b/2,Honor,Honor X8b,M.T,2024-03-04 15:53:00,Ovaj ili Honor Magic 6 lite?
https://mobilnisvet.com/mobilni-komentari/q5v/Honor/X8b/2,Honor,Honor X8b,Gordana,2024-02-25 16:53:00,Kako da se vratim korak unazad a da ne izdajem iz aplikacije?
https://mobilnisvet.com/mobilni-komentari/blm/Honor/Magic5-Lite/2,Honor,Honor Magic5 Lite,Nemanja,2024-08-17 20:00:00,Je l dobija android 14 u novembru? Prosle godine u novembru je dobio android 13 pa racunam da bi trebao imati jos jednu nadogradnju.
https://mobilnisvet.com/mobilni-komentari/blm/Honor/Magic5-Lite/2,Honor,Honor Magic5 Lite,Daša,2024-07-12 11:03:00,Koja aplikacija je potrebna za povezivanje sa XIAOMI Mi Body Composition Scale 2?
https://mobilnisvet.com/mobilni-komentari/blm/Honor/Magic5-Lite/2,Honor,Honor Magic5 Lite,Mirjana,2024-07-02 06:27:00,"Do nedavno perfektan telefon za moje skromne potrebe. Kupila sam ga prošle godine i pre otprilike dve nedelje sam primetila da jako slabo čujem sagovornika prilikom razgovora (gotovo da i ne čujem). Ostali mediji se dobro čuju, čuje se ok i kada je uključen spikerfon, ali običan telefonski razgovor jedva. Reklamiram ga prošle nedelje i juče dobijem odgovor da se reklamacija odbija jer nije utvrđena nesaobraznost?!"
https://mobilnisvet.com/mobilni-komentari/blm/Honor/Magic5-Lite/2,Honor,Honor Magic5 Lite,DraganM,2024-07-01 15:24:00,Stiglo ažuriranje na verziju 7.1.0.258 (C431E14R2P4).
https://mobilnisvet.com/mobilni-komentari/blm/Honor/Magic5-Lite/2,Honor,Honor Magic5 Lite,Aco12,2024-06-19 17:39:00,Dali se ikom desava da mu se baterija brzo prazni na ovom modelu
https://mobilnisvet.com/mobilni-komentari/blm/Honor/Magic5-Lite/2,Honor,Honor Magic5 Lite,Aleks,2024-06-17 23:23:00,"Meni je ovo telefon oooočajnom kamerom...baš sam se pokajala što sam ga kupila,,!"
https://mobilnisvet.com/mobilni-komentari/blm/Honor/Magic5-Lite/2,Honor,Honor Magic5 Lite,Upiši Ime,2024-06-13 04:16:00,Kupio sam ga čim je izašao za 37000 dinara.
https://mobilnisvet.com/mobilni-komentari/blm/Honor/Magic5-Lite/2,Honor,Honor Magic5 Lite,Tanja,2024-06-07 14:22:00,"Pomoć,u Viberu sam nekako uključila da mi zadnja reč u zadnjoj poruci automatski bude i prva u novoj...Kako to isključiti???Hvala unapred!"
https://mobilnisvet.com/mobilni-komentari/blm/Honor/Magic5-Lite/2,Honor,Honor Magic5 Lite,Ivan,2024-06-04 16:57:00,"Vredi li dati za polovan honor magic 5 lite 6/128, 130eura inace imam Huawei p40lite"
https://mobilnisvet.com/mobilni-komentari/blm/Honor/Magic5-Lite/2,Honor,Honor Magic5 Lite,Boki,2024-05-28 09:53:00,Pozz jel uzeti ovaj model ili neki saomi pro verziju i dal je bolji Saomi od Honor telefona generalno
https://mobilnisvet.com/mobilni-komentari/blm/Honor/Magic5-Lite/2,Honor,Honor Magic5 Lite,Joca,2024-05-18 01:23:00,"Perfektan telefon sa dobrom baterijom koja izgura dan dan ipo bez ustede baterije ,dobrom brzinom, ne greje se, sve je super koristim ga godinu dana prezadovoljan sam, razmisljam se da predjem na honor magic 6 lite zbog bolje kamere. Ovako sve je super nemam zamerke na ovaj model sem kamere i sto nema pri snimanju stabilizaciju slike."
https://mobilnisvet.com/mobilni-komentari/blm/Honor/Magic5-Lite/2,Honor,Honor Magic5 Lite,Aca,2024-05-14 17:32:00,Da li ce biti ANDROID 14 za ovaj model?
https://mobilnisvet.com/mobilni-komentari/blm/Honor/Magic5-Lite/2,Honor,Honor Magic5 Lite,Zlatka,2024-05-10 19:22:00,Da li neko ima problem sa kamerom...naime kada želim da fotografišem aplikacija se ugasi i ekran zacrni i vraća na početni ekran...Zna li ko šta bi moglo da bude dok ostalo sve na mobilnom funkcioniše odlično
https://mobilnisvet.com/mobilni-komentari/blm/Honor/Magic5-Lite/2,Honor,Honor Magic5 Lite,Nikola,2024-04-28 18:09:00,"Za 200€ ovo je super telefon,nikakva kocenja i resetovanja sistema nije bilo,baterija dugo traje,svideo mi se honor brand i odlucio sam da kupim magic 6 pro,da imam jos jedan super telefon,magic 6 pro je za zahtevne korisnike"
https://mobilnisvet.com/mobilni-komentari/blm/Honor/Magic5-Lite/2,Honor,Honor Magic5 Lite,zoran,2024-04-25 12:12:00,"da li ima google play ili mora preko neke dodatne aplikacija, gbox tako nesto? posto imam huawei, gbox mi  se nikako ne svidja, ne postoji nalog na telefonu nego svuda moram da se logujem"
https://mobilnisvet.com/mobilni-komentari/blm/Honor/Magic5-Lite/2,Honor,Honor Magic5 Lite,DraganN,2024-04-20 15:33:00,Da li je neko menjao zastitnu foliju u BG?
https://mobilnisvet.com/mobilni-komentari/blm/Honor/Magic5-Lite/2,Honor,Honor Magic5 Lite,Dragan,2024-04-19 08:32:00,Da li se nekome desilo da ima lled plavo blic svetlo ili baterijska lampa je led plava?
https://mobilnisvet.com/mobilni-komentari/blm/Honor/Magic5-Lite/2,Honor,Honor Magic5 Lite,Mladen,2024-04-16 22:46:00,"Hoću da kupim ovaj telefon, kako mu odgovara punjač od P40lite"
https://mobilnisvet.com/mobilni-komentari/blm/Honor/Magic5-Lite/2,Honor,Honor Magic5 Lite,Budimir,2024-04-10 08:11:00,Da li neko ima iskustva sa menjanjem displeja na magic 5 lite 8/256 ?
https://mobilnisvet.com/mobilni-komentari/blm/Honor/Magic5-Lite/2,Honor,Honor Magic5 Lite,Dragana,2024-04-09 01:23:00,Ovaj ili Redmi Note 13pro?
https://mobilnisvet.com/mobilni-komentari/blm/Honor/Magic5-Lite/2,Honor,Honor Magic5 Lite,Jovana,2024-03-17 10:46:00,"Posle4 meseca korišćenja velika zamerka sto je kamera izuzetno loša...imala sam lre toga xiaomi mi 11 lite i kamera je bila bolja, za nekog kome je kamera i kvalitet slike bitan magic 5 lite je u rangu sa starijim telefonima sto se tice fotografije. Snimanje takodje loše... Sivi tonovi, boje hladne.."
https://mobilnisvet.com/mobilni-komentari/blm/Honor/Magic5-Lite/2,Honor,Honor Magic5 Lite,Sladjan,2024-03-16 21:17:00,Jel ima ovaj honor Magic 5 Lite ono dugme za izlaz  dole
https://mobilnisvet.com/mobilni-komentari/blm/Honor/Magic5-Lite/2,Honor,Honor Magic5 Lite,milos,2024-03-16 14:04:00,"Stigao nakon tacno 2 meseca, napunio 35 posto za pola sata."
https://mobilnisvet.com/mobilni-komentari/blm/Honor/Magic5-Lite/2,Honor,Honor Magic5 Lite,Vlade,2024-03-14 21:03:00,Ovaj ili malo koriscen Honor 70 8/256gb?
https://mobilnisvet.com/mobilni-komentari/9817/Honor/X8/4,Honor,Honor X8,goran,2022-12-24 08:48:00,"postovanje svima, dvoumim se izmedju honora x8 i samsunga a33 5g, pa bi mi vase misljenje i preporuka puno znacila."
https://mobilnisvet.com/mobilni-komentari/9817/Honor/X8/4,Honor,Honor X8,Marko,2022-12-23 19:08:00,"Treba mi pomoć, kako da sredim ovu internet konekciju?"
https://mobilnisvet.com/mobilni-komentari/9817/Honor/X8/4,Honor,Honor X8,Aleksandar Pop,2022-12-15 23:17:00,"Zdravo, imam telefon par dana, veoma sam zadovoljan."
https://mobilnisvet.com/mobilni-komentari/9817/Honor/X8/4,Honor,Honor X8,Nikko,2022-12-14 11:44:00,Ovaj ili magic 4?
https://mobilnisvet.com/mobilni-komentari/9817/Honor/X8/4,Honor,Honor X8,Luka,2022-12-11 10:42:00,"Koristim ovaj model nekoliko dana i moj utisak je da vredi svaku paru! Brz, ne baguje ni na jednoj aplikaciji, mail, viber, wapp, YT.. Čak igram i 2 neke bzv igrice i nema pregrevanja, nema lagovanja.. Znači konačni utisak (za nekog kome je kamera faktor 0) da je ovo jedan jako lep, eleganatan telefon, u kafani na stolu izgleda lepše od bilo kog flegšipa :) Voleo bih da ovo misljenje zadrzim, jer nekvalitetni matetijali(plastika) utiču na dugotrajnost, ali u krajnjoj liniji garancija je 2 godine.. Tako da who gives a fk čak i da ne izdrži.. Cilj mi je da nekom moje iskustvo pomogne.. Ponavljam, ja sam korisnik koji dobija napad panike pri pomisli na selfie, a za ostale potrebe zadnja kamera mi je ok, radi posao.. Msm za 20e.."
https://mobilnisvet.com/mobilni-komentari/9817/Honor/X8/4,Honor,Honor X8,Igor,2022-12-03 10:34:00,honor x8 ili xiaomi 11s
https://mobilnisvet.com/mobilni-komentari/9817/Honor/X8/4,Honor,Honor X8,Milan,2022-12-03 01:19:00,meni se cini da dve kamere zapravo i rade da su druge dve bukvalno stavili da zacepe rupe u masci.Pitao ove u A1 kao te dve rade na drugaciji nacim msm dodje mi samo zbog toga da ga rasklopim i pogledam dal sam u pravu.Inace ovako solidan telefon.
https://mobilnisvet.com/mobilni-komentari/9817/Honor/X8/4,Honor,Honor X8,Ivan,2022-12-02 23:40:00,"Za ovaj keš telefon je extra, baterija malo slabija a kameru koristite na postolju uz auto okidač, ako drmate fon drhte ruke slika će biti zamućena vrv. Ljudi po dobra mašina za ratu od jadnih 400 kinti, ako hoćete nešto bolje spremite tričavu hiljadarku za ratu. Memorija 128gb ram 6, šta vi hoćete ne razumem"
https://mobilnisvet.com/mobilni-komentari/9817/Honor/X8/4,Honor,Honor X8,Nikola,2022-12-01 15:29:00,Jel stigao android 12?
https://mobilnisvet.com/mobilni-komentari/9817/Honor/X8/4,Honor,Honor X8,Jovan,2022-11-23 14:19:00,"Da li ovaj telefon ima neku indikaciju, dok je na punjaču ili na stenbaju sa ugašenim ekranom, u vidu neke lampice koja blinka i prikazuje propuštene poziv...."
https://mobilnisvet.com/mobilni-komentari/9817/Honor/X8/4,Honor,Honor X8,Aa,2022-11-21 22:04:00,Kupio sam ovaj telefon pre 2 nedelje jako dobar telefon za mali budzet.
https://mobilnisvet.com/mobilni-komentari/9817/Honor/X8/4,Honor,Honor X8,Nata,2022-11-19 09:50:00,Da li ima Sound Recorder?
https://mobilnisvet.com/mobilni-komentari/9817/Honor/X8/4,Honor,Honor X8,Nata,2022-11-19 09:38:00,Da li Honor x8 ima delivery report za SMS?
https://mobilnisvet.com/mobilni-komentari/9817/Honor/X8/4,Honor,Honor X8,A,2022-11-16 10:20:00,"Cao, zanima me vase misljenje honor x8 ili samaung a53 5g?"
https://mobilnisvet.com/mobilni-komentari/9817/Honor/X8/4,Honor,Honor X8,Vlada,2022-11-13 13:45:00,"Pozdrav, uzeti x8 ili Redmi not 11 hvala"
https://mobilnisvet.com/mobilni-komentari/9817/Honor/X8/4,Honor,Honor X8,Slobs,2022-11-09 17:39:00,"Posle azuriranja ne mogu da promenim rezoluciju ekrana, da li postoji neki drugi nacin da se promeni?"
https://mobilnisvet.com/mobilni-komentari/9817/Honor/X8/4,Honor,Honor X8,Kopi,2022-11-07 20:36:00,"Za razliku od zaomi telefona ovaj ima ispeglan sotwer bez bagova, vibracija dobra, dizajn, brzina.. Sve u svemu telefon top"
https://mobilnisvet.com/mobilni-komentari/9817/Honor/X8/4,Honor,Honor X8,Tr,2022-10-31 09:39:00,Da li ima led lampicu za obavestenja?
https://mobilnisvet.com/mobilni-komentari/9817/Honor/X8/4,Honor,Honor X8,hapz,2022-10-30 05:43:00,"Imam ovaj i 8x iz 2018, 8x je mnogo bolji uređaj a ovaj je zakinut za mnoge senzore, sd karticu i lampicu za obavijesti, da sam znao nebi ga nikad kupio, ostavit ću ga da stoji a koristit ću stari 8x jer je daleko bolji"
https://mobilnisvet.com/mobilni-komentari/9817/Honor/X8/4,Honor,Honor X8,bojan,2022-10-24 07:40:00,Xiaomi Redmi Note 11 ili Honor X8 ili neki drugi ne razumem se u telefone. deluje mi Honor bolji ali nema Google mape a njih cesto koristim.... ili predlazete neki dtugi u tom rangu
https://mobilnisvet.com/mobilni-komentari/9817/Honor/X8/4,Honor,Honor X8,Borko,2022-10-23 06:01:00,Podešavanja pa funkcija pristupacnosti pa navigacija sistema
https://mobilnisvet.com/mobilni-komentari/9817/Honor/X8/4,Honor,Honor X8,Borko,2022-10-23 05:56:00,Telefon imam ok 4 meseca Radi super Ima i opciju trougao krug kvadrat Idi u podešavanja Naći ćeš
https://mobilnisvet.com/mobilni-komentari/8714/Honor/50/4,Honor,Honor 50,Nemanja,2022-11-02 20:32:00,Koristim ovaj telefon 3.meseca i više sam nrgo zadovoljan. Sjajan odnos cene i kvaliteta..
https://mobilnisvet.com/mobilni-komentari/8714/Honor/50/4,Honor,Honor 50,Marija,2022-11-02 14:07:00,Koliko je dobra zadnja kamera na ovom telefonu?
https://mobilnisvet.com/mobilni-komentari/8714/Honor/50/4,Honor,Honor 50,Milica,2022-10-25 22:02:00,"Moji utisci su fenomenalni, prodala sam Iphone XS i dodala pare za Honor 50, kao prvo u kutiji dobijes punjac 66w, slusalice i masku.Na ekranu vec imas nalepljenu zastitnu foliju, znaci nebacas jos para za zastitno staklo ili masku. Baterija za normalo koriscenje 2.5 do 3 dana. Gledanje filma, You tube, igrice, 1 do 1.5 dan. Za mene je brz kao i iphone, dizajn je najlepsa strana ovog telefona!"
https://mobilnisvet.com/mobilni-komentari/8714/Honor/50/4,Honor,Honor 50,Dejan,2022-10-23 18:09:00,"Pozdrav, ima li mogućnost da se 2sim kartice ubace?"
https://mobilnisvet.com/mobilni-komentari/8714/Honor/50/4,Honor,Honor 50,Daca,2022-10-23 10:58:00,Dobar dan svima...Huawei Mate pro 20 ili Honor 50....???
https://mobilnisvet.com/mobilni-komentari/8714/Honor/50/4,Honor,Honor 50,Boban,2022-10-22 14:41:00,A kada je dobio poslednje azuriranje ili zakrpu taj nasminkani tel
https://mobilnisvet.com/mobilni-komentari/8714/Honor/50/4,Honor,Honor 50,Jasna,2022-10-08 19:25:00,"Kakve su kamere u odnosu na Nova 5t,da li neko ima oba? Uskoro mi istice ugovor pa ne znam kakav je honor?"
https://mobilnisvet.com/mobilni-komentari/8714/Honor/50/4,Honor,Honor 50,Lav,2022-09-30 07:03:00,"Telefon je top, lep dizajn, lagan, baterija dobra, brz."
https://mobilnisvet.com/mobilni-komentari/8714/Honor/50/4,Honor,Honor 50,Marko,2022-09-25 11:55:00,"Zanima me kakva je baterija, koliko izdrži u normalnom korišćenju, koliko ako si malo zahtevniji, društvene, igrice itd?"
https://mobilnisvet.com/mobilni-komentari/8714/Honor/50/4,Honor,Honor 50,Ringe,2022-09-13 16:42:00,Uzeo sam fon pre par dan i bruka je ali imam problem kada je spikerfon upaljen mene niko ne cuje nebitno da li prejo vibera mesingera ili obicnih poziva a kada nije na spikerfonu onda me normalno cuju. Sta li moze da bude?
https://mobilnisvet.com/mobilni-komentari/8714/Honor/50/4,Honor,Honor 50,Tamara,2022-09-11 08:58:00,"Da li još neko ima problem sa selfi kamerom da su mu slike jako loše i strašno mutne, ili je to jednostavno problem što nema stabilizaciju kamere? Zadnja kamera savršena, ali prednja užas..."
https://mobilnisvet.com/mobilni-komentari/8714/Honor/50/4,Honor,Honor 50,Nikola,2022-09-09 17:55:00,Honor 50 6gb ili Samsung A52S 5G 6gb???
https://mobilnisvet.com/mobilni-komentari/8714/Honor/50/4,Honor,Honor 50,Nenad,2022-09-07 20:36:00,Kako skinuti temu sad? Pre nadogradnje je moglo
https://mobilnisvet.com/mobilni-komentari/8714/Honor/50/4,Honor,Honor 50,Darko,2022-09-04 18:07:00,Nakon nadogradnje na magic 6.0 dali vam se cini da je telefon sporiji?
https://mobilnisvet.com/mobilni-komentari/8714/Honor/50/4,Honor,Honor 50,Vladimir,2022-09-04 03:41:00,"Slaba baterija, veoma loš senzor otiska prstiju, na jakom Suncu ekran skroz potamni da je neupotrebljiv, cak i kad je iskljuceno auto osvetljenje. Zaobići ovaj telefon."
https://mobilnisvet.com/mobilni-komentari/8714/Honor/50/4,Honor,Honor 50,Darkp,2022-08-28 10:19:00,Još nema android 12 nadogradnje jeli dobio neko???
https://mobilnisvet.com/mobilni-komentari/8714/Honor/50/4,Honor,Honor 50,Baki,2022-08-25 12:40:00,"Mozda nije na papiru nesto, ali telefon stvarno perverzija, polomio sam iphone 11 i zacudio se da je ovaj telefon toliko dobar, moja preporuka"
https://mobilnisvet.com/mobilni-komentari/8714/Honor/50/4,Honor,Honor 50,Coa,2022-08-22 17:45:00,"Da su stavili malo bolje kamere,  ovaj uredjaj bi bio premijum, dizajn cista 10ka... Imao sam a52s 5g, i samsung deluje ko kineska igracka... Ali je kamera bolja na a52,  pa ko sta voli,  punjenje mnogo brze nego na a52,kamere da su malo bolje ne bi imao nikakvu zamerku, nisu lose, ali..."
https://mobilnisvet.com/mobilni-komentari/8714/Honor/50/4,Honor,Honor 50,Milos,2022-08-19 22:35:00,"Iskreno jaka cena ali ljubitelji honor telefona ne pitaju za cenu.  Ja sam uzeo Honor 50 lite verziju i mogu vam reci da sam prezadovoljan. Punjac isti,  baterija ista,  ekran je lcd ali nema neke razlike sa ovim amoledom, upoređivao sam ih.  Jedino je procesor duplo brzi ali je i cena duplo veca."
https://mobilnisvet.com/mobilni-komentari/8714/Honor/50/4,Honor,Honor 50,Igor,2022-08-17 19:25:00,Stigao android 12
https://mobilnisvet.com/mobilni-komentari/8714/Honor/50/4,Honor,Honor 50,Jovana,2022-08-17 12:26:00,Koji uzeti ovaj ili samsung a53 5g?
https://mobilnisvet.com/mobilni-komentari/8714/Honor/50/4,Honor,Honor 50,Zika,2022-08-17 11:38:00,"Steta sto nema stereo zvucnike, slot za mikro SD kartice i  opticku stabiliaziju slike. Bio bi pun pogodak."
https://mobilnisvet.com/mobilni-komentari/8714/Honor/50/4,Honor,Honor 50,Vladimir,2022-08-12 08:22:00,"Po svemu odličan telefon, jedino bi baterija trebala biti malo izdržljivija."
https://mobilnisvet.com/mobilni-komentari/9955/Honor/70/3,Honor,Honor 70,Dejan Lo,2024-07-12 14:03:00,"Bateriju definitivno brže troši za ovih 5-6 dana od kada se ažurirao.Da li će doći na svoje ,kasnije ne znam ali čisto sumnjam.Šteta."
https://mobilnisvet.com/mobilni-komentari/9955/Honor/70/3,Honor,Honor 70,S21fe,2024-07-09 08:02:00,Koristim s21 fe pa me zanima da predjem na ovaj telefon.ZBOG BATERIJA(kako se puni kojom brzinom i kako ona traje otprilike?)kakve su kamere i koci li telefon?
https://mobilnisvet.com/mobilni-komentari/9955/Honor/70/3,Honor,Honor 70,Nedo Lo,2024-07-07 17:08:00,"Sjajan telefon srednje klase. Problem je što ekipa nema potrebu da ga učini interesantnim. Postao je dosadan. Sve radi, ma fiksni mi je interesantniji. Problem je što su im i flegšipovi isti. Šta da radimo mi Srbini?! Pa odosmo na Samsung. Nije im najbolji softver, ima milion opcija... Nikad dosadan. Naravno da ima milion mana!"
https://mobilnisvet.com/mobilni-komentari/9955/Honor/70/3,Honor,Honor 70,M,2024-07-07 14:49:00,Stiglo je azuriranje
https://mobilnisvet.com/mobilni-komentari/9955/Honor/70/3,Honor,Honor 70,Mix,2024-07-06 09:59:00,"Moze li sad sa sredine ekrana da se povuce notifikacioni centar ili mora sa vrha? I da li je kao na xiaomi telefonima odvojen notifikacioni centar i obavestenja? I da li moze posebno da se spusta, tipa povucem sa desne strane, spusti se not. centar, povucem sa leve strane, spusti sr panel sa obavestenjima?"
https://mobilnisvet.com/mobilni-komentari/9955/Honor/70/3,Honor,Honor 70,Dejan Lo,2024-07-03 23:33:00,"Evo juče stigao Android 14,sinoć napunio.Danas vreme rada ekrana 7h15min na 17%,Što mislim da je dobro.A o piše da par dana prođe dok telefon opet ne nauči navike.Ima nekih lepih stvari novi.Za spuštanje na dole ima  u podešavanju da se podesi.I sa desne strane može skoro i sa dna desne strane da se spusti.Sve u svemu ok kod mene."
https://mobilnisvet.com/mobilni-komentari/9955/Honor/70/3,Honor,Honor 70,Lav,2024-07-02 16:45:00,"E sad je prava prica, bravo, azurirao na 14, sad mogu da ga spustim gde ocu, padajući meni."
https://mobilnisvet.com/mobilni-komentari/9955/Honor/70/3,Honor,Honor 70,Nemanja,2024-07-02 13:32:00,Razmišljam se izmedju ovog Honor 70 i Honor magic 6 lite
https://mobilnisvet.com/mobilni-komentari/9955/Honor/70/3,Honor,Honor 70,Dača,2024-07-02 02:19:00,Ljudi zaboravio sam kako se podešava da određeni ekran sa ikonama bude kao početni odnosno da se pritiskom na krug uvek vrati na taj ekran ili prozor.
https://mobilnisvet.com/mobilni-komentari/9955/Honor/70/3,Honor,Honor 70,N,2024-07-02 00:02:00,"Azurirao na 14, ok je. Videcemo za bateriju"
https://mobilnisvet.com/mobilni-komentari/9955/Honor/70/3,Honor,Honor 70,Gile,2024-07-01 22:34:00,Stigla14ica sad cu da azuriram cim se povezem na wi fi
https://mobilnisvet.com/mobilni-komentari/9955/Honor/70/3,Honor,Honor 70,Miloš,2024-07-01 14:29:00,"Stiglo ažuriranje, ništa specijalno."
https://mobilnisvet.com/mobilni-komentari/9955/Honor/70/3,Honor,Honor 70,Dragan. A,2024-06-25 21:54:00,"Neki dan mi stigla nadogradnja na Android 14, a danas i prva bezbednosna zakrpa. Za sada nisam primetio neke značajne razlike. Samo neke sitnice koje mi se i ne sviđaju."
https://mobilnisvet.com/mobilni-komentari/9955/Honor/70/3,Honor,Honor 70,Zis,2024-06-22 20:26:00,Kako bolje ra di kad 328 zakrpa trosi vise bateriju u odnosu na 320
https://mobilnisvet.com/mobilni-komentari/9955/Honor/70/3,Honor,Honor 70,M,2024-06-22 11:35:00,Ne mora ni da stigne bolje ce na ovom sistemu da radi
https://mobilnisvet.com/mobilni-komentari/9955/Honor/70/3,Honor,Honor 70,Zis,2024-06-22 10:25:00,Ljudi svi dobise android 14 samo mi na honor 70 josuvek nista
https://mobilnisvet.com/mobilni-komentari/9955/Honor/70/3,Honor,Honor 70,M,2024-06-22 07:40:00,"Društvo primetio sam neki bag, evo o čemu se zapravo radi, kada hoću da pozovem nekoga gde su mi već birani brojevi non stop me izbacuje onaj pozivni +381 nije vidljiv, tek kad uđem tipa u kontakt on pozove, da li se nekom dešavalo to?"
https://mobilnisvet.com/mobilni-komentari/9955/Honor/70/3,Honor,Honor 70,Aleksandar,2024-06-21 12:27:00,Da li se isplati menjati ovaj telefon za huawei p50 pro?
https://mobilnisvet.com/mobilni-komentari/9955/Honor/70/3,Honor,Honor 70,Alex,2024-06-21 01:00:00,"Dakle, ovo novo ažuriranje je ubilo bateriju, nemam reči. Namerno ovo rade. Pre ažuriranja, dan završim sa 35-55% baterije u zavisnosti od korišćenja, sad maximum 35%. Telefon koristim uobičajeno, bez razlike. Nadam se samo da će ovako biti samo jedno kratko vreme dok telefon ne upamti moj šablon i način upotrebe pa da  ce se sve vratiti na staro, jer ako baterija nastavi ovako brzo da se troši, moraću da menjam telefon a baš bi bilo steta jer mi na njemu bas sve odgovara."
https://mobilnisvet.com/mobilni-komentari/9955/Honor/70/3,Honor,Honor 70,Simke,2024-06-14 21:25:00,Kako da smanjim slova u sms-u?
https://mobilnisvet.com/mobilni-komentari/9955/Honor/70/3,Honor,Honor 70,Neko,2024-06-14 06:58:00,Drugovi je l' jos nekom desilo da se mnogo brze prazni baterija posle ovog novog update?!
https://mobilnisvet.com/mobilni-komentari/9955/Honor/70/3,Honor,Honor 70,nemke,2024-06-12 13:08:00,"meni sinoc stigao neki update, danas mi ikonice male,kako to da vratim na staro?"
https://mobilnisvet.com/mobilni-komentari/9955/Honor/70/3,Honor,Honor 70,Branko,2024-06-12 07:15:00,Pozdrav! Da li neko ima problem sa brzim punjenjem? Prestalo da radi i sada mu treba 2 sata da napuni bateriju od 30 do 100 %..
https://mobilnisvet.com/mobilni-komentari/9955/Honor/70/3,Honor,Honor 70,M,2024-06-11 15:25:00,"Stigla mi neka zakrpa 328 da li je jos kome, april je u pitanju"
https://mobilnisvet.com/mobilni-komentari/9955/Honor/70/3,Honor,Honor 70,Zis,2024-06-09 11:19:00,"Dsco odakle ti informacija,prvo rekli u maju,sad u junu,nesyo dosta kasne"
https://mobilnisvet.com/mobilni-komentari/dd4/Honor/Magic6-Lite/3,Honor,Honor Magic6 Lite,Nikolajević,2024-12-23 21:46:00,Ima li šanse da magic 6 lite dobije os 9?
https://mobilnisvet.com/mobilni-komentari/dd4/Honor/Magic6-Lite/3,Honor,Honor Magic6 Lite,Dalibor,2024-12-23 13:29:00,"Pozdrav, kojom brzinom vam ovaj telefon najvise puni sa huawei 66w punjacem, molim neko ko ima taj punjac da proveri na ampere aplikaciji ili slicnoj brzinu punjenja pa da mi odgovori, hvala."
https://mobilnisvet.com/mobilni-komentari/dd4/Honor/Magic6-Lite/3,Honor,Honor Magic6 Lite,Vlada,2024-12-22 21:56:00,"Vratio sam ga na fabrička podesavanja, možda nije original punjač, možda treba da se formira baterija ja sam ga uži pre 6 dana, videćemo večeras."
https://mobilnisvet.com/mobilni-komentari/dd4/Honor/Magic6-Lite/3,Honor,Honor Magic6 Lite,Vlada,2024-12-21 14:22:00,Toliko hvale bateriju kod njega a ono nista
https://mobilnisvet.com/mobilni-komentari/dd4/Honor/Magic6-Lite/3,Honor,Honor Magic6 Lite,Vlada,2024-12-20 11:21:00,"Kupio sam ovaj hm6 Lite pre desetak dana, napunim ga uveče 100% ujutru 90%naravno bez korišćenja. Nov uzet u A1 dali je to normalno, znam kad je dobra baterija 2do 3%?"
https://mobilnisvet.com/mobilni-komentari/dd4/Honor/Magic6-Lite/3,Honor,Honor Magic6 Lite,Daxon,2024-12-18 21:52:00,"Ovaj ili redmi note 13 pro 4g ili motorola g54 power. Imteresuje me fluidnost, poredjenje kamera baterija i podrska. Hvala"
https://mobilnisvet.com/mobilni-komentari/dd4/Honor/Magic6-Lite/3,Honor,Honor Magic6 Lite,Alien,2024-12-18 02:59:00,"U igranju igara da li postoji razlika u brzini izmedju Honor Magic6 Lite i Xiaomi Redmi Note 13 Pro 4G Helio G99 Ultra? Pitam konkretno za ova dva modela da li ima razlike u brzini pri igranju zahtevnih igara na njima, nemojte mi predlagati druge telefone. Hvala"
https://mobilnisvet.com/mobilni-komentari/dd4/Honor/Magic6-Lite/3,Honor,Honor Magic6 Lite,Aca,2024-12-16 13:22:00,Da li ovaj Honor Magic 6 lite ima bolju kameru od Samsung A 34 ???
https://mobilnisvet.com/mobilni-komentari/dd4/Honor/Magic6-Lite/3,Honor,Honor Magic6 Lite,Seka,2024-12-15 23:13:00,Honor 200 ili hm6lite hvala
https://mobilnisvet.com/mobilni-komentari/dd4/Honor/Magic6-Lite/3,Honor,Honor Magic6 Lite,Pera,2024-12-14 18:34:00,Cao svima ovaj model uzeti ili Samsung a55
https://mobilnisvet.com/mobilni-komentari/dd4/Honor/Magic6-Lite/3,Honor,Honor Magic6 Lite,Boki,2024-12-14 18:31:00,Pozz uzeti ovaj model ili 200 pro
https://mobilnisvet.com/mobilni-komentari/dd4/Honor/Magic6-Lite/3,Honor,Honor Magic6 Lite,Milena,2024-12-12 22:58:00,"Hvala svima na pomoći. Uzela sam ovaj mob i za kratko vreme korišćenja, zadovoljna sam. E sada shvatih da stari Huawei punjač puni mnogo sporo,treba mi taj brzi punjač 66w. Da neko nema višak?"
https://mobilnisvet.com/mobilni-komentari/dd4/Honor/Magic6-Lite/3,Honor,Honor Magic6 Lite,Vladimir,2024-12-11 07:02:00,Ovaj ili realme 12+
https://mobilnisvet.com/mobilni-komentari/dd4/Honor/Magic6-Lite/3,Honor,Honor Magic6 Lite,Jodzaa,2024-12-10 08:14:00,"Dobro jutro ljudi, juce koristim telefon normalno neko vreme nakon toga Instagram stoji ikonica kad se ulazi i pise from meta tqkav slucaj i sa faceebokom. Nakon toga telefon je bio spor otvarao je Snapchat sporo cak u telefon nije htwo da udje da pozovem nekog. Kocio je fon i zacrnio je ekran to kad sam pritisnuo ono dugme za paljenje telefona pa ako neko od vas moze da mi odgovori do cega je bio pr9blem aplikacije? Sistem? Nesto trece hvala unapred sada radi kao pre"
https://mobilnisvet.com/mobilni-komentari/dd4/Honor/Magic6-Lite/3,Honor,Honor Magic6 Lite,Marko Brkljac,2024-12-09 19:39:00,Da li ce ovaj honor magic 6 lite dobiti android 15 nadogradnju? Vi sto citate po forumima tako jel se zna nesto?
https://mobilnisvet.com/mobilni-komentari/dd4/Honor/Magic6-Lite/3,Honor,Honor Magic6 Lite,Warriyo,2024-12-05 15:31:00,"Honor je toliko napredovao od dizajna fluidnosti u softveru do trajanja baterije ili kvaliteta ekrana, da se ne spominje SGS certifikata na otpornost sa 5*****, koju ima vecina modela iz 2024 uklljucujuci i ovaj, da mi je ovo 6 Honor samo za 2024 godinu. Samsung je imao problema sa zelenom linijom cak i na S24 seriji, ali kod njih je cini se kontrola kvaliteta bas niska, ili u Srbiju plasiraju samo C klasu sto je bio slucaj i do sada, to za ovoga dole sto se ponavlja i misli da samo on koristi mobilni telefon, drugi niko ne."
https://mobilnisvet.com/mobilni-komentari/dd4/Honor/Magic6-Lite/3,Honor,Honor Magic6 Lite,Jovin zare,2024-12-03 16:34:00,Cekajte sada da li se na ovom telefonu pojavljuju te linije misliđ na magic 6 lite ili ne? Da znam dal da kupim
https://mobilnisvet.com/mobilni-komentari/dd4/Honor/Magic6-Lite/3,Honor,Honor Magic6 Lite,D,2024-12-03 10:36:00,Greenn line..jbg..😥😌
https://mobilnisvet.com/mobilni-komentari/dd4/Honor/Magic6-Lite/3,Honor,Honor Magic6 Lite,Maki,2024-12-01 13:47:00,"Ne postoji savršen mob..ovaj je trebao biti,al negde su omanuli,i unistili zelenim linijama. To je pre bila boljka Samsunga i iphona. A honor još pati od dečijih bolesti..jos ima oni da uce."
https://mobilnisvet.com/mobilni-komentari/dd4/Honor/Magic6-Lite/3,Honor,Honor Magic6 Lite,Fed,2024-11-28 19:43:00,Grren line posle update
https://mobilnisvet.com/mobilni-komentari/dd4/Honor/Magic6-Lite/3,Honor,Honor Magic6 Lite,Zoki,2024-11-28 12:06:00,A nije mi jasno ovde problem sa zelenim linijama jel ce se to svima pojaviti ili? Malo malo pa zelena linija problem
https://mobilnisvet.com/mobilni-komentari/dd4/Honor/Magic6-Lite/3,Honor,Honor Magic6 Lite,D,2024-11-28 11:14:00,Green line problem
https://mobilnisvet.com/mobilni-komentari/dd4/Honor/Magic6-Lite/3,Honor,Honor Magic6 Lite,Milan,2024-11-27 04:19:00,Ovaj ili Realme 12 pro?
https://mobilnisvet.com/mobilni-komentari/dd4/Honor/Magic6-Lite/3,Honor,Honor Magic6 Lite,Cane,2024-11-18 19:00:00,"Kome je previse da da za dosta skuplji telefon ove serije generalno najbolji ove godine magic 6 pro bice sasvim zadovoljan i sa ovim, jeste par klasa nize ali lajt je jako dobar odnos cena ulozeno i dobijeno i veoma je lepe i kvalitetne izrade, bas dobro lezi u ruci"
https://mobilnisvet.com/mobilni/t5j/Honor/X6b-4G-6GB-256GB-2x-SIM,Honor,Honor X6b 4G,Marija,2026-02-20 09:40:00,Uzela sam nov mobilni Honor X6b preko paketa na dve godine su je mobilni.
https://mobilnisvet.com/mobilni/t5j/Honor/X6b-4G-6GB-256GB-2x-SIM,Honor,Honor X6b 4G,Miks,2025-10-27 18:01:00,Telefon je za ulozeni novac i vise nego dobar. Sve preporuke.
https://mobilnisvet.com/mobilni/t5j/Honor/X6b-4G-6GB-256GB-2x-SIM,Honor,Honor X6b 4G,Stojan,2025-08-15 22:12:00,Koji honor uzeti??? Ovaj x6b 6/256 ili
https://mobilnisvet.com/mobilni/t5j/Honor/X6b-4G-6GB-256GB-2x-SIM,Honor,Honor X6b 4G,Слађана,2025-07-19 07:02:00,Da li ovaj mobilni ima radio???
https://mobilnisvet.com/mobilni/t5j/Honor/X6b-4G-6GB-256GB-2x-SIM,Honor,Honor X6b 4G,TipS,2025-07-11 17:24:00,MediaTek Helio G85 (12nm)
https://mobilnisvet.com/mobilni/t5j/Honor/X6b-4G-6GB-256GB-2x-SIM,Honor,Honor X6b 4G,Kris,2025-06-25 20:29:00,Da li još neko ima iskustva da ne drži dugo baterija? Sve sam podesila za manju potrošnju baterije i pokretanje aplikacije u pozadini i opet brzo se potroši baterija u odnosu na druge Honor modele. Recimo Honor 7x mnogo bolje drži bateriju.
https://mobilnisvet.com/mobilni/t5j/Honor/X6b-4G-6GB-256GB-2x-SIM,Honor,Honor X6b 4G,Zika,2025-05-22 21:27:00,"Telefon je odlican kad se podesi lepo iskljucis pokretanje aplikacija koje ti netrebaju ,podesavanja pa aplikacije pa pokretanje aplikacija idi na rucno pa iskljuci koje ti netrebaju sve one tri plave tackice iskljucis radi kao moj stari huawei p30  koji je bio flagship tj visoka klasa ,odlican telefon ko zna da koristi mobilni ,ko ne zna nek pita nekog kako da podesi ,radi odlicno nista ne koci ni video ni muzika ni tiktok ni youtube,cak i neke zahtevnije igrice ... Moja preporuka za telefon od 1 do 10 je 10 za telefon do 100e ..."
https://mobilnisvet.com/mobilni/t5j/Honor/X6b-4G-6GB-256GB-2x-SIM,Honor,Honor X6b 4G,Mirko,2025-05-20 14:23:00,"Zasto nema tv ? Na proslom sam imao, i zasto nema android 10 ?"
https://mobilnisvet.com/mobilni/t5j/Honor/X6b-4G-6GB-256GB-2x-SIM,Honor,Honor X6b 4G,SP,2025-05-16 08:51:00,"Honor x6b...majko mila, nesto strasno,najgori mob koji sam vidjela. Svoje neke postavke, trostruki kontakti koje ni u servisu nisu mogli skinuti. Nije skup ali jos manje i vrijedi. Tuzna i ljuta sto sam ga kupila."
https://mobilnisvet.com/mobilni/t5j/Honor/X6b-4G-6GB-256GB-2x-SIM,Honor,Honor X6b 4G,Novak,2025-05-02 18:18:00,"Kažu da ovaj HONOR X6b 256GB (6GB RAM-a) nema u sebi svoj kompas. Na netu u specifikacijama piše; negde ima negde nema kompas, šta je zakljucak? Ima li kompas ili ne? Ako i nema kompas onda skinem iz AppStora imaće i radiće, zar ne? Ili se varam u pretpostavci?"
https://mobilnisvet.com/mobilni/t5j/Honor/X6b-4G-6GB-256GB-2x-SIM,Honor,Honor X6b 4G,Miki,2025-04-20 20:53:00,"Imam crni neodpakovan,nije mi potreban i prodao bih ga za 100e"
https://mobilnisvet.com/mobilni/t5j/Honor/X6b-4G-6GB-256GB-2x-SIM,Honor,Honor X6b 4G,honorable,2025-04-08 18:09:00,"Pefi, kompas ti je trebao pre nego što si ga kupio,sad je kasno...Instaliraj samo neophodno i što manje opterećuj telefon,svako dobro."
https://mobilnisvet.com/mobilni/t5j/Honor/X6b-4G-6GB-256GB-2x-SIM,Honor,Honor X6b 4G,Žiga,2025-03-25 13:54:00,"Svuda piše da tel.,ima bateriju od 5200mAh,ustvari ima 4500 mAh,naveli su da ima stereo zvučnike,ima samo jedan mono i zvuk je jako lošeg kvaliteta,tel.ne može da podrži pojedine audio formate,takođe i video sa jačom rezolucijom.Ubacio sam u njega micro SD od 512gb,sporo sve otvara sa kartice,treba mu i po par sekundi da pusti pesmu ili video,kome treba penzionerski tel.x6b je idealna prilika !"
https://mobilnisvet.com/mobilni/t5j/Honor/X6b-4G-6GB-256GB-2x-SIM,Honor,Honor X6b 4G,Slavisa,2025-03-20 00:24:00,"Telefon ima 4gb Rama + 2gb koristi skladisnu memoriju, tako da ovo mu dodje kao obmanjivanje naroda."
https://mobilnisvet.com/mobilni/t5j/Honor/X6b-4G-6GB-256GB-2x-SIM,Honor,Honor X6b 4G,Miloš,2025-03-08 10:09:00,"Uzeo sam ga pre 4 dana i iskreno, iskustvo za ovo vreme je."
https://mobilnisvet.com/mobilni/t5j/Honor/X6b-4G-6GB-256GB-2x-SIM,Honor,Honor X6b 4G,Goran,2025-02-22 03:19:00,Pouzdan telefon sa dobrim softverom i Google servisima. Trenutno na akciji za zaista povoljnu cenu.
https://mobilnisvet.com/mobilni/t5j/Honor/X6b-4G-6GB-256GB-2x-SIM,Honor,Honor X6b 4G,Lk,2024-12-20 15:35:00,"Posle azuriranja, postaje sve gori i gori.."
https://mobilnisvet.com/mobilni/t5j/Honor/X6b-4G-6GB-256GB-2x-SIM,Honor,Honor X6b 4G,Aca,2024-12-13 07:15:00,Prvi put korostim honor pa molim za pomoc
https://mobilnisvet.com/mobilni/t5j/Honor/X6b-4G-6GB-256GB-2x-SIM,Honor,Honor X6b 4G,Pefi,2024-12-05 11:42:00,Ovaj telefon nema kompas !
https://mobilnisvet.com/mobilni/t5j/Honor/X6b-4G-6GB-256GB-2x-SIM,Honor,Honor X6b 4G,Gulex,2024-12-04 12:29:00,"Telefon odličan za ovaj novac. Lepo radi bez seckanja, zvuk dobar pa čak i kamera nije uopšte loša. Baterija 2 dana lagano. Za običnog korisnika super telefon. Može i pubg da zavrti... Preporuka od mene. Pozzz"
https://mobilnisvet.com/mobilni/t5j/Honor/X6b-4G-6GB-256GB-2x-SIM,Honor,Honor X6b 4G,Boki,2024-12-02 03:46:00,Ovo je zaista odlican aparat.Za ovaj novac ekstra.
https://mobilnisvet.com/mobilni/t5j/Honor/X6b-4G-6GB-256GB-2x-SIM,Honor,Honor X6b 4G,Gulex,2024-11-28 19:39:00,Da li je dovoljno 4gb rama za android 14?
https://mobilnisvet.com/mobilni/t5j/Honor/X6b-4G-6GB-256GB-2x-SIM,Honor,Honor X6b 4G,Sm,2024-11-22 01:14:00,"Ima li svetlosni senzor, da se pojaca osvetljenje kada izadjem napolje na sunce?"
https://mobilnisvet.com/mobilni/t5j/Honor/X6b-4G-6GB-256GB-2x-SIM,Honor,Honor X6b 4G,Nikolija,2024-10-27 12:40:00,Imam 13 godina i skupljam za ovaj telefon novac pa ako ima neko ovaj telefon da mi kaže kakav je i da li je loš i dobar?
https://mobilnisvet.com/mobilni/t5j/Honor/X6b-4G-6GB-256GB-2x-SIM,Honor,Honor X6b 4G,Ivan,2024-09-29 12:34:00,"Pozdrav, da li neko zna kako da podesim vraćanje unazad tako da pritisnem dugme za nazad? Sad mogu samo tako što presvučem prstom na levo. Nadam se da sam dobro sročio pitanje, hvala."
https://mobilnisvet.com/mobilni/cgw/Honor/200-Smart-4GB-256GB-2x-SIM,Honor,Honor 200 Smart,Cane,2025-12-23 21:18:00,"Šta znači RAM 4,0 GB+4,0 GB HONOR RAM Turbo (u telefonu u informacijama)"
https://mobilnisvet.com/mobilni/cgw/Honor/200-Smart-4GB-256GB-2x-SIM,Honor,Honor 200 Smart,igor,2025-07-21 14:06:00,ima li always on display
https://mobilnisvet.com/mobilni/cgw/Honor/200-Smart-4GB-256GB-2x-SIM,Honor,Honor 200 Smart,Djole,2025-05-24 22:56:00,Da li da zamenim iphone 11(ne svidjami se ios) za honor 200 smart ili samsung galaxy a15(nisam zahtevan korisnik)
https://mobilnisvet.com/mobilni/cgw/Honor/200-Smart-4GB-256GB-2x-SIM,Honor,Honor 200 Smart,Pavle,2025-05-04 22:59:00,"Odličan telefon za male pare, sve radi fluidno, najbolja opcija u ovoj cenovnoj klasi."
https://mobilnisvet.com/mobilni/cgw/Honor/200-Smart-4GB-256GB-2x-SIM,Honor,Honor 200 Smart,Koji telefon kupiti,2025-04-21 17:38:00,Honor 200Smart ili Honor Magic 6 Lite....? Molim za savet...
https://mobilnisvet.com/mobilni/cgw/Honor/200-Smart-4GB-256GB-2x-SIM,Honor,Honor 200 Smart,Milos,2025-04-19 03:29:00,"cekajte, sad i mene interesuje. jel ima ovog telefona stvarno sa 6gb i 8gb rama? zamenio bih h21 nokiu."
https://mobilnisvet.com/mobilni/cgw/Honor/200-Smart-4GB-256GB-2x-SIM,Honor,Honor 200 Smart,Sasa,2025-04-16 12:00:00,"Pozdrav. Gde bih mogao da pronadjem ovaj uredjaj, ali verziju 6GB/256GB? Hvala."
https://mobilnisvet.com/mobilni/cgw/Honor/200-Smart-4GB-256GB-2x-SIM,Honor,Honor 200 Smart,Profesor Baltazar,2025-02-12 11:15:00,"Ne znam iz kakvih razloga ovde nije navedeno da je telefon 5G, da ima FM radio i stereo zvuk. Dobar procesor i optimizovan softver omogućavaju brz rad bez zastoja. Ekran je mogao biti IPS LCD ali svakako ne za ovu već višu cenu. Preporuka."
https://mobilnisvet.com/mobilni/cgw/Honor/200-Smart-4GB-256GB-2x-SIM,Honor,Honor 200 Smart,Mica,2025-02-01 10:35:00,Ovaj ili samsung a25?
https://mobilnisvet.com/mobilni/cgw/Honor/200-Smart-4GB-256GB-2x-SIM,Honor,Honor 200 Smart,Sima,2025-01-11 13:07:00,"Danas ga uzeh, za ove pare odličan, vrlo jak procesor, lepo radi s obzirom na 4gb rama."
https://mobilnisvet.com/mobilni/cgw/Honor/200-Smart-4GB-256GB-2x-SIM,Honor,Honor 200 Smart,Honor user,2024-12-25 15:26:00,Da ima IPS ekran bio bi to za te pare
https://mobilnisvet.com/mobilni/cgw/Honor/200-Smart-4GB-256GB-2x-SIM,Honor,Honor 200 Smart,Vuk,2024-11-26 03:04:00,Ovo je 100€ Max
https://mobilnisvet.com/mobilni/q8z/Honor/90-Smart-4GB-128GB-2x-SIM,Honor,Honor 90 Smart,Honor user,2024-12-22 12:27:00,Telefon je isti kao X7b samo što ima MTK 6020 5G chipset i nema ultra wide kameru. Za 130€ koliko sam ga platio top telefon.
https://mobilnisvet.com/mobilni/q8z/Honor/90-Smart-4GB-128GB-2x-SIM,Honor,Honor 90 Smart,Vladan,2024-05-26 09:43:00,Vredi li ovo čemu?
https://mobilnisvet.com/mobilni-komentari/dd4/Honor/Magic6-Lite/4,Honor,Honor Magic6 Lite,Nidzo,2024-11-17 15:04:00,Dobar Dan danas saavim slucajno izvadim telefon iz dzepa i padne obako malkice kapi vode po ekranu zanima me jel my moze biti nesto crknuti ili ekran da ne radi
https://mobilnisvet.com/mobilni-komentari/dd4/Honor/Magic6-Lite/4,Honor,Honor Magic6 Lite,Zare,2024-11-16 16:49:00,Evo sada mi se i normlano puni baterija i procenti I prazni kao pre do cega je bio problem?
https://mobilnisvet.com/mobilni-komentari/dd4/Honor/Magic6-Lite/4,Honor,Honor Magic6 Lite,Petar,2024-11-14 11:47:00,Dobar Dan zanima me ovaj sto u bateriju kad udjes pa ima jos podesavanje baterije i ovo pametno punjenje da iskljucim dal ce mi baterija brze trajati ili sta se dobija sa tim kada se iskljuci?
https://mobilnisvet.com/mobilni-komentari/dd4/Honor/Magic6-Lite/4,Honor,Honor Magic6 Lite,User5,2024-11-13 16:53:00,Kamera i ekran su mi najbitniji
https://mobilnisvet.com/mobilni-komentari/dd4/Honor/Magic6-Lite/4,Honor,Honor Magic6 Lite,Jasmina,2024-11-13 15:29:00,Ovaj telefon ili A55?
https://mobilnisvet.com/mobilni-komentari/dd4/Honor/Magic6-Lite/4,Honor,Honor Magic6 Lite,Jasmina,2024-11-13 15:24:00,U ovaj telefon ne mogu da ubacim svoju memorijsku karticu sa slikama i zvucima?
https://mobilnisvet.com/mobilni-komentari/dd4/Honor/Magic6-Lite/4,Honor,Honor Magic6 Lite,Zare,2024-11-11 12:15:00,Dobro jutro stavio sam telefon na punjac jutros imao sam 22 posto od jednom krene na 23 I posle 5 sekundi krene na 24 posto I onda stane jedno minut dva da prikazuje procente punjenja I odma krene na 25 i 26 i stane pa opet imam osecaj da ne prikazuje procente kako treba do cega moze bit problem
https://mobilnisvet.com/mobilni-komentari/dd4/Honor/Magic6-Lite/4,Honor,Honor Magic6 Lite,Vlada,2024-11-10 15:04:00,Dali ovaj telefon može da se puni sa punjačem Huavei P40 lite 40w?
https://mobilnisvet.com/mobilni-komentari/dd4/Honor/Magic6-Lite/4,Honor,Honor Magic6 Lite,K,2024-11-10 07:11:00,"Jel se pojavile zelene linije na ekranu, oni koji koriste nek jave?"
https://mobilnisvet.com/mobilni-komentari/dd4/Honor/Magic6-Lite/4,Honor,Honor Magic6 Lite,igor,2024-11-08 15:54:00,"zna li ko sto sa ovog telefona ne odlaze poruke sa MTS na MTL mrezu,do sada su isle,sve ostalo radi ok"
https://mobilnisvet.com/mobilni-komentari/dd4/Honor/Magic6-Lite/4,Honor,Honor Magic6 Lite,Jovanka,2024-10-25 17:22:00,"Zdravo, molim za pomoć. Imam ovaj mob par meseci i stvarno nemam zamerke. Ali, kad uđem na komentare neke pesme npr., na YouTube, i ako je komentar na stranom jeziku, daje mi prevod samo na poljskom jeziku. Da li je to moguće promeniti i kako?"
https://mobilnisvet.com/mobilni-komentari/dd4/Honor/Magic6-Lite/4,Honor,Honor Magic6 Lite,F,2024-10-25 07:41:00,Jel ovaj model isto sto i x9b? Taj x9b ima problem zelene linije na ekranu.. skoro kod svih se pojavi posle par meseci
https://mobilnisvet.com/mobilni-komentari/dd4/Honor/Magic6-Lite/4,Honor,Honor Magic6 Lite,Rasa,2024-10-17 18:50:00,Da li sme Magic 6 Lite da se puni Honor punjačem od 66w?
https://mobilnisvet.com/mobilni-komentari/dd4/Honor/Magic6-Lite/4,Honor,Honor Magic6 Lite,Radovan,2024-10-14 23:44:00,"Koliko je fabrička folija preko ekrana dobra,da li pruža adekvatnu zaštitu u od ogrebotina i pada?"
https://mobilnisvet.com/mobilni-komentari/dd4/Honor/Magic6-Lite/4,Honor,Honor Magic6 Lite,Dušan,2024-10-13 23:22:00,"Kupio sam telefon za dostave. Baterija odlična, brzina dobra kao i kamera. Pao mi je 5-6x bez maske. Telefon ni ogrebotinicu nema. Međutim kada mi pokisao jedan dan. Telefonu prvo nije radila jedna kartica, zvučnik je najbeao i dugme za gašenje se pritiskalo samo od sebe. Kartica i zvučnik su proradili ali dugme za gašenje nije, međutim ne pritiska se samo od sebe više."
https://mobilnisvet.com/mobilni-komentari/dd4/Honor/Magic6-Lite/4,Honor,Honor Magic6 Lite,Gox,2024-10-07 08:55:00,"Da li se nekom desilo da posle ažuriranja na 14 ne dobija obaveštenja o stizanju poruka na WA, niti zvučna, niti na ekranu?"
https://mobilnisvet.com/mobilni-komentari/dd4/Honor/Magic6-Lite/4,Honor,Honor Magic6 Lite,Ivx,2024-10-06 21:53:00,Da li u opcijama blizanac aplikacije ima viber i koje sve aplikacije ima kao blizanac? Koji punjac kupiti za ovaj telefon?
https://mobilnisvet.com/mobilni-komentari/dd4/Honor/Magic6-Lite/4,Honor,Honor Magic6 Lite,Dejan,2024-10-05 10:27:00,"Nedelju dana imam magic 6 lite, narandžasta eko koža pozadi znači telefon je bolesno brutalan od izgleda, opcija, kamere...... sve (igrice ne igram). Svako ko je pogledao oduševljen je. Najjača stvar je kada je drugar koji ima iphone od 100+k, uzeo da pogleda i jedostavno je rekao da je u istom rangu a ja ga platio 29000. Eto toliko, telefon jednostavno bez mane"
https://mobilnisvet.com/mobilni-komentari/dd4/Honor/Magic6-Lite/4,Honor,Honor Magic6 Lite,Df,2024-10-03 19:09:00,Da ga drzim jos na 13 verziji?
https://mobilnisvet.com/mobilni-komentari/dd4/Honor/Magic6-Lite/4,Honor,Honor Magic6 Lite,Radovan,2024-10-02 23:14:00,Da li sme da se puni  Honor punjacem od 66w?
https://mobilnisvet.com/mobilni-komentari/dd4/Honor/Magic6-Lite/4,Honor,Honor Magic6 Lite,igor,2024-09-21 15:54:00,ne odlaze mi sms poruke na neke brojeve
https://mobilnisvet.com/mobilni-komentari/dd4/Honor/Magic6-Lite/4,Honor,Honor Magic6 Lite,D,2024-09-20 11:09:00,"Ovaj ili Moto g85 ili edge 50 fusion, ili A54"
https://mobilnisvet.com/mobilni-komentari/dd4/Honor/Magic6-Lite/4,Honor,Honor Magic6 Lite,Mary,2024-09-17 10:37:00,Ćao!
https://mobilnisvet.com/mobilni-komentari/9955/Honor/70/4,Honor,Honor 70,Dača,2024-06-06 09:49:00,Trebalo bi u toku ovog meseca da dobijemo ažuriranje na android 14
https://mobilnisvet.com/mobilni-komentari/9955/Honor/70/4,Honor,Honor 70,Petar,2024-06-01 13:05:00,"Koristim telefon godinu ipo dana i prezadovoljan sam, osim sto je baterija rekao bih malkice oslabila sto nije ni cudo kad ga cackam otp 10h dnevno"
https://mobilnisvet.com/mobilni-komentari/9955/Honor/70/4,Honor,Honor 70,Zis,2024-05-17 17:07:00,Jel neko dobio azuriranje na android 14?
https://mobilnisvet.com/mobilni-komentari/9955/Honor/70/4,Honor,Honor 70,Banjac,2024-05-14 21:04:00,"U zadnjih 20ak i kusur godina ovo je mobilni koji se najduže zadržao u mom vlasništvu i to od juna prošle godine...Čista perfekcija, toliko!"
https://mobilnisvet.com/mobilni-komentari/9955/Honor/70/4,Honor,Honor 70,Zevs,2024-05-08 17:31:00,"Telefon je zver, najaca baterija, telefon fluidan i najace brzo punjenje"
https://mobilnisvet.com/mobilni-komentari/9955/Honor/70/4,Honor,Honor 70,M,2024-05-05 23:01:00,Još mi je zakrpa za januar vama?
https://mobilnisvet.com/mobilni-komentari/9955/Honor/70/4,Honor,Honor 70,Zis,2024-04-27 14:53:00,"Izvinjavam se, ne 7.1.0.360,,,,vec 7.1.0.320,  izvinjavam se jos jedno bila greska  znaci 7.1.0.320, zakrpa 18-tog aprila"
https://mobilnisvet.com/mobilni-komentari/9955/Honor/70/4,Honor,Honor 70,Zis,2024-04-23 08:52:00,"Jos uvek ne stize android 14,a rekli u toku aprila,samo pre par dana stigla zakrpa 7.1.0.360?"
https://mobilnisvet.com/mobilni-komentari/9955/Honor/70/4,Honor,Honor 70,Milke,2024-04-22 18:50:00,"Podrska, ne daj boze. Rame uz rame sa Motorolom, Maj mesec-januarska zakrpa. Tuga."
https://mobilnisvet.com/mobilni-komentari/9955/Honor/70/4,Honor,Honor 70,Alen,2024-04-17 12:34:00,"Da li mogu ostetiti bateriju ako ga nekad napunim sa nekim obicnim punjacem, tipa od Iqosa ili slicno?"
https://mobilnisvet.com/mobilni-komentari/9955/Honor/70/4,Honor,Honor 70,Ivan,2024-04-06 21:50:00,"Pozdrav ljudi imam telefon već godinu dana sve pohvale prezadovljan sam, sem jedne stvari imam youtube premium i youtube mi nije fluidan kao na drugim aplikacijama a sve mi je podešeno na 120hz osvežavanje.Da li je do aplikacije youtube ili čega već ako neko zna rešenje nek mi pomogne?"
https://mobilnisvet.com/mobilni-komentari/9955/Honor/70/4,Honor,Honor 70,Zare,2024-04-03 00:10:00,"Gde podesavam widgete? Kod starog Huawei-a odem na prazan prozor, zadrzim duze ekran i izadje mi sta zelim da bacim na pocetni, tipa vremenska prognoza ili neke aplikacije koje često koristim. Ovde kad zadrzim, nista se ne desava, gdi ga je? :-)"
https://mobilnisvet.com/mobilni-komentari/9955/Honor/70/4,Honor,Honor 70,Milan,2024-04-02 16:35:00,"Ima li ga ko u zelenoj boji? Uzivo sam video samo crni i crystal, zeleni samo na netu, deluje prelepo :-)"
https://mobilnisvet.com/mobilni-komentari/9955/Honor/70/4,Honor,Honor 70,Lale,2024-03-30 15:09:00,Jel istina da 70 ima bolju kameru od Honor 90? Dosta ljudi mi je to reklo. Kao da je jedina prednost 90 sto ima 12/512.
https://mobilnisvet.com/mobilni-komentari/9955/Honor/70/4,Honor,Honor 70,MB,2024-03-17 09:03:00,"Malo sam ""prala"" Hinor 70 u veš mašini.Ima li mu spasa ?"
https://mobilnisvet.com/mobilni-komentari/9955/Honor/70/4,Honor,Honor 70,hapy,2024-03-12 18:58:00,"dosadan telefon,nista se ne kvari,sve radi kao treba,fotke uvek extra ispadnu....bzv nije mi interesantan:)"
https://mobilnisvet.com/mobilni-komentari/9955/Honor/70/4,Honor,Honor 70,M,2024-03-11 11:49:00,"Ne trebaju ti azuriranja cesto, samo usporava telefon ne znam sta se opterecujes oko toga, sto manje to bolje i ovako radi kao sat."
https://mobilnisvet.com/mobilni-komentari/9955/Honor/70/4,Honor,Honor 70,Sasa,2024-03-11 10:35:00,I dalje januarska zakrpa! A sredina marta je! Magic 5 pro nije dobio finalnu verziju android 14. Kosimo se sa mototolom kada je podrska u pitanju. Tuga za telefon cija je cena bila 500 plus evra
https://mobilnisvet.com/mobilni-komentari/9955/Honor/70/4,Honor,Honor 70,Milica,2024-03-07 01:16:00,Mozda glupo pitanje ali da li Honor magic 5 lite moze ikako da parira ovom telefonu?
https://mobilnisvet.com/mobilni-komentari/9955/Honor/70/4,Honor,Honor 70,Mit,2024-03-06 07:12:00,Da li se isplati uzeti ga u 2024.godini?
https://mobilnisvet.com/mobilni-komentari/9955/Honor/70/4,Honor,Honor 70,Mile Nbg,2024-02-27 13:17:00,"Jedno zapažanje posle godinu dana sa ovim telefonom. Prešao na Samsung S23, jedino što je bolje na Samsungu je procesor, a i to nije neka stavka sa mojim načinom upotrebe (posao i privatno, ne igram igrice). Na Honoru bolja baterija duplo, brže punjenje neuporedivo, veći ekran, klot Google, nema smaranja sa Samsungovim aplikacijama, itd. Promenio sam 50 telefona za života i tvrdim da ovaj Honor ima najbolji odnos cene i kvaliteta, makar od ovih koje sam ja imao (nisam imao ove neke Motorole jake u toj klasi doduše). Sve preporuke!"
https://mobilnisvet.com/mobilni-komentari/9955/Honor/70/4,Honor,Honor 70,Mata,2024-02-18 09:19:00,"Pozdrav skoro sam uzeo ovaj model i ok je sve nego da li mi treba novo jače staklo i maska za njega, dobio sam fabričku masku i foliju na ekranu ali mi se cini da je  slaba zaštita zbog ovog zakrivljenog ekrana"
https://mobilnisvet.com/mobilni-komentari/9955/Honor/70/4,Honor,Honor 70,S,2024-02-11 18:34:00,"Jel ima neko problem da kad nazove broj, izgleda kao da telefon zove, a onda samo,, Poziv je završen'' i prekid veze. To mi se dešava samo kad zovem neke brojeve. Konkretno suprugin telefon. Ako ona zatim mene nazove moj telefon normalno zvoni. I kada je nakon toga pozovem onda i njen zvoni. Ali do njenog poziva na moj telefon mogu i 100 puta da joj okrenem broj i svaki put,, Poziv je završen"" posle 3-4 sekunde. Restart ne pomaže."
https://mobilnisvet.com/mobilni-komentari/9955/Honor/70/4,Honor,Honor 70,Buki,2024-02-08 07:52:00,Stigla zakrpa
https://mobilnisvet.com/mobilni-komentari/8714/Honor/50/5,Honor,Honor 50,Pedja,2022-08-10 03:42:00,"Ima li neko problem sa baterijom? Telefon sam kupio pre 6 meseci, do pre desetak dana radio normalno i odjednom baterija pocela da me izdaje. Ponesem ga ujutru sa 100% i uz minimalno koriscenje u toku dana jedva sastavi do predvece da se ne ugasi. Zna li neko u cemu moze da bude problem ili da ga reklamiram?"
https://mobilnisvet.com/mobilni-komentari/8714/Honor/50/5,Honor,Honor 50,Milan,2022-08-05 21:38:00,"Pozdrav,hteo bih da pitam nesto pa ako je neko rad da mi odgovori."
https://mobilnisvet.com/mobilni-komentari/8714/Honor/50/5,Honor,Honor 50,Kb123,2022-07-25 15:27:00,"Mogu da nabavim Honor 50 8/256 za 395e nov, da li za taj ili slican novac moze da se kupi nesto bolje?"
https://mobilnisvet.com/mobilni-komentari/8714/Honor/50/5,Honor,Honor 50,Danijel,2022-07-14 10:42:00,Da li se nekome desavalo kad hoce iz liste poziva da pozove nekog izbaci pocetnu nulu... Onda iz imenika mora da pozove... I zanima me kako je taj problem resio??? :(
https://mobilnisvet.com/mobilni-komentari/8714/Honor/50/5,Honor,Honor 50,Marko,2022-07-13 08:09:00,"Koji je bolji izbor,ovaj honor 50 ili a52s 5g ?"
https://mobilnisvet.com/mobilni-komentari/8714/Honor/50/5,Honor,Honor 50,Aca,2022-07-08 18:49:00,"Inače, što se tiče utisaka, 10 Pro me za sada odlično služi, ali mi se Honor takođe sviđa pa i Huawei spomenuti."
https://mobilnisvet.com/mobilni-komentari/8714/Honor/50/5,Honor,Honor 50,Aca,2022-07-08 18:40:00,"Imam već pet meseci Redmi 10 pro, da li vredi menjati ga za Honor 50 ili Huawei Nova 9?"
https://mobilnisvet.com/mobilni-komentari/8714/Honor/50/5,Honor,Honor 50,Nikola,2022-06-28 22:39:00,Ovaj telefon ili iphone 12
https://mobilnisvet.com/mobilni-komentari/8714/Honor/50/5,Honor,Honor 50,Djole,2022-06-24 22:53:00,"Ovako presao sa rmn11 pro 5g na honor i mogu vam reci da je ovo bolja kupovina, posle 10 dana rada sve leti i glatko radi u odnosu na 11 pro ama baš nikakve zamerke nemam. Cak i kad sam uporedio ekran i kamere na ova dva modela honor sije 11pro a tek o brzini i fluidnoscu da ne pričam bez i jednog baga u ovih 10 dana, dok je 11pro svaki dan znao da štucne bar jednom, što se tiče baterije meni izgura dan ipo sve koristim sem igrica, jedino što fali ovom modelu su možda stereo zvučnici mada se i ovako odlično čuje. Preporuka za ovaj model uzeti ga bez razmišljanja"
https://mobilnisvet.com/mobilni-komentari/8714/Honor/50/5,Honor,Honor 50,Marko,2022-06-19 10:13:00,Ovaj ili samsung s21fe?
https://mobilnisvet.com/mobilni-komentari/8714/Honor/50/5,Honor,Honor 50,Tamara,2022-06-11 13:34:00,Zanima me da li se nekome desavalo kad hocu iz liste poziva da pozovem nekog izbaci pocetnu  nulu... I naravno onda mi bude nepostojeci broj.. Onda moram da udjem pa iz imenika da pozovem...
https://mobilnisvet.com/mobilni-komentari/8714/Honor/50/5,Honor,Honor 50,Black Noir,2022-06-11 11:14:00,"O ukusima ne treba raspravljati,dok nisam uzeo u ruke ovaj telefon mi 11 lite mi je bio najlepši od androida,ali cena ga ubija,a i smešno je da nema stereo zvučnike."
https://mobilnisvet.com/mobilni-komentari/8714/Honor/50/5,Honor,Honor 50,Veso,2022-06-11 04:55:00,"Kako su regulisana obavestenja na ovom telefonu,ima li AOD ili neku notifikacijsku led diodu,Huawei je je to ugradjivao...a bitno je."
https://mobilnisvet.com/mobilni-komentari/8714/Honor/50/5,Honor,Honor 50,Jelena,2022-06-07 16:02:00,"Telefon imam vec mesec dana i za svaku pohvalu je. Kamera super, baterija drzi dva do 3 dana uz solidno koriscenje. Sve pohvale. Vredi svaku paru"
https://mobilnisvet.com/mobilni-komentari/8714/Honor/50/5,Honor,Honor 50,Roco,2022-06-02 05:33:00,Hoće li u ovom veku stići android 12 za Honor 50?! Užasna softver podrška.
https://mobilnisvet.com/mobilni-komentari/8714/Honor/50/5,Honor,Honor 50,Stojan,2022-06-02 03:39:00,Evo meni iz ruke ispao nista mu ne fali
https://mobilnisvet.com/mobilni-komentari/8714/Honor/50/5,Honor,Honor 50,Djole,2022-06-01 11:46:00,"Molim pomoć, ovaj telefon ili xiaomi mi 11 lite 5 g NE?"
https://mobilnisvet.com/mobilni-komentari/8714/Honor/50/5,Honor,Honor 50,zoks,2022-05-26 19:58:00,"mnogo novca za telefon bez opticke stabilizacije, 2 mpx makro"
https://mobilnisvet.com/mobilni-komentari/8714/Honor/50/5,Honor,Honor 50,Saša,2022-05-23 16:48:00,Kad stiže 12_ica za ovaj model?
https://mobilnisvet.com/mobilni-komentari/8714/Honor/50/5,Honor,Honor 50,MARINA89,2022-05-13 12:45:00,Pozdrav.
https://mobilnisvet.com/mobilni-komentari/8714/Honor/50/5,Honor,Honor 50,Ivica,2022-05-11 19:07:00,Telefon je premium bez zamerke u svakom smislu  meni skroz po meri ...
https://mobilnisvet.com/mobilni-komentari/8714/Honor/50/5,Honor,Honor 50,Milos,2022-05-09 00:06:00,Pozdrav. Koristim ovaj telefon vec 2 nedelje i utisci nisu losi. Jedino me zanima da li samo meni ili jos nekom prebrzo trosi bateriju? Punim ga 2 puta dnevno. Pozdrav svima
https://mobilnisvet.com/mobilni-komentari/9817/Honor/X8/5,Honor,Honor X8,Dražan,2022-10-22 21:27:00,"Uzeo večeras, nema mjesta za memorijsku i nemam opciju za korak nazad. U stvari sve 3 opcije mi fale, trokut, krug i kvadrat, gdje god da uđem, ako nema one gornje strelice ili iksa da izađem iz toga, moram ga restartovati da bih izašao. Ne mogu ništa, ovo je neka fabrička greška, fuj!"
https://mobilnisvet.com/mobilni-komentari/9817/Honor/X8/5,Honor,Honor X8,Stefan,2022-10-20 08:23:00,"Jel se desavalo nekome da se u toku poziva ugasi telefon,i kasnije na dva tri puta drzanja dugmeta za paljenje upali i radi normalno? Uzet juce u a1.Unapred Hvala."
https://mobilnisvet.com/mobilni-komentari/9817/Honor/X8/5,Honor,Honor X8,Miki,2022-10-18 20:37:00,Kada ce android 12 da stigne
https://mobilnisvet.com/mobilni-komentari/9817/Honor/X8/5,Honor,Honor X8,Nelle,2022-10-14 20:38:00,"Zena ga koristi vec par meseci , slika nokte i jos mi ga nije razbila o glavu sto sam joj kupio,"
https://mobilnisvet.com/mobilni-komentari/9817/Honor/X8/5,Honor,Honor X8,Joca,2022-09-15 18:30:00,X7 Ili X8??
https://mobilnisvet.com/mobilni-komentari/9817/Honor/X8/5,Honor,Honor X8,Vlada,2022-09-11 06:31:00,Moze li da se na ekranu namesti traka za navigaciju?
https://mobilnisvet.com/mobilni-komentari/9817/Honor/X8/5,Honor,Honor X8,Marko,2022-08-16 06:26:00,"Posle mesec dana koriscenja mogu da kazem nesto o ovom telefonu. Najbilja stvar kod njega je ubedljivo dizajn, vrhunski odradjen bukvalno bez ivica kao da samo ekran drzite u ruci. Brzina uredjaja je odlicna, kamere prosek za ovaj cenovni rang. Za sada nikakvi problemi i nikakvi bagovi. Uzet u A1. Realna ocena ovog uredjaja je 8/10"
https://mobilnisvet.com/mobilni-komentari/9817/Honor/X8/5,Honor,Honor X8,Fox Mulder,2022-08-15 22:33:00,"Uzeo sam telefon pre 10 dana, prvi utisak je bio oduševljenje, dizajn je fantastičan, ekran je delovao zadovoljavajući, a i kamere su obećavale... Posle par dana, prvo baterija traje max dan i po ako se ne koristi telefon uopšte, znači jedva jedan dan ali jedva ako se koristi solidno, punjenje baterije je takodje sporo, ne verujem da mi  na starijem p40 lite puni za 20min 80%,ovde za 30-40min. Zatim su počeli sitni bagovi tipa navigacija zakuca i ne moze da se isključi, konzola kada se spušta zna da takodje malo zakoči, brojeve iz imenika zna da proguta prvi pa da poziv onda nije ni moguć. Što se tiče kamere, baš ništa posebno iako sam imao utisak da će me oduševiti, ali iskreno stvarno čim malo pomeriš ruku slika se muti. Autofokus zna da uspori i onda sporo raguje na pokrete i stvarno ispada loš kvalitet slike. Ekran na dnevnim svetlu je užas, kontrast mi je tada na max i opet se ne vidi, a vidim da se i ovde dosta ljudi žalilo na to. Mnogo mi je krivo što ću vratiti telefon u radnju, jer mi je na prvo oko baš delovao kao nešto što će me oduševiti sa performansama a u srednjem rangu što se tiče cene. Šta da vam kažem, ako hoćete da imate telofon samo da bi lepo izgledao uzmite ga, ako vam ipak sve ovo znači zaobidjite ga u širokom luku..."
https://mobilnisvet.com/mobilni-komentari/9817/Honor/X8/5,Honor,Honor X8,kristina,2022-08-09 07:17:00,"da li neko zna kako da promenim glavnu kameru odnosno kako da koristim ostale tri kamere, jer kada god slika telefon koristi istu kameru?"
https://mobilnisvet.com/mobilni-komentari/9817/Honor/X8/5,Honor,Honor X8,S,2022-07-31 20:42:00,"Pozdrav ljudi. Jedno pitanje, Honor X8 ili Xiaomi redmi 10C? Sta biste mi pre preporucili? Hvala unapred na odgovoru. Pozzz"
https://mobilnisvet.com/mobilni-komentari/9817/Honor/X8/5,Honor,Honor X8,Slaćko,2022-07-29 17:21:00,Da li ima slot za dve kartice
https://mobilnisvet.com/mobilni-komentari/9817/Honor/X8/5,Honor,Honor X8,Darija,2022-07-27 07:59:00,"Molila bih vas za savet, hitno mi je. Koji da kupim Realme 8(6/128) ili Honor X8(6/128)?"
https://mobilnisvet.com/mobilni-komentari/9817/Honor/X8/5,Honor,Honor X8,Vlada,2022-07-23 13:10:00,"Razmišljam se za kupovinu novog mobilnog Honor x8 je favorit ali poredio sam i realne 7pro.Deluju mi jako dobro telefoni,nisam siguran koji izabrati.Hvala unapred."
https://mobilnisvet.com/mobilni-komentari/9817/Honor/X8/5,Honor,Honor X8,Borko,2022-07-20 15:48:00,Uzeo telefon u A1 i za sada radi odlično Imam ga već više od mesec dana
https://mobilnisvet.com/mobilni-komentari/9817/Honor/X8/5,Honor,Honor X8,Rodja,2022-07-20 14:42:00,"Ovaj telefon ima problem sa Honor ID, niti da se uloguje niti da se registruje."
https://mobilnisvet.com/mobilni-komentari/9817/Honor/X8/5,Honor,Honor X8,BigeR,2022-07-07 12:44:00,"Sinoć stigao update 4.2.0.158(C431E1R2P3) oko 1 GB.Donosi deljenje ekrana,nove teme i sigurnosnu zakrpu za jun.2022.Je l zna neko hoće li biti android 12 (Magic UI 6) za ovaj telefon?"
https://mobilnisvet.com/mobilni-komentari/9817/Honor/X8/5,Honor,Honor X8,Nelle,2022-07-04 22:17:00,Danas uzeo X8  ženi dobro da nisam sebi 😁
https://mobilnisvet.com/mobilni-komentari/9817/Honor/X8/5,Honor,Honor X8,Coa22,2022-06-21 16:48:00,"Lepo izgleda,ali po specifikacijama je ovo srednja klasa 2017.godine."
https://mobilnisvet.com/mobilni-komentari/9817/Honor/X8/5,Honor,Honor X8,Tea,2022-06-16 08:45:00,Da li je bolji ovaj x8 ili 50lite?
https://mobilnisvet.com/mobilni-komentari/9817/Honor/X8/5,Honor,Honor X8,Danijela,2022-06-15 15:47:00,"Da li neko može da mi kaže ima li u telefonu opcije za trepćuća obaveštenja? Danas sam ga gledala u poslovnici A1, pronašla sam neku opciju za balončiće 😀 pa nisam sigurna da li je to, a zaposleni nisu znali da mi odgovore 😕."
https://mobilnisvet.com/mobilni-komentari/9817/Honor/X8/5,Honor,Honor X8,BigeR,2022-06-13 05:32:00,Hoće li dobiti Magic UI 6.0 (android 12)?
https://mobilnisvet.com/mobilni-komentari/9817/Honor/X8/5,Honor,Honor X8,Mima,2022-06-12 14:28:00,"Da li neko ima ovaj telefon, ako da, nek podeli utiske? Hvala"
https://mobilnisvet.com/mobilni-komentari/9817/Honor/X8/5,Honor,Honor X8,Mario,2022-06-07 11:02:00,"Ja imam 8x od pre 3 godine,mislim da je skoro isti kao ovaj 4/128"
https://mobilnisvet.com/mobilni-komentari/9817/Honor/X8/5,Honor,Honor X8,Ana,2022-06-02 22:58:00,"Dvoumim se izmedju ovoga i Magic4 lte. Da li neko zna da li imaju senzor blizine, da se gasi ekran tokom razgovora? Takodje, da li mogu da se menjaju fontovi bez skidanja dodatnih aplikacija?"
https://mobilnisvet.com/mobilni-komentari/blm/Honor/Magic5-Lite/3,Honor,Honor Magic5 Lite,jolleb,2024-03-13 10:40:00,"Kupio sam telefon prije desetak dana i prezadovoljan sam a što se tiče baterije dva dana sam ga koristio otprilike između 4-5 sati od fejsa ,instagrama tik toka nešto poruka i desetak min.razgovora i ostade mi oko 25% baterije to je bila čista proba a sad mi ostaje i više jel ga manje koristim sve u svemu tel je OK! Ažuriranje na mui 7 i android 13 sam dobio posle 15 min. kada sam pokrenuo tekefon!"
https://mobilnisvet.com/mobilni-komentari/blm/Honor/Magic5-Lite/3,Honor,Honor Magic5 Lite,Dragana,2024-03-08 22:52:00,"Ima li još neko problema sa reprodukcijom video-zapisa na ovom telefonu? Meni zvuk i slika nisu potpuno usklađeni, jedno kasni za dugim skoro pa sekundu. Isto i kad fotografišem. Sliknem, ako se neko pomeri posle pola sekunde, on zabeleži taj momenat. Koristim fabričku aplikaciju."
https://mobilnisvet.com/mobilni-komentari/blm/Honor/Magic5-Lite/3,Honor,Honor Magic5 Lite,Dex,2024-03-07 07:49:00,Da li ima ic port.da li je neko isprobao.
https://mobilnisvet.com/mobilni-komentari/blm/Honor/Magic5-Lite/3,Honor,Honor Magic5 Lite,Mateo,2024-03-04 07:42:00,"Molim savjet od nekog tko zna,ako punim magic Lite 5 sa punjačem od X6a dali je moguće da je baterija zato slabija ,traje svega 12 h max"
https://mobilnisvet.com/mobilni-komentari/blm/Honor/Magic5-Lite/3,Honor,Honor Magic5 Lite,Neša,2024-02-29 11:32:00,"Ima na internetu neki brzi punjač TREQA od 66w za 1000din,može li taj za Honor telefon ili mora baš original Honorov?"
https://mobilnisvet.com/mobilni-komentari/blm/Honor/Magic5-Lite/3,Honor,Honor Magic5 Lite,Zainteresovan,2024-02-25 11:04:00,"Imam pitanje. Sa kojim androidom dolazi telefon, i zna li neko koliko će velikih nadogradnji biti za ovaj model? Do koje verzije androida? Hvala :-)"
https://mobilnisvet.com/mobilni-komentari/blm/Honor/Magic5-Lite/3,Honor,Honor Magic5 Lite,Nord,2024-02-22 15:54:00,"Jedno pitanje, koje je vase misljenje ovaj tel ili M G54, ako se gleda samo spec. G54 ima bolji procesor, jacu bat., bolju kameru, cak je i cena niza ali je to sve na papiru. Kakvo je vase misljenje ili iskustva?"
https://mobilnisvet.com/mobilni-komentari/blm/Honor/Magic5-Lite/3,Honor,Honor Magic5 Lite,Niköla,2024-02-19 19:48:00,"Moze li mi neko reci kakao je ovaj Telefon sto se tice izdrzljivosti baterije, brzine, I zvuka?"
https://mobilnisvet.com/mobilni-komentari/blm/Honor/Magic5-Lite/3,Honor,Honor Magic5 Lite,Bojana,2024-02-19 13:46:00,Jel ima Google servise?
https://mobilnisvet.com/mobilni-komentari/blm/Honor/Magic5-Lite/3,Honor,Honor Magic5 Lite,Dexy,2024-02-19 01:41:00,Da li ovaj telefon ima Google servise?
https://mobilnisvet.com/mobilni-komentari/blm/Honor/Magic5-Lite/3,Honor,Honor Magic5 Lite,Čvarkov.Đ,2024-02-16 14:30:00,"Kupio sam juče Honor magic 5 lite, telefon je ekstra odradjen što se tiče dizajna lep tanak, lepo leži u u ruci, ekran velik i pregledan, moglo bi se reći da je za klasu iznad, za sada sve rešava bez problema videćemo kako će služiti..."
https://mobilnisvet.com/mobilni-komentari/blm/Honor/Magic5-Lite/3,Honor,Honor Magic5 Lite,DraganN,2024-02-11 08:28:00,"Da li se moze podesiti da se roletna spusta povlacenjem na dole bilo gde na ekranu,a ne samo sa samog vrha? I da li ostaviti opciju za cuvanje baterije Smart battery capacity?"
https://mobilnisvet.com/mobilni-komentari/blm/Honor/Magic5-Lite/3,Honor,Honor Magic5 Lite,Tamo neko,2024-02-10 21:56:00,"Danas sam imao photo shoot ceo dan. Koriatio sam i fabričku aplikaciju i gcam. Na osnovu više od 80 slika, apsolutno svaka koja je pobedila je slikana gcam-om. Gledao i na monitoru detaljno. Više detalja ( 2x), bolji balans belog (5x), boje prirodnije. Jesnostavo gcam koji je ovde negde predlozen za instalaciju sa podesavanjima za honor x9a koristi maksimum kamere, i ja sam više nego zadovoljan za ovaj rang. Tako da moja topla preporuka za gcam, malo treba da se naviknete ali nije teško verujte mi. I vredi"
https://mobilnisvet.com/mobilni-komentari/blm/Honor/Magic5-Lite/3,Honor,Honor Magic5 Lite,Dragana,2024-02-10 13:34:00,Ima li AOD?
https://mobilnisvet.com/mobilni-komentari/blm/Honor/Magic5-Lite/3,Honor,Honor Magic5 Lite,Roby,2024-02-09 20:33:00,"Telefon koristim skoro 3 meseca, imam mnogo toga za pohvaliti: ekran, brzina, stabilnost, izgled, baterija, čak je i kamera iznad mojih očekivanja. Kritike idu na račun tankog zvuka, te nedostatak updatea. Još uvek sam zakucan na Android 12, Magic UI 6.1.0.164, verzija iz maja 2023. Ne patim od toga da moram koristiti najnoviji softver, ali bar da se puste noviji security patchevi. Ne daje ništa ni kad idem na Tryout Version. Ima li neko rešenje da se isforsira update?"
https://mobilnisvet.com/mobilni-komentari/blm/Honor/Magic5-Lite/3,Honor,Honor Magic5 Lite,Mile,2024-02-06 12:14:00,"Ovaj telefon podržava dva viber naloga, danas sam to pronašao."
https://mobilnisvet.com/mobilni-komentari/blm/Honor/Magic5-Lite/3,Honor,Honor Magic5 Lite,Dex,2024-02-03 08:22:00,Jel neko koristi ovaj telefon bez maske...koliko se grebe...itd.pitam jer bi ga nosio bez maske.
https://mobilnisvet.com/mobilni-komentari/blm/Honor/Magic5-Lite/3,Honor,Honor Magic5 Lite,Zoki,2024-01-31 11:17:00,Stigla januarska zakrpa 7.1.0.229
https://mobilnisvet.com/mobilni-komentari/blm/Honor/Magic5-Lite/3,Honor,Honor Magic5 Lite,Miki,2024-01-29 22:56:00,Recite mi je jel se isplati uzeti telefon od ovih sto preprodaju sa racunom i garancijom i koja je tu fora sto daju malo ispod cene...
https://mobilnisvet.com/mobilni-komentari/blm/Honor/Magic5-Lite/3,Honor,Honor Magic5 Lite,Z,2024-01-29 21:48:00,"Kupio sam ovaj model 8/256 i za ove pare i sam sam se iznenadio kakav je mobilni. Prvo što na prvi pogled odaje utisak mnogo skupljih telefoba sa zakribljenim ekranom, drugo posle Poco X3 Pro koji mi majstor u servisu na zameni stakla unakazio da je sve u njemu zamenio i crkao posle 3 dana, pa sam našao ovaj, koji bez seckanja radi na igricama iako je povo stariji ali je procesor na 2,9. Međutim spletom nesrećnih okolnosti je ispao i gornji levi deo radi na touch ali je crna mrlja i staklo napred napuklo.zanima me da li neko pouzdano zna nekog ko menja staklo i stavlja originalni ekran i koja je cena, jer ovo ne ovde da se ja pitam zbog uništavanja moba koji dve godine nije štucnuo, mi upropastio, ne radim nigde bez preporuke ili mi isplativije da kupim drugi, jer mob mi zadovoljava sve potrebe i ne bih da ga menjam, a baterija mu je extremno jaka. Ili možda ako nađem da neko prodaje kome je crkla matična ili tako nešto pa da kupim ako su ekran i staklo čitavi pa dam na zamenu. Inače jedina mana, bar po meni je, nema drugi zvučnik."
https://mobilnisvet.com/mobilni-komentari/blm/Honor/Magic5-Lite/3,Honor,Honor Magic5 Lite,Dex,2024-01-29 20:35:00,Gledao sam danas u radnji ovaj telefon..
https://mobilnisvet.com/mobilni-komentari/blm/Honor/Magic5-Lite/3,Honor,Honor Magic5 Lite,Akiša,2024-01-27 09:38:00,"Ćao društvo zanima me za honor magic 5 lite uzeo sam telefon a nemam punjač honor ili huawei... Da li može od samsunga da se koristi adapter, i da li neće oštetiti uređaj na njemu piše  fast charging...?"
https://mobilnisvet.com/mobilni-komentari/blm/Honor/Magic5-Lite/3,Honor,Honor Magic5 Lite,Slobodan,2024-01-24 14:22:00,Dali postoji mogućnost biranja iz imenika glasom???
https://mobilnisvet.com/mobilni-komentari/q5v/Honor/X8b/3,Honor,Honor X8b,A.G.,2024-02-20 17:48:00,"Gledao neku recenziju i vidim da u pakovanju dolazi punjač od 35W,zaštitna maska i čak slušalice...Da li može neko da potvrdi sadržaj pakovanja za naše tržište?Da li dolazi sa svim ovim u pakovanju?"
https://mobilnisvet.com/mobilni-komentari/q5v/Honor/X8b/3,Honor,Honor X8b,Daka,2024-02-13 17:54:00,Ovaj fon ili 5 magic
https://mobilnisvet.com/mobilni-komentari/q5v/Honor/X8b/3,Honor,Honor X8b,Nex,2024-02-13 03:44:00,"Da li neko zna pouzdano ima li Always on Displ koji radi 24h, ne samo 10 sek?"
https://mobilnisvet.com/mobilni-komentari/q5v/Honor/X8b/3,Honor,Honor X8b,Vladimir,2024-02-10 12:04:00,Da li ima NFC?
https://mobilnisvet.com/mobilni-komentari/q5v/Honor/X8b/3,Honor,Honor X8b,DODIK,2024-02-08 10:11:00,Kopirali Iphone kamere
https://mobilnisvet.com/mobilni-komentari/q5v/Honor/X8b/3,Honor,Honor X8b,Max,2024-02-05 16:16:00,"Danas ga malo ""cackao""... Prvi utisak selfie kamera koja prosto kida (u smislu srednje klase) . Bolja od npr Sams A54, cak i cele Redmi Note 13 serije. Dizajn ok, ekran dobar, lagan dosta... E sad jedino baterija kakva je ne znam. I mislim da nema pravi AOD (kao Samsung) nego onaj sto svetli samo 10 sekundi sto me smara. Toliko za prvi utisak."
https://mobilnisvet.com/mobilni-komentari/q5v/Honor/X8b/3,Honor,Honor X8b,Шими,2024-01-26 18:15:00,"Honor X7b lepsi telefon bolja baterija,iste kamere, isti procesor..."
https://mobilnisvet.com/mobilni-komentari/q5v/Honor/X8b/3,Honor,Honor X8b,Jelka,2024-01-25 15:06:00,"Kupljen juce. Htela sam Honor magic 5 Lite, pa sam u zadnjem momentu odustala. Nadam se da se necu pokajati... Za sada je sve ok"
https://mobilnisvet.com/mobilni-komentari/q5v/Honor/X8b/3,Honor,Honor X8b,Muki,2023-12-26 10:58:00,2000 nita osvetljenje?
https://mobilnisvet.com/mobilni-komentari/fbd/Honor/X8a/3,Honor,Honor X8a,Zoran,2023-09-11 21:23:00,"Nema kompas na honor x8a nije u redu, nikako"
https://mobilnisvet.com/mobilni-komentari/fbd/Honor/X8a/3,Honor,Honor X8a,Milan,2023-09-07 21:35:00,"Sad imam realmy 8,koliko je bolji ovaj honor x8a,od sad trenutnog??"
https://mobilnisvet.com/mobilni-komentari/fbd/Honor/X8a/3,Honor,Honor X8a,S,2023-08-28 21:08:00,Honor x8a ili xiaomi redmi note 12?
https://mobilnisvet.com/mobilni-komentari/fbd/Honor/X8a/3,Honor,Honor X8a,iva,2023-08-14 14:27:00,da li ovaj honor koristi google kao ranije?ili mora app galerija
https://mobilnisvet.com/mobilni-komentari/fbd/Honor/X8a/3,Honor,Honor X8a,Jelena,2023-07-21 15:56:00,"Kupila sam honor x8a 18.07. Za sada je dobar ja sam prosecan korisnik,samo surf i par aplikacija,baterija mi je trajala dan i po prosecne potrosnje,kamera je na dnevnom svetlu dobra,za noc i nije bas sjajna ali koliko para toliko muzike,ne svidja mi se zvucnik,jeste glasan ali tonovi nisu to to,mozda ima neko podesavanje,mogli su da ugrade slot za memorijsku ali sta je tu je,za slusalice moze i bluetooth slusalice,sve u svemu ako ste prosecan korisnik bicete zadovoljni,telefon je kostao 22000 na akciji"
https://mobilnisvet.com/mobilni-komentari/fbd/Honor/X8a/3,Honor,Honor X8a,Arsic,2023-07-21 12:56:00,Honor X8a ili motorola G72?
https://mobilnisvet.com/mobilni-komentari/fbd/Honor/X8a/3,Honor,Honor X8a,Igor,2023-07-18 22:23:00,Drugari malo sam zbunjen koji je po vama bolji telefon Honor X8a ili X8?
https://mobilnisvet.com/mobilni-komentari/fbd/Honor/X8a/3,Honor,Honor X8a,Miki,2023-06-25 09:56:00,Da li treba ostaviti upalje tj koristiti smart punjenje ili ga ugasiti i da li ovaj telefon ima opciju always on display?
https://mobilnisvet.com/mobilni-komentari/fbd/Honor/X8a/3,Honor,Honor X8a,Plovak,2023-06-13 19:08:00,"Lep telefon, cipset star ali radi posao za svaki dan bez problema...Surf,novine,fejs, igrice itd..."
https://mobilnisvet.com/mobilni-komentari/fbd/Honor/X8a/3,Honor,Honor X8a,Andrijana,2023-05-24 22:32:00,Da li Honor x8a ima mozda na dnu ekrana strelicu za vracanje u nazad?
https://mobilnisvet.com/mobilni-komentari/fbd/Honor/X8a/3,Honor,Honor X8a,Vojo,2023-05-22 10:02:00,Pomoć X8 ili X8a. Koji kupiti. Hvala unapred.
https://mobilnisvet.com/mobilni-komentari/fbd/Honor/X8a/3,Honor,Honor X8a,Ljiljana,2023-05-17 09:20:00,Da li HONOR X8a ima lampicu za obaveštenje propuštenih poziva
https://mobilnisvet.com/mobilni-komentari/fbd/Honor/X8a/3,Honor,Honor X8a,Nadja,2023-05-11 19:18:00,Za sada sam zadovoljna😊
https://mobilnisvet.com/mobilni-komentari/fbd/Honor/X8a/3,Honor,Honor X8a,Nikola,2023-05-02 14:13:00,zna li neko da li je kompatibilan sa adapterom za slusalice tip c- 3.5mm
https://mobilnisvet.com/mobilni-komentari/fbd/Honor/X8a/3,Honor,Honor X8a,Ema,2023-04-22 03:34:00,Treba mi savet x7 ili x8a i zanima me ako neko zna koliki je SOT na x8a?
https://mobilnisvet.com/mobilni-komentari/fbd/Honor/X8a/3,Honor,Honor X8a,Mladen,2023-04-20 22:47:00,Sta mislite ovaj telefon ili Honor Magic 5 lite?
https://mobilnisvet.com/mobilni-komentari/fbd/Honor/X8a/3,Honor,Honor X8a,SG,2023-04-03 15:22:00,Da li Honor x8a ili Motorola g72?
https://mobilnisvet.com/mobilni-komentari/fbd/Honor/X8a/3,Honor,Honor X8a,Milos,2023-03-25 21:15:00,Kakva li je ova kamera od 100mp. Čini mi se da je dobra. Obično čim telefon ima vrhunsku kameru nema ništa drugo. Mislim da je to slučaj sa ovim telefonom. Vrhunski senzor ugrade u telefon koji ne može biti upotrebljiv više od 2 zbog procesora koji će biti neupotrebljiv.
https://mobilnisvet.com/mobilni-komentari/gz0/Honor/Magic5-Pro/3,Honor,Honor Magic5 Pro,Dexter Morgan,2024-09-23 17:48:00,"Pre godinu dana kada sam kupio HM5PRO obrisao sam aplikaciju Honor Health. Sada, godinu dana kasnije, 8 Septembra, sam radio fabricki reset telefon i ponovo sam dobio tu aplikaciju bas kao i sve ostale aplikacije koje su se vratile a koje sam bio obrisao. Ovoga puta sam ostavio tu aplikaciju, nisam je obrisao i nisam je cak ni otvorio, samo tako stoji u telefonu. Pre dva, tri dana (iako mi na Play Store pise da je azurirana jutros) imao sam azuriranje te aplikacije i azurirao sam je. Posle ažurirannja ja sam tek danas u toku dana primetio kako mi se na zakljucanom ekranu u donjem levom uglu pojavio mi se merac predjenih koraka, tek tako sam od sebe se pojavio a nisam ni otvorio aplikaciju. I sad tako stoji merac predjenih koraka na zakljucanom ekranu i radi odlicno i nemislim da ga diram, ostavicu ga neka stoji. Ali interesantno mi je to sve, samo tek tako se pojavilo, zanimljivo. Pozdrav"
https://mobilnisvet.com/mobilni-komentari/gz0/Honor/Magic5-Pro/3,Honor,Honor Magic5 Pro,Beks - NUFC,2024-08-13 15:15:00,"Imam dva pitanja; šta se desilo sa onim meračom predjenih koraka? Pojavio se i trajao neko vreme, a posle ažuriranja ga više nema. Zašto? Može li da se aktivira negde?! Drugo pitanje je vezano za Honor ID. Vidim da treba da se registruje i ostave neki podaci. Mene zanima koristi li neko Honor ID, čemu on služi, šta nudi... Čekam podrobnije objašnjenje."
https://mobilnisvet.com/mobilni-komentari/gz0/Honor/Magic5-Pro/3,Honor,Honor Magic5 Pro,Marko,2024-08-05 14:46:00,Da li se nekome desava da posle poslednjeg update ga sagovornici cuju kao da secka razgovor? Pre update je sve bilo normalno
https://mobilnisvet.com/mobilni-komentari/gz0/Honor/Magic5-Pro/3,Honor,Honor Magic5 Pro,Sica,2024-08-02 06:26:00,"Da li neko koristi tel bez folije, posto od kako sam skinuo fabricku sve ostale se odlepljuju? Zanima me da li ostaju ogrebotine na ekranu?"
https://mobilnisvet.com/mobilni-komentari/gz0/Honor/Magic5-Pro/3,Honor,Honor Magic5 Pro,Tex Viller,2024-08-01 18:56:00,"Posle verzije 8.0.0.149(C431E3R2P2) koju sam dobio pre nekoliko dana, evo sada sam dobio verziju 8.0.0.151(C431E3R2P2), Security Patch July 1, 2024 - Honor Magic5 Pro"
https://mobilnisvet.com/mobilni-komentari/gz0/Honor/Magic5-Pro/3,Honor,Honor Magic5 Pro,Tex Viller,2024-07-25 21:43:00,"Kod mene baterija izdrzi dan ipo - dva kao dobar dan! Ovi sto kazu da baterija izdrzi jedva dan to kazu ekstremniji korisnici koji jasu telefon po ceo dan, npr, Facebook i Messenger, WhatsApp, Viber, TikTok, Snapchat, YouTube i ostale aplikacije, gledanje uzivo zadruge 24/7 svaki dan celi dan i celu noc zajase telefon i neskida se sa zadruge-moj kolega recimo koji nezna sta je dan a sta noc zbog zadruge koju prati na telefonu koji je nonstop na punjacu i za sat vremena mozes kajganu na njemu napraviti ali ne marion za to sto mu se telefon usijao, on i dalje nastavlja da jase telefon 24/7, idt, itd.  Prve dve app koje sam naveo oni su poznati po usisavanju baterije, radne memorije, CPU i tako dalje, to su dve najgore napravljene aplikacije pa onda svi ostali, realno govorim istina je, sto jeste jeste. Pozdrav"
https://mobilnisvet.com/mobilni-komentari/gz0/Honor/Magic5-Pro/3,Honor,Honor Magic5 Pro,Tex Viler,2024-07-25 21:11:00,"Danas dobio i azurirao na verziju  8.0.0.149(C431EBR2P2), Security Patch za Jun 2024"
https://mobilnisvet.com/mobilni-komentari/gz0/Honor/Magic5-Pro/3,Honor,Honor Magic5 Pro,Ana,2024-07-18 07:59:00,"Zdravo narode, imam ovaj telefon par meseci i zaista nemam zamerki. E sad, u poslednje vreme mi ne izlaze uopšte notifikacije za Yahoo mail i za Gmail, a bitno mi je za posao. Da li se nekom nešto slično desilo? Da napomenem da ništa nisam menjala od opcija, i kad uđem u podešavanja, stoji da su mi sve notifikacije uključene, ali jednostavno ne stižu...."
https://mobilnisvet.com/mobilni-komentari/gz0/Honor/Magic5-Pro/3,Honor,Honor Magic5 Pro,Aleks,2024-07-10 16:28:00,Automatsko osvetljenje ne radi nikako neće da ide na maksimum. Nikako se ne vidi na suncu.
https://mobilnisvet.com/mobilni-komentari/gz0/Honor/Magic5-Pro/3,Honor,Honor Magic5 Pro,Negzi,2024-07-09 22:09:00,"Pozdrav, samo da podelim utiske nakon dosta tel (s 23, huawei p50 pro, xiaomi 12t pro, moto edge 30 ultra, moto edge 50 pro...) sa honor magic 5 pro sve sto je na mnogim tel uvek nesto falilo, tipa baterija losa, ili zvuk los, kamera, ovde je sve nekako na svom mestu i kamera, i zvuk, i sam rad tel u odnosu na sve ostale je nemoguce porediti... Bateriju sam ostavio za kraj da iskomentarisem i evo sada je na 22%, dok vreme rada ekrana mi je 6h i 53 min. Sto je do sada max bilo na drugim tel oko 5h i mora na punjac. Sve tel koje sam koristio su bili novi ili par mes. stari dok honor magic 5 pro je uzet od vlasnika koji ga je koristio oko 12 m jos toliko je u gar., za sada prezadovoljan korisnik. Juce sam dobio ponudu za zamenu za S 23 ultra ali ne bih da menjam, cujem da su posled.azuriranjem upropastili bateriju... Da li neko ima iskustva ili je imao pre ili posle honora m5 pro, s23 ultru? Pozdrav"
https://mobilnisvet.com/mobilni-komentari/gz0/Honor/Magic5-Pro/3,Honor,Honor Magic5 Pro,Asterix,2024-07-05 12:26:00,Pozdrav ljudi.
https://mobilnisvet.com/mobilni-komentari/gz0/Honor/Magic5-Pro/3,Honor,Honor Magic5 Pro,Aleksandar,2024-06-17 11:15:00,"Ljudi imam jedan problem ako bi neko mogao da posavetuje šta dalje bio bih vam zahvalan.U guglovoj prodavnici posle apdejta na a14 mi stoji da uređaj nije sertifikovan,pre tog apdejta je sve bilo u redu.Za sada mi aplikacije rade normalno sem jedne igre koja je počela da pravi problem svaki put kad se ulogujem,stoji da mi je telefon rutovan a nije.Guglova prodavnica radi najnormalnije za sada iako nemam ni jedan apdejt već poslednjih 24h.Inače pre apdejta je pisalo da je uređaj sertifikovan."
https://mobilnisvet.com/mobilni-komentari/gz0/Honor/Magic5-Pro/3,Honor,Honor Magic5 Pro,Lakan,2024-06-13 22:23:00,"Da li ima snimač poziva pošto mi je zbog prirode posla veoma neophodan,hvala unapred"
https://mobilnisvet.com/mobilni-komentari/gz0/Honor/Magic5-Pro/3,Honor,Honor Magic5 Pro,Nove,2024-06-12 14:20:00,Sigurnosna zakrpa za maj 2024.Verzija softvera 8.0.0.140( C431E3R2P2)
https://mobilnisvet.com/mobilni-komentari/gz0/Honor/Magic5-Pro/3,Honor,Honor Magic5 Pro,Borko,2024-06-11 18:31:00,Da li uzeti HM5PRO ili OnePlus 11? Koji je bolji?
https://mobilnisvet.com/mobilni-komentari/gz0/Honor/Magic5-Pro/3,Honor,Honor Magic5 Pro,Giska,2024-06-11 16:35:00,Stigla nadogradnja
https://mobilnisvet.com/mobilni-komentari/gz0/Honor/Magic5-Pro/3,Honor,Honor Magic5 Pro,Beks - NUFC,2024-06-11 15:20:00,"Za sve one koji kukaju mesecima i traže nadogradnju. Na današnji dan, posle dugog čekanja i puno negativnih komentara, Honor je pustio nadogradnju na Android 14. Sad se malo pritajite, ali znam da nećete. Neće proći nedelju dana a vi ćete tražiti i izvoljevati Android 15. Meni ovo ništa ne znači, ali mi drago zbog vas."
https://mobilnisvet.com/mobilni-komentari/gz0/Honor/Magic5-Pro/3,Honor,Honor Magic5 Pro,Zagor,2024-06-10 22:33:00,"Ja sam svoj A14 instalirao na nacin na koji je Fanfan rekao i lepo objasnio(njegov komentar 13.05.2024). Tako da A14 lepo radi, sve je kako treba. Prezadovoljan sam sa telefonom HM5PRO. I bez obzira na sve, sve dok postoji Honor ja cu ga koristiti i bice jedan od mojih omiljenih proizvodjaca telefona. Veliki pozdrav"
https://mobilnisvet.com/mobilni-komentari/gz0/Honor/Magic5-Pro/3,Honor,Honor Magic5 Pro,Giska,2024-06-08 19:05:00,I jos nema nadogradnje stvarno sramota iz honor pre mesec dana sam im pisao i kao odgovor stiže u talasima uskoro i kod nas al evo mesec dana ništa
https://mobilnisvet.com/mobilni-komentari/gz0/Honor/Magic5-Pro/3,Honor,Honor Magic5 Pro,Neznalica,2024-06-01 20:27:00,Pozdrav ljudi
https://mobilnisvet.com/mobilni-komentari/gz0/Honor/Magic5-Pro/3,Honor,Honor Magic5 Pro,Skechy,2024-05-23 21:23:00,Jel se znak da ce da puste magic 8.0 OS i android 14 za srbiju?
https://mobilnisvet.com/mobilni-komentari/gz0/Honor/Magic5-Pro/3,Honor,Honor Magic5 Pro,Bojan,2024-05-23 16:42:00,Da li neko zna kako testirati 2D i 3D TOF senzor?
https://mobilnisvet.com/mobilni-komentari/gz0/Honor/Magic5-Pro/3,Honor,Honor Magic5 Pro,Dejan,2024-05-19 22:22:00,"Pozdrav svima, jel ima neka fora kako se taj Nemački esim ubacuje/registruje... vidim da ima nekih servisa za kupovinu istih ali podržava Vodafone samo. Ako može neki savet on onih koji su uspeli. Hvala i pozdrav."
https://mobilnisvet.com/mobilni/0kw/Honor/200-Lite-8GB-256GB-2x-SIM,Honor,Honor 200 Lite,Djuk,2025-11-23 20:22:00,"Da li preći na ovaj telefon sa honor magic 5 lite,prednosti i mane?"
https://mobilnisvet.com/mobilni/0kw/Honor/200-Lite-8GB-256GB-2x-SIM,Honor,Honor 200 Lite,Ja,2025-10-19 11:07:00,Ovaj ili Motorola G85 5g?
https://mobilnisvet.com/mobilni/0kw/Honor/200-Lite-8GB-256GB-2x-SIM,Honor,Honor 200 Lite,Jovana,2025-09-17 07:29:00,Da li je bolji ovaj ili x8c?
https://mobilnisvet.com/mobilni/0kw/Honor/200-Lite-8GB-256GB-2x-SIM,Honor,Honor 200 Lite,lucky,2025-08-10 19:33:00,"imam honor 200 lite vec 8 meseci..prezadovoljan sam sa njim..pogotovo sto je tanak,lak, lepo lezi u ruci,kamere od 108 mp,i 50 mp.selfi.zumira extra.ima sve ima ... ai, podrsku pri snimanju ,razgovoru,jedan zvucnik koji je solidan.puni se brzo,meni bat.traje i 3 dana jer nemam igrice,fb,istagram,koje trose bat.brzo.u tamnom rizimu ga drzim, za 200e.sta reci vise."
https://mobilnisvet.com/mobilni/0kw/Honor/200-Lite-8GB-256GB-2x-SIM,Honor,Honor 200 Lite,Buraz,2025-07-29 04:31:00,Ovaj ili Motorola G54 12/256?
https://mobilnisvet.com/mobilni/0kw/Honor/200-Lite-8GB-256GB-2x-SIM,Honor,Honor 200 Lite,Zox,2025-05-07 18:54:00,Koji se punjač preporučuje? Da li može od 65W?
https://mobilnisvet.com/mobilni/0kw/Honor/200-Lite-8GB-256GB-2x-SIM,Honor,Honor 200 Lite,Maximus,2025-04-08 20:31:00,"Moze li neko od vas, ko poseduje ovaj telefon duze vrijeme da kaze svoje utiske?"
https://mobilnisvet.com/mobilni/0kw/Honor/200-Lite-8GB-256GB-2x-SIM,Honor,Honor 200 Lite,sale1,2025-04-07 23:21:00,Odlican ! baterija uzasna !
https://mobilnisvet.com/mobilni/0kw/Honor/200-Lite-8GB-256GB-2x-SIM,Honor,Honor 200 Lite,Miodrag,2025-02-12 21:16:00,Jel stvarno nema NFC?
https://mobilnisvet.com/mobilni/0kw/Honor/200-Lite-8GB-256GB-2x-SIM,Honor,Honor 200 Lite,Milenko,2025-01-18 12:41:00,"Mene opet nesto buni-taj famozni diming kod oled ekrana,da li je to neki fejk da bi kupovao skupe telefone ili realnost.Kolko sam shvatio on se javlja kad je auto osvetljenost ekrana ispod 30 posto dokle ga ima manje na 70 do 100 odstvo osvetljkenosti,ako sam dobro shvatio ili je to samo mit da pojedini na prste ljudi izbrojani imaju osetljive oci.Jel se to moze popraviti ili se mora ici na ips ekrane.Ja sam malo gledao i cini mi se da me neki oled ekrani udaraju u glavu-oci posle 20 min gledanja.Il sam ja to umislio ili ne znam.Mozda bi trebalo gl;edati telefon sa upaljenim svetlom u sobi?Nek neko da iskustva koje osetljih,hvala"
https://mobilnisvet.com/mobilni/0kw/Honor/200-Lite-8GB-256GB-2x-SIM,Honor,Honor 200 Lite,Honor user,2025-01-17 23:33:00,Kako vam se baterija pokazala?
https://mobilnisvet.com/mobilni/0kw/Honor/200-Lite-8GB-256GB-2x-SIM,Honor,Honor 200 Lite,Maja,2025-01-09 19:55:00,Da li je neko imao problem sa selfi kamerom? Da mu pravi obrve i dlake gde ih nema i senke ispod istih? Da li je to fabrička greška
https://mobilnisvet.com/mobilni/0kw/Honor/200-Lite-8GB-256GB-2x-SIM,Honor,Honor 200 Lite,Max,2024-12-20 12:49:00,Ovaj ili honor x8b. Vidim dasu karakteristike skoro iste... Interesuje me koji je fluidniji kamere i baterija
https://mobilnisvet.com/mobilni/0kw/Honor/200-Lite-8GB-256GB-2x-SIM,Honor,Honor 200 Lite,Milena,2024-11-29 20:59:00,"Honor 200 lite ili Magic 6 lite, koji daje bolje fotografije, kakve su noćne slike?"
https://mobilnisvet.com/mobilni/0kw/Honor/200-Lite-8GB-256GB-2x-SIM,Honor,Honor 200 Lite,Zoran,2024-11-19 20:06:00,Ima li neko iskustva sa orginalnim punjačem od 22w.Za koje vreme će napuniti ovaj telefonu prodaji sam našao taj i od 66w koji je dosta skuplji
https://mobilnisvet.com/mobilni/0kw/Honor/200-Lite-8GB-256GB-2x-SIM,Honor,Honor 200 Lite,Locatelli,2024-11-02 22:43:00,Ovaj ili XIAOMI Redmi Note 13 PRO 8/256GB?
https://mobilnisvet.com/mobilni/0kw/Honor/200-Lite-8GB-256GB-2x-SIM,Honor,Honor 200 Lite,Nenad,2024-11-02 14:54:00,"Pozdrav ljudi! Da li neko ko poseduje ovaj model moze da mi napise svoje utiske o telefonu? Razmisljam da ga uzmem, prvenstveno zbog dimenzija, posto trenutno imam telefon dosta veci i tezi od njega. Svako iskustvo je dobrodoslo :)"
https://mobilnisvet.com/mobilni/0kw/Honor/200-Lite-8GB-256GB-2x-SIM,Honor,Honor 200 Lite,Tihi,2024-10-29 17:23:00,Je l neko osposobio fabričku aplikaciju FM radio da profunkcioniše? I na android 14 je neupotrebljiva.
https://mobilnisvet.com/mobilni/0kw/Honor/200-Lite-8GB-256GB-2x-SIM,Honor,Honor 200 Lite,KA,2024-10-24 18:13:00,"Imam Honor 200 Lite, da li je ok puniti sa 66W punjacem ili da kupim neki drugi"
https://mobilnisvet.com/mobilni/0kw/Honor/200-Lite-8GB-256GB-2x-SIM,Honor,Honor 200 Lite,Gax,2024-10-21 02:07:00,"Pozdrav. Da li ima Always on display? Onaj kao na Samsungu, 24h, ne 10 sek. Ili vec nesto za obavestenja?"
https://mobilnisvet.com/mobilni/0kw/Honor/200-Lite-8GB-256GB-2x-SIM,Honor,Honor 200 Lite,Zoran,2024-10-14 10:48:00,Dali na ovaj model 200 lajt mogu da se postave vidžeti i kako?
https://mobilnisvet.com/mobilni/0kw/Honor/200-Lite-8GB-256GB-2x-SIM,Honor,Honor 200 Lite,Dejan,2024-10-13 16:18:00,Honor 200 lite ili honor x8b ?
https://mobilnisvet.com/mobilni/0kw/Honor/200-Lite-8GB-256GB-2x-SIM,Honor,Honor 200 Lite,marko,2024-09-23 21:44:00,da je 150e mozda bi i vredeo. Ovako ne sigurno.
https://mobilnisvet.com/mobilni/0kw/Honor/200-Lite-8GB-256GB-2x-SIM,Honor,Honor 200 Lite,Nenaa,2024-09-14 16:45:00,"Da, uzela sam danas 200 lite ipak, noviji model, ipak bolje u svakom slučaju. Usput uslikala, nije loše,videćemo. Uglavnom sa Honor telefonima sam uvek bila zadovoljna. Dok sve sredim proba Macro kamere, zvuk i lagano da piči 200 lite 😃 Jedino moram masku uzeti još 😁"
https://mobilnisvet.com/mobilni/snd/Honor/200-12GB-256GB-2x-SIM,Honor,Honor 200,Igor,2026-07-31 11:07:00,Na 10.0.0.152 trosi bateriju ko lud.
https://mobilnisvet.com/mobilni/snd/Honor/200-12GB-256GB-2x-SIM,Honor,Honor 200,Mile,2026-07-25 12:09:00,Stigao 10.0.0.152   1.67GB
https://mobilnisvet.com/mobilni/snd/Honor/200-12GB-256GB-2x-SIM,Honor,Honor 200,Stefan,2026-06-21 19:01:00,"Kakvi su vam utisci sto se tice kamere,baterije brzine?"
https://mobilnisvet.com/mobilni/snd/Honor/200-12GB-256GB-2x-SIM,Honor,Honor 200,B,2026-06-02 21:06:00,Meni ne radi super punjenje
https://mobilnisvet.com/mobilni/snd/Honor/200-12GB-256GB-2x-SIM,Honor,Honor 200,Mario,2026-05-28 22:17:00,"Nakon Sinoćnjeg ažuriranja na 142 Android auto vise ne radi normalno,radi 30~40sec i prekine vezu.Ne mogu nikako da napravim da radi kao pre,pisao sam honor podršci kažu da pošljem tel na servis..."
https://mobilnisvet.com/mobilni/snd/Honor/200-12GB-256GB-2x-SIM,Honor,Honor 200,Nenad,2026-05-24 15:20:00,Jel azurirao neko na 10.0.0.142? Jel su popravili nesto? 🙂
https://mobilnisvet.com/mobilni/snd/Honor/200-12GB-256GB-2x-SIM,Honor,Honor 200,T.,2026-05-04 12:01:00,Da li uzeti Honor 200 ili Redmi Note 14 pro + ?
https://mobilnisvet.com/mobilni/snd/Honor/200-12GB-256GB-2x-SIM,Honor,Honor 200,Yoki,2026-05-03 10:03:00,Vidim još se njih dvoumi ko ja
https://mobilnisvet.com/mobilni/snd/Honor/200-12GB-256GB-2x-SIM,Honor,Honor 200,BooM,2026-04-27 07:23:00,"Imam ga jedno 10 meseci i zaista nemam zamerki od baterije, kamere, rada, ekrana, malo više troši bat otkako se ažurirao ali za 10min se napuni do kraja dana. I to retko."
https://mobilnisvet.com/mobilni/snd/Honor/200-12GB-256GB-2x-SIM,Honor,Honor 200,Daisy,2026-04-25 17:58:00,"Pozdev svima, planiram da uzmem telefon preko paketa u A1, pa mi par njih dokazi u obzir."
https://mobilnisvet.com/mobilni/snd/Honor/200-12GB-256GB-2x-SIM,Honor,Honor 200,coa,2026-04-08 22:35:00,"posle update na novi os10,baterija ista,i prijatno izanedjenje za kameru nocnim uslovima kad je bas smanja vidljovost nekako cistije slik"
https://mobilnisvet.com/mobilni/snd/Honor/200-12GB-256GB-2x-SIM,Honor,Honor 200,Anica,2026-04-01 20:43:00,"Koji uzeti ovaj ili honor 200pro? Baterija, kamera? Prednja i zadnja, koja je bolja?"
https://mobilnisvet.com/mobilni/snd/Honor/200-12GB-256GB-2x-SIM,Honor,Honor 200,DD,2026-03-29 01:48:00,"Moje iskustvo nakon godinu i po korišćenja je:  ELI-NX9 je sjajan telefon, kvalitetan i zabavan, pogotovo sa MagicOS 10. Sve preporuke."
https://mobilnisvet.com/mobilni/snd/Honor/200-12GB-256GB-2x-SIM,Honor,Honor 200,Bata,2026-03-27 15:37:00,"Kakva je baterija sa najnovijim azuriranjem,ako neko ima info iz prve ruke,a ne kao cuo sam sa je losa/dobra itd..."
https://mobilnisvet.com/mobilni/snd/Honor/200-12GB-256GB-2x-SIM,Honor,Honor 200,Nine,2026-03-24 21:31:00,Da li ima ovaj telefon play store?
https://mobilnisvet.com/mobilni/snd/Honor/200-12GB-256GB-2x-SIM,Honor,Honor 200,sale,2026-03-24 18:51:00,Vise nesecka kod video snimanja od kada je auzuriran na 10.Odlicno sve hvala
https://mobilnisvet.com/mobilni/snd/Honor/200-12GB-256GB-2x-SIM,Honor,Honor 200,Dr,2026-03-24 00:31:00,"Posle 18 meseci koriscenja... Sve je i dalje ok sem baterije, sto je i normalno... Sledeci model ce vrvtno biti 8 magic pro..."
https://mobilnisvet.com/mobilni/snd/Honor/200-12GB-256GB-2x-SIM,Honor,Honor 200,Neci,2026-03-20 01:19:00,Magic os 10 ....jel vredi azurirati? Baterija..i sve ostalo kako funkcionise?
https://mobilnisvet.com/mobilni/snd/Honor/200-12GB-256GB-2x-SIM,Honor,Honor 200,Dragan,2026-03-10 13:22:00,Da li ste nešto dodatno podešavali poput region ili drugo da dobijete apdejt? Meni je region podešen na Srbija ali još uvek nema Magic OS 10.
https://mobilnisvet.com/mobilni/snd/Honor/200-12GB-256GB-2x-SIM,Honor,Honor 200,Anica,2026-03-07 22:55:00,Treba lupa da citas nesto sa neta. Toliko o tome
https://mobilnisvet.com/mobilni/snd/Honor/200-12GB-256GB-2x-SIM,Honor,Honor 200,Don,2026-03-01 19:04:00,"Izasao magic 10,,iskustva?"
https://mobilnisvet.com/mobilni/snd/Honor/200-12GB-256GB-2x-SIM,Honor,Honor 200,Rade,2026-02-16 20:55:00,ovaj ili a 56? koji je brzi telefon da li neko zna poredjenje ova 2 modela
https://mobilnisvet.com/mobilni/snd/Honor/200-12GB-256GB-2x-SIM,Honor,Honor 200,Maja Zezelj,2026-02-16 19:13:00,postoji li na ovom telefonu dupli tap i kako da uklonim predloge teksta u kucanju poruka
https://mobilnisvet.com/mobilni/snd/Honor/200-12GB-256GB-2x-SIM,Honor,Honor 200,Honor fanatik,2025-11-27 16:34:00,"Šta mislite za Honor 400, 8GB RAM /256 GB vidim po spacifikacijama da je solidan, prilično mali što mi odgovara. Zanimljivo je da je skuplji za oko 50 € od Honor 200 koji je jači od njega a jeftiniji!"
https://mobilnisvet.com/mobilni/xzl/Honor/200-Pro-12GB-512GB-2x-SIM,Honor,Honor 200 Pro,Stefa,2026-07-28 20:27:00,Jel se desilo nekom da od jednom prestane da radi wifi i Blutut i sta moze biti to?
https://mobilnisvet.com/mobilni/xzl/Honor/200-Pro-12GB-512GB-2x-SIM,Honor,Honor 200 Pro,Zoran,2026-05-20 23:11:00,"Pozdrav svima! Zamolio bih vas da mi kazete kakav je ovaj telefon po pitanju prijema signala? Vrlo cesto sam u podrucjima gde je signal mobilne mreze jako,jako los, pa mi zbog toga treba telefon koji je dobar u tim situacijama. Hvala unapred!"
https://mobilnisvet.com/mobilni/xzl/Honor/200-Pro-12GB-512GB-2x-SIM,Honor,Honor 200 Pro,T.,2026-05-04 12:05:00,Koji uzeti Honor 200pro ili Redmi Note 14 pro +?
https://mobilnisvet.com/mobilni/xzl/Honor/200-Pro-12GB-512GB-2x-SIM,Honor,Honor 200 Pro,Boki,2026-04-17 12:05:00,Kakva vam je baterija posle ažuriranja na os10 ??
https://mobilnisvet.com/mobilni/xzl/Honor/200-Pro-12GB-512GB-2x-SIM,Honor,Honor 200 Pro,Mare,2026-04-02 00:49:00,"Ovaj ili honor 200? Najviše me kamera zanima, neki kažu da je ova bolja zbog više detalja? A onaj je ipak malo povoljniji"
https://mobilnisvet.com/mobilni/xzl/Honor/200-Pro-12GB-512GB-2x-SIM,Honor,Honor 200 Pro,Nenad,2026-03-19 13:20:00,Nakon instaliranja Androida 16 i Mag 10 Ne radi VolTe
https://mobilnisvet.com/mobilni/xzl/Honor/200-Pro-12GB-512GB-2x-SIM,Honor,Honor 200 Pro,Deki bg,2026-03-18 16:20:00,Stigao je android 16
https://mobilnisvet.com/mobilni/xzl/Honor/200-Pro-12GB-512GB-2x-SIM,Honor,Honor 200 Pro,Boske,2026-03-16 09:08:00,Da li je nekom koji je kupio telefon u slobodnoj prodaji došao Magic OS 10?
https://mobilnisvet.com/mobilni/xzl/Honor/200-Pro-12GB-512GB-2x-SIM,Honor,Honor 200 Pro,Bora,2026-03-08 16:10:00,Telefon koristim već 15 meseci i prezadovoljan sam.Koristiću ga jako dugo.
https://mobilnisvet.com/mobilni/xzl/Honor/200-Pro-12GB-512GB-2x-SIM,Honor,Honor 200 Pro,Marko,2026-03-06 21:24:00,"Koji telefon pre svega ima bolje kamere Samsung s24fe ili Honor 200pro,ali i generalno ostalo ekran..."
https://mobilnisvet.com/mobilni/xzl/Honor/200-Pro-12GB-512GB-2x-SIM,Honor,Honor 200 Pro,Milos,2026-03-02 13:10:00,"Ljudi, koja zastita za staklo je najbolja za ovaj telefon?"
https://mobilnisvet.com/mobilni/xzl/Honor/200-Pro-12GB-512GB-2x-SIM,Honor,Honor 200 Pro,Dejan,2026-02-17 00:59:00,"Imma ovaj telefon od avgusta prošle vodine. Izuzetno sam zadovoljan. Kamera, baterija, sve je odlično. Radi kao sat bez ikakvog problema. Jedino što mi smeta je ta veličina ekrana. Pa zbog toga razmišljam na prelazak manjeg telefona.."
https://mobilnisvet.com/mobilni/xzl/Honor/200-Pro-12GB-512GB-2x-SIM,Honor,Honor 200 Pro,S,2026-02-12 05:02:00,Počeo da stize magic os10
https://mobilnisvet.com/mobilni/xzl/Honor/200-Pro-12GB-512GB-2x-SIM,Honor,Honor 200 Pro,Dejan,2026-02-01 14:36:00,Da li neko zna kad stiže android 16?
https://mobilnisvet.com/mobilni/xzl/Honor/200-Pro-12GB-512GB-2x-SIM,Honor,Honor 200 Pro,Srle,2026-01-31 21:00:00,Do koje verzije androida je planirano da ide ovaj? Jel mu 17 zadnji naredne godine?
https://mobilnisvet.com/mobilni/xzl/Honor/200-Pro-12GB-512GB-2x-SIM,Honor,Honor 200 Pro,Xs,2026-01-05 07:16:00,Glavna kamera isti senzor kao i u magic 7 pro
https://mobilnisvet.com/mobilni/xzl/Honor/200-Pro-12GB-512GB-2x-SIM,Honor,Honor 200 Pro,Ivan,2025-12-03 21:51:00,"Imam ovaj tel. 6meseci, iskreno, razocaran sam. Imao sam pre ovog telefona Xiaomi MI10T, četiri godine bez ijednog problema, osim baterije koja je oslabila sve ostalo radi savrseno. Kako puno radim, resio sam sebe da počastim, te sam se na osnovu komentara, review-ova, raznih recenzija, odlucio za ovaj telefon. Osim kamere, sve drugo je losije, od reklama ne mogu da se odbranim, FB baguje, Viber takodje, na telegramu ne dobijam notifikacije(posao mi zavisi od toga), vrhunac je bio kad mi je google photos prestao sa radom. Sve u svemu, za mene razocarenje... Inace, ako ima veze, telefon je kupljen u gigatronu..."
https://mobilnisvet.com/mobilni/xzl/Honor/200-Pro-12GB-512GB-2x-SIM,Honor,Honor 200 Pro,Gaga,2025-11-27 19:41:00,Ja sam totalno nepismena sto se telefona tice pa bih molila za objasnjenje koja je razlika između pro i ovog običnog skontala sam da je lite losiji po performansama ali ne znam za ova dva
https://mobilnisvet.com/mobilni/xzl/Honor/200-Pro-12GB-512GB-2x-SIM,Honor,Honor 200 Pro,Dragan,2025-11-19 23:34:00,Meni je baterija na ovom telefonu katastrofa. Jedino ga vadi zaista brzo punjenje. Ali do 15-16 h jedva izdrži a da ne bude 20 % baterije. 6:30 se skida sa punjača
https://mobilnisvet.com/mobilni/xzl/Honor/200-Pro-12GB-512GB-2x-SIM,Honor,Honor 200 Pro,Olja,2025-11-16 21:17:00,Da li je ovaj model bolji izbor nego A 56 Samsung ?
https://mobilnisvet.com/mobilni/xzl/Honor/200-Pro-12GB-512GB-2x-SIM,Honor,Honor 200 Pro,Stefan,2025-11-15 22:51:00,Kada mozemo ocekivati Magic OS 10?
https://mobilnisvet.com/mobilni/xzl/Honor/200-Pro-12GB-512GB-2x-SIM,Honor,Honor 200 Pro,1,2025-11-14 23:00:00,"Hajde da probam ovde sa istin komentarom koji sam ostavio za model Honor 400, pa nisam dobio odgovor, mozda cu ovde biti uspesniji."
https://mobilnisvet.com/mobilni/xzl/Honor/200-Pro-12GB-512GB-2x-SIM,Honor,Honor 200 Pro,Sumeca tableta,2025-11-14 10:17:00,"Planiram kupovinu telefona do kraja godine, u obzir je usao i ovaj model. Sta mislite za 300-350eur ovaj model u dobrom stanju ili eventualno nov S24FE, S23 polovanm, moze jos neki predlog."
https://mobilnisvet.com/mobilni/lf3/Honor/Magic6-Pro-12GB-512GB-2x-SIM,Honor,Honor Magic6 Pro,Borkos,2026-07-14 21:23:00,Stigla bezbednost zakrpa 159 Juli 2026
https://mobilnisvet.com/mobilni/lf3/Honor/Magic6-Pro-12GB-512GB-2x-SIM,Honor,Honor Magic6 Pro,miki,2026-07-11 00:03:00,"telefon koristim oko 6 meseci. ne nosim zastitu na ekranu. radim na povrsinskom kopu, svakodnevno mi je po rukama, i po dzepovima, ali nema ogrebotina po ekranu, bas je ekran otposan na tu finu prasinu, takodje i frejm telefona, ne grebe se kao kod samsunga ili sl. a zadnja ledja su kozna i tek se ona ne grebu. sve ostalo na njemu perfektno, ne znam da li bih nasao za slicne pare pa cak i da doplatim nesto bolje...."
https://mobilnisvet.com/mobilni/lf3/Honor/Magic6-Pro-12GB-512GB-2x-SIM,Honor,Honor Magic6 Pro,Tref,2026-07-06 14:36:00,"Imam ovaj tel koji vam je zadnji updejt, meni za April, da li je bilo posle toga nekog, da li mora da se preko VPN ili e_Sim menja region, da bi stigao neki updejt?"
https://mobilnisvet.com/mobilni/lf3/Honor/Magic6-Pro-12GB-512GB-2x-SIM,Honor,Honor Magic6 Pro,Lazar,2026-06-27 10:01:00,"Uzeo sam polovan telefon, sve deluje super, osim sto su fotografije cim ima malo pozadinskog svetla nekako isprane, blede, na obe kamere. Da li je preagresivna obrada slika ili je nesto drugo u problemu?"
https://mobilnisvet.com/mobilni/lf3/Honor/Magic6-Pro-12GB-512GB-2x-SIM,Honor,Honor Magic6 Pro,Mladen,2026-06-26 23:52:00,"Da pohvalim poslednje ažuriranje koje je donelo bypass charging, a koje nema ni V5 koji ina moj kolega ni Honor 400 Pro, a koji su izašli posle ovog telefona. Izgleda da ipak slušaju korisnike, jedino što kasne malo, ali sa novim opcijama lako mi je oprostiti."
https://mobilnisvet.com/mobilni/lf3/Honor/Magic6-Pro-12GB-512GB-2x-SIM,Honor,Honor Magic6 Pro,Stefan,2026-06-25 13:58:00,Kad je sledece azuriranje zna li ko?
https://mobilnisvet.com/mobilni/lf3/Honor/Magic6-Pro-12GB-512GB-2x-SIM,Honor,Honor Magic6 Pro,Zanzibar,2026-06-18 04:25:00,"Meni je nekoliko puta pao na beton i nista, jos uvek je citav. I to sve zahvaljujuci Nilkin maski koju sam platio 2500-3000-3200 dinara, zavisi gde je kupujes. Maska vredi svaki dinar. Ako sam vec dao tolike pare za telefon pa onda cu dati i 30-40 pa cak i 50 evra za dobru masku. Ako vec nisam stedeo za dobar telefon sigurno necu stedeti i za dobru masku. Primetio dam da dosta ljudi gleda kako ce maska da im izgleda, oblik, kakva je boja, hoce li imati sliku ili ne, ali malo ko gleda da li ce im ta maska zastititi telefon, i to sto uzmu bolje ista nego nista, ali ako vec dajes tolike pare za telefon onda daj i malo vise para za masku. Ako vec dajes tolike pare za telefon onda nemoj da stedis na dobroj i kvalitetnoj maski, opremi za telefon. Nema kako mi nije telefon pao na beton, uvek je pao na ugao, cosak telefona i na ledja telefona, zahvaljujuci maski. Nilkin maska je jedna od najboljih maski i zatita za telefon -"
https://mobilnisvet.com/mobilni/lf3/Honor/Magic6-Pro-12GB-512GB-2x-SIM,Honor,Honor Magic6 Pro,Mila,2026-06-15 11:20:00,Pao na beton polomio se ekran sad mora da se popravlja.
https://mobilnisvet.com/mobilni/lf3/Honor/Magic6-Pro-12GB-512GB-2x-SIM,Honor,Honor Magic6 Pro,Marko,2026-06-14 10:29:00,"Na koliko vam je opao kapacitet baterije? Ja sam uzeo hm7pro i nakon godinu dana i 255 ciklusa punjenja i praznjenja baterija mi je opala na 99% a na kutiji od telefona su pisali da baterija gura 1200ciklusa bez problema a ovde vidim da je nakod 250 vec pocela da degradira, pa me zanima kakvo je stanje sa magic 6pro"
https://mobilnisvet.com/mobilni/lf3/Honor/Magic6-Pro-12GB-512GB-2x-SIM,Honor,Honor Magic6 Pro,Stefan,2026-06-08 12:28:00,Jel i vam zadnje azuriranje za april i sta mislite koje cemo funkcije dobiti sledecim azuriranjem?
https://mobilnisvet.com/mobilni/lf3/Honor/Magic6-Pro-12GB-512GB-2x-SIM,Honor,Honor Magic6 Pro,Ivan_,2026-06-05 21:56:00,Kada uključim prednju kameru vide se par belih tačkica i one ostanu i na slici kada slikam. Nisam siguran da li je problem nastao posle najnovijeg ažuriranja ili ne. Zna li neko o čemu se radi i da li još neko ima takav problem?
https://mobilnisvet.com/mobilni/lf3/Honor/Magic6-Pro-12GB-512GB-2x-SIM,Honor,Honor Magic6 Pro,Nenad,2026-06-01 21:56:00,Da li je ovaj nas Honor bolji od Motorole Signature za fotkanje?
https://mobilnisvet.com/mobilni/lf3/Honor/Magic6-Pro-12GB-512GB-2x-SIM,Honor,Honor Magic6 Pro,Zanzibar,2026-05-28 23:49:00,"The One - Nema bug za AI razgovore, nego treba da se instalira a kako i gde, evo ti odgovor u obliku slike"
https://mobilnisvet.com/mobilni/lf3/Honor/Magic6-Pro-12GB-512GB-2x-SIM,Honor,Honor Magic6 Pro,Nenad,2026-05-28 10:39:00,"Instalirao sam juce 152, nema vise problema sa screenshotom. Honor magic 8 pro ima na 152 battery health, ovaj nema ili ja nisam pronasao."
https://mobilnisvet.com/mobilni/lf3/Honor/Magic6-Pro-12GB-512GB-2x-SIM,Honor,Honor Magic6 Pro,Captain America,2026-05-27 12:42:00,"Azurirao sam na 152! NEMAM problem sa screenshot o kojem govore Nenad i Mandrak. Dobio sam AI Voice Cloning Detection, Bypass Charging, nove opcije u Galeriji, nove opcije u Kameri, pristup Control Center bez otkljucavanja ekrana, telefona i jos nekoliko drugih raznih opcija ali, ponavljam, Screenshot mi radi na nacin na koji i treba da radi i bez bagovanja o kojem pricaju Nenad i Mandrak. Imam do sada 310 ciklusa punjenja, battery Health mi je 98% posle godinu dana i osam meseci. Pozdrav🌞🌞🌞🌞"
https://mobilnisvet.com/mobilni/lf3/Honor/Magic6-Pro-12GB-512GB-2x-SIM,Honor,Honor Magic6 Pro,Captain America,2026-05-27 10:41:00,Azurirao na 152! NEMAM problem sa screenshot
https://mobilnisvet.com/mobilni/lf3/Honor/Magic6-Pro-12GB-512GB-2x-SIM,Honor,Honor Magic6 Pro,Captain America,2026-05-26 16:57:00,310 ciklusa punjenja baterija mi je 98% posle godinu dana i osam meseci. Iako nemam jos uvek 152 ja NEMAM problem sa screenshot! Kad dobijem 152 e onda cu da vam javim. Uzdravlje. Ziveli 🌞🌞🌞🌞
https://mobilnisvet.com/mobilni/lf3/Honor/Magic6-Pro-12GB-512GB-2x-SIM,Honor,Honor Magic6 Pro,Nenad,2026-05-26 07:18:00,Isti problem sa screenshotom imam i ja koji jos uvek nisam dobio 152 azuriranje. Meni je baterija posle skoro 15 meseci koriscenja i 152 ciklusa na 98 posto.
https://mobilnisvet.com/mobilni/lf3/Honor/Magic6-Pro-12GB-512GB-2x-SIM,Honor,Honor Magic6 Pro,Captain America,2026-05-24 21:09:00,"MILA - Cooooooooooooooooooool! Hvala ti Mila na info, hvala ti Srce Moje🌞😘😀😇👍"
https://mobilnisvet.com/mobilni/lf3/Honor/Magic6-Pro-12GB-512GB-2x-SIM,Honor,Honor Magic6 Pro,Nenad,2026-05-24 10:36:00,"Meni nije nista stiglo, odakle vam 152?"
https://mobilnisvet.com/mobilni/lf3/Honor/Magic6-Pro-12GB-512GB-2x-SIM,Honor,Honor Magic6 Pro,Borko,2026-05-23 02:53:00,Stigao 152 Lepe funkcije stigle
https://mobilnisvet.com/mobilni/lf3/Honor/Magic6-Pro-12GB-512GB-2x-SIM,Honor,Honor Magic6 Pro,Mila,2026-05-22 14:39:00,Sad instaliram 152 zadnje brojke tri azuriranje.
https://mobilnisvet.com/mobilni/lf3/Honor/Magic6-Pro-12GB-512GB-2x-SIM,Honor,Honor Magic6 Pro,Captain America,2026-05-20 14:37:00,Cooooooooooooooooooool! Odlican Battery Health!
https://mobilnisvet.com/mobilni/zpj/Honor/Magic7-Pro-16GB-512GB-2x-SIM,Honor,Honor Magic7 Pro,Andja,2026-07-26 10:49:00,Planiram da kupim ovaj uredjaj mene zanima dal pravi dobre i ostre slike? evo gledala sam samsung s26 i nekako ova kamera od Honora bolje deluje ni ne znam za koji da se odlucim meni bitno da pravi dobre slike
https://mobilnisvet.com/mobilni/zpj/Honor/Magic7-Pro-16GB-512GB-2x-SIM,Honor,Honor Magic7 Pro,Muamer,2026-07-11 00:14:00,"Skoro svi telefoni su mi bili Samsungovi i trenutno koristim A55. Glavni razlog jeste lakši prelazak i kopiranje svih aplikacija i podešavanja. Ali se već duže vrijeme razmišljam o kupovini ovog Honora. Ono što nisam u komentarima pročitao iskustvo nekog koje prešao sa Samsunga na Honor. Zato ako u grupi ima neki bivši korisnik Samsunga, voleo bih da čujem utiske.  Hvala."
https://mobilnisvet.com/mobilni/zpj/Honor/Magic7-Pro-16GB-512GB-2x-SIM,Honor,Honor Magic7 Pro,ana,2026-07-09 13:43:00,"Zdravo, mala pomoć. Ovaj Honor 400pro ili Honor Magic7pro. Interesu me iskusta, cenu i specifikacije na papiru vidim."
https://mobilnisvet.com/mobilni/zpj/Honor/Magic7-Pro-16GB-512GB-2x-SIM,Honor,Honor Magic7 Pro,Milos,2026-06-12 02:17:00,"Telefon je odlican, presao sam sa Iphone 13 Pro na njega i dobio upgrade na svim aspketima. Zvucnici su me posebno odusevili."
https://mobilnisvet.com/mobilni/zpj/Honor/Magic7-Pro-16GB-512GB-2x-SIM,Honor,Honor Magic7 Pro,Stefa,2026-06-02 21:51:00,Kako ste zadovolji baterijom i kamerom zadnjim updateom?
https://mobilnisvet.com/mobilni/zpj/Honor/Magic7-Pro-16GB-512GB-2x-SIM,Honor,Honor Magic7 Pro,Maja,2026-05-26 11:28:00,Oneplus 13 ili honor magic 7 pro?
https://mobilnisvet.com/mobilni/zpj/Honor/Magic7-Pro-16GB-512GB-2x-SIM,Honor,Honor Magic7 Pro,Zeljko,2026-05-23 18:20:00,Honor magic 7 pro ili Xiaomi 15T Pro sta je bolje kad se sve sabere po vama ??
https://mobilnisvet.com/mobilni/zpj/Honor/Magic7-Pro-16GB-512GB-2x-SIM,Honor,Honor Magic7 Pro,Milos,2026-04-22 17:13:00,Jel osetna razlika izmedju Honor magic 7 pro i honor magic 8 pro?
https://mobilnisvet.com/mobilni/zpj/Honor/Magic7-Pro-16GB-512GB-2x-SIM,Honor,Honor Magic7 Pro,Zića,2026-04-18 17:58:00,Kakva vam je baterija posle ažuriranja na OS 10 u odnosu na OS 9??
https://mobilnisvet.com/mobilni/zpj/Honor/Magic7-Pro-16GB-512GB-2x-SIM,Honor,Honor Magic7 Pro,neo,2026-03-30 04:42:00,"Evo jos jednog komentara na konto kamer(a)e!!! iPhone 16, a tek iPhone 17, imaju bolju osnonu kameru (fotku) od M7P (do juce sam posedovao iP16 a do pre 3 nedelje i iP17). Xiaomi 15T Pro je za dlaku ispod M7P sto se kvaliteta fotki tice. Ista scena, ista fotka ufotkana sa ovim telefonima (koje sam pomenuo) iP-u (i to vanila modelima) daje prednost. Fokus, zasicenost detaljima i ostrina dominiraju kod iP..."
https://mobilnisvet.com/mobilni/zpj/Honor/Magic7-Pro-16GB-512GB-2x-SIM,Honor,Honor Magic7 Pro,neo,2026-03-29 09:33:00,"Pitanje za sve, pa ko moze naka da savet:"
https://mobilnisvet.com/mobilni/zpj/Honor/Magic7-Pro-16GB-512GB-2x-SIM,Honor,Honor Magic7 Pro,Bica,2026-03-19 15:32:00,"Da napomenem, nisam zahtevan korisnik i ne igram igrice, ali kamera mi je presudna, pa onda baterija i bez lagovanja"
https://mobilnisvet.com/mobilni/zpj/Honor/Magic7-Pro-16GB-512GB-2x-SIM,Honor,Honor Magic7 Pro,Bica,2026-03-19 15:24:00,"Dobar dan, da li uzeti magic 7pro, ili 400pro? Zanima me kamera, fluidnost, zvuk i baterija?"
https://mobilnisvet.com/mobilni/zpj/Honor/Magic7-Pro-16GB-512GB-2x-SIM,Honor,Honor Magic7 Pro,Artur,2026-03-18 13:42:00,Koliki je maksimalni zum prilikom video snimanja?
https://mobilnisvet.com/mobilni/zpj/Honor/Magic7-Pro-16GB-512GB-2x-SIM,Honor,Honor Magic7 Pro,Maxa,2026-03-12 10:56:00,"Ovaj telefon kida i u svemu je top, a vec vidim da se polovan moze naci i za 600-650€ sa dve godine domace garancije i fiskalnim racunom a stanje kao nov, sto je fenomenalna cena za ovaj telefon. Topla preporuka za svakog ko je nesiguran ili se dvoumi."
https://mobilnisvet.com/mobilni/zpj/Honor/Magic7-Pro-16GB-512GB-2x-SIM,Honor,Honor Magic7 Pro,Neko,2026-02-23 14:41:00,Koliko zaista izdrzi baterija kod novog telefona pri normalnom koriscenju uredjaja slikanje WhatsApp Viber lokacije itd
https://mobilnisvet.com/mobilni/zpj/Honor/Magic7-Pro-16GB-512GB-2x-SIM,Honor,Honor Magic7 Pro,Daki,2026-02-21 17:00:00,Pozdrav svima.
https://mobilnisvet.com/mobilni/zpj/Honor/Magic7-Pro-16GB-512GB-2x-SIM,Honor,Honor Magic7 Pro,Vladan np,2026-02-17 14:53:00,"Kada se pusti internet sa jedne kartice, imaju li obe internet ili samo ta sa koje je pušten?"
https://mobilnisvet.com/mobilni/zpj/Honor/Magic7-Pro-16GB-512GB-2x-SIM,Honor,Honor Magic7 Pro,Mihajlo,2026-02-16 09:50:00,"sa s24 ultre preso na magic 7pro, razlike postoje ali ne nesto preterano, kod samsuga olovka (koristio sve Note i S Ultra modele) a kod 7pro baterija i zaobljene ivice kucista. Ono sto me muci na 7 pro je zvono uredjaja, da li i kod vas prvo vibrira 3-4sec pa onda zvoni ili ne i kako to resiti ako moze. Unapred hvala"
https://mobilnisvet.com/mobilni/zpj/Honor/Magic7-Pro-16GB-512GB-2x-SIM,Honor,Honor Magic7 Pro,Vaske,2026-02-13 13:59:00,"Pozdrav ljudi. Kupio sam honor magic 7 pro u novembru. Bilo je sve okej do ore par dana. Imam problema sa mrežom, A1 sam mreža. Mnogo loše hvata signal, često se gubi domet i za net, pozive i poruke. Jel imao neko sličnih problema?"
https://mobilnisvet.com/mobilni/zpj/Honor/Magic7-Pro-16GB-512GB-2x-SIM,Honor,Honor Magic7 Pro,Mladja,2026-02-06 01:06:00,"Istina, juce sam to iskusio. To je bila njihova najveca greska ikada i ujedno pokazatelj po ko zna koji put da iPhone iako nista posebno i u mnogim stvarima ispod Honora i ostalih android telefona zaista zavredjuje paznju jer reklame u sistemskim aplikacijama na iPhone-u necete naci."
https://mobilnisvet.com/mobilni/zpj/Honor/Magic7-Pro-16GB-512GB-2x-SIM,Honor,Honor Magic7 Pro,Mila,2026-01-20 11:23:00,Lelke boske. Pa ovo je jaka pesma za Honor magic 7 pro.
https://mobilnisvet.com/mobilni-komentari/0kw/Honor/200-Lite-8GB-256GB-2x-SIM/2,Honor,Honor 200 Lite,Dd,2024-09-13 01:22:00,Ovaj telefon bukvalno ni u cemu nije bolji od Honor Magic6 Lite a cena mu je ista!
https://mobilnisvet.com/mobilni-komentari/0kw/Honor/200-Lite-8GB-256GB-2x-SIM/2,Honor,Honor 200 Lite,Krlo,2024-08-30 13:06:00,"Dobro misli li Honor napokon da se pozabavi stock aplikacijom FM radio kakvu ubacuje u niz modela - Honor 90 lite, Honor X8b, evo i u ovaj i to na androidu 14 a ne može se nikako aktivirati?! Mislim niko ih ne bije po ušima da to stavljaju u opcije telefona ako se već ne može aktivirati ali ako već postoji u čemu je fora, da služi za ukras ?"
https://mobilnisvet.com/mobilni-komentari/0kw/Honor/200-Lite-8GB-256GB-2x-SIM/2,Honor,Honor 200 Lite,😀,2024-08-20 13:56:00,"zainteresovan sam za ovaj model telefona.planiram da ga nosim barem dve godine,kakva je kamera primer  sa A klasom tipa A34,35 i magic 6 lite?Kapiram da je brzina solidna s obzirom na procesor a da je bolji sigurmo od iako na papiru boljim procesorom xiaomi telefona,jer taj sistem prosto baguje na jeftinijim modelima.Gledao sam A35 samsung malo je glmazan ovaj je bolji za ruku,al nekako kod drugara deluje pomalo spor trom.Svaki kometar o ovom medelu bi mi bio koristan…Pozdrav"
https://mobilnisvet.com/mobilni-komentari/0kw/Honor/200-Lite-8GB-256GB-2x-SIM/2,Honor,Honor 200 Lite,GT Master,2024-07-22 22:33:00,"Kupio ga danas starom, nov na oglasu 200€. Za te pare ok telefon. Kvaliteta izrade nije baš na razni ali to je taj cjenovni rang. Dosta se grije u predjelu kamere. Inače dizaj je odličan i telefon je baš lagan. Dosta je fluidan, zvučnik nije baš neke kvalitete, kamere ok za taj rang. Sve u svemu ok za te pare."
https://mobilnisvet.com/mobilni-komentari/0kw/Honor/200-Lite-8GB-256GB-2x-SIM/2,Honor,Honor 200 Lite,Duki,2024-06-07 19:43:00,Ovaj ili Poco x6
https://mobilnisvet.com/mobilni-komentari/0kw/Honor/200-Lite-8GB-256GB-2x-SIM/2,Honor,Honor 200 Lite,nikitz,2024-06-02 20:44:00,jel bolji magic 6 lite
https://mobilnisvet.com/mobilni-komentari/0kw/Honor/200-Lite-8GB-256GB-2x-SIM/2,Honor,Honor 200 Lite,D,2024-05-13 22:31:00,"Procesor je negde na nivou Honor magic 5 lite, ništa posebno"
https://mobilnisvet.com/mobilni-komentari/gz0/Honor/Magic5-Pro/4,Honor,Honor Magic5 Pro,Deadpool,2024-05-18 16:57:00,"Sa ove verzije 7.1.0.208(C431E3R2P4) dobio sam ovu 8.0.0.135(C431E3R2P2)? Da li je to ta verzija s obzirom da sam uradio, skinuo, azurirao, instalirao Android14, zato reko da pitam da li je to ta tacna  verzija  MagicOS 8.0? Hvala lepo"
https://mobilnisvet.com/mobilni-komentari/gz0/Honor/Magic5-Pro/4,Honor,Honor Magic5 Pro,Nove,2024-05-17 20:18:00,Skinuo A14 Magic OS 8.0 preko obicne nemačke sim kartice.Sve radi kako bi trebalo.Verzija softvera 8.0.0.135(C431E3R2P2)
https://mobilnisvet.com/mobilni-komentari/gz0/Honor/Magic5-Pro/4,Honor,Honor Magic5 Pro,Petar,2024-05-16 07:27:00,"Pozdrav, koje sve funkcije ima magicna kapsula osim slusanja muzike u pozadini?"
https://mobilnisvet.com/mobilni-komentari/gz0/Honor/Magic5-Pro/4,Honor,Honor Magic5 Pro,Arsenije,2024-05-15 23:38:00,Evo skinuo sam i ja preko e-sima i izgubio call recording.
https://mobilnisvet.com/mobilni-komentari/gz0/Honor/Magic5-Pro/4,Honor,Honor Magic5 Pro,Savrad,2024-05-15 21:24:00,"Dakle zaključak je nakon silnog pisanja da mora preko esim da se updejtuje jer od regularnog updejta nema ništa?Još jedna stvar me interesuje, da li je iko dobio update preko domaćih mobilnih operatera uopšte?"
https://mobilnisvet.com/mobilni-komentari/gz0/Honor/Magic5-Pro/4,Honor,Honor Magic5 Pro,Goran,2024-05-15 17:08:00,"Da se nadovezem na fanfan-a, odradio sve kao on i odma stigao update."
https://mobilnisvet.com/mobilni-komentari/gz0/Honor/Magic5-Pro/4,Honor,Honor Magic5 Pro,Fanfan,2024-05-13 23:23:00,Ovako ljudi ..ko nema strpljenja da ceka Android 14 . Imate na google playu aplikaciju koja se zove My Truphone ( ikonica sa plavim kockicama) . Aplikacija sluzi da se ubaci Nemacka e-sim kartica u telefon i dobijate besplatno 100mb protoka. Fora je da namestite taj e-sim kao podrazumevani za prenos podataka. Tada odete na Sistem update i na probnu verziju i trebalo bi odmah da povuce Magic 8.0.135 verziju. Naravno apdejt skidate preko svog wifi.  E-sim sluzi samo da inicira apdejt. Inace Magic 8 nista epohalno nije doneo osim swajpa na dole bilo gde na ekranu. Ostalo je sve manje isto kao na 7.1 osim magic portala i kapsule koje su po meni cista glupost i poluupotrebljive opcije. Pozz svima .
https://mobilnisvet.com/mobilni-komentari/gz0/Honor/Magic5-Pro/4,Honor,Honor Magic5 Pro,Goran,2024-05-13 11:53:00,Sad ce cuveni 15. a od update sipak 🤣🤣🤣
https://mobilnisvet.com/mobilni-komentari/gz0/Honor/Magic5-Pro/4,Honor,Honor Magic5 Pro,Aca,2024-05-11 13:58:00,"Dali moze,Honor 5,G kao ajfonu, kad neko zove,da Kaze ime."
https://mobilnisvet.com/mobilni-komentari/gz0/Honor/Magic5-Pro/4,Honor,Honor Magic5 Pro,Zare,2024-05-11 00:31:00,"Kad napunite bateriju do 95-100% koliko vam pise u sekciji baterije prestalo vreme, meni 20h otprilike uvek, da li je to okej?"
https://mobilnisvet.com/mobilni-komentari/gz0/Honor/Magic5-Pro/4,Honor,Honor Magic5 Pro,Pećko,2024-05-10 17:21:00,Stigao napokon android 14 jutros i dugo očekivana swipe down funkcija.
https://mobilnisvet.com/mobilni-komentari/gz0/Honor/Magic5-Pro/4,Honor,Honor Magic5 Pro,Zoki,2024-05-09 22:59:00,"Skinuo android 14, preko nemackog esima."
https://mobilnisvet.com/mobilni-komentari/gz0/Honor/Magic5-Pro/4,Honor,Honor Magic5 Pro,Velimir,2024-05-09 00:47:00,"Pozdrav ljudi, telefon kupljen u gigatronu, vakum sve, baterija bila samo 4% kad sam ga aktivirao.. Da li je to normalno???"
https://mobilnisvet.com/mobilni-komentari/gz0/Honor/Magic5-Pro/4,Honor,Honor Magic5 Pro,Hug,2024-05-07 15:16:00,I dalje nista od update? Pa sta rade vise.. mesec dana kako globalno izasao update. Strasno.
https://mobilnisvet.com/mobilni-komentari/gz0/Honor/Magic5-Pro/4,Honor,Honor Magic5 Pro,Nenad,2024-05-07 10:55:00,"Da li neko moze da mi kaze ko ima Honor magic 5 pro, kada su mu ukljuceni mobilni podaci i dodje negde gde se povezivao na wi+fi mrezu. Kada se telefon poveze na wi-fi da li mu iznad signala na displeju nestaje ono 4G koje pokazuje ukljucene mobilne podatke samo pokajuje signal za wi-fi ili mu stoji oboje."
https://mobilnisvet.com/mobilni-komentari/gz0/Honor/Magic5-Pro/4,Honor,Honor Magic5 Pro,Boki,2024-05-06 08:03:00,"Znam da je bolji honor, šta se odmah ljutite čovek se ne sme ni našaliti.😀"
https://mobilnisvet.com/mobilni-komentari/gz0/Honor/Magic5-Pro/4,Honor,Honor Magic5 Pro,Neki,2024-05-03 11:14:00,Da li vredi menjati magic 5 pro za magic 6 pro
https://mobilnisvet.com/mobilni-komentari/gz0/Honor/Magic5-Pro/4,Honor,Honor Magic5 Pro,Vuk,2024-05-01 13:28:00,Stigo jutros update na A14. Za sad sve radi kako treba.
https://mobilnisvet.com/mobilni-komentari/gz0/Honor/Magic5-Pro/4,Honor,Honor Magic5 Pro,Pop,2024-05-01 12:58:00,"Na zalost,ja sam se danas rastao sa svojim primerkom. Nije preziveo pad niz stepenice,a sve zbog spustanja obavestenja od vrha ekrana (naravno,nisam dobio update jos uvek),i izmigolji se iz ruke i niz 15-tak stepnica,i ekran a i poledjina u komadice. Sluzio je vrhunski do sada,ali sam siguran da Honor vise ne uzimam dok ne promene nesto sa politikom azuriranja. Hvalio sam ga dole uvek,i dalje stojim iza svojih reci,ali podrska,hm... Motorola i Honor,nema dalje. Od mene pozdrav za sve dobre ljude ovde,do nekih lepsih vremena (valjda)."
https://mobilnisvet.com/mobilni-komentari/gz0/Honor/Magic5-Pro/4,Honor,Honor Magic5 Pro,Veljko,2024-04-29 13:05:00,Ako honor slavi 1 maj ko zna kad ćemo dobiti Android 14😭
https://mobilnisvet.com/mobilni-komentari/gz0/Honor/Magic5-Pro/4,Honor,Honor Magic5 Pro,Nebojsa,2024-04-28 16:51:00,"Da li je neko imao problem u isto vreme su mi ukljuceni i mobilni podaci i wifi, nekad tako radi internet a nekad jedno moram da iskljucim. Resetovao sam mrezne postavke ali isto mi se i dalje desava"
https://mobilnisvet.com/mobilni-komentari/gz0/Honor/Magic5-Pro/4,Honor,Honor Magic5 Pro,Nenad,2024-04-27 20:55:00,Imali neko  nemacki e sim za azuriranje
https://mobilnisvet.com/mobilni-komentari/gz0/Honor/Magic5-Pro/4,Honor,Honor Magic5 Pro,Bokimaradona,2024-04-26 19:40:00,"Glavno da si ti nama živ i zdrav ,doće druga kapsula."
https://mobilnisvet.com/mobilni-komentari/gz0/Honor/Magic5-Pro/4,Honor,Honor Magic5 Pro,Ronaldinjo,2024-04-26 15:58:00,"Ja ljudi vratio tel na fabricko podešavanje i izgubi mi se magicna kapsula..🤷Ne razumem kako,zašto?🤦"
https://mobilnisvet.com/mobilni-komentari/blm/Honor/Magic5-Lite/4,Honor,Honor Magic5 Lite,Zoki,2024-01-21 22:03:00,Najnovija verzija GCam od BSG ima Config fajl za Magic5 Lite pod nazivom Honor X9a. U RAW formatu rezolucije fotke ubijaju. Download ENG.apk i config fajl odavde
https://mobilnisvet.com/mobilni-komentari/blm/Honor/Magic5-Lite/4,Honor,Honor Magic5 Lite,66w,2024-01-21 21:14:00,"Druze imas u A1, Yettelu. U yettelu oko 3500din sa popustom, ako imas kupon."
https://mobilnisvet.com/mobilni-komentari/blm/Honor/Magic5-Lite/4,Honor,Honor Magic5 Lite,Šćepan,2024-01-21 15:06:00,Kupio sam Honor magic 5 lite pre dva dana ali ne mogu nigde da nadjem org punjac nece da mi radi brzo punjenje je l ima neko iskustva tel se puni po 2.5h
https://mobilnisvet.com/mobilni-komentari/blm/Honor/Magic5-Lite/4,Honor,Honor Magic5 Lite,Milan,2024-01-21 13:24:00,"Zadovoljan i dalje sa fonom, nego sam hteo da pitam koji browser koristite radi još veće uštede baterije (jer dosta surfam)? Može li sistemski chrome da se izbriše?"
https://mobilnisvet.com/mobilni-komentari/blm/Honor/Magic5-Lite/4,Honor,Honor Magic5 Lite,Gax,2024-01-20 21:25:00,"Da li neko zna pouzdan i dobar brojac koraka (health app) koja zaista radi na ovom modelu? Ptobao i Samsungovu i Honor i Huawei Health... Ni jedna nije bas top precizna. Kao sto npr Samsungova radi na Samsung telefonima. Zasto ovde nece, ne znam..."
https://mobilnisvet.com/mobilni-komentari/blm/Honor/Magic5-Lite/4,Honor,Honor Magic5 Lite,Lule,2024-01-20 15:31:00,"Da li je bolje uzeti ovaj ili redmi note 12s 256/8. Vidim da su slicne specifikacije, pa ne znam da li honor opravdava necim 30 evra visu cenu?"
https://mobilnisvet.com/mobilni-komentari/blm/Honor/Magic5-Lite/4,Honor,Honor Magic5 Lite,Teo,2024-01-20 01:37:00,"Evo danas izasao Xiaomi Redmi Note 13, po istoj ceni kao ovaj ""krs"". Tako da ljubitelji sjajnih kamera, zvuka, dizajna, baterija, stabilnih softvera, lepih ikona itd mogu da se presele na drugi forum i da sjašu sa pljuvanjem ovog modela. Dovidjenja. 😘"
https://mobilnisvet.com/mobilni-komentari/blm/Honor/Magic5-Lite/4,Honor,Honor Magic5 Lite,Gax,2024-01-19 17:56:00,Jel ima neko da mu jos nije stigao update na Android 13? Konkretno mob uzet u A1 ako je bitno.
https://mobilnisvet.com/mobilni-komentari/blm/Honor/Magic5-Lite/4,Honor,Honor Magic5 Lite,Kami,2024-01-19 13:54:00,Molim za pomoc. Koji punjac kupiti za ovaj model?
https://mobilnisvet.com/mobilni-komentari/blm/Honor/Magic5-Lite/4,Honor,Honor Magic5 Lite,Ana,2024-01-18 12:48:00,"Citam da ima dosta prituzbi na zvucnik, da li se misli na kvalitet zvuka koji dolazi iz zvucnika pri slusanju muzike, ili i na kvalitet zvuka pri razgovoru? Da li je zvuk los prilikom slusanja muzike preko slusalica? Trenutno imam Mi 8 lite, i telefon mi sluzi da slusam muziku, iskljucivo preko slusalica, i da citam knjige, pa me zanima da li ima smisla preci ne ovaj telefon? Verovatno glupo pitanje za poznavaoce telefona. Hvala svima koji odgovore od srca :)"
https://mobilnisvet.com/mobilni-komentari/blm/Honor/Magic5-Lite/4,Honor,Honor Magic5 Lite,Zoki,2024-01-17 07:53:00,Snimač poziva koji se implementira u fabričku aplikaciju Telefon. Skinuti odavde
https://mobilnisvet.com/mobilni-komentari/blm/Honor/Magic5-Lite/4,Honor,Honor Magic5 Lite,Dušan,2024-01-16 15:44:00,Ovo ili Xiaomi redmi note 12 5G?
https://mobilnisvet.com/mobilni-komentari/blm/Honor/Magic5-Lite/4,Honor,Honor Magic5 Lite,Dragan,2024-01-15 21:31:00,Da li uzeti 5 Lite ili čekati 6 Lite? Da li će biti onoliko bolji koliko je skuplji? I kada se očekuje 6ca Lite?
https://mobilnisvet.com/mobilni-komentari/blm/Honor/Magic5-Lite/4,Honor,Honor Magic5 Lite,Milos,2024-01-15 16:46:00,Koji punjač za ovaj telefon imam kući od huawei punjač 40w super charged da li će da šteti telefonu taj ili moram honorov neki
https://mobilnisvet.com/mobilni-komentari/blm/Honor/Magic5-Lite/4,Honor,Honor Magic5 Lite,Kgkid,2024-01-15 07:17:00,"Ljudi, ja nisam profesionalc kao većina ovde i meni je telefon i više nego dobar. Jedini problem mi je taj što ne znam koji punjač da mu nabavim... Imao sam Poco X3Pro koji se punio strašno brzo, a sada ovaj punim po nekoliko sati i opet ga ne napunim do kraja. Koji punjač da nabavim? Hvala"
https://mobilnisvet.com/mobilni-komentari/blm/Honor/Magic5-Lite/4,Honor,Honor Magic5 Lite,D,2024-01-15 00:13:00,"Citam ove komentare i ne verujem sta ljudi pisu prvo ko zeli da ima komp u dzepu i muzicki stub neka ne kupuje ovaj telefon. Uzeo sam ga pre pola godine prvenstveno zbog baterije koja odlicno drzi, za nekog kome treba pouzdan telefon bez ikakvih bagova sa odlicnom bateriom i ekranom ovaj telefon je pravi izbor."
https://mobilnisvet.com/mobilni-komentari/blm/Honor/Magic5-Lite/4,Honor,Honor Magic5 Lite,Jelena,2024-01-14 20:43:00,Na telefonu Honor 5 magic lite
https://mobilnisvet.com/mobilni-komentari/blm/Honor/Magic5-Lite/4,Honor,Honor Magic5 Lite,Jelenq,2024-01-14 20:43:00,"Pozdrav, da li neko zna kako da uklonim bubles chat na messenger?"
https://mobilnisvet.com/mobilni-komentari/blm/Honor/Magic5-Lite/4,Honor,Honor Magic5 Lite,Pavle,2024-01-13 14:51:00,"Redmi not 10 pro najbolji telefon i tu je tacka stavljena sa vrhunskim telefonom ove klase, sve ostalo kupiti nije ni prici , bacene pare. Bolje dati neki dinar vise i kupiti dobar telefon za klasu ."
https://mobilnisvet.com/mobilni-komentari/blm/Honor/Magic5-Lite/4,Honor,Honor Magic5 Lite,Milos,2024-01-13 00:11:00,Svaki telefon u ovoj klasi je u necemu slabiji a u necemu bolji od konkurencije.
https://mobilnisvet.com/mobilni-komentari/blm/Honor/Magic5-Lite/4,Honor,Honor Magic5 Lite,Marko92,2024-01-11 19:19:00,Kupio telefon pre par dana utisci su katastrofalni.
https://mobilnisvet.com/mobilni-komentari/blm/Honor/Magic5-Lite/4,Honor,Honor Magic5 Lite,Nik,2024-01-10 21:46:00,"Toliko hvaljen telefon uopste nije dobar i za izbegavanje je , kupio nov i posle manje od mesec dana poceo js da baguje imam pet sest aplikacija i nekoliko slika imam samsung s9 star cetiri godine koji je bolji u svemu od ovog telefona jedino je bolja baterija na honoru drugo sve na s9 toliko hvaljeni ekran nije nista specijalno bolji je na s9 kamera ko pre pet godina , telefon skup a nije nikakav , za te pare mozee da se kupi mnogo bolji polovan telefon"
https://mobilnisvet.com/mobilni-komentari/blm/Honor/Magic5-Lite/4,Honor,Honor Magic5 Lite,Boki,2024-01-10 18:20:00,Pozz nesto slaba baterija ne moze ni dan da izgura ne znam sta je
https://mobilnisvet.com/mobilni-komentari/blm/Honor/Magic5-Lite/4,Honor,Honor Magic5 Lite,Lilly,2024-01-10 02:40:00,"Ekran mi se ne gasi,iako sam podesila ""spavanje"" posle 15sekundi ."
https://mobilnisvet.com/mobilni-komentari/blm/Honor/Magic5-Lite/4,Honor,Honor Magic5 Lite,Erick,2024-01-09 22:18:00,"Kupio sam 5 lite.Pomozite mi oko adaptera.Koji kupiti,gde i cene kako se kreću"
https://mobilnisvet.com/mobilni-komentari/9817/Honor/X8/6,Honor,Honor X8,Borko,2022-06-01 15:36:00,Uzeo telefon u vipu Za sad bundes liga
https://mobilnisvet.com/mobilni-komentari/9817/Honor/X8/6,Honor,Honor X8,Nadja,2022-05-31 07:59:00,Uzela sam ovaj fon. Prezadovoljna sam
https://mobilnisvet.com/mobilni-komentari/9817/Honor/X8/6,Honor,Honor X8,Huawei,2022-05-06 05:58:00,"Ovj model je isti kao Huawei nova 9 se samo sto nova 9 se ima jacu kameru, a ovaj model Google play"
https://mobilnisvet.com/mobilni-komentari/9817/Honor/X8/6,Honor,Honor X8,Ab,2022-03-24 00:50:00,Lep uredjaj
https://mobilnisvet.com/mobilni-komentari/8714/Honor/50/6,Honor,Honor 50,Perica,2022-05-08 19:21:00,"Telefon kupljen pre 3 dana i vec baguje,greje se pri punjenju...ne vredi ni pola cene,samo je izvikan.Svima koji zele da ga kupe preporucujem da ga zaobidju u sirokom luku.Kupite bilo kojeg samsunga i necete se pokajati,ja imam 3 samsunga koji rade besprekorno od prvog dana A6+ A70 i A51"
https://mobilnisvet.com/mobilni-komentari/8714/Honor/50/6,Honor,Honor 50,Marina,2022-05-06 11:39:00,Honor50 ili Samsung A52s?
https://mobilnisvet.com/mobilni-komentari/8714/Honor/50/6,Honor,Honor 50,peki,2022-05-06 11:14:00,"tel se mnogo greje, baterija realno slaba, punjac super, softver ima manjih bagova, kammera solidna, obavezna maska, na momente recka, u sustini prosecan tel, koji ne vredi ovu cenu"
https://mobilnisvet.com/mobilni-komentari/8714/Honor/50/6,Honor,Honor 50,Saša,2022-04-26 17:10:00,"Koju app da instaliram treba mi dual viber, ima li neko predlog?"
https://mobilnisvet.com/mobilni-komentari/8714/Honor/50/6,Honor,Honor 50,shone,2022-04-24 18:03:00,"Na stranu cena, da li je bolji ovo telefon od iphone 11? Ekran, batetrija i kamera me zanimaju."
https://mobilnisvet.com/mobilni-komentari/8714/Honor/50/6,Honor,Honor 50,Tanja,2022-04-16 11:11:00,Gde se na glavnom ekranu nalazi meni sa svim aplikacijama
https://mobilnisvet.com/mobilni-komentari/8714/Honor/50/6,Honor,Honor 50,Kiki,2022-04-15 18:34:00,Da li ovaj telefon ima padajuci meni?
https://mobilnisvet.com/mobilni-komentari/8714/Honor/50/6,Honor,Honor 50,Cipelice,2022-04-15 17:16:00,"Da li se još nekome honor 50 greje pri razgovoru i surfovanju,a nije priključen na punjač,kako te nedostatke ukloniti?"
https://mobilnisvet.com/mobilni-komentari/8714/Honor/50/6,Honor,Honor 50,Hdl,2022-04-14 10:44:00,Mene interesuje da li ovaj telefon moze da se konektuje preko nfc na laptop Huawei preko aplikacije Huawei PC manager?Znam da Huawei telefoni mogu i msm da sam siguran da može i ovaj ali ako neko zna tačnu informaciju bio bih zahvalan jer mi je to mnogo bitno
https://mobilnisvet.com/mobilni-komentari/8714/Honor/50/6,Honor,Honor 50,Igor,2022-04-10 20:27:00,Jel ima negde da se upali vibracija navigacionih tasteraaa...
https://mobilnisvet.com/mobilni-komentari/8714/Honor/50/6,Honor,Honor 50,Verica,2022-04-04 06:55:00,Kakva su vam iskustva sa baterijom? Da li je realno da telefon ne može da izdrži ceo dan?
https://mobilnisvet.com/mobilni-komentari/8714/Honor/50/6,Honor,Honor 50,Dejan,2022-04-02 08:50:00,Jel ima dve kartice ovaj honor 50 ili nema? Hvala
https://mobilnisvet.com/mobilni-komentari/8714/Honor/50/6,Honor,Honor 50,Saša,2022-04-01 17:04:00,"Ne mogu da instaliram Huawei helth na HONOR 50, šta se dešava, zna li iko?"
https://mobilnisvet.com/mobilni-komentari/8714/Honor/50/6,Honor,Honor 50,Sanja,2022-03-30 20:48:00,Gde se na ovom telefonu nalaze blizanac aplikacije?
https://mobilnisvet.com/mobilni-komentari/8714/Honor/50/6,Honor,Honor 50,Mateja,2022-03-30 05:02:00,"Kupila honor 50lite i nemoguće se u postavkama prijaviti na honor id, stalno izbacuje nema dovoljno podataka, dal neko ima taj problem??"
https://mobilnisvet.com/mobilni-komentari/8714/Honor/50/6,Honor,Honor 50,Milica,2022-03-29 00:09:00,Vredili telefon cemu? Meni je baterija vazna na telefonu nista manje kamera. Kakva je u nocnom rezimu? Unapred da naglasim Samsung kao preporuka me ne zanima od njih bszim daleko kao i xiaomi.
https://mobilnisvet.com/mobilni-komentari/8714/Honor/50/6,Honor,Honor 50,Sandra,2022-03-26 00:20:00,"Kako se skida mrežica na ekranu kada se koristi selfi kamera? Kada pravim fotografije, pola ekrana je belo, na drugoj polovini mreze."
https://mobilnisvet.com/mobilni-komentari/8714/Honor/50/6,Honor,Honor 50,Molina,2022-03-22 03:35:00,Kako da podelim ekran. Da li je moguće?
https://mobilnisvet.com/mobilni-komentari/8714/Honor/50/6,Honor,Honor 50,Molan,2022-03-21 07:42:00,"Znaci ne mogu da verujem da ima apsolutno isti bag kao honor 8x,a jos manje mogu da verujem da posle tacno 3 GODINE,nisu uspeli da ga rese.A to je,kada razgovarate preko messengera(zbog prirode posla neophodan,ne zivim u Srbiji) i pozove me neko preko mobilnog,naravno messenger prekine i posle toga,svi klipovi koje gledam ili bilo sta sto bi trebalo da pusti zvuk preko zvucnika telefona,pusta zvuk preko slusalice telefona jedva cujno.Jako iritantno.Jednom nisam obratio paznju,jedva me probudio alarm jer je necujan.A sa honorom 8x,sam svake noci pre spavanja pustao neki klip da vidim odakle se telefon cuje.Jako iritantno,iako je nov,letece 100%zbog ovog baga.Prosto neverovatno,3 godinee,pa nije to 3 meseca pa da taj bag ne moze da se otkloni.Kako ga drugi nemaju.Nosio sa 6 meseci samsung pre njega,a verujte mi da preko 10 god.nosim samo huawei i honor,ali sa njim nisam imao tih problema."
https://mobilnisvet.com/mobilni-komentari/8714/Honor/50/6,Honor,Honor 50,Zoran,2022-03-19 09:44:00,Da li je moguće uvesti sve kontakte i podatke sa gmail naloga?
https://mobilnisvet.com/mobilni-komentari/8714/Honor/50/6,Honor,Honor 50,Nikola,2022-03-18 13:22:00,Honor 50 ili nova 9 ? Kamera bitna … hvala puno
https://mobilnisvet.com/mobilni-komentari/8714/Honor/50/6,Honor,Honor 50,Zoran,2022-03-16 17:36:00,"Pozdrav svima... Jedno pitanje za sve korisnike ovog modela, da li je moguće na ovaj model instalirati dupli viber i WhatsApp?"
https://mobilnisvet.com/mobilni-komentari/8714/Honor/50/6,Honor,Honor 50,cipelice,2022-03-15 04:10:00,"mišljenja vaša?honor 50,xaomi 11t ili apple SE?"
https://mobilnisvet.com/mobilni-komentari/9955/Honor/70/5,Honor,Honor 70,Shone,2024-02-05 23:27:00,Da li se dešava još nekom da prilikom pokretanja instagrama povremeno ugasi aplikaciju i vrati na početni ekran?
https://mobilnisvet.com/mobilni-komentari/9955/Honor/70/5,Honor,Honor 70,Neda,2024-02-04 22:20:00,"Pozdrav, da li kupovinom Honor 70 pro se dobijaju slusalice i punjac?"
https://mobilnisvet.com/mobilni-komentari/9955/Honor/70/5,Honor,Honor 70,Miloš,2024-02-03 15:54:00,"Jel imate problem na Honor telefonima da vam ponekad ne prikaže brojeve telefona kontaktima u imeniku kao i u listingu zadnjih pozivanih brojeva? Tada je i nove kontakte nemoguće uneti u imenik, bilo na telefonu da čuvate kontakt ili na SIM-u. Nekad se to reši samo od sebe, posle nekog vremena, spontano a često moram i da restartujem telefon. Problem imaju i X7 i X8 modeli kod roditelja. Skoro je stigao neki update od 200 i kusur megabajta ali problem je i dalje tu, nije se rešio."
https://mobilnisvet.com/mobilni-komentari/9955/Honor/70/5,Honor,Honor 70,Miloš,2024-02-01 01:21:00,"Komšije, treba mi mišljenje."
https://mobilnisvet.com/mobilni-komentari/9955/Honor/70/5,Honor,Honor 70,Mićko,2024-01-22 22:03:00,Nekako imam potrebu da napišem utiske posle skoro godinu dana korišćenja.
https://mobilnisvet.com/mobilni-komentari/9955/Honor/70/5,Honor,Honor 70,Očajnik,2024-01-21 11:31:00,"Može li neka dobra duša da mi da savet? Treba mi nov(ne polovan, stariji) telefon koji ispunjava tri kriterijuma: da podržava dual apps, da ima 256gb prostora(podložno kompromisu, može i 128) i da ima 3,5mm ulaz  Cenovni maximum bi trebalo da je 350€. Kamera, ekran, procesor itd mi je sve ok, nebitno. Unapred veoma zahvalan!"
https://mobilnisvet.com/mobilni-komentari/9955/Honor/70/5,Honor,Honor 70,Marko,2024-01-17 17:19:00,Stigo update
https://mobilnisvet.com/mobilni-komentari/9955/Honor/70/5,Honor,Honor 70,Šomi,2024-01-16 12:36:00,Da li moze da se iskljuci caler id?
https://mobilnisvet.com/mobilni-komentari/9955/Honor/70/5,Honor,Honor 70,bane,2024-01-14 02:42:00,"posle par meseci koriscenja,mob je bombona,baterija extra,kamera danju nocu odlicna,procesor nije nesto na papriru ali optimizacija odlicna sve lepo klizi nema kocenja,ekran daje utisak ko da korstis flegship uredjaj,za novac od 300 i kusur evra po meni naj bolja kupovina"
https://mobilnisvet.com/mobilni-komentari/9955/Honor/70/5,Honor,Honor 70,Vlajko,2024-01-11 20:52:00,"Koliko je bolji od honor magic 5 lite? Honor zaista ima neprikosnovenu bateriju i  fenomenalan ekran, ali honor 70 je isto odličan , samo me interesuje koliko je bolji po vama"
https://mobilnisvet.com/mobilni-komentari/9955/Honor/70/5,Honor,Honor 70,Milke,2024-01-10 15:42:00,Honor 70 dobija u aprilu magic os 8
https://mobilnisvet.com/mobilni-komentari/9955/Honor/70/5,Honor,Honor 70,Popaj,2024-01-03 21:40:00,"Može li neko da mi pomogne. Uzeo sam Honor 70 i sve je OK osim jedne stvari. Nikako ne mogu da ga povežem na televizor, tj, da preslikam ekran telefona. Pre njega sam imao Samsung A52S koji je to savršeno radio sa ugradjenom aplokacijom SmartView. Na Honoru sam probao bar 20 aplikacija i nijedna ne radi. Ima li uopšte mogućnost preslikavanja ekrana na TV?"
https://mobilnisvet.com/mobilni-komentari/9955/Honor/70/5,Honor,Honor 70,Lol,2023-12-29 10:31:00,Kakva je kamera na telefonu nocu?
https://mobilnisvet.com/mobilni-komentari/9955/Honor/70/5,Honor,Honor 70,Brka,2023-12-25 10:57:00,"Zna li neko zašto mu je kamera čim je malo mračnije na video pozivu toliko očajna? Bilo to vacap, viber, mesindžer, instagram."
https://mobilnisvet.com/mobilni-komentari/9955/Honor/70/5,Honor,Honor 70,Lepa pancevska,2023-12-14 18:45:00,Si kupiv Honor 90 Lite za 7 den koristene mi otkaza tacot ne funkionira I vo A1 me ubeduvaat ke go servisiraat nema kade da se pozalam kupuvam Nov apart ama nema zamena ke go servisirale
https://mobilnisvet.com/mobilni-komentari/9955/Honor/70/5,Honor,Honor 70,coa,2023-12-05 18:27:00,"jedan info za kameru,tacnije za nocni mod,ne morate da cekate ono odbrojavanje bukvalno je dovoljno sekund da sacketa posle okidanje fotke,a to sto on vrti onaj krug to je valjda procesuiranje fotke,probajte"
https://mobilnisvet.com/mobilni-komentari/9955/Honor/70/5,Honor,Honor 70,Žiks 84,2023-12-01 17:53:00,"Imam ga godinu dana, svakakva maltretiranja trpi, baterija izdrži ceo dan sa konstantim korišćenjem, najviše preko dana muzika i to YouTube, na režimu uštede može dva dana da izgura, brz jednostavan, jedina mana folija za ekran, menjam svakih mesec dana, odlepi se od ekrana"
https://mobilnisvet.com/mobilni-komentari/9955/Honor/70/5,Honor,Honor 70,coa,2023-12-01 00:04:00,"best bay za nekih 330e,za kolko moze da se nadje nov naravno,jedina mana jedan zvucnik ako se to i moze nazvati manom,imo sam mobilne sa stereo nazovi zvukom pa bili uzas,sve jednom za ovaj novac tekso nesto bolje,nord 2,2T je tu negde al vise ih nema u prodaji,oppo find x3 neo isto dobra prica al ni njih vise nema mozda i tu jos po koji,... redmi seriju nebi da komentarisem, tako da je ovaj sampion za ovaj novac definitivno"
https://mobilnisvet.com/mobilni-komentari/9955/Honor/70/5,Honor,Honor 70,Jasna,2023-11-23 18:29:00,Najgori su. Blokira non stop.
https://mobilnisvet.com/mobilni-komentari/9955/Honor/70/5,Honor,Honor 70,Milke,2023-11-22 08:56:00,"Stigao update, novembarski 292"
https://mobilnisvet.com/mobilni-komentari/9955/Honor/70/5,Honor,Honor 70,Milke,2023-11-03 10:46:00,Stigao update
https://mobilnisvet.com/mobilni-komentari/9955/Honor/70/5,Honor,Honor 70,sonja,2023-11-03 10:18:00,"A ne planiram nord da prodam, neka ga kao back up telefon za ne daj boze"
https://mobilnisvet.com/mobilni-komentari/9955/Honor/70/5,Honor,Honor 70,Sonja,2023-10-27 08:41:00,"Je l vredi sa Norda 2 preci na ovaj telefon pocetkom 2024, ovaj ima mono zvucnike i nije tako bolji po specifikacijama, ako ne, koja je opcija sledeca, u slicnom cenovnom rangu preko operatera? Hvala"
https://mobilnisvet.com/mobilni-komentari/dd4/Honor/Magic6-Lite/5,Honor,Honor Magic6 Lite,K,2024-09-15 14:22:00,Promeniti ga za A35?
https://mobilnisvet.com/mobilni-komentari/dd4/Honor/Magic6-Lite/5,Honor,Honor Magic6 Lite,Marko dzigi,2024-09-11 13:20:00,"Ćao ljudi jedno pitanje pre neki dan sam sasvim normalno koristio telefon i od jednom ekran mi je zablokirao zakucao kako god, ne reaguje a upaljen je i ugasio se i opet se upalio da li neko zna sta moze biti problem. Hvala unapred"
https://mobilnisvet.com/mobilni-komentari/dd4/Honor/Magic6-Lite/5,Honor,Honor Magic6 Lite,bane,2024-09-10 15:51:00,meni bolje i brze radi magic 5 lite nego 6 lite koji baguje koci spor katastrofa od teleofna hteli nesto a nista nula od telefone ne bacajte novac
https://mobilnisvet.com/mobilni-komentari/dd4/Honor/Magic6-Lite/5,Honor,Honor Magic6 Lite,Radovan,2024-09-06 10:27:00,dali moze da se koristi punjac od huawei p40 pro
https://mobilnisvet.com/mobilni-komentari/dd4/Honor/Magic6-Lite/5,Honor,Honor Magic6 Lite,Radisa,2024-09-02 20:00:00,"Pre par dana uzeo honor magic 6 Lite, koliko se hvali ta baterija, meni uopšte ne traje ni približno. Iskreno zadovoljan sam sa ovim tel."
https://mobilnisvet.com/mobilni-komentari/dd4/Honor/Magic6-Lite/5,Honor,Honor Magic6 Lite,Ss,2024-09-01 14:04:00,Jel ima nekih vecih poboljsanja na androidu 14 ili da ga ne diram jos je ma 13
https://mobilnisvet.com/mobilni-komentari/dd4/Honor/Magic6-Lite/5,Honor,Honor Magic6 Lite,Milica,2024-08-28 09:07:00,"Drugari, dugo nisam menjala telefon i treba mi hitno pomoc oko kupovine kod operatera."
https://mobilnisvet.com/mobilni-komentari/dd4/Honor/Magic6-Lite/5,Honor,Honor Magic6 Lite,A,2024-08-21 21:05:00,Mala pomoc tel mi je pao na beton i u gornjem i donjem uglu tel deluje po prilicno smrskano ... ne znam sme li se skinuti ova njegova zastitna folija da vidim da li je sam ekran ok ili je i on polomljen ... na ekranu sve radi ...reaguje na dodir i na tim mestima gde deluje smrskan ekran
https://mobilnisvet.com/mobilni-komentari/dd4/Honor/Magic6-Lite/5,Honor,Honor Magic6 Lite,Srdjan,2024-08-20 17:35:00,Pozdrav ljudi!
https://mobilnisvet.com/mobilni-komentari/dd4/Honor/Magic6-Lite/5,Honor,Honor Magic6 Lite,Vlada,2024-08-18 15:03:00,Juce sam kupio nov Magic 6 Lite. Da li i dalje moze registraciom telefona da se dobiju bezicne slusalice?
https://mobilnisvet.com/mobilni-komentari/dd4/Honor/Magic6-Lite/5,Honor,Honor Magic6 Lite,darko,2024-08-17 15:56:00,"moze pomoc,uredno rade pozivi i dolazni i odlazni,primam poruke ali ne odlaze"
https://mobilnisvet.com/mobilni-komentari/dd4/Honor/Magic6-Lite/5,Honor,Honor Magic6 Lite,Danijel Zlatkovic,2024-08-17 03:57:00,"Moj zakljucak je: Ovo je telefon za ljude koji ce ga koristiti za telefoniranje - ima hardverski proximity senzor i dobru bateriju, za igranje igara i za streaming filmova kao i za drustvene mreze. Nije za ljude koji traze naprednu kameru sa optickom stabilizacijom, stereo zvuk, otpornost na potapanje u vodu, prosirivost memorije i najbrzi procesor na trzistu. Ovo je telefon za laku zabavu i lep izgled."
https://mobilnisvet.com/mobilni-komentari/dd4/Honor/Magic6-Lite/5,Honor,Honor Magic6 Lite,Danijel Zlatkovic,2024-08-17 03:15:00,"Dodao bih jos informacija koje nekog mogu interesovati. Telefon ima zakrivljen ekran i dolazi sa vec stavljenom fabrickom zastitnom folijom. Ova folija stiti od ogrebotina, ne od udaraca. Masku ne dobijate i preporucujem da je odmah kupite jer je telefon jako tanak i zbog toga jako klizav u ruci. Otpornost na padove ne testirajte, to je samo reklamna kampanja. Ima pravi Always On koji moze biti stalno ukljucen. Otpornije folije za ekran mozete kupiti i cene im se krecu od 2 do 5 hiljada dinara. Telefon se puni brzinom 35W znaci za malo duze od sat vremena. Baterija se moze podesiti da se dodatno stiti tako sto ce se uvek napuniti do 80 odsto."
https://mobilnisvet.com/mobilni-komentari/dd4/Honor/Magic6-Lite/5,Honor,Honor Magic6 Lite,Danijel Zlatkovic,2024-08-17 00:58:00,"Kao vlasnik ovog telefona rekao bih svoje utiske. Telefon je prvenstveno lep, narocito zelena varijanta. Tanak i izgleda skuplji nego sto jeste. Punjac ne dolazi u pakovanju i originalni ce vas kostati oko 35 eur. Mana je sto ima jedan zvucnik. Ekran je veliki i svetao sa brzim osvezavanjem. Igrac sam i igram zahtevne igre kao Asphalt 9. Telefon radi fluidno i ne secka. Reklama i bitnih bagova u sistemu nema. Kamere su ok za cenu. Po ceni spada u nizu srednju klasu i ne bih ga poredio sa skupljim. Do sada sam koristio Xiaomi, zeleo sam da probam nesto drugo i nisam se pokajao. Osim za igre koristim ga i za striming servise Netflix, Amazon Prime i HBO Max. Radi odlicno a veliki ekran obezbedjuje uzivanje u gledanju. Moja iskrena preporuka, ponavljam - za ove pare. Za vece pare imate jace telefone, sto je i sasvim logicno."
https://mobilnisvet.com/mobilni-komentari/dd4/Honor/Magic6-Lite/5,Honor,Honor Magic6 Lite,Miloš,2024-08-14 03:14:00,"Da li je bolja opcija ovaj ili Samsung A35, hvala"
https://mobilnisvet.com/mobilni-komentari/dd4/Honor/Magic6-Lite/5,Honor,Honor Magic6 Lite,B.,2024-08-13 13:43:00,Stigla zakrpa za avgust
https://mobilnisvet.com/mobilni-komentari/dd4/Honor/Magic6-Lite/5,Honor,Honor Magic6 Lite,Zoki,2024-08-12 15:26:00,"Da nisam dobio na poklon 200 Pro ne bih skoro menjao Magic6 Lite koji sada sa uzivanjem koristi neko meni blizak. Ako prelazite na bolji model onda 200 ili 200 Pro za koji nemam reci osim da je vise visoka nego srednja visoka klasa, fantazija od telefona. Pozdrav Zoki iz fan grupe."
https://mobilnisvet.com/mobilni-komentari/dd4/Honor/Magic6-Lite/5,Honor,Honor Magic6 Lite,Aca,2024-08-11 15:01:00,"Imam Samsung A41, naprso ekran pa moram da menjam, inace ne bih jos jer volim male telefone a zavrsava poso za svakodnevno koriscenje"
https://mobilnisvet.com/mobilni-komentari/dd4/Honor/Magic6-Lite/5,Honor,Honor Magic6 Lite,Jovana,2024-08-07 21:49:00,"Zdravo, ima li ovaj telefon na frhu ekrana ono malo svetlo kao notifikaciju da je stigla poruka i sl? Ako ima, kako podesiti?"
https://mobilnisvet.com/mobilni-komentari/dd4/Honor/Magic6-Lite/5,Honor,Honor Magic6 Lite,w,2024-08-07 09:15:00,"pozdrav,koliko ovaj model telefona ima nadogradnji ako moze neko da odgovori?i ako moze pitanje u vezi zvuka,na lite 5 kad je bio izasao sam testirao u poslovici zvuk koji je bio bas bas slab?.Kakva je ovde situacija sa lite 6 da li je iako mono da li je prihvatljiv tj. glasniji od lite5?Zeleo bi da uzmem ovaj model telefona mislim da je ovako skroz ok."
https://mobilnisvet.com/mobilni-komentari/dd4/Honor/Magic6-Lite/5,Honor,Honor Magic6 Lite,aca,2024-08-06 11:52:00,ovaj ili poco m6 pro
https://mobilnisvet.com/mobilni-komentari/dd4/Honor/Magic6-Lite/5,Honor,Honor Magic6 Lite,Mara,2024-08-03 18:47:00,Ćao... Ili još bolje help 🥴
https://mobilnisvet.com/mobilni-komentari/dd4/Honor/Magic6-Lite/5,Honor,Honor Magic6 Lite,Suza,2024-08-03 12:04:00,"ćao svima... da li bi neko bio ljubazan da mi pomogne da se odlučim između Magic 6 Lite i Redmi Note 13. nisam zahtevan korisnik, koristim uglavnom društvene mreže, surfovanje internetom, muzika. preko A1 mreže bih uzela. Magic 6 lite je mnogo lepši, a koji je bolji? LP"
https://mobilnisvet.com/mobilni-komentari/dd4/Honor/Magic6-Lite/5,Honor,Honor Magic6 Lite,Nikola,2024-08-02 17:40:00,"Zdravo. Može mala pomoć, kako da postavim WIDGET, na početni ekran? Hvala"
https://mobilnisvet.com/mobilni-komentari/dd4/Honor/Magic6-Lite/5,Honor,Honor Magic6 Lite,milan,2024-08-02 16:21:00,uradio sam fabricki reset i povezo se na wifi i ubacio kartice i sad mi trazi lozinku za dalje sta raditi
https://mobilnisvet.com/mobilni/zc6/Honor/Magic-V3-16GB-512GB-2x-SIM,Honor,Honor Magic V3,D.,2026-03-05 15:25:00,Telefon je zmaj nije mi žao ni pare koliko sam ga platio!
https://mobilnisvet.com/mobilni/zc6/Honor/Magic-V3-16GB-512GB-2x-SIM,Honor,Honor Magic V3,Marjan,2025-02-06 14:27:00,"Dobar telefon nema sta al skuplji od Z folda 6 na oglasima skoro za 500e,pa nije bas toliko bolji!"
https://mobilnisvet.com/mobilni/zc6/Honor/Magic-V3-16GB-512GB-2x-SIM,Honor,Honor Magic V3,Nele,2025-01-30 22:38:00,Može savet vezano za zaštitu za ovaj tel...Dali se isplati uraditi outfiters 360 cena 8000din ili zaštita za staklo plus maska ali da ne nagrdi telefon...
https://mobilnisvet.com/mobilni/zc6/Honor/Magic-V3-16GB-512GB-2x-SIM,Honor,Honor Magic V3,Oneplus,2025-01-20 23:46:00,Trenutno najbolji i telefon u svojem segmentu l
https://mobilnisvet.com/mobilni/zc6/Honor/Magic-V3-16GB-512GB-2x-SIM,Honor,Honor Magic V3,kiza,2024-10-03 14:45:00,"Realno telefon je cakum-pakum! Ništa mu ne fali, a ima i ekran viška. Jedino što mu se dosta hvata prašina na ekranu. Kapiram da je od plastike. Baterija drži preko jednog dana. Veliki ekran je dobar, nabor na sredini se jedva primećuje. Softver je pljujuti Huawei. Ima Google AI (makar osnovne varijante) i sve lepo šljaka."
https://mobilnisvet.com/mobilni/zc6/Honor/Magic-V3-16GB-512GB-2x-SIM,Honor,Honor Magic V3,mrgud,2024-09-25 21:37:00,"koliko si ga platio , kakav je u odnosu na fold"
https://mobilnisvet.com/mobilni/zc6/Honor/Magic-V3-16GB-512GB-2x-SIM,Honor,Honor Magic V3,JOSIP,2024-09-13 09:02:00,kupio
https://mobilnisvet.com/mobilni/zc6/Honor/Magic-V3-16GB-512GB-2x-SIM,Honor,Honor Magic V3,Zoran,2024-09-12 15:13:00,Stiže uskoro i kod nas. Jedva čekam da vidim da li valja!
https://mobilnisvet.com/mobilni/3yx/Honor/X5c-Plus-4GB-64GB-2x-SIM,Honor,Honor X5c Plus,Rade,2026-06-14 14:18:00,Telefon katastrofa nov sam kupio ekran sam menja svetlos da jedva ista vidis na njemu ne moze da se iskljuci to
https://mobilnisvet.com/mobilni/3yx/Honor/X5c-Plus-4GB-64GB-2x-SIM,Honor,Honor X5c Plus,Džimi iz džungle,2025-12-04 12:06:00,Proverite - ima ovaj model i u varijanti 4gb - 64 gb pa dopunite rubriku sa tim podatkom.
https://mobilnisvet.com/mobilni/3yx/Honor/X5c-Plus-4GB-64GB-2x-SIM,Honor,Honor X5c Plus,C5,2025-11-21 01:45:00,"Baterija dobra, kamera losa. Zvuk je ok na slusalicama i ovako. Ne baguje, sve radi ok, kao sekundarni telefon sasvim dovoljan za pozive, poruke i klasicnu komunikaciju. Igrice ne igram, baterija izgura oko dan i po. Ko nije zahtevan korisnik bice zadovoljan."
https://mobilnisvet.com/mobilni/sfg/Honor/X6c-8GB-256GB-2x-SIM,Honor,Honor X6c,Seki,2026-07-27 16:59:00,"Zdravo svima! Kupio sam nov honor x6c i prilikom vadjenja sim slota, pogresio sam rupu, pa sam umesto da otvorim sim slot, gurnuo iglicu u sekundarni zvucnik. Ako je neko imao sličan problem molim da napiše kako da proverim da li je sve ok?"
https://mobilnisvet.com/mobilni/sfg/Honor/X6c-8GB-256GB-2x-SIM,Honor,Honor X6c,Dax,2026-03-27 17:56:00,"Jel ok za penzionerku, ili da idemo ipak na x8c. Bitno je da radi fluidno, da je baterija dobra...Imala je do sad neki wiko sljakao 4 god super, sad usporio skroz"
https://mobilnisvet.com/mobilni/sfg/Honor/X6c-8GB-256GB-2x-SIM,Honor,Honor X6c,I gore,2026-01-31 23:04:00,"Da li je tel otporan pri padu, u vodi i da li mu je ekran zaštićen."
https://mobilnisvet.com/mobilni/sfg/Honor/X6c-8GB-256GB-2x-SIM,Honor,Honor X6c,Igor,2025-09-22 06:50:00,Evo da pomognem nekome ako želi da kupi ovaj telefon. Recenzija po sajtovima nisu realni zato svako za nekoga radi. Al da skratim nećete se pokajati ako ga kupite sve je ok osim baterija sto je toliko hvale i kamera je taman toliko kolko da staviš slike na Facebook brzina ok telefon lep za te pare kolko pare toliko muzika
https://mobilnisvet.com/mobilni/sfg/Honor/X6c-8GB-256GB-2x-SIM,Honor,Honor X6c,Stojan,2025-08-05 00:13:00,Vreli li ga uzimati...za ove pare???
https://mobilnisvet.com/mobilni/lsg/Honor/X8c-8GB-256GB-2x-SIM,Honor,Honor X8c,deki,2026-07-26 15:02:00,Za koliko vremena napunite bateriju sa brzim punjenjem. Koristim xiaomi punjac 33W puni se za oko sat i po.
https://mobilnisvet.com/mobilni/lsg/Honor/X8c-8GB-256GB-2x-SIM,Honor,Honor X8c,Levi,2026-06-07 17:28:00,"telefon posle godinu dana koriscenja je odlican. na baguje baterija drzi kao prvog dana, i zavisi od koriscenja. koplikovan softver ali redmi je jos komplikovaniji. preporuka za normalno koriscenje ako je kupljen u radnji."
https://mobilnisvet.com/mobilni/lsg/Honor/X8c-8GB-256GB-2x-SIM,Honor,Honor X8c,Ilija,2026-05-01 17:54:00,"Telefon je po meni savršen, koristim ga i sada.Igrice nema koju ne može da gura,za te pare odnos cene i kvaliteta ocena čista 10."
https://mobilnisvet.com/mobilni/lsg/Honor/X8c-8GB-256GB-2x-SIM,Honor,Honor X8c,Marko,2026-03-27 16:56:00,"Jel ovaj, redmi note 14 ili 15 ? Za penzionerku. Bitno da radi fluidno i da je baterija ok."
https://mobilnisvet.com/mobilni/lsg/Honor/X8c-8GB-256GB-2x-SIM,Honor,Honor X8c,Dax,2026-03-27 16:04:00,A gde nalazite za 150 e? Najjeftiniji sto sam gledao je 23000 ili ti 200 e
https://mobilnisvet.com/mobilni/lsg/Honor/X8c-8GB-256GB-2x-SIM,Honor,Honor X8c,Mišo,2026-02-17 13:34:00,"Kupio nov za 100 preko oglasa, prezadovoljan, telefon je zaista odličan, nema vrhunski chipset, nije za igranje ali sve ostalo je više nego dobro, i ekran, i baterija, i zvuk."
https://mobilnisvet.com/mobilni/lsg/Honor/X8c-8GB-256GB-2x-SIM,Honor,Honor X8c,Dragan,2026-02-03 13:29:00,"Pomoc, drugar ima Honor x8c, oko godinu dana... Ima problem sa Messingerom... Desava mi se da mu ne stigne zvucno obavestenje, dok ne udje u Mesinger... Nekad stigne obavestenje, normalno, a nekada (relativno cesto) i ne... Znaci, tek kad udje u Messinger, vidi se da je poruka stigla..."
https://mobilnisvet.com/mobilni/lsg/Honor/X8c-8GB-256GB-2x-SIM,Honor,Honor X8c,Nensy,2026-02-01 13:45:00,"Imam ga 5 meseci, prezadovoljna sam."
https://mobilnisvet.com/mobilni/lsg/Honor/X8c-8GB-256GB-2x-SIM,Honor,Honor X8c,Pele,2026-01-23 14:02:00,"Telefon ima Radio FM aplikaciju i da bi radio proradio traži adapter usb-c na 3.5 jack, i ja mu ga ubacim i ništa. Ako neko zna caku .. ili prosto to ne radi?!"
https://mobilnisvet.com/mobilni/lsg/Honor/X8c-8GB-256GB-2x-SIM,Honor,Honor X8c,Urke88,2026-01-02 22:00:00,Odjedanput loši snimci na YouTube i tiktok šta može biti
https://mobilnisvet.com/mobilni/lsg/Honor/X8c-8GB-256GB-2x-SIM,Honor,Honor X8c,Stefan,2025-12-24 11:43:00,"Pozdrav. Za ćaleta tražim telefon do 200e, ovaj Honor ili neka druga preporuka? Bitno mi je da ga posluži, nije neki zahtevan korisnik..."
https://mobilnisvet.com/mobilni/lsg/Honor/X8c-8GB-256GB-2x-SIM,Honor,Honor X8c,Djordje,2025-12-23 08:16:00,"Zdravo, moze li neko da prenese iskustvo nakon duzeg koriscenja?"
https://mobilnisvet.com/mobilni/lsg/Honor/X8c-8GB-256GB-2x-SIM,Honor,Honor X8c,Mitar,2025-12-06 03:35:00,"Nisam zadovoljan. Zakucava cesto. Kada ozadjete sa tiktoka ili instagrama i dalje reprodukuje video neki, kao da je ostao tamo. Nekad se zamrzne. Kamere su ok, ali nista specijalno. Zvuk je dobar. Baterija dan dan ipo. Igrice tu i tamo."
https://mobilnisvet.com/mobilni/lsg/Honor/X8c-8GB-256GB-2x-SIM,Honor,Honor X8c,Radovan,2025-12-04 15:13:00,Dali moze punjač od Huawei p40 pro da se koristi 40w
https://mobilnisvet.com/mobilni/lsg/Honor/X8c-8GB-256GB-2x-SIM,Honor,Honor X8c,Aca 019,2025-10-30 14:25:00,"Koji kabl koristiti za punjenje, jel ovaj iz kutije ili je bolji od 6A kabl, imam original honor punjac 66w, pa me interesuje da li ima razlike."
https://mobilnisvet.com/mobilni/lsg/Honor/X8c-8GB-256GB-2x-SIM,Honor,Honor X8c,Sasa,2025-10-26 17:03:00,"Kamera odlicna,prebacite noćne slike na komp pa ćete se uveriti."
https://mobilnisvet.com/mobilni/lsg/Honor/X8c-8GB-256GB-2x-SIM,Honor,Honor X8c,pitanje,2025-09-07 11:44:00,"Sta je bolje Honor x8c , Samsung A16 4g ili Xiaomi redmi note 13 pro?"
https://mobilnisvet.com/mobilni/lsg/Honor/X8c-8GB-256GB-2x-SIM,Honor,Honor X8c,Ssteva,2025-08-20 21:14:00,"Imam ga 8/256 odličan tel, prelep ekran, kamere dobre, honor AI odličan, igrice sve mogu, brzo radi, baterija dobra ni jedna zamerka samo jedna mana čini mi se da ima nesto slabiji wi fi prijem ako je tel dalje od uređaja"
https://mobilnisvet.com/mobilni/lsg/Honor/X8c-8GB-256GB-2x-SIM,Honor,Honor X8c,Bukowski,2025-07-29 00:45:00,"Jel neko uspeo pronaci kod nas boju kao iz testa ovde, sivu? Ili je samo crna i zelena za nase trziste."
https://mobilnisvet.com/mobilni/lsg/Honor/X8c-8GB-256GB-2x-SIM,Honor,Honor X8c,Baki,2025-07-26 22:25:00,Moji utisci i iskustvo sa Honor 8xc
https://mobilnisvet.com/mobilni/lsg/Honor/X8c-8GB-256GB-2x-SIM,Honor,Honor X8c,Željko,2025-07-24 11:45:00,"Imam honor 9x već 4,5 godina. Normalno da je baterija na izdisaju pa bi menjao za neki noviji honor (do 200 e) obzirom da je zamenska baterija oko 5.000 din, može li kakav predlog. Hvala"
https://mobilnisvet.com/mobilni/lsg/Honor/X8c-8GB-256GB-2x-SIM,Honor,Honor X8c,Baki,2025-07-14 15:37:00,Honor 8xc ili Honor 200 lite ?
https://mobilnisvet.com/mobilni/lsg/Honor/X8c-8GB-256GB-2x-SIM,Honor,Honor X8c,Jessy,2025-04-30 16:45:00,"Napravim karticu sa kontaktima na ekranu i kada isključim telefon svi kontakti nestanu, samo jedan ostane. Šta treba uraditi?"
https://mobilnisvet.com/mobilni-komentari/dd4/Honor/Magic6-Lite/6,Honor,Honor Magic6 Lite,Nemanja_ KG,2024-07-31 13:03:00,"Da li vredi ovaj telefon ovih para ako izuzmemo kameru i snimanje? Bitno mi je da ne kasne obavestenja,da baterija drzi i da nema stucanja u radu? Hvala unapred"
https://mobilnisvet.com/mobilni-komentari/dd4/Honor/Magic6-Lite/6,Honor,Honor Magic6 Lite,igor,2024-07-28 13:39:00,"moram hard reset u viber udjem on se zatrese tako i mesinger i jos neke aplikacije,jbg"
https://mobilnisvet.com/mobilni-komentari/dd4/Honor/Magic6-Lite/6,Honor,Honor Magic6 Lite,G.,2024-07-27 15:26:00,"Posle hard reseta migu da ga bacim pise otkljucati uredjaj kad se prikaci na wifi da bi krenuo sistem,u servisu kaze mira da se otvara tel...."
https://mobilnisvet.com/mobilni-komentari/dd4/Honor/Magic6-Lite/6,Honor,Honor Magic6 Lite,Bojan,2024-07-26 15:28:00,"Stiglo mi je azuriranje na 14icu vrhunskoo sve pohvale za Honor baterija mi traje čak 3 sata duže od 100 do 0 %, brzina se pojačala,kamere što mi je njabitnije prednja nije više onako ispeglana već pokazuje mene kakav jesam,zadnja kamera takodje oštrije slike,video snimak je stabilniji nije kao pre drmusan,sve mi radi fluidnije  i mnogo bolje,sve pohvale za Honor jedini brend koji radi na tome da bude sve bolje a ne kao Samsung svaka nadogradnja sve gora,moj izbor je Honor Magic 6 lite definitivno najbolji,pre njega 3 godine sam koristio Samsung A52s."
https://mobilnisvet.com/mobilni-komentari/dd4/Honor/Magic6-Lite/6,Honor,Honor Magic6 Lite,G,2024-07-25 15:37:00,"Do azuriranja radilo sve extra,evo i na zeninom i mom sinhronizacija naloga ne radi ni posle factory reseta,ni viber samo whatsap sinhronizuje  ostalo stoje kruzici,bag tezak"
https://mobilnisvet.com/mobilni-komentari/dd4/Honor/Magic6-Lite/6,Honor,Honor Magic6 Lite,D,2024-07-25 11:57:00,"Jel moguce da samo ja i par ljudi primecujemo poboljsanje kamere..ovima drugima sve isto,ne vide ništa"
https://mobilnisvet.com/mobilni-komentari/dd4/Honor/Magic6-Lite/6,Honor,Honor Magic6 Lite,igor,2024-07-24 12:48:00,"sto azurira kad je sve radilo super,sad kad udjem u viber ili mesindzer aplikacija se zatrese sekund , sta raditi"
https://mobilnisvet.com/mobilni-komentari/dd4/Honor/Magic6-Lite/6,Honor,Honor Magic6 Lite,G.,2024-07-24 09:16:00,Stiglo 8 OS
https://mobilnisvet.com/mobilni-komentari/dd4/Honor/Magic6-Lite/6,Honor,Honor Magic6 Lite,Nemanja,2024-07-23 22:08:00,Da li je ok 9h i 10min SOT. Za sad je to najviše što sam izvukao. Ali uglavnom bude oko 7 do 8h.
https://mobilnisvet.com/mobilni-komentari/dd4/Honor/Magic6-Lite/6,Honor,Honor Magic6 Lite,Skk,2024-07-23 13:54:00,Se isplati menjati ovaj za A35
https://mobilnisvet.com/mobilni-komentari/dd4/Honor/Magic6-Lite/6,Honor,Honor Magic6 Lite,6lite,2024-07-23 12:45:00,Jel nekome stigao Android 14...kakav je?
https://mobilnisvet.com/mobilni-komentari/dd4/Honor/Magic6-Lite/6,Honor,Honor Magic6 Lite,dragica,2024-07-21 13:21:00,"Koristim punjac od samsunga 45w za magic 6 lite bez problema ima brzo punjenje od 0% do 100% napuni mi za tacno 50 minuta,molim vas recite mi da li smeta bateriji"
https://mobilnisvet.com/mobilni-komentari/dd4/Honor/Magic6-Lite/6,Honor,Honor Magic6 Lite,Nemanja,2024-07-14 01:15:00,Da li se još nekom greje punjač dok se tel puni? Telefon je mlak al punjač se zagrejao. Koristim njegov od 22.5W
https://mobilnisvet.com/mobilni-komentari/dd4/Honor/Magic6-Lite/6,Honor,Honor Magic6 Lite,Dragan,2024-07-13 23:18:00,"Imam huaweov punjač od 40w koliko je normalno da napuni 50 posto baterije,prikljucim ga na samsungov brzi punjač triput brze napuni,to mi nije jasno"
https://mobilnisvet.com/mobilni-komentari/dd4/Honor/Magic6-Lite/6,Honor,Honor Magic6 Lite,Kanda,2024-07-11 21:03:00,Ima li stabilizaciju na 1080p videu?
https://mobilnisvet.com/mobilni-komentari/dd4/Honor/Magic6-Lite/6,Honor,Honor Magic6 Lite,Nemanja,2024-07-11 17:13:00,Koji je najbolji punjač za ovaj telefon? 22.5W ili 66W?
https://mobilnisvet.com/mobilni-komentari/dd4/Honor/Magic6-Lite/6,Honor,Honor Magic6 Lite,dragan,2024-07-11 16:49:00,"moze pomoc imam dve kartice na mob, bosanska kartica radi normalno,kada zovem sa srbijanske ja njih cujem normalno a oni mene nikako."
https://mobilnisvet.com/mobilni-komentari/dd4/Honor/Magic6-Lite/6,Honor,Honor Magic6 Lite,G.,2024-07-11 14:34:00,Android 14 ce 2025!
https://mobilnisvet.com/mobilni-komentari/dd4/Honor/Magic6-Lite/6,Honor,Honor Magic6 Lite,Giga*,2024-07-09 21:55:00,"Zdravo svima, da li neko može da mi kaže da li vam se dešava da vam se baterija na 6 lite telefonu pregreva i prilikom punjenja i prilikom korišćenja uređaja????"
https://mobilnisvet.com/mobilni-komentari/dd4/Honor/Magic6-Lite/6,Honor,Honor Magic6 Lite,Bojan,2024-07-07 16:14:00,Da li vredi da moj Legendarni Samsung A52s zamenim ovim modelom  H6 lite ? Jel bolji ili gori od moje legende?
https://mobilnisvet.com/mobilni-komentari/dd4/Honor/Magic6-Lite/6,Honor,Honor Magic6 Lite,Soko,2024-07-06 20:51:00,Koji punjač je najbolji za ovaj telefon?
https://mobilnisvet.com/mobilni-komentari/dd4/Honor/Magic6-Lite/6,Honor,Honor Magic6 Lite,Dragiša,2024-07-04 18:23:00,Mala pomoć ako moze?Da li je bolji honor 6 Lite ili Samsung a35?Hvala unapred
https://mobilnisvet.com/mobilni-komentari/dd4/Honor/Magic6-Lite/6,Honor,Honor Magic6 Lite,Aca,2024-07-02 20:06:00,Jel normalno da kada uđete u listu poziva ukoliko iz liste kliknete na neko ime da ga pozovete...telefon okreće taj broj bez prve nule iz pozivnog i dobijate info da je nepostojeći broj!?Dok ukoliko dodirnete onaj mali znak upitnika u krugu sa desne strane imena t.j. kontakta...telefon normalno poziva broj sa prvom nulom u pozivnom t.j. bude sve u redu?
https://mobilnisvet.com/mobilni-komentari/dd4/Honor/Magic6-Lite/6,Honor,Honor Magic6 Lite,rade,2024-07-02 20:02:00,"nesto me zeza senzor blizine,imal gde da se podesava"
https://mobilnisvet.com/mobilni-komentari/9955/Honor/70/6,Honor,Honor 70,Deki,2023-10-23 22:32:00,Uzeo juče telefon sve je top ali imam problem da mi youtube ne ode full screen kad rotiram relefon dakle ima black prostora sa obe strane...u settingsu podesio da forsira full screen ali ništa
https://mobilnisvet.com/mobilni-komentari/9955/Honor/70/6,Honor,Honor 70,Žak,2023-10-22 17:19:00,"A u čemu je fazon da Honor ne stavlja pod vibraciju ona tri back, home i recent iz navigation bar i kod modela od više stotina eur??? Štednja baterije?! Glupost neopevana."
https://mobilnisvet.com/mobilni-komentari/9955/Honor/70/6,Honor,Honor 70,Marina,2023-10-21 15:26:00,"Cao, dvomim se izmedju Honor 70 i S22, sta mi preporucujete? Dolazi u obzir i Honor 90."
https://mobilnisvet.com/mobilni-komentari/9955/Honor/70/6,Honor,Honor 70,David,2023-10-18 14:38:00,Ima li opciju za E-sim?
https://mobilnisvet.com/mobilni-komentari/9955/Honor/70/6,Honor,Honor 70,Mare,2023-10-07 22:55:00,Zna li neko kaf ce android 14 za ovaj model?
https://mobilnisvet.com/mobilni-komentari/9955/Honor/70/6,Honor,Honor 70,Paja,2023-10-06 22:30:00,"Danas mi stigao telefon. Dva i po sata mi prebacivao podatke sa Samsunga A52. Nervira me što kamera nema režim 16:9, već samo 4:3 i full screen. Ima li načina za 16:9 pošto mi to treba za računar? Inače lepo radi i ne greje se."
https://mobilnisvet.com/mobilni-komentari/9955/Honor/70/6,Honor,Honor 70,Doberman,2023-10-03 15:37:00,"Ovo je jedini telefon koji sam koristio duze od 6 meseci a da nemam nijednu zamerku,a svasta je proslo kroz moje ruke.I dalje je best buy."
https://mobilnisvet.com/mobilni-komentari/9955/Honor/70/6,Honor,Honor 70,Popaj,2023-10-02 16:00:00,Ima li NFC za plaćanje karticom?
https://mobilnisvet.com/mobilni-komentari/9955/Honor/70/6,Honor,Honor 70,Milke,2023-09-28 11:49:00,Stigao apdejt 280
https://mobilnisvet.com/mobilni-komentari/9955/Honor/70/6,Honor,Honor 70,Zis,2023-09-22 20:44:00,"Jasna,koristijo sam ja nova 5t  pre godinu ipo dana,,,,honor 70 je dve svetlosne godine ispred nova 5t"
https://mobilnisvet.com/mobilni-komentari/9955/Honor/70/6,Honor,Honor 70,Zis,2023-09-22 20:42:00,"Marko u pravu si ja ga imam desetak dana,,,sve na njemu fenomenalno"
https://mobilnisvet.com/mobilni-komentari/9955/Honor/70/6,Honor,Honor 70,Marko,2023-09-22 04:27:00,"Uzeo sam telefon pre par dana i mogu vam reći da je brutalan. Prelep telefon, predobro stoji u ruci, u odnosu na poco x3 pro koji sam imao pre njega, svemirski brod. Kamere odlične, ekran još bolji, odsustvo drugog zvučnika nikakav problem nije, uzeo honor bežične slušalice i drugi zvučik nije ni potreban. Baterija otprilike izgura 22, 23h od punjenja do punjenja, brz, bez bagova. Sve u svemu, predobar telefon za taj novac."
https://mobilnisvet.com/mobilni-komentari/9955/Honor/70/6,Honor,Honor 70,Doberman,2023-09-21 10:47:00,"Imao sam problem sa zvukom,slabo cuo sagovornika.Skinuo sam fabricku foliju"
https://mobilnisvet.com/mobilni-komentari/9955/Honor/70/6,Honor,Honor 70,Tki,2023-09-19 22:31:00,"Da li neko ima problema sa zvukom, odnosno da se sagovornik u toku razgovora slabo čuje i ne možes da se pojača? H70 je kupljen u A1 u martu i do skoro nisam imao ovaj problem"
https://mobilnisvet.com/mobilni-komentari/9955/Honor/70/6,Honor,Honor 70,Nmj,2023-09-18 15:02:00,"Da li se još nekom dešava, posle ovog najnovijeg apdejta, da telefon sam od sebe izađe iz aplikacije i zaključa se? Ne pričam o automatskom zaključavanju kad je telefon neaktivan, ovo je baš bag."
https://mobilnisvet.com/mobilni-komentari/9955/Honor/70/6,Honor,Honor 70,ivan,2023-09-17 20:23:00,"Drugari, ovo ili Xiaomi 12t? Znam da 12t ima bolji procesor... a, kamere, i ostala cudesa, pozdanost...?"
https://mobilnisvet.com/mobilni-komentari/9955/Honor/70/6,Honor,Honor 70,.,2023-09-17 14:53:00,Kako izvući najbolje trajanje baterije?
https://mobilnisvet.com/mobilni-komentari/9955/Honor/70/6,Honor,Honor 70,Pomoc!,2023-09-16 02:03:00,"Ljudi, jel uspeo neko da iskljuci ovaj novi ""kontrolni centar""? Izludjuje me sto obavestenja ne mogu da otvorim od njega. Tj. mogu, ali ako povlacim iz gornjeg levog ugla (a bas toliko dugacak palac nemam 🤦🏻‍♀️). Bukvano je onemoguceno otvaranje obavestenja jednom rukom. Ili ja ne umem da se snadjem i to promenim. 😔 Ako neko zna, bila bih zahvalna na resavanju problema! 😊"
https://mobilnisvet.com/mobilni-komentari/9955/Honor/70/6,Honor,Honor 70,Kibo,2023-09-15 15:05:00,Najgora postavka do sada na ekranu posle ovog zadnjeg ažuriranja 🤦🤦🤦
https://mobilnisvet.com/mobilni-komentari/9955/Honor/70/6,Honor,Honor 70,Marko,2023-09-14 05:40:00,Honor 70 ili realme 11 pro?
https://mobilnisvet.com/mobilni-komentari/9955/Honor/70/6,Honor,Honor 70,Mix,2023-09-11 19:02:00,"Osim novog kontrolnog centra, vidim da su pomerili status mreznog signala i volte indikator na desnu stranu."
https://mobilnisvet.com/mobilni-komentari/9955/Honor/70/6,Honor,Honor 70,M,2023-09-07 16:27:00,"Stigao je novi update, promenjen je kontrolni centar"
https://mobilnisvet.com/mobilni-komentari/9955/Honor/70/6,Honor,Honor 70,zoran,2023-09-01 20:15:00,"zdravo, pitanje za nekog ko malo intezivnije koristi ovaj uredjaj, koliko sota izvlacite u proseku?"
https://mobilnisvet.com/mobilni-komentari/8714/Honor/50/7,Honor,Honor 50,LniljanaS,2022-03-14 19:10:00,Kupila sam Honor 50 lite. Amo nešto pogrešim ili hoću da se vratim korak unazad ne mogu to da učinim zato što na dnu ekrana nemam strelicu za vraćanje unazad. Ako mi neko može pomoći da pronadjem-nstaliram tu strelicu.
https://mobilnisvet.com/mobilni-komentari/8714/Honor/50/7,Honor,Honor 50,LjiljanaS,2022-03-14 18:10:00,"Kupila sam skoro Honor 50 lite. Pokušavam da pronađem dugme-strelicu na dnu ekrana, ako nešto pogrešim, da se jednim korakom vratim unazad i nastavim sa gledanjem- radom. Na svim telefonima do sada sam imala tu opciju, ovde je nema. Bila bih zahvalna ako bi mi neko mogao pomoći."
https://mobilnisvet.com/mobilni-komentari/8714/Honor/50/7,Honor,Honor 50,Aki,2022-03-14 17:28:00,"Kako ste zadovoljni kamerama na ovom telefonu? Ja iskreno imam pomešane utiske, kakva su vaša iskustva?"
https://mobilnisvet.com/mobilni-komentari/8714/Honor/50/7,Honor,Honor 50,Sasho,2022-03-14 15:36:00,Tasa Oled je bolji ekran od amoleda
https://mobilnisvet.com/mobilni-komentari/8714/Honor/50/7,Honor,Honor 50,Taša,2022-03-14 12:27:00,"Zdravo! Interesuje me, pošto je ekran na ovom telefonu zakrivljen, da li može da se stavi zaštitno staklo? Pošto vidim da je ekran OLED a ne Super Amoled, koja je razlika? Da li to znači da je podložniji grebanju itd?"
https://mobilnisvet.com/mobilni-komentari/8714/Honor/50/7,Honor,Honor 50,Jaaa,2022-03-10 08:28:00,"Lep telefon, lagan, tanak baterija ok, pravi dobre slike, za srednju kategoriju telefona, odlican telefon."
https://mobilnisvet.com/mobilni-komentari/8714/Honor/50/7,Honor,Honor 50,Milke,2022-03-08 19:09:00,Zar je moguće da je zakrpa nanovom telefonu septembarska? Verzija 4.2.0.149! Na moj p30 pro je februarska inače. Telefon je uzet u mts-u
https://mobilnisvet.com/mobilni-komentari/8714/Honor/50/7,Honor,Honor 50,Miki,2022-03-06 13:01:00,Kakva je baterija i kamera?Hteo bih da uzmem Honor 50.pa se malo dvoumim
https://mobilnisvet.com/mobilni-komentari/8714/Honor/50/7,Honor,Honor 50,Gagi_86,2022-03-04 20:19:00,"Jel moze mala pomoć, dvoumim se između ovog telefona i xiaomi 11i.Koji telefon kupiti? Hvala 😉"
https://mobilnisvet.com/mobilni-komentari/8714/Honor/50/7,Honor,Honor 50,Milan,2022-03-03 04:31:00,Jel samo moj telefon nema nikakvu mrezicu na slusalici koja stiti od prasine ili su svi takvi.prosto mi neverovatno da samo ima prorez koji ce jako brzo da se zapuni.Nikako da odem negde da pogledam i druge
https://mobilnisvet.com/mobilni-komentari/8714/Honor/50/7,Honor,Honor 50,Denis,2022-02-26 15:25:00,"Što se tice performansi i zlgeda telefon je 10 od 10.kupio sam telefon pre 2 meseca i odma sam prometio naglo praznjenje baterije,tako sve dok ne ugasim i ponovo upalim telefon(restart) neznam kako i sta da radim nadam se da ce se nesto promeniti kada izadje prvi update"
https://mobilnisvet.com/mobilni-komentari/8714/Honor/50/7,Honor,Honor 50,Andrea,2022-02-23 18:00:00,"Imam honor 50 lite i ne radi mu portret, a kamera je uzasna"
https://mobilnisvet.com/mobilni-komentari/8714/Honor/50/7,Honor,Honor 50,B.,2022-02-22 12:37:00,"A52s 5g ili ovaj honor 8/256,razlog"
https://mobilnisvet.com/mobilni-komentari/8714/Honor/50/7,Honor,Honor 50,Boban,2022-02-20 12:00:00,Obavestenja moze samo u vidu tacki brojevi NE ko kaze da moze molim da objasni
https://mobilnisvet.com/mobilni-komentari/8714/Honor/50/7,Honor,Honor 50,Saša,2022-02-19 09:28:00,"Dvoumim se između Honor 50 i OnePlus Nord 2, šta ko misli?"
https://mobilnisvet.com/mobilni-komentari/8714/Honor/50/7,Honor,Honor 50,Damir,2022-02-18 13:26:00,Pre par dana sam uzeo Honor 50. Da li neko može da mi kaže kako da kopiram SMS poruku.
https://mobilnisvet.com/mobilni-komentari/8714/Honor/50/7,Honor,Honor 50,Nesa,2022-02-17 19:26:00,Imao sam Honor 4c tamo negde 2013/14 To mi je bio prvi android tel. U medjuvremenu Xiaomi od 5ce do 10ke...
https://mobilnisvet.com/mobilni-komentari/8714/Honor/50/7,Honor,Honor 50,Ivan Savic,2022-02-17 11:29:00,"Da li mi može neko reci,da li vredi prelaziti sa Iphonu XR na Honor 50?"
https://mobilnisvet.com/mobilni-komentari/8714/Honor/50/7,Honor,Honor 50,Neznan,2022-02-10 21:51:00,"Ljudi, imam jedno pitanje, da li ima reklama na aplikacijama,browseru i tako to?!"
https://mobilnisvet.com/mobilni-komentari/8714/Honor/50/7,Honor,Honor 50,Buzti,2022-02-10 10:33:00,"Treba mi iskren odgovor, treba mi brz telefon koji ne koci, ne otvara aplikacije 10 sekundi nego sve to radi brzo ako me razumete, i ovaj telefon mi se bas cini kao dobar izbor. Cena je u redu. Da li ga vredi kupiti ?"
https://mobilnisvet.com/mobilni-komentari/blm/Honor/Magic5-Lite/5,Honor,Honor Magic5 Lite,Djomla,2024-01-08 22:10:00,Da li neko zna da li će ovaj telefon dobiti nadogradnju na Android 14 (Magic OS 8.0)?
https://mobilnisvet.com/mobilni-komentari/blm/Honor/Magic5-Lite/5,Honor,Honor Magic5 Lite,VLADA,2024-01-08 20:46:00,Ovaj ili realme 11 pro 8/256gb
https://mobilnisvet.com/mobilni-komentari/blm/Honor/Magic5-Lite/5,Honor,Honor Magic5 Lite,Kristijan,2024-01-06 20:10:00,"Ne znam kakve utiske imate oko zvučnika ali je, barem po mom mišljenju izuzetno loš, ne znam da li je neko kvar ili nešto slično, ali za razliku od poco x3 nfc modela ima jako lošiji zvuk. Istina ima samo jedan zvučnik ali kvalitet iz njega je lošiji čak i od redmi 10 telefona koji takođe kao poco x3 nfc ima stereo ali ovde nije problem u mono zvuku koliko u tome što je kvalitet loš. Kakvi su vaši utisci? Zanima me pošto bih eventualno odneo u servis, čisto radi provere, ali ako se ispostavi da je loš sbima ili pak većini, da znam da se ne cimam džabe."
https://mobilnisvet.com/mobilni-komentari/blm/Honor/Magic5-Lite/5,Honor,Honor Magic5 Lite,Nikola,2024-01-06 14:07:00,"Meni je ovaj telefon za 200€ vrh,ne greje kao samsung telefon i baterija sa ovim peocesorom je dosta bolja..."
https://mobilnisvet.com/mobilni-komentari/blm/Honor/Magic5-Lite/5,Honor,Honor Magic5 Lite,Gax,2024-01-04 23:12:00,"Ko hoce bolju kameru neka ide na Honor 70 ili 90 ili Samsung A52s, tako nesto. Ajde ljudi od 10 sjajnih karakteristika ovog telefona svi se uhvatili losih nocnih fotografija za 200eu. Iphone 15 Pro Max i da pevas. Samo nemoj da ti ispadne."
https://mobilnisvet.com/mobilni-komentari/blm/Honor/Magic5-Lite/5,Honor,Honor Magic5 Lite,nenad,2024-01-04 09:59:00,ima li ko iskustva sa ovim MAGIC 5 LITE 8/256 imam ponudu u paketu preko mtel-a pa nisam siguran za sta da se odlucim. hvala.
https://mobilnisvet.com/mobilni-komentari/blm/Honor/Magic5-Lite/5,Honor,Honor Magic5 Lite,Mare,2024-01-03 18:18:00,Citam da se predlaze hidrogel folija za ekran. Koja je okvirna cena za istu u Beogradu? Hvala!
https://mobilnisvet.com/mobilni-komentari/blm/Honor/Magic5-Lite/5,Honor,Honor Magic5 Lite,Milos,2024-01-03 09:32:00,"Ne mogu da editujem a nisam bio u pravu. Sto se honora tice sa 70 se nekako i bori ali je 90 ipak dosta bolji, za 400 evra."
https://mobilnisvet.com/mobilni-komentari/blm/Honor/Magic5-Lite/5,Honor,Honor Magic5 Lite,Milos,2024-01-02 16:05:00,"Sad je kamera jos malo  bolja, otvorite pored istu sliku  sa A54, koju svi hvale, vrlo slicne slike. Ima nesto i do reklame."
https://mobilnisvet.com/mobilni-komentari/blm/Honor/Magic5-Lite/5,Honor,Honor Magic5 Lite,Aleksandar,2024-01-02 15:54:00,Moze zamena i doplata za Honor 90 lite a u zameni s21fe nov malo koriscen.
https://mobilnisvet.com/mobilni-komentari/blm/Honor/Magic5-Lite/5,Honor,Honor Magic5 Lite,Dexi,2024-01-01 15:26:00,Zašto su cene polovnog često veće od novog koja je od 23k pa na više?
https://mobilnisvet.com/mobilni-komentari/blm/Honor/Magic5-Lite/5,Honor,Honor Magic5 Lite,Zoki,2024-01-01 01:10:00,Srećnu Novu godinu uz ovaj izuzetan telefon želi vam fejsbuk grupa HONOR Fans Srbija
https://mobilnisvet.com/mobilni-komentari/blm/Honor/Magic5-Lite/5,Honor,Honor Magic5 Lite,Nikola5lite,2023-12-31 15:01:00,"Kupio sam ovaj telefon pre nekoliko dana,pitam se da je ovo samsung ,koliko bi ukupno kostalo,bukvalno platis 200E dobijes 800E zbog ovakvog vrhunskog ekrana,za bateriju tek trebam da vidim kakva je,jel prvih dana kazu da je baterija bude nesto losija pa posle bolja...sve preporuke za ovaj telefon ,bukvalno osvajo prvo mesto za budzet deo.."
https://mobilnisvet.com/mobilni-komentari/blm/Honor/Magic5-Lite/5,Honor,Honor Magic5 Lite,Aki,2023-12-30 23:39:00,"Odlepila sam zastitnu fabricku foliju da bih zalepila staklo, koje mi se naravno odlepilo zbog zakrivljenog ekrana. Šta mi je činiti? Uvek sam stavljala zaštitna stakla na telefone, a ovaj je specifičan zbog ekrana."
https://mobilnisvet.com/mobilni-komentari/blm/Honor/Magic5-Lite/5,Honor,Honor Magic5 Lite,Mrgud,2023-12-29 21:10:00,Gde se nameštaju zvuci za poruke?
https://mobilnisvet.com/mobilni-komentari/blm/Honor/Magic5-Lite/5,Honor,Honor Magic5 Lite,Milorad,2023-12-29 19:11:00,Kamera?
https://mobilnisvet.com/mobilni-komentari/blm/Honor/Magic5-Lite/5,Honor,Honor Magic5 Lite,Yoxx,2023-12-29 11:09:00,"Postovani korisnici ovog telefona, infrared me zanima na modelu 8/256 gb. Ima senzor ili ne...Jel neko uspeo da aktivira. Inace telefon je odlican, svetao i sl. Dajte neke predloge za sakrivene opcije koje ima i neke prednosti koje nisam uocio...Hvala"
https://mobilnisvet.com/mobilni-komentari/blm/Honor/Magic5-Lite/5,Honor,Honor Magic5 Lite,Nikola,2023-12-28 18:02:00,"Jel moze neko da mi kaze,gde je opcija za isljucivanje turbo rama,nije mi potrebno vitrualni ram jel imam 8gb pravog rama?"
https://mobilnisvet.com/mobilni-komentari/blm/Honor/Magic5-Lite/5,Honor,Honor Magic5 Lite,Jah,2023-12-28 01:18:00,Dal se zna dal ce ovaj telefon dobiti android 14
https://mobilnisvet.com/mobilni-komentari/blm/Honor/Magic5-Lite/5,Honor,Honor Magic5 Lite,Aca,2023-12-27 19:47:00,"Koliko velikih ažuriranja je obećao Honor za ovaj telefon, odnosno koliko će Androida dobiti?"
https://mobilnisvet.com/mobilni-komentari/blm/Honor/Magic5-Lite/5,Honor,Honor Magic5 Lite,Deki,2023-12-27 15:34:00,Jel se Desilo Jos nekom posle novog update da su mu se smanjile ikonice?
https://mobilnisvet.com/mobilni-komentari/blm/Honor/Magic5-Lite/5,Honor,Honor Magic5 Lite,Edin,2023-12-27 15:16:00,"Imam iphone 11, da li vredi zamijeniti za ovaj Honor ?"
https://mobilnisvet.com/mobilni-komentari/gz0/Honor/Magic5-Pro/5,Honor,Honor Magic5 Pro,Dragče,2024-04-25 22:02:00,Idu od kuće do kuće zato je malo sporiji update.🤣😂😭
https://mobilnisvet.com/mobilni-komentari/gz0/Honor/Magic5-Pro/5,Honor,Honor Magic5 Pro,Marko,2024-04-24 21:40:00,"I kao što sam i mislio, i dalje nema A14. Ako skoro i stigne, verujem da na A15 možemo da zaboravimo. Toliko o tome koliko Honor poštuje kupce van Kine i Indije"
https://mobilnisvet.com/mobilni-komentari/gz0/Honor/Magic5-Pro/5,Honor,Honor Magic5 Pro,Lale,2024-04-23 21:08:00,"Pozdrav ekipo, da li mi moźete reći kakav vam je kvalitet u slušalici pri razgovoru. Ja sam prodao moj jer sam ne retko jako slabo čuo sagovornika iako sam pojačao zvuk do maximuma, čsk sam i isključio opciju privstnog razgovora. Nekada se super čuje a često jedva kao da mi šapuću... možda je moj tel. imao taj problem kupljen polovan bio star 3meseca."
https://mobilnisvet.com/mobilni-komentari/gz0/Honor/Magic5-Pro/5,Honor,Honor Magic5 Pro,Ronaldinjo,2024-04-23 14:46:00,Baterija ubija koliko je dobra posle apdejta.
https://mobilnisvet.com/mobilni-komentari/gz0/Honor/Magic5-Pro/5,Honor,Honor Magic5 Pro,Tehnolog,2024-04-19 19:04:00,Da li je realno da su 8. pustili globalno magic os 8 i da do nas jos nije stigao update?
https://mobilnisvet.com/mobilni-komentari/gz0/Honor/Magic5-Pro/5,Honor,Honor Magic5 Pro,Marko,2024-04-17 18:12:00,Imam huawei p40 pro 3god i prezadovoljam sam ali mi fali na kraju ta google podrska pa me zanima moj tel i honor magic 5 pro koja je razlika i jel lepo radi google servisi??
https://mobilnisvet.com/mobilni-komentari/gz0/Honor/Magic5-Pro/5,Honor,Honor Magic5 Pro,Darko,2024-04-14 20:11:00,Stize li jos kome a 14.??
https://mobilnisvet.com/mobilni-komentari/gz0/Honor/Magic5-Pro/5,Honor,Honor Magic5 Pro,Marko,2024-04-13 19:02:00,Ovaj ili Samsung galaxy a55 5g ?
https://mobilnisvet.com/mobilni-komentari/gz0/Honor/Magic5-Pro/5,Honor,Honor Magic5 Pro,Nebojša,2024-04-12 10:58:00,Da li moze neko da mi kaze ko ima Honor megic 5 pro da lu me se cuje nesto kad spusta telefon ili kad se zadrma telefon da zvecka gde je kamera. Ako je tako fabricki da ne saljem telefon na reklamaciji.
https://mobilnisvet.com/mobilni-komentari/gz0/Honor/Magic5-Pro/5,Honor,Honor Magic5 Pro,Ronaldinjo,2024-04-11 08:51:00,Stiglo azuriranje 8.0.0.132(c431E3R2P2)
https://mobilnisvet.com/mobilni-komentari/gz0/Honor/Magic5-Pro/5,Honor,Honor Magic5 Pro,Magic5,2024-04-06 03:44:00,"Pozdrav, gde ima da se kupi ona original honorova maska za magic5 pro??"
https://mobilnisvet.com/mobilni-komentari/gz0/Honor/Magic5-Pro/5,Honor,Honor Magic5 Pro,Kole,2024-04-06 00:30:00,Da li se isplati sada uzeti ovaj telefon nov na duze staze? Tipa 4-5 godina da se koristi .
https://mobilnisvet.com/mobilni-komentari/gz0/Honor/Magic5-Pro/5,Honor,Honor Magic5 Pro,Goran,2024-04-05 18:58:00,"Gledao sam sad u radnji i crni i zeleni i ne mogu se odluciti koji mi je lepsi, za koju boju ste se vi kao korisnici odlucili i zasto?"
https://mobilnisvet.com/mobilni-komentari/gz0/Honor/Magic5-Pro/5,Honor,Honor Magic5 Pro,G,2024-04-04 02:09:00,Xiaomi 14 ili magic5 pro?
https://mobilnisvet.com/mobilni-komentari/gz0/Honor/Magic5-Pro/5,Honor,Honor Magic5 Pro,Dušan,2024-03-30 07:11:00,"Vidim da je počeo da stiže MagicOS 8 update.. Izgleda da će biti i na HM5 Pro Magic Capsule, kao i Magic Portal, bar se tako vidi na slikama."
https://mobilnisvet.com/mobilni-komentari/gz0/Honor/Magic5-Pro/5,Honor,Honor Magic5 Pro,Dixi,2024-03-29 10:35:00,Da li  pre uzeti Honor magic 5pro ili Galaxy s23plus?
https://mobilnisvet.com/mobilni-komentari/gz0/Honor/Magic5-Pro/5,Honor,Honor Magic5 Pro,D,2024-03-28 20:37:00,Kupio sam nov honor magic 5 pro. Kad sam ga upalio baterija je bila na samo 3% da li je to normalno? Obicno do sad kad sam kupovao nove telefone baterija je bila min 50+%...
https://mobilnisvet.com/mobilni-komentari/gz0/Honor/Magic5-Pro/5,Honor,Honor Magic5 Pro,Miso,2024-03-27 18:35:00,Jel znate gde mogu da nadjem da kupim masku kao sto ide uz njega fabricka providna sa otvorenom kamerom i prstenom koji je uzvisen i stiti je?
https://mobilnisvet.com/mobilni-komentari/gz0/Honor/Magic5-Pro/5,Honor,Honor Magic5 Pro,Beks - NUFC,2024-03-26 15:29:00,"Da li vam je telefon prijavljivao da Google Mape troše bateriju?! Niti ih koristim, niti sam ulazio na njih. To mi se desilo neka dva puta u zadnjih petnaest dana. Primetio sam i na Instagramu, da zna ponekad, da udje u nešto što nisam kliknuo. Mislio sam da je do zakrivljenog ekrana, da ga možda nehotice dodirnem, ali mi se čini, da ipak nije to slučaj. Meni to ne smeta, potpuno mi je to nešto trivijalno, ali treba reći i napomenuti."
https://mobilnisvet.com/mobilni-komentari/gz0/Honor/Magic5-Pro/5,Honor,Honor Magic5 Pro,Dušan,2024-03-26 09:44:00,"Ako imate predlog za neke cool maske, pošaljite, planiram da poručim par da imam da menjam, i dalje koristim providnu koja se dobija uz telefon, ali joj je odavno vreme prošlo 😅"
https://mobilnisvet.com/mobilni-komentari/gz0/Honor/Magic5-Pro/5,Honor,Honor Magic5 Pro,MINA,2024-03-25 14:15:00,Može pomoć ?
https://mobilnisvet.com/mobilni-komentari/gz0/Honor/Magic5-Pro/5,Honor,Honor Magic5 Pro,Bojan,2024-03-25 12:01:00,"Koko da pronadjem magic portal, vidim netu da treba da ima i tu funkciju ali ja ne umem da je upalim?"
https://mobilnisvet.com/mobilni-komentari/gz0/Honor/Magic5-Pro/5,Honor,Honor Magic5 Pro,Pop,2024-03-25 09:39:00,Zakrpa za februar upravo stigla.
https://mobilnisvet.com/mobilni-komentari/gz0/Honor/Magic5-Pro/5,Honor,Honor Magic5 Pro,Drakce,2024-03-24 22:48:00,Zeleni ili crni? Koji je lepsi?
https://mobilnisvet.com/mobilni/xxm/Honor/X7d-5G-8GB-256GB-2x-SIM,Honor,Honor X7d 5G,Lalalend,2026-02-22 20:41:00,Niko od ovih gore radnji nema 5G verziju nego 4G a inače odličan model.
https://mobilnisvet.com/mobilni/xxm/Honor/X7d-5G-8GB-256GB-2x-SIM,Honor,Honor X7d 5G,Miki,2026-02-22 08:27:00,Odličan brz telefon lepo lezi u ruci baterija traje par dana kamere odlične
https://mobilnisvet.com/mobilni/m5l/Honor/X7d-4G-8GB-256GB-2x-SIM,Honor,Honor X7d 4G,Igor,2026-03-25 19:19:00,Da li ima opcija da se iskljuci zvucnik u slusalici kad se gledaju video zapisi?
https://mobilnisvet.com/mobilni/m5l/Honor/X7d-4G-8GB-256GB-2x-SIM,Honor,Honor X7d 4G,IvanM,2026-03-09 11:25:00,"Ako izuzmemo neke od softverskih problema koje ima ovaj telefon, mene najviše interesuje kvalitet fotografije."
https://mobilnisvet.com/mobilni/m5l/Honor/X7d-4G-8GB-256GB-2x-SIM,Honor,Honor X7d 4G,Đorđe,2025-12-28 15:44:00,"Odličan telefon. Oko dizajna ne želim,pa svu su slični. Ali po mojim dimenzijama ruku ovo mi skroz odgovara. Mama nema slot za memorijsku karticu i c ulaz za žičane slušalice. Ali bluetooth slušalicw recimo Moye Aureas 3 Action  uz njega su odlične. Toplo ga preporučujem"
https://mobilnisvet.com/mobilni/m5l/Honor/X7d-4G-8GB-256GB-2x-SIM,Honor,Honor X7d 4G,Radovan,2025-12-21 18:27:00,"Za sada radi extra,baterija fenomenalna,ali se desava da mi zamrzne aplikaciju pa moram da izadjem i ponovo otvorim,kod poziva desio se jedanput crn ekran,videcemo za dalje"
https://mobilnisvet.com/mobilni/m5l/Honor/X7d-4G-8GB-256GB-2x-SIM,Honor,Honor X7d 4G,Pera lozac,2025-11-03 14:12:00,"Nov Telefon vraćen pošto neodgovara na prvi poziv , znaci kad te neko pozove uopste ne reaguje crn ekran ali kad prekine vezu i ponovo te pozove radi normalno???"
https://mobilnisvet.com/mobilni/3p3/Honor/400-Lite-12GB-256GB-2x-SIM,Honor,Honor 400 Lite,Maja,2026-05-24 12:27:00,"Da li moze neko da mi da savet? Azurirala sam sistem magic 10 i sada mi ne radi instagram. Zacrni se ekran, zakoci listanjem. Deinstalirala sam ga, restartovala telefon i opet isto. Ostalo radi ok. Da li da odem do radnje da mi vrate na staro ako moze??"
https://mobilnisvet.com/mobilni/3p3/Honor/400-Lite-12GB-256GB-2x-SIM,Honor,Honor 400 Lite,.,2026-05-18 09:57:00,"Iz koje države pišeš? Ja evo stalno proveravam ali ništa još, još je pisalo u maju da će stići ali već pola meseca i ništa, inače nije mi hitno ali bih da isporbam nove funkcije."
https://mobilnisvet.com/mobilni/3p3/Honor/400-Lite-12GB-256GB-2x-SIM,Honor,Honor 400 Lite,Predrag Miljković,2026-04-17 22:51:00,"Odličan telefon, kamera naročito 108 pixels i svaku fotografiju može a i ne mora popravlja veštačka inteligencija , muzika glasna , kvalitet razgovora na visokom nivou i baterija odlična."
https://mobilnisvet.com/mobilni/3p3/Honor/400-Lite-12GB-256GB-2x-SIM,Honor,Honor 400 Lite,Mare,2026-03-28 11:53:00,Ovaj ili x8c? Hvala
https://mobilnisvet.com/mobilni/3p3/Honor/400-Lite-12GB-256GB-2x-SIM,Honor,Honor 400 Lite,Milos,2026-03-13 18:39:00,"Kupljen nov. Od prvog dana se greje i restartuje vise puta u toku dana. Reklamiran, zamenjen novim uredjajem. I taj drugi primerak ima identican problem. Ne znam da li je losa serija ili sta vec, ali razocaravajuce iskustvo."
https://mobilnisvet.com/mobilni/3p3/Honor/400-Lite-12GB-256GB-2x-SIM,Honor,Honor 400 Lite,Aca,2026-03-12 14:19:00,Da li ce ovaj fon dobiti android 16?
https://mobilnisvet.com/mobilni/3p3/Honor/400-Lite-12GB-256GB-2x-SIM,Honor,Honor 400 Lite,Mik,2026-03-02 10:44:00,"Dal ovaj ili Redmi note 15 5g? Spao mi izbor na ovu nižu klasu jer mi je muka od preteških, prevelikih cigletina koje forsiraju. Čini mi se ipak Redmi, snap 6 gen 3, za dlaku bolji makar?"
https://mobilnisvet.com/mobilni/3p3/Honor/400-Lite-12GB-256GB-2x-SIM,Honor,Honor 400 Lite,Goca,2026-02-24 01:30:00,"Imam ovaj telefon, u mogu reći da je odličan. Kamere dobre, baterija izgura ceo dan, ne baguje, ne greje se. Top telefon."
https://mobilnisvet.com/mobilni/3p3/Honor/400-Lite-12GB-256GB-2x-SIM,Honor,Honor 400 Lite,Zara,2026-01-17 07:59:00,Da li da kupim ovaj ili Samsung a17?
https://mobilnisvet.com/mobilni/3p3/Honor/400-Lite-12GB-256GB-2x-SIM,Honor,Honor 400 Lite,Nadja,2026-01-15 21:46:00,Da li ovaj telefon ima Android 15?
https://mobilnisvet.com/mobilni/3p3/Honor/400-Lite-12GB-256GB-2x-SIM,Honor,Honor 400 Lite,Veljko,2026-01-07 18:59:00,Pozdrav svima imam Honor 400 lite već mesec dana tefon je super baterija lagano ceo dan ali mi se desava na instagramu listam story i od jednom se pokaže crna slika izadjem iz story sve normalno radi a sve je auzirano može mi neko reci da je imao sličan problem?
https://mobilnisvet.com/mobilni/3p3/Honor/400-Lite-12GB-256GB-2x-SIM,Honor,Honor 400 Lite,pre drag,2025-12-08 19:52:00,"Dal laguje zvuk, mulja zvuk , kad se napravio video sa kamerom , tokom snimanja , glasnijeg zvuka?"
https://mobilnisvet.com/mobilni/3p3/Honor/400-Lite-12GB-256GB-2x-SIM,Honor,Honor 400 Lite,Milan,2025-11-22 06:28:00,"Iznenadjen sam koliko je dobar uredjaj i kompaktan. Lagan, bez bagova i lagova. Ekran odlicne dimenzije amoled 120hz prijatan, ne greje se ama ni jednom kao sto neki pisu, kamere solidne, preko dana i te kako upotrebljive. Jedina za sada mana je odsustvo stereo zvucnika, mada imao sam pre ovoga P30 pro i navikao sam. Uzmite uredjaj necete se pokajati. Baterija bad dugo traje."
https://mobilnisvet.com/mobilni/3p3/Honor/400-Lite-12GB-256GB-2x-SIM,Honor,Honor 400 Lite,Sin Dragan,2025-11-17 17:02:00,"Da li je bolje uzeti ovaj model ili Honor 200 12 GB RAM, 512GB?"
https://mobilnisvet.com/mobilni/3p3/Honor/400-Lite-12GB-256GB-2x-SIM,Honor,Honor 400 Lite,Predrag Miljković,2025-10-24 14:43:00,"Da li honor 400 late , može da zameni Motorolu G 100. Honor je nov glanc u kutiji sa odličnom maskom i ima svoju foliju preko ekrana, a Motorola  G 100 je polovna, malo naprslo staklo ali sve radi , baterija i performanse odlične."
https://mobilnisvet.com/mobilni/3p3/Honor/400-Lite-12GB-256GB-2x-SIM,Honor,Honor 400 Lite,JAGODINAC035,2025-09-26 07:38:00,Mono zvučnik-katastrofa
https://mobilnisvet.com/mobilni/3p3/Honor/400-Lite-12GB-256GB-2x-SIM,Honor,Honor 400 Lite,Maja,2025-08-08 12:36:00,"Kupila sam ga pre mesec dana, bas se brzo zagreje pri kratkom koriscenju. Isla sam do radnje gde sam ga kupila, kazu da je to normalno... Sta vi kazete?? Inace je sve drugo ok."
https://mobilnisvet.com/mobilni/3p3/Honor/400-Lite-12GB-256GB-2x-SIM,Honor,Honor 400 Lite,Lazar,2025-07-18 15:10:00,Prezadovoljan sam sa telefonom svaka preporuka
https://mobilnisvet.com/mobilni/3p3/Honor/400-Lite-12GB-256GB-2x-SIM,Honor,Honor 400 Lite,Alex,2025-07-05 21:47:00,"Pre par dana kupio sam 400 lite za sada sve radi besprekorno, izuzetno fluidan u radu,ekran, kamere odlicni. E sad jedino baterija mi se zagreje do 40 stepeni pri koriscenju neta tj web, drustvene mreze itd, ne znam da li je to ok ili ne?."
https://mobilnisvet.com/mobilni/3p3/Honor/400-Lite-12GB-256GB-2x-SIM,Honor,Honor 400 Lite,Djorke,2025-07-02 09:28:00,Honor 400 Lite ili Samsung A35
https://mobilnisvet.com/mobilni/3p3/Honor/400-Lite-12GB-256GB-2x-SIM,Honor,Honor 400 Lite,Lazar,2025-07-01 21:11:00,"Ćao, šta mislite koji je najbolji izbor, Samsung A16 256, Honnor 400 Lite ili Magic 7 Lite? Hvala unapred."
https://mobilnisvet.com/mobilni/3p3/Honor/400-Lite-12GB-256GB-2x-SIM,Honor,Honor 400 Lite,Tpo,2025-06-13 11:18:00,Samo 1 zvučnik u 2025? Nema 3.5mm ulaz? FM? Memorijsku karticu? Ois? Punjač? Ma vazi Huawejac.
https://mobilnisvet.com/mobilni/3p3/Honor/400-Lite-12GB-256GB-2x-SIM,Honor,Honor 400 Lite,Luka,2025-05-30 17:57:00,Kako se pokazalo trajanje baterije sa obzirom da je veca od standardnih 5000mah
https://mobilnisvet.com/mobilni/3p3/Honor/400-Lite-12GB-256GB-2x-SIM,Honor,Honor 400 Lite,Boban,2025-05-05 10:52:00,"Pozdrav svima. Imam trenutno u ponudi Honor 400 Pro 12/512 za 865 Eura, sa dve godine garancije. Vidim da je tek izašao, pa ne mogu da se orijentišem da li je ovo OK cena..."
https://mobilnisvet.com/mobilni/3p3/Honor/400-Lite-12GB-256GB-2x-SIM,Honor,Honor 400 Lite,Mile,2025-04-17 16:33:00,"Ovo je niža klasa telefona, po meni Magic 7 lite je ozbiljniji telefon, ali je i nešto skuplji. Videćemo u maju šta će dati Honor 400 i Honor 400 pro."
https://mobilnisvet.com/mobilni/1yq/Honor/Magic7-Lite-8GB-512GB-1x-SIM-1x-eSIM,Honor,Honor Magic7 Lite,A,2026-05-30 22:01:00,"Nije sve ni u hiljadu evra, kad već može i za manje para. Sve zavisi koliko je korisnik zahtevan  i šta može sve da istrpi."
https://mobilnisvet.com/mobilni/1yq/Honor/Magic7-Lite-8GB-512GB-1x-SIM-1x-eSIM,Honor,Honor Magic7 Lite,A,2026-05-30 15:42:00,"Moj otac koristi Moto E20, majka RN10 Pro, dok ja Magic 7 Lite. Sva tri korektna..."
https://mobilnisvet.com/mobilni/1yq/Honor/Magic7-Lite-8GB-512GB-1x-SIM-1x-eSIM,Honor,Honor Magic7 Lite,Sasa,2026-05-27 11:25:00,"Vidim da vecina vas ima nekih problema.Ja koristim ovaj telefon par meseci,i mogu reci da sam prezadovoljan.Nema bagova,radi ekstra brzo,odlican ekran,jaki zvucnici(mada los kvalitet zvuka),cuje se na 50 metara...Par godina sam koristio razne Redmi Pro modele,ali ovaj cu da zadrzim sve dok bude dobro radio..."
https://mobilnisvet.com/mobilni/1yq/Honor/Magic7-Lite-8GB-512GB-1x-SIM-1x-eSIM,Honor,Honor Magic7 Lite,Dany,2026-05-22 11:51:00,"Telefon ima 2 pukotine sa strane koje su na identicnom mestu i levo i desno a telefon nije ispadao, zanima me sta se desilo i da li neko ima slicno iskustvo"
https://mobilnisvet.com/mobilni/1yq/Honor/Magic7-Lite-8GB-512GB-1x-SIM-1x-eSIM,Honor,Honor Magic7 Lite,Aleksa,2026-05-16 16:14:00,"Od pre neke dve nedelje je krenuo bas sporo da radi, telefon star mozda godinu dana od kad sam ga uzeo. Cak i kad mu ukljucim rezim ""performanse"" i osvežavanje 120Hz nista se ne promeni, kameru otvara citavu vecnost cak sam testirao u pozadini kad prevucem onaj padajuci meni gore dole vise puta animacija zasecka, sto je ono, nenormalno za telefon koji je nov, godinu dana nije nista a da toliko propadne u fluidnosti... Jel ima neko resenje a da nije vracanje na fabricko jer ne mogu da mu pravim bekap i da se s tim posle zezam, da li ima neko narodno resenje?"
https://mobilnisvet.com/mobilni/1yq/Honor/Magic7-Lite-8GB-512GB-1x-SIM-1x-eSIM,Honor,Honor Magic7 Lite,Dejan,2026-05-11 16:27:00,Zadnje azururanje sjebalo sve gasi se ekran kad skrolujem instagram i jos neke aplikacije prvo sam pomislio da crko ekran
https://mobilnisvet.com/mobilni/1yq/Honor/Magic7-Lite-8GB-512GB-1x-SIM-1x-eSIM,Honor,Honor Magic7 Lite,Muki,2026-05-10 22:23:00,Pitanje za ozbiljne korisnike dali vredi uzeti ovaj telefon😀
https://mobilnisvet.com/mobilni/1yq/Honor/Magic7-Lite-8GB-512GB-1x-SIM-1x-eSIM,Honor,Honor Magic7 Lite,Milos 14,2026-05-07 07:49:00,Jel ima neko problem zadnjim azuriranjem da samo instagram i tik tok neki put pocrne u skrolovanju?
https://mobilnisvet.com/mobilni/1yq/Honor/Magic7-Lite-8GB-512GB-1x-SIM-1x-eSIM,Honor,Honor Magic7 Lite,Vlada,2026-04-29 16:14:00,Neko problem sa vibracijom?
https://mobilnisvet.com/mobilni/1yq/Honor/Magic7-Lite-8GB-512GB-1x-SIM-1x-eSIM,Honor,Honor Magic7 Lite,Sasa,2026-04-26 20:13:00,"Odlican ekran,glasni zvucnici (ne bas kvalitetan zvuk),ali bas glasni.Stigo OS 10,android 16,sve radi brzo,nema nikakvih bagova....Zadnjih godina sam koristio dosta Xiaomi,Redmi telefona,ali sam odustao bas zbog kvaliteta zvuka na zvucnicima,koji je posle serije 10 bio sve gori i gori...."
https://mobilnisvet.com/mobilni/1yq/Honor/Magic7-Lite-8GB-512GB-1x-SIM-1x-eSIM,Honor,Honor Magic7 Lite,nikotech,2026-04-22 13:50:00,"Telefon sam kupio pre 10 meseci, posle zadnjeg update-a radi savršeno,zauzima manje rama u odnosu na MAGIC OS 9,fluidan rad, bez bagova.Po meni i dalje najlepši telefon srednje klase i najbolja kupovina.Čekam Magic 9 lite u slučaju da nema zakrivljen ekran koji pravi ogromnu razliku ne menjam ovaj."
https://mobilnisvet.com/mobilni/1yq/Honor/Magic7-Lite-8GB-512GB-1x-SIM-1x-eSIM,Honor,Honor Magic7 Lite,Anđela,2026-04-21 17:47:00,Koje novitete donosi novi apdejt?
https://mobilnisvet.com/mobilni/1yq/Honor/Magic7-Lite-8GB-512GB-1x-SIM-1x-eSIM,Honor,Honor Magic7 Lite,Honor Magic 7 Lite,2026-04-13 12:53:00,"Telefon je nakon apdejta poceo da srpski receno divlja , morao je da se vrati na fabricka podešavanja.  U svakom slučaju nikad mi se ovo nije desilo ni sa jednim telefonom ."
https://mobilnisvet.com/mobilni/1yq/Honor/Magic7-Lite-8GB-512GB-1x-SIM-1x-eSIM,Honor,Honor Magic7 Lite,Zlaja,2026-04-03 11:18:00,Da li i koliko ima smisla platiti 40 EUR vise da se uzme verzija sa 512 GB interne memorije?
https://mobilnisvet.com/mobilni/1yq/Honor/Magic7-Lite-8GB-512GB-1x-SIM-1x-eSIM,Honor,Honor Magic7 Lite,Bane,2026-03-31 15:28:00,"Dostupan je android16, novi MagicOS i sigurnosno ažuriranje za mart. 3,02 GB"
https://mobilnisvet.com/mobilni/1yq/Honor/Magic7-Lite-8GB-512GB-1x-SIM-1x-eSIM,Honor,Honor Magic7 Lite,zoran,2026-03-28 10:08:00,ovaj telefon ili redmi note 13 pro plus sta mislite
https://mobilnisvet.com/mobilni/1yq/Honor/Magic7-Lite-8GB-512GB-1x-SIM-1x-eSIM,Honor,Honor Magic7 Lite,Smolwil,2026-03-20 09:23:00,Gledam sad na honor Srbija 6 godina sw i isto toliku updejta dal je moguce da ce to moci toliko na 7lite i njegov chipset
https://mobilnisvet.com/mobilni/1yq/Honor/Magic7-Lite-8GB-512GB-1x-SIM-1x-eSIM,Honor,Honor Magic7 Lite,Smolwil,2026-03-16 09:11:00,Kad li ce android 16
https://mobilnisvet.com/mobilni/1yq/Honor/Magic7-Lite-8GB-512GB-1x-SIM-1x-eSIM,Honor,Honor Magic7 Lite,Za acu,2026-03-13 06:09:00,Ja taj problem nemam aco ne znam sta moze da bude
https://mobilnisvet.com/mobilni/1yq/Honor/Magic7-Lite-8GB-512GB-1x-SIM-1x-eSIM,Honor,Honor Magic7 Lite,Marijana,2026-03-11 07:23:00,"Kako da rešim problem? Naime , telefon mi izbacuje iz pojedinih aplikacija dok pišem, mesindžer, viber , watsapp. Kako se to može rešiti?"
https://mobilnisvet.com/mobilni/1yq/Honor/Magic7-Lite-8GB-512GB-1x-SIM-1x-eSIM,Honor,Honor Magic7 Lite,Predrag,2026-03-08 15:57:00,"Telefon osim lepe slike na ekranu nema nista dobro.Slike lose,snima ton kao iz konzerve.Koristim ga od maja prosle godine i poceo je pre par meseci da laguje..Kupljen je u Srbiji.Sin mi ima magic lite 6 koji radi perfektno i mnogo bolje od mog telefona kupljen 2024. Srećom pa imam Apple 15 pro  Pozdrav svima"
https://mobilnisvet.com/mobilni/1yq/Honor/Magic7-Lite-8GB-512GB-1x-SIM-1x-eSIM,Honor,Honor Magic7 Lite,Bane,2026-02-28 23:34:00,"Dostupno je sigurnosno ažuriranje za februar, 101MB"
https://mobilnisvet.com/mobilni/1yq/Honor/Magic7-Lite-8GB-512GB-1x-SIM-1x-eSIM,Honor,Honor Magic7 Lite,Aleksa,2026-02-23 15:03:00,Mogul 2 kartice 2 broja u telefon to me zanima
https://mobilnisvet.com/mobilni/30j/Honor/Magic8-Lite-8GB-512GB-2x-SIM,Honor,Honor Magic8 Lite,AcaTF,2026-07-31 15:57:00,"uzeo ga pre neki dan, baterija izgura 2 dana lagano ako se koristi 4-5 sati dnevno, nisam zahtevan korisnik, zvucnici glasni i zadovoljavajuceg kvaliteta, ekran lepo vidljiv na suncu. za ovaj novac mislim da se isplati, nemam za sada mane, toplo ga preporucujem."
https://mobilnisvet.com/mobilni/30j/Honor/Magic8-Lite-8GB-512GB-2x-SIM,Honor,Honor Magic8 Lite,Aca,2026-07-30 17:28:00,"Ljudi,koliko vam traje baterija na 8 Lite na 60 Hz i screen time između sat i po i dva sata dnevno ?"
https://mobilnisvet.com/mobilni/30j/Honor/Magic8-Lite-8GB-512GB-2x-SIM,Honor,Honor Magic8 Lite,Mata,2026-07-25 10:57:00,Ja ne znam ljudi kako ovaj telefon ali opet izgura 11h sota screen on time 11h na kraju sa 5 posto baterije
https://mobilnisvet.com/mobilni/30j/Honor/Magic8-Lite-8GB-512GB-2x-SIM,Honor,Honor Magic8 Lite,Zoran,2026-07-19 20:32:00,Uzeo sam telefon preko MTS i mislim da se jedino tako isplati plaćam 24x1100 din.Keš je skupa opcija za ovaj telefon.Što se tiče kvaliteta za ovaj cenovnik rang to je to.Meni je bilo najbitnije baterija pošto ga koristim u poslovne svrhe a na terenu sam po ceo dan.
https://mobilnisvet.com/mobilni/30j/Honor/Magic8-Lite-8GB-512GB-2x-SIM,Honor,Honor Magic8 Lite,Mirza,2026-07-17 06:49:00,"Odjednom i naprasno telefon mi je prestao sa maksimalnim punjenjem od 66W ,samo puni na supercharge i presporo je .Telefon je prakticki nov kao i punjac koji je original honor..Punio telefon do prije par dana sve normalan,sad odjednom ne moguće puniti maksimalnom snagom .Zna li ko u čemu bi mogla biti caka ?"
https://mobilnisvet.com/mobilni/30j/Honor/Magic8-Lite-8GB-512GB-2x-SIM,Honor,Honor Magic8 Lite,30.000,2026-07-13 02:35:00,"I evo, ovaj telefon je posle pola godine na onoj ceni od 30.000 dinara koju su svi ocekivali u startu i zbog koje su bili toliko razocarani svojevremeno. Trebalo je sacekati sest meseci i stvari su legle na mesto."
https://mobilnisvet.com/mobilni/30j/Honor/Magic8-Lite-8GB-512GB-2x-SIM,Honor,Honor Magic8 Lite,Mare,2026-07-11 19:41:00,Molim korsinike ovog Honor MAgic 8 Lite modela da kažu svoja isustva oko trajanja baterije na 120 Hz i 60 Hz ina 30 do 50% osvetljenja ekrana!?HVala unapred...
https://mobilnisvet.com/mobilni/30j/Honor/Magic8-Lite-8GB-512GB-2x-SIM,Honor,Honor Magic8 Lite,Dule,2026-07-09 17:37:00,Vredi li menjati Samsung a36 za ovaj model?
https://mobilnisvet.com/mobilni/30j/Honor/Magic8-Lite-8GB-512GB-2x-SIM,Honor,Honor Magic8 Lite,Dragče,2026-07-09 11:08:00,Kokiko stvarno drži batetiju ovaj telefon.
https://mobilnisvet.com/mobilni/30j/Honor/Magic8-Lite-8GB-512GB-2x-SIM,Honor,Honor Magic8 Lite,SaLaC,2026-07-05 12:55:00,Koju aplikaciju koristite za vreme-vremensku prognozu ?
https://mobilnisvet.com/mobilni/30j/Honor/Magic8-Lite-8GB-512GB-2x-SIM,Honor,Honor Magic8 Lite,Vlada,2026-07-03 22:36:00,"Koji je bolji telefon, HONOR 600 lite ili HONOR Magic8 lite, koji kupiti"
https://mobilnisvet.com/mobilni/30j/Honor/Magic8-Lite-8GB-512GB-2x-SIM,Honor,Honor Magic8 Lite,milan,2026-06-30 15:59:00,"iskreno sem sto ce dobiti mozda jedan update vise, ne vidim zasto bi neko kupio ovaj telefon umjesto magic 7 lite prethodnika??"
https://mobilnisvet.com/mobilni/30j/Honor/Magic8-Lite-8GB-512GB-2x-SIM,Honor,Honor Magic8 Lite,Rade,2026-06-22 09:10:00,Kupio sam ovaj telefon nov u kutiji je bio fabricki kabal oznaka 3A dodatno kupio komplet honor punjac 66W unutra kabal 6A zna li neko koji je originalan od ta 2 kabla?
https://mobilnisvet.com/mobilni/30j/Honor/Magic8-Lite-8GB-512GB-2x-SIM,Honor,Honor Magic8 Lite,RN9P,2026-06-19 15:53:00,Ovaj 512gb ili Honor 400 256gb 🤔
https://mobilnisvet.com/mobilni/30j/Honor/Magic8-Lite-8GB-512GB-2x-SIM,Honor,Honor Magic8 Lite,M,2026-06-13 13:04:00,Ovaj ili Honor 600 pro?
https://mobilnisvet.com/mobilni/30j/Honor/Magic8-Lite-8GB-512GB-2x-SIM,Honor,Honor Magic8 Lite,AM,2026-06-12 14:16:00,"Razmisljam o kupovini ovog telefona. Trenutno imam Magic Lite 7 verziju sa kojom sam okvirno zadovoljan. Zna ponekad zesce da zabaguje, otvaranje kamera app je uzasno sporo, ali generalno zbog autonomije baterije i solidnog odziva sam i kupio telefon koji je pritom i dosta otporan. Ako medju korisnicam ovde postoje oni koji su koristili verziju 7 pa presli na verziju 8, da li po njima ima smisla ovaj upgrade i zbog cega ili je ipak pametnije sacekati verziju 9 ? Bitno mi je da je baterija na istom nivou ili boja u pogledu autonomije, da je odziv 8-ice bolji i da manje ""zaglavjuje"" u svakodnevnom koriscenju i recimo da normalno otvara kamericu. Hvala unapred na odgovorima!"
https://mobilnisvet.com/mobilni/30j/Honor/Magic8-Lite-8GB-512GB-2x-SIM,Honor,Honor Magic8 Lite,Predrag,2026-05-31 07:38:00,"Hteo bih da dodam da od magic 7 pa i kod magic 8 kad snimate video i čuje se muzika honor je degraduje ,dok se glasovi čuju skroz normalno.Ugasio sam AI noise reduction ali i dalje postoji ta degradacija muzike (kao mumlanje verovatno je to zaštita autorskih prava)kad je tiša. ,dok se kod glasne muzike to ne čuje što je i normalno.To mu nalazim kao manu (ni update 10 to nije rešio)Kod moga magic 6lite to nema pa drugi tel mi je magic 7lite, treci magic 8 lite kod ova dva zadnja ima"
https://mobilnisvet.com/mobilni/30j/Honor/Magic8-Lite-8GB-512GB-2x-SIM,Honor,Honor Magic8 Lite,Mladen,2026-05-17 21:38:00,"Pozdrav. Da li neko zna koliko će velikih Android nadogradnji dobiti Honor Magic8 lite (tj. do koje android verzije će doći), pošto ne mogu da nađem zvanično. Hvala unapred."
https://mobilnisvet.com/mobilni/r9p/Honor/400-8GB-512GB-1x-SIM-1x-eSIM,Honor,Honor 400,Bane,2026-07-31 17:08:00,Posle 2 meseca evo mojih utisaka :
https://mobilnisvet.com/mobilni/r9p/Honor/400-8GB-512GB-1x-SIM-1x-eSIM,Honor,Honor 400,Kaca,2026-07-20 00:15:00,Koja je fora da ni u jednoj radnji nema Honor 400 8/256?
https://mobilnisvet.com/mobilni/r9p/Honor/400-8GB-512GB-1x-SIM-1x-eSIM,Honor,Honor 400,S,2026-07-16 09:26:00,"Da li se isplati kupiti ovaj telefon sada, jula 2026? Kod Honora 600 mi se ne sviđa što je urađen da liči na Iphone. Kakvi su utisci vas koji koristite Honor 400?"
https://mobilnisvet.com/mobilni/r9p/Honor/400-8GB-512GB-1x-SIM-1x-eSIM,Honor,Honor 400,Milica,2026-07-06 23:42:00,"Ovaj ili a56, bitno mi je za mamu da baterija drži, ostalo manje više, ili neki za oko 300 evra?"
https://mobilnisvet.com/mobilni/r9p/Honor/400-8GB-512GB-1x-SIM-1x-eSIM,Honor,Honor 400,RN9P,2026-06-19 15:57:00,Ovaj 256gb ili H. Magic 8 lite 512gb🤔
https://mobilnisvet.com/mobilni/r9p/Honor/400-8GB-512GB-1x-SIM-1x-eSIM,Honor,Honor 400,Dima,2026-06-18 19:20:00,"Nisam ljubitelj honor telefona ali za honor 400 imam samo reči hvale u svim segmentima. Pošto više volim Xiaomi, hteo sam da ga menjam uz doplatu za Xiaomi 14t. Honor 400 je daleko lepši i deluje ozbiljnije u odnosu na Xiaomi 14t koji je plastikanac sličan redmi 13c i bez veze leži u ruci. Kad sam uporedio kamere na Xiaomi 14t su malo jače boje ali pomerajući kamere u odnosu na položaj sunca honor 400 ima bar sličnu a na momente i bolju sliku. Čak sam pomislio da je honor prepoznao pored sebe 14t i dao svoj maksimum i baš izbacio prelepe slike. Jedina mana je što u 1080/60fps ima ono treperenje svetla koje se primeti na glavnoj kameri. Ali snimanje u 4k/30fps je odlično i nema tog treperenja."
https://mobilnisvet.com/mobilni/r9p/Honor/400-8GB-512GB-1x-SIM-1x-eSIM,Honor,Honor 400,Zoran,2026-06-06 09:27:00,Za 250 e koliko je na oglasima nov nema bolje kupovine.
https://mobilnisvet.com/mobilni/r9p/Honor/400-8GB-512GB-1x-SIM-1x-eSIM,Honor,Honor 400,Nikola,2026-05-31 12:16:00,Pozdrav da li neko ima problem kada zeli iz poziva da pozove da ga izbaci odma i prekine poziv udjem u imenik i pozovem sve normalno da li zna neko u cemu je problem? Hvala
https://mobilnisvet.com/mobilni/r9p/Honor/400-8GB-512GB-1x-SIM-1x-eSIM,Honor,Honor 400,Marko,2026-05-29 23:08:00,"Supruga koristi tel god dana i zadovoljna je. Jedino je u poslednje vreme kamera nesto pocela da zeza, msm slike su nesto losije, pogotovu kad je slabije svetlo? I na vise onig AI izostravanja? Da l je neki update to poremetio nzm. Jel ima neka proverena g cam da probamo?"
https://mobilnisvet.com/mobilni/r9p/Honor/400-8GB-512GB-1x-SIM-1x-eSIM,Honor,Honor 400,Dača,2026-05-24 20:56:00,"Imam Honor 400 već pet meseci, platio sam ga 240 eura na KP, doduše bez garancije. Mislim da za te pare bolji nema. Nikakav problem do sada."
https://mobilnisvet.com/mobilni/r9p/Honor/400-8GB-512GB-1x-SIM-1x-eSIM,Honor,Honor 400,Aleksandra,2026-05-23 22:30:00,"Zdravo. Imam telefon skoro godinu dana. I zaista sam zadovoljna bila. Udario me auto, on je bio u dzepu. I kad sam videla samo malo ekran i upalila ga on radi. Kad sam htela da pozovem moje videla sam da baguje ali radi. Restart kao resio. Kako vreme prolazi on sve vise samo zabaguje. Ali evo od tad kad kucam on kuca sta on hoce, pa vise puta kucam jedno te isto. Zabaguje ceo pa ga restartujem. Takodje se desava da ne zvoni zvuk kad me zovu ili stigne poruka. Bila sam da pitam za garanciju ali nema garancije jer jelte je udes u pitanju. Razmisljam da odem u servis ali ne znam sta je i koju cenu da ocekujem. Brat me savetuje da promenim tel, ali meni se ovaj bas svidja. Konacno neki manji tel koji je brz i dobar - bas sam bila zadovoljna. Sad desilo se sta se desilo. Moje pitanje za ljude koji se razumeju. Sta ovo moze biti sto sam objasnila? Da li je prilikom udarca moguce (bas malo je ekran ogreban jer nisam staklo stavila) da nesto se tu poremetilo? Honorove popravke jesu li skupe? Vracam se na posao koristicu ga mnogo vise a ako ne budem mogla da znam sta da radim. Hvala unapred"
https://mobilnisvet.com/mobilni/r9p/Honor/400-8GB-512GB-1x-SIM-1x-eSIM,Honor,Honor 400,Aleksa,2026-05-17 11:59:00,"Pozdrav, zamolio bih one koji stvarno imaju honor 400 da mi daju konkretan odgovor. Posedujem honor magic 7 lite malo vise od godinu dana i telefon je nenormalno krenuo da secka i da baguje, od ulaska u kameru do otvaranja aplikacija. Planiram da sacekam azuriranje, ako se ne popravi stanje, razmisljao sam da uzmem ovaj telefon tj. honor 400, gledam samo honor telefone posto sam dugogodisnji njihov korisnik i navikao sam na njihov sistem, a citam da nisam jedini sa onakvim problemom pa smatram da je to do samog modela a ne do mog primerka koji sam kupio."
https://mobilnisvet.com/mobilni/r9p/Honor/400-8GB-512GB-1x-SIM-1x-eSIM,Honor,Honor 400,Bane,2026-05-15 17:33:00,Ljudi sta odabrati H400 ili EDGE 60 NEO ?
https://mobilnisvet.com/mobilni/r9p/Honor/400-8GB-512GB-1x-SIM-1x-eSIM,Honor,Honor 400,Sin Dragan,2026-05-11 15:35:00,"Neno, možeš slobodno kupiti Honor 400,nisam primetio da ima tih problema niti drugih. Za te pare super telefon bolji ti ne treba."
https://mobilnisvet.com/mobilni/r9p/Honor/400-8GB-512GB-1x-SIM-1x-eSIM,Honor,Honor 400,Nena,2026-05-09 10:24:00,Dali H 4OO sigurno ima prigušen ili loš ton pri razgovoru i loš video zapis? Planiram ga kupiti. Pa molim ogovor.
https://mobilnisvet.com/mobilni/r9p/Honor/400-8GB-512GB-1x-SIM-1x-eSIM,Honor,Honor 400,Sin Dragan,2026-05-08 20:16:00,"Ljudi uzeo sam Honor 400 ,8/512,pre 4 dana preko A1 I uštedeo najmanje 10.000 din, dobio sam račun uu ugovor i košta 42000.Ja plaćam telefon 1300 din mesečno X 24 meseca = 31000 me koštao. Vrlo je tražen model čekao sam 10 dana i nije bilo preko A1 ispostave pa sam naručio preko operatera online i jedva su našli jedan . Evo utisaka : zadovoljan sam nije veliki liči na iPhone, dobro radi nema kočenja. E sad me nešto zanima, kad sam ga punio prvi put bio je 20% i kad se napunio, posle nekoliko minuta spadne na 99,98% jel to treba tako ili ne? Inače posle izdrži dan ipo sigurno. Danas sam ga ispraznio pa napunio i opet isti slučaj. Napuni se za oko sat vremena i nije uopšte vruć ni punjač ni telefon. Punim ga originalnim Honor Change 66w. Primera radi stari Samsung Galaxy A72 star skoro 3 godine kad se napuni drži 100% od"
https://mobilnisvet.com/mobilni/r9p/Honor/400-8GB-512GB-1x-SIM-1x-eSIM,Honor,Honor 400,Beli,2026-05-08 18:11:00,Utisci posle par dana koriscenja ovog modela (kao bekap telefona).
https://mobilnisvet.com/mobilni/r9p/Honor/400-8GB-512GB-1x-SIM-1x-eSIM,Honor,Honor 400,Stole,2026-05-07 10:18:00,"Imam sledeći problem na h400, kad skrolujem fb, ostane mi gornji deo ekrana, 1/3 u sivoj boji, kad vratim gore ono se izgubi, kad opet krenem dole opet se javi taj sivi prazan deo pri vrhu. Ako neko zna kako rešiti"
https://mobilnisvet.com/mobilni/r9p/Honor/400-8GB-512GB-1x-SIM-1x-eSIM,Honor,Honor 400,Bursac,2026-05-05 20:36:00,"Evo posle mesec dana korišćenja i prelaska sa Redmi Note 13 pro+5g utisci uglavnom dobri. Kazem dobri, ne i odlični samo iz 2 razloga. Ekran, kamera, baterija su definitivno bolji na H400, zvuk nešto jači na H400 ali sa slabijim i nesto manje kvalitetnim basovima nego sto su na Xiaomiju. Softver odličan ima svakakvih podesavanja, za razliku od Xiaomija koji je mnoge dobre stvari ukinuo, od AOD displeja do touch to wake ekrana. Kod Honora sve to ima i još je i poboljšano."
https://mobilnisvet.com/mobilni/r9p/Honor/400-8GB-512GB-1x-SIM-1x-eSIM,Honor,Honor 400,Sasa,2026-05-02 02:20:00,Ima li ovaj tel AOD???
https://mobilnisvet.com/mobilni/r9p/Honor/400-8GB-512GB-1x-SIM-1x-eSIM,Honor,Honor 400,Marko,2026-04-30 23:46:00,Jel vredi preci sa honor 400 na 400 pro
https://mobilnisvet.com/mobilni/r9p/Honor/400-8GB-512GB-1x-SIM-1x-eSIM,Honor,Honor 400,Meme,2026-04-27 13:35:00,"Samsung Galaxy A56 8/256, Xiaomi Redmi note 15pro plus5g 12/512 ili Honor 400 12/512?"
https://mobilnisvet.com/mobilni/r9p/Honor/400-8GB-512GB-1x-SIM-1x-eSIM,Honor,Honor 400,Marko,2026-04-26 18:00:00,"Pozdrav, pošto trenutno imam Huawei nova 5 t već šesta godina od kako ga koristim neprekidno, telefon radi besprekorno, ko ga je imao zna vrlo dobro o čemu govorim. Da ne dužim, interesuje me da li vredi da ga zamenim i uzmem Honor 400,pošto je baterija na Huawei oslabila?"
https://mobilnisvet.com/mobilni/r9p/Honor/400-8GB-512GB-1x-SIM-1x-eSIM,Honor,Honor 400,Nik,2026-04-25 11:15:00,@Goran za koliko vremena ti taj Xwawe 66w napuni honor 400 i da li se greje telefon? Hvala
https://mobilnisvet.com/mobilni/87w/Honor/400-Pro-12GB-256GB-1x-SIM-1x-eSIM,Honor,Honor 400 Pro,H,2026-07-31 00:01:00,"Sto duze koristim ovaj telefon i isto vise ima charging ciklusa, baterija je sve bolja. Punim svaki drugi dan. Sta su mu uradili ne znam ali prija. Ako zaboravim da napunim uvece on gura sledeci dan do 20h. Nije neka klasa od telefona ali ima neki smek a i radi kao sat..a i ta baterija ubija"
https://mobilnisvet.com/mobilni/87w/Honor/400-Pro-12GB-256GB-1x-SIM-1x-eSIM,Honor,Honor 400 Pro,Бојана,2026-07-26 16:34:00,Da li neko može da mi preporuči kvalitetnu silikonsku zaštitnu masku. Unapred hvala!
https://mobilnisvet.com/mobilni/87w/Honor/400-Pro-12GB-256GB-1x-SIM-1x-eSIM,Honor,Honor 400 Pro,H,2026-07-26 02:30:00,Dobar telefon bas. Ma to je ono trazis mane pa se samo izblamiras
https://mobilnisvet.com/mobilni/87w/Honor/400-Pro-12GB-256GB-1x-SIM-1x-eSIM,Honor,Honor 400 Pro,H,2026-07-24 03:34:00,tbj ni na samsungu mi nije ovoliko kocio i stekao huawiev yt revanced. Sta je ovo posle zadnjeg update?
https://mobilnisvet.com/mobilni/87w/Honor/400-Pro-12GB-256GB-1x-SIM-1x-eSIM,Honor,Honor 400 Pro,Sany,2026-07-18 15:16:00,Zdravo svima. U čemu je razlika između honor 400 i honor 400 pro? Da li je vidno bolji?
https://mobilnisvet.com/mobilni/87w/Honor/400-Pro-12GB-256GB-1x-SIM-1x-eSIM,Honor,Honor 400 Pro,Mira,2026-07-18 09:09:00,"Imam tel vec 15ak dana i zafovoljna sam. Prr toga sam imala obicni Samsung a52 2021godiste,ali ovaj je vidno savremeniji (da je i samsung iz 2025.mozda ne bi bilo tako)"
https://mobilnisvet.com/mobilni/87w/Honor/400-Pro-12GB-256GB-1x-SIM-1x-eSIM,Honor,Honor 400 Pro,Neko,2026-07-05 18:04:00,"Da li jos neko ima problem da mu tastatura nije bas precizna prilikom kuckanja, npr ja sam imao xiaomi redmi note 8 pro i tastara je bila preciznija, na honor 400 pro mnogo vise grijesim prilikom pisanja"
https://mobilnisvet.com/mobilni/87w/Honor/400-Pro-12GB-256GB-1x-SIM-1x-eSIM,Honor,Honor 400 Pro,Ela,2026-07-03 21:59:00,"Kako je najlakše preneti slike sa telefona na desktop računar, a da nije kablom? Mislim na wifi."
https://mobilnisvet.com/mobilni/87w/Honor/400-Pro-12GB-256GB-1x-SIM-1x-eSIM,Honor,Honor 400 Pro,lilililililili,2026-07-03 16:12:00,"Stiglo je aziriranje, dosle su neke nove, nikom potrebne, funkcije. Verzija 10.0.0.175"
https://mobilnisvet.com/mobilni/87w/Honor/400-Pro-12GB-256GB-1x-SIM-1x-eSIM,Honor,Honor 400 Pro,Barjak,2026-06-27 11:11:00,Kome smetaju prenaglašene fotografije neka instalira Open camera i dobiće prirodne
https://mobilnisvet.com/mobilni/87w/Honor/400-Pro-12GB-256GB-1x-SIM-1x-eSIM,Honor,Honor 400 Pro,Nemke,2026-06-26 17:35:00,Jel vidi neku razliku Izmedju 4g i 5g?
https://mobilnisvet.com/mobilni/87w/Honor/400-Pro-12GB-256GB-1x-SIM-1x-eSIM,Honor,Honor 400 Pro,Saša,2026-06-17 19:24:00,Imam neku excel datoteku u dokumentima. Prebacim je kao prečicu na prednji ekran. Par dana radi a onda kaže da nije instalirana ili nešto slično. Pa moram ručno da je tražim u dokumentima i pokrećem. Ima li neko rešenje?
https://mobilnisvet.com/mobilni/87w/Honor/400-Pro-12GB-256GB-1x-SIM-1x-eSIM,Honor,Honor 400 Pro,H,2026-06-13 02:08:00,Nakon 7 meseci i 110 ciklusa mogu da kazem da je ovaj Honor stvrano top. Ne znam zasto sam ubedjen da im magija nije ovako dobra...
https://mobilnisvet.com/mobilni/87w/Honor/400-Pro-12GB-256GB-1x-SIM-1x-eSIM,Honor,Honor 400 Pro,srdja,2026-06-10 11:00:00,ovaj ili 600 pro? da li vredi dodati pare
https://mobilnisvet.com/mobilni/87w/Honor/400-Pro-12GB-256GB-1x-SIM-1x-eSIM,Honor,Honor 400 Pro,Mia,2026-06-09 11:22:00,Honor 400 pro ili Xiaomi 17T?Lepe slike prioritet...Hvala!
https://mobilnisvet.com/mobilni/87w/Honor/400-Pro-12GB-256GB-1x-SIM-1x-eSIM,Honor,Honor 400 Pro,srdjan,2026-06-04 09:03:00,ovaj ili xiaomi 17T?
https://mobilnisvet.com/mobilni/87w/Honor/400-Pro-12GB-256GB-1x-SIM-1x-eSIM,Honor,Honor 400 Pro,Krele,2026-06-04 02:38:00,Mene je smorio ovaj tel. Sta predlazete sem xiaomi. Samsung?
https://mobilnisvet.com/mobilni/87w/Honor/400-Pro-12GB-256GB-1x-SIM-1x-eSIM,Honor,Honor 400 Pro,Katarina,2026-06-01 16:25:00,Slikam puno..recimo da mi je fotografija hobi..
https://mobilnisvet.com/mobilni/87w/Honor/400-Pro-12GB-256GB-1x-SIM-1x-eSIM,Honor,Honor 400 Pro,Mare,2026-05-28 20:17:00,Polomio sam ekran na magic 6 pro modelu uzeo sam ovaj kao zamenu posto je ekran preskup za magic 6 pro da li sam pogrešio
https://mobilnisvet.com/mobilni/gzw/Honor/Magic8-Pro-12GB-256GB-1x-SIM-1x-eSIM,Honor,Honor Magic8 Pro,Claude Opus 5 Averro,2026-07-28 15:30:00,TL;DR
https://mobilnisvet.com/mobilni/gzw/Honor/Magic8-Pro-12GB-256GB-1x-SIM-1x-eSIM,Honor,Honor Magic8 Pro,Averroes,2026-07-28 14:59:00,"Da se ispravim, AI koji ima 30 milijardi upita dnevno i iste servira besplatno."
https://mobilnisvet.com/mobilni/gzw/Honor/Magic8-Pro-12GB-256GB-1x-SIM-1x-eSIM,Honor,Honor Magic8 Pro,Poco f3,2026-07-26 12:55:00,Dali ovaj kupiti ili Poco F8ultra
https://mobilnisvet.com/mobilni/gzw/Honor/Magic8-Pro-12GB-256GB-1x-SIM-1x-eSIM,Honor,Honor Magic8 Pro,Iggy,2026-07-26 04:59:00,Pozdrav. Da li ovaj tel ima problem sa proxi senzorom. Kakva su iskustva? Planiram kupovinu ali se dvoumim izmedju ovog i S25 ultra. Hvala
https://mobilnisvet.com/mobilni/gzw/Honor/Magic8-Pro-12GB-256GB-1x-SIM-1x-eSIM,Honor,Honor Magic8 Pro,"Nokia, LG, HTC...",2026-07-18 19:10:00,"Samsungova mobilna divizija se interno nalazi u ""vanrednom režimu"" (emergency mode) zbog ogromnog pritiska na profit i nedostatka hardverskih inovacija, što potvrđuju procureli podaci iz lanca snabdevanja."
https://mobilnisvet.com/mobilni/gzw/Honor/Magic8-Pro-12GB-256GB-1x-SIM-1x-eSIM,Honor,Honor Magic8 Pro,...,2026-07-14 22:51:00,Zasto smanjise velicinu ekrana?!
https://mobilnisvet.com/mobilni/gzw/Honor/Magic8-Pro-12GB-256GB-1x-SIM-1x-eSIM,Honor,Honor Magic8 Pro,Honor jeste bolji,2026-07-12 17:17:00,"Za njih se zna da rade za Samsung i Honor, malo balansiraju, hvale cas jedne, cas druge. Ostale pljuju, pogotovo Xiaomi sa kojim su imali sukob u proslosti. Oni su profi, rade za pare, nista u njihovim recenzijama vise nije iskreno."
https://mobilnisvet.com/mobilni/gzw/Honor/Magic8-Pro-12GB-256GB-1x-SIM-1x-eSIM,Honor,Honor Magic8 Pro,Sone,2026-07-10 15:19:00,"Ja nedelju dana koriscenja , utisci su da je top uredjaj po pitanju svega , od ekrana koji je svetao samo tako i na najacem suncu , autonomija preko 10h mesovito , kamere brutalne ,zum pogotovo ,nocne slike vise nego top uz AI , izrada odlicna ...Vec sam imao dve nadogradnje tj sigurnosne zakrpe ..sve je fluidno itd samo mi dosta manji jel sam pre njega koristio s25 ultra"
https://mobilnisvet.com/mobilni/gzw/Honor/Magic8-Pro-12GB-256GB-1x-SIM-1x-eSIM,Honor,Honor Magic8 Pro,foto,2026-07-05 22:47:00,"Što se tiče kamera, ipak su najnoviji Iphone, Xiaomi, Oppo, Vivo tu malo bolji."
https://mobilnisvet.com/mobilni/gzw/Honor/Magic8-Pro-12GB-256GB-1x-SIM-1x-eSIM,Honor,Honor Magic8 Pro,Smsng,2026-07-02 19:22:00,Honor nije za svakoga ... već za sve koji ne mogu sebi da priušte Samsunga!
https://mobilnisvet.com/mobilni/gzw/Honor/Magic8-Pro-12GB-256GB-1x-SIM-1x-eSIM,Honor,Honor Magic8 Pro,Pošteno,2026-07-01 22:33:00,"Evo vam krajnje nepristrasna ocena Magic8 Pro, koristim ga od februara."
https://mobilnisvet.com/mobilni/gzw/Honor/Magic8-Pro-12GB-256GB-1x-SIM-1x-eSIM,Honor,Honor Magic8 Pro,Lavek,2026-07-01 14:32:00,"Zašto se telefon toliko greje? Koristim ga normalno, ne igram igrice a on topao poprilično da ne kažem vreo."
https://mobilnisvet.com/mobilni/gzw/Honor/Magic8-Pro-12GB-256GB-1x-SIM-1x-eSIM,Honor,Honor Magic8 Pro,Baki,2026-06-30 09:20:00,Ovaj ili Xiaomi 17 ultra? :)
https://mobilnisvet.com/mobilni/gzw/Honor/Magic8-Pro-12GB-256GB-1x-SIM-1x-eSIM,Honor,Honor Magic8 Pro,G.,2026-06-29 15:30:00,Slika nekad govori vise od hiljadu reci 😂
https://mobilnisvet.com/mobilni/gzw/Honor/Magic8-Pro-12GB-256GB-1x-SIM-1x-eSIM,Honor,Honor Magic8 Pro,Kosta,2026-06-24 20:51:00,"Ljudi, obzirom da je ovaj telefon prosto tako valjda softverski podesen da radi stednje baterije gasi notifikacije odredjenih aplikacija i vidim ih tek kada udjem u aplikaciju (imao sam istu situaciju sa 6 Pro), zna li neko sta trebam da konfigurisem u podešavanjima i kako da bi mi notifikacije uvek i bez izuzetaka stizale odmah?"
https://mobilnisvet.com/mobilni/gzw/Honor/Magic8-Pro-12GB-256GB-1x-SIM-1x-eSIM,Honor,Honor Magic8 Pro,Nix,2026-06-21 21:11:00,"Aj da se ne lažemo, sve je u marketingu. TV, Insta, reels, TikTok, Samsung i Apple prodaju pricu, I to je to, niko nista, nema ih, nismo im interesantni. I Xiaomi koji daje skutere i usisivače uz kupljeni telefon. Mislim, ono..."
https://mobilnisvet.com/mobilni/gzw/Honor/Magic8-Pro-12GB-256GB-1x-SIM-1x-eSIM,Honor,Honor Magic8 Pro,Mišo,2026-06-21 16:25:00,"Tek kada kod telefona povežete dobar hardver i još bolji softver onda dobijete najbolji telefon. Kod kineskih to nije najbitnija stvar kao kod Samsunga, Google Pixela i ajfona."
https://mobilnisvet.com/mobilni/gzw/Honor/Magic8-Pro-12GB-256GB-1x-SIM-1x-eSIM,Honor,Honor Magic8 Pro,Steff,2026-06-20 18:16:00,"Nakon 85 dana 50 ciklusa punjenja,0 tragova koriscenja,575 slika i 69 video snimaka. Mogu samo da kazem da je telefon odlicna kupovina i opravdava ulozeno dobijeno."
https://mobilnisvet.com/mobilni/gzw/Honor/Magic8-Pro-12GB-256GB-1x-SIM-1x-eSIM,Honor,Honor Magic8 Pro,Šilja,2026-06-17 18:11:00,"telefon koji od svih androida najviše liči na iphone, a i softverski su se potrudili da ukradu ponešto, to spreda, a od pozadi pravi kinez sa ringlom, oni to vole a mi moramo da se priviknemo."
https://mobilnisvet.com/mobilni/gzw/Honor/Magic8-Pro-12GB-256GB-1x-SIM-1x-eSIM,Honor,Honor Magic8 Pro,C,2026-06-16 13:29:00,"Posle 3 meseca samo pozitivni utisci. Ekran me prijatno iznenadio kao i kamere. Fotke fantastične, telefoto kamera sigurno u top 3 na tržištu, AI mogućnosti nema kraja a i baterija izgura dan i po prosečnog korišćenja ili 2 dana ako se manje koristi. Punjenje za 20-30 min i opet spreman za rad. Apsolutno best buy za ove pare."
https://mobilnisvet.com/mobilni/gzw/Honor/Magic8-Pro-12GB-256GB-1x-SIM-1x-eSIM,Honor,Honor Magic8 Pro,Pera,2026-06-15 17:24:00,"Kao neko ko je koristio iskljucivo Samsunge u zadnjih 15 godina (zadnji bio 24 ultra) da kazem neka moja iskustva s ovim Honorom koga koristim oko 3 meseca. Za razliku od Samsunga gde sam do uvece s baterijom na 10% sa ovim sam na tom procentu sutradan oko podne. Punjanje je duplo brze. Telefon radi brzo i bez bagova za sad. Kamera je bolja a i video (ne znam zasto ljudi pisu gluposti da mu je kvalitet videa losa strana. Telefon je svakako kompaktniji u ruci i najvise sam ga zato i uzeo. Imati onu ciglu nema vise smisla. Jedino sto mi smeta je tastatura, tj raspored slova, ikonice za smajlove itd jer u brzom kucanju non stop stisnem neki smajli ili izadjem iz tastature jer je sve nekako preblizu i ne vidim resenja za to. za sad se nisam pokajao i vrv cu ici na 9 kad se bude pojavio"
https://mobilnisvet.com/mobilni/gzw/Honor/Magic8-Pro-12GB-256GB-1x-SIM-1x-eSIM,Honor,Honor Magic8 Pro,Aco,2026-06-06 17:41:00,Da li vrijedi uzeti za 650e kinesku verziju? Ili preporučujete neki drugi telefon za slične novce?
https://mobilnisvet.com/mobilni/gzw/Honor/Magic8-Pro-12GB-256GB-1x-SIM-1x-eSIM,Honor,Honor Magic8 Pro,Mare,2026-06-04 23:50:00,Evo da i ja napisem jedno objektivno misljenje.
https://mobilnisvet.com/mobilni/gzw/Honor/Magic8-Pro-12GB-256GB-1x-SIM-1x-eSIM,Honor,Honor Magic8 Pro,Goran,2026-06-02 20:50:00,Pozdrav svima šta je po vama bolje uzeti kvalitetnije honor Magic 8 pro ili s26 ultra po pitanju baterije mi ono najviše zanima da li to zaista može da traje baterija dva dana pored svih silnih aplikacija društvenih mreža i šta ja znam i da li prihvataju oba telefona fizički dve kartice
https://mobilnisvet.com/mobilni/gzw/Honor/Magic8-Pro-12GB-256GB-1x-SIM-1x-eSIM,Honor,Honor Magic8 Pro,Saša,2026-06-02 12:32:00,"Već se radujem sledećem Magic-u po redu, modelu 9 Pro, za koga Honor planira da bude među najboljima ako ne i najbolji telefon u 2027."
https://mobilnisvet.com/mobilni-komentari/gzw/Honor/Magic8-Pro-12GB-256GB-1x-SIM-1x-eSIM/2,Honor,Honor Magic8 Pro,Honorable Samsung,2026-05-31 18:17:00,"Imam i ja S26U i HM8P i koliko god mi Honor u ovom trenutku više pruža, uvek bi pre izabrao Samsung."
https://mobilnisvet.com/mobilni-komentari/gzw/Honor/Magic8-Pro-12GB-256GB-1x-SIM-1x-eSIM/2,Honor,Honor Magic8 Pro,Eye,2026-05-31 15:10:00,"Mrsko mi da idem u radnje sad da proverim, da li ima na global rom Eye tracking opcija? Ono kad stigne notifikacija ili poziv da buljiš sekund u nju I otvori se sama?"
https://mobilnisvet.com/mobilni-komentari/gzw/Honor/Magic8-Pro-12GB-256GB-1x-SIM-1x-eSIM/2,Honor,Honor Magic8 Pro,Xxxx,2026-05-31 08:46:00,"Ono sto bi moja malenkost napisala jeste da su ukusi razliciti, da komentarisu fEnovi jabuke i samsunga te da svi koji neg komentarisu Magic 8 Pro uglavnom mogu samo da sanjaju o njemu i nikad nisu niti ce ga uzeti u ruke nazalost."
https://mobilnisvet.com/mobilni-komentari/gzw/Honor/Magic8-Pro-12GB-256GB-1x-SIM-1x-eSIM/2,Honor,Honor Magic8 Pro,pavle,2026-05-30 20:40:00,"sta je bolje uzeti, tj. koji je tel. izdrzljiviji za duze vremena koriscenja, oneplus15 ili ovaj honor magic 8pro?"
https://mobilnisvet.com/mobilni-komentari/gzw/Honor/Magic8-Pro-12GB-256GB-1x-SIM-1x-eSIM/2,Honor,Honor Magic8 Pro,Ronin,2026-05-30 17:28:00,"Kupih i ja ovo čudo, sad kad počnem da ga hvalim ogadiće vam se ... šalim se."
https://mobilnisvet.com/mobilni-komentari/gzw/Honor/Magic8-Pro-12GB-256GB-1x-SIM-1x-eSIM/2,Honor,Honor Magic8 Pro,Honey,2026-05-30 16:06:00,"Koja najskuplja maska? Pa ni jedan poznati proizvodjac maski (Spigen,Ringke,ESR,Pitaka,Thiniborn,Mous,Benks,Toras i mnogi drugi) ne pravi maske za Honor"
https://mobilnisvet.com/mobilni-komentari/gzw/Honor/Magic8-Pro-12GB-256GB-1x-SIM-1x-eSIM/2,Honor,Honor Magic8 Pro,Goran,2026-05-30 16:06:00,Ono [to neki telefon čini flagship-om tj. top modelom proizvođača mora da zadovoljni neke kriterijume:
https://mobilnisvet.com/mobilni-komentari/gzw/Honor/Magic8-Pro-12GB-256GB-1x-SIM-1x-eSIM/2,Honor,Honor Magic8 Pro,Savet,2026-05-30 14:02:00,Ovo je njihova strana i sasvim je u redu da hvale svoj uredjaj. Sve bi bilo ok da se ne napadaju drugi uredjaji. Nit je ovo smece niti su smece drugi. Dok to ne prestane ovde nema nade da sekcija komentari postane korisna. Telefoni srednje vise klase postaju kao flagship. Ocekujem da ce uskoro doci do prezasicenja trzista i da ce cena sve ove tehnike pasti za duplo. Nema vise smisla davati ovolike pare za prevazidjenu tehniku
https://mobilnisvet.com/mobilni-komentari/gzw/Honor/Magic8-Pro-12GB-256GB-1x-SIM-1x-eSIM/2,Honor,Honor Magic8 Pro,Goran Kraljevo,2026-05-30 13:16:00,"Gledam i čudim se, ili nemate ovaj telefon pa pišete napamet, ili imate a ne umete da ga koristite, kupili ste ga jer je skup i poznat."
https://mobilnisvet.com/mobilni-komentari/gzw/Honor/Magic8-Pro-12GB-256GB-1x-SIM-1x-eSIM/2,Honor,Honor Magic8 Pro,Boris,2026-05-29 13:12:00,"Ružan je, tu obavezno mora da se kupi najskuplja maska za njega, sa štitnikom za ringlu ... AI dugme, sa 4 funkcije - ko je to tražio???"
https://mobilnisvet.com/mobilni-komentari/gzw/Honor/Magic8-Pro-12GB-256GB-1x-SIM-1x-eSIM/2,Honor,Honor Magic8 Pro,bigI,2026-05-29 13:00:00,niko ne hvali svoje telefone kao honor i xiaomi
https://mobilnisvet.com/mobilni-komentari/gzw/Honor/Magic8-Pro-12GB-256GB-1x-SIM-1x-eSIM/2,Honor,Honor Magic8 Pro,Zdravko,2026-05-29 12:49:00,"Honor u ruci nema onaj premijum utisak kao Iphone i Samsung, ne samo Honor već svi kineski telefoni, pa onda te nabudžene kamere u smešnom okruglom okviru."
https://mobilnisvet.com/mobilni-komentari/gzw/Honor/Magic8-Pro-12GB-256GB-1x-SIM-1x-eSIM/2,Honor,Honor Magic8 Pro,Šušumiga,2026-05-28 20:24:00,"joj manite me kineza i njihovog smisla za biznis ... skoro sam kupio neko đubre u jednoj njihovoj ""robnoj kući"", naravno da ne radi smeće, i odem da se žalim, dajte mi šefa, eno ona za kasom kaže mi naša nesrećnica što radi u prodavnici, ma neću kasirku daj mi šefa, pa, ona je gazdarica!!"
https://mobilnisvet.com/mobilni-komentari/gzw/Honor/Magic8-Pro-12GB-256GB-1x-SIM-1x-eSIM/2,Honor,Honor Magic8 Pro,One&Real,2026-05-28 19:33:00,"Magic 8 Pro, daleko da nije dobar telefon ALI sa cpu SD Elite Gen 5 koji ima, a ima ga još 10 drugih flagship bred-modela, u igricama i multimediji se po performansama pokazao lošije od većine."
https://mobilnisvet.com/mobilni-komentari/gzw/Honor/Magic8-Pro-12GB-256GB-1x-SIM-1x-eSIM/2,Honor,Honor Magic8 Pro,Časlav,2026-05-28 17:03:00,"Ono što se meni sviđa kod Honora nema veze sa hardverom, njihov minimalistički office app je fenomenalan, brz, lagan, ne zauzima mnogo memorije."
https://mobilnisvet.com/mobilni-komentari/gzw/Honor/Magic8-Pro-12GB-256GB-1x-SIM-1x-eSIM/2,Honor,Honor Magic8 Pro,Ivan,2026-05-28 00:04:00,"Bukvalno svako ko prati telefone zadnjih 3-4 godine zna da OnePlus pravi kompromis na kamerama. To ce ti reci i ljudi koji se bave telefonima po youtubu, samo treba da otvoris internet i ne pises napamet. Drzi se ti norda nisi za bolje"
https://mobilnisvet.com/mobilni-komentari/gzw/Honor/Magic8-Pro-12GB-256GB-1x-SIM-1x-eSIM/2,Honor,Honor Magic8 Pro,Voja,2026-05-27 22:48:00,Po meni   je Hm8pro najkompletniji uređaj na tržištu. Napišite u komentarima jednu jedinu manu .
https://mobilnisvet.com/mobilni-komentari/gzw/Honor/Magic8-Pro-12GB-256GB-1x-SIM-1x-eSIM/2,Honor,Honor Magic8 Pro,Arsenal,2026-05-27 15:32:00,"Nemaš pojma o kamerama, pa lupetaš kako nema ovo-ono."
https://mobilnisvet.com/mobilni-komentari/gzw/Honor/Magic8-Pro-12GB-256GB-1x-SIM-1x-eSIM/2,Honor,Honor Magic8 Pro,Arsenal,2026-05-27 14:19:00,napisao sam ranije je bilo ... ja sam uzeo Nord 2 preko MTS-a pre 5-6 godina
https://mobilnisvet.com/mobilni-komentari/gzw/Honor/Magic8-Pro-12GB-256GB-1x-SIM-1x-eSIM/2,Honor,Honor Magic8 Pro,Alex,2026-05-27 13:37:00,O cemu tacno nemam pojma?
https://mobilnisvet.com/mobilni-komentari/gzw/Honor/Magic8-Pro-12GB-256GB-1x-SIM-1x-eSIM/2,Honor,Honor Magic8 Pro,Arsenal,2026-05-27 13:14:00,"Nemaš pojma, OnePlus su vrhunski telefoni, ja sam koristio Nord 2 i 3, ovaj mi je preskup, i da, ima kod nas da se nađe, bilo je ranije čak kod operatera."
https://mobilnisvet.com/mobilni-komentari/gzw/Honor/Magic8-Pro-12GB-256GB-1x-SIM-1x-eSIM/2,Honor,Honor Magic8 Pro,Alex,2026-05-27 12:55:00,"OnePlus nema kameru u flagship rangu plus ne moze da se nabavi kod nas osim da kopas preko oglasa. Realme je samo jeftiniji oneplus od maltene iste firme, telefon bez softverske podrske i optimizacije samo suvi hardver uguran u plasticno kuciste sa ciljem da upeca nekoga na papiru. I Samsung ima svoje mane i vrline, ali jako ti losa lista iskreno ;)"
https://mobilnisvet.com/mobilni-komentari/gzw/Honor/Magic8-Pro-12GB-256GB-1x-SIM-1x-eSIM/2,Honor,Honor Magic8 Pro,Grga,2026-05-26 17:42:00,"ovaj telefon ne vibrira nego cudno zuji, ortak ga ima, ubedjuje me da ga i ja uzmem kod operatera  ... no way"
https://mobilnisvet.com/mobilni-komentari/gzw/Honor/Magic8-Pro-12GB-256GB-1x-SIM-1x-eSIM/2,Honor,Honor Magic8 Pro,Honorable Samsung,2026-05-26 15:39:00,"Ovo oko rada aplikacija u pozadini na Battery settings mi nije najjasnije, šta postaviti da najmanje troši bateriju, ostaviti automatiku ili sve aplikacije pogasiti (sve tri opcije)?!"
https://mobilnisvet.com/mobilni-komentari/87w/Honor/400-Pro-12GB-256GB-1x-SIM-1x-eSIM/2,Honor,Honor 400 Pro,H400,2026-05-19 22:46:00,"Pozz. Da li vam Caller ID (Viberova opcija) radi? Meni nekad radi, nekad ne a nekad baguje. Ima li neko isti problem ili možda rešenje?"
https://mobilnisvet.com/mobilni-komentari/87w/Honor/400-Pro-12GB-256GB-1x-SIM-1x-eSIM/2,Honor,Honor 400 Pro,Mile,2026-05-18 12:32:00,jel ne steti bateriji ako se puni na 30ak posto?
https://mobilnisvet.com/mobilni-komentari/87w/Honor/400-Pro-12GB-256GB-1x-SIM-1x-eSIM/2,Honor,Honor 400 Pro,Ib,2026-05-17 12:53:00,Ovaj ili honor 600?
https://mobilnisvet.com/mobilni-komentari/87w/Honor/400-Pro-12GB-256GB-1x-SIM-1x-eSIM/2,Honor,Honor 400 Pro,Igor,2026-05-14 18:58:00,Zašto mi se u status baru ne pokazuju sve notifilacije nego samo jedna?
https://mobilnisvet.com/mobilni-komentari/87w/Honor/400-Pro-12GB-256GB-1x-SIM-1x-eSIM/2,Honor,Honor 400 Pro,Dragan,2026-05-14 05:41:00,"Pojavio mi se problem kod ovog telefona. Naime, odjednom su mi nestale sve slike iz galerije. Mislim da je bilo neko ažuriranje pre neki dan i da se desilo posle toga ali nisam sto posto siguran. Postoje sve slike sa vibera koje sam primao, snimci ekrana ali one koje sam ja slikao ne. Telefon je kupljen nov u februaru preko operatera. Sreća imam te sve slike sačuvane u Google slikama ali mi glupo da se ovo dešava"
https://mobilnisvet.com/mobilni-komentari/87w/Honor/400-Pro-12GB-256GB-1x-SIM-1x-eSIM/2,Honor,Honor 400 Pro,Simke,2026-05-11 08:30:00,"Kako ste zadovoljni baterijom? Ja bas nisam nesto, kolko su je hvalili"
https://mobilnisvet.com/mobilni-komentari/87w/Honor/400-Pro-12GB-256GB-1x-SIM-1x-eSIM/2,Honor,Honor 400 Pro,Dex,2026-05-09 18:51:00,"Nakon desetak godina korišćenje samsunga, ovaj honor je hardverski dobar, baterija i kamera bez premca. Ali software se ne može porediti sa samsungovim! OneUI i MagicOS su neuporedivi u korist samsunga. Evo imam problem: zakačim se usb kabelom za računar, odaberem prenos slika i nekoliko direktorijuma sa slikama pokažu da su prazni a u njima par stotina slika! Kod samsunga nema takvih gluposti-sve su slike dostupne!"
https://mobilnisvet.com/mobilni-komentari/87w/Honor/400-Pro-12GB-256GB-1x-SIM-1x-eSIM/2,Honor,Honor 400 Pro,Sasa,2026-05-05 19:39:00,"Ljudi, koje su glavne prednosti ovog u odnosu na obican 400, zanima me fluidnost i kamere"
https://mobilnisvet.com/mobilni-komentari/87w/Honor/400-Pro-12GB-256GB-1x-SIM-1x-eSIM/2,Honor,Honor 400 Pro,dragan,2026-05-05 13:49:00,"uzeo sam ga pre nedelju dana za 500 evra, i za te pare mislim da je top kupovina, i da je besmisleno davati pare za magic pro ili Utru. Telefon je brz,fluidan, lep dizajn, lezi u ruci, kamere dobre, svaka preporuka. I mislim da je bolje uzeti ovaj nego 600 pro, o kojem sam taakođe razmišljao, s obzirom na razliku u ceni i da je onaj kopija iphona, plus manja dijagonala."
https://mobilnisvet.com/mobilni-komentari/87w/Honor/400-Pro-12GB-256GB-1x-SIM-1x-eSIM/2,Honor,Honor 400 Pro,Igor,2026-05-02 20:03:00,Pozdrav. Uključen mi je tamni režim za uređaj kao i za Chrome. Chrome mi je u tamnoj temi ali mi sve stranice otvara u svetlom režimu. Ima li rešenje da i stranice koje otvaram budu u tamnom režimu i kako? Hvala
https://mobilnisvet.com/mobilni-komentari/87w/Honor/400-Pro-12GB-256GB-1x-SIM-1x-eSIM/2,Honor,Honor 400 Pro,Kris,2026-05-01 21:02:00,"Ljudi, jedva odvojih neke novce a treba mi telefon. Ovaj ili s25fe? Volim samsung a korisnik sam zahtevniji, ne igrice ali gomilu programa koristim i preko telefona i najviše kameru. Treba mi da ne baguje da je brz i da ima dobru kameru. Čitala sam komentare ali što više čitam više sam zbunjena"
https://mobilnisvet.com/mobilni-komentari/87w/Honor/400-Pro-12GB-256GB-1x-SIM-1x-eSIM/2,Honor,Honor 400 Pro,Rale,2026-04-29 20:09:00,"Ljudi, jel postoji način da se uveća sat na lockscreeny? Sa onim deft efektom"
https://mobilnisvet.com/mobilni-komentari/87w/Honor/400-Pro-12GB-256GB-1x-SIM-1x-eSIM/2,Honor,Honor 400 Pro,Jelena,2026-04-29 18:59:00,Ovaj ili A57? Ista cena.
https://mobilnisvet.com/mobilni-komentari/87w/Honor/400-Pro-12GB-256GB-1x-SIM-1x-eSIM/2,Honor,Honor 400 Pro,Srle,2026-04-28 21:22:00,Sto se virtualnog proximity sensora tice ne moze i nikad nece radit i biti kao fizicki laserski ic sensor. Nazalost tako je kod android proizvodjaca da fizicki laserski ic sensor blizine ugradjuju samo u najvisu klasu telefona poznati kao flegšip. Dok iphone recimo ne odvaja oni ugradju u sve modele fizicki proximity sa kojim nema greske. A androidi recimo samsung ugradjujecu S seriju fizicki i ultru a honor recimo u magic seriju.
https://mobilnisvet.com/mobilni-komentari/87w/Honor/400-Pro-12GB-256GB-1x-SIM-1x-eSIM/2,Honor,Honor 400 Pro,Marko,2026-04-27 17:03:00,Da li 9vaj fon ima fabričku zaštitnu foliju?
https://mobilnisvet.com/mobilni-komentari/87w/Honor/400-Pro-12GB-256GB-1x-SIM-1x-eSIM/2,Honor,Honor 400 Pro,Boki,2026-04-26 12:25:00,Juce sam ga kupio. Kad mogu da očekujem da će mi stici magic 10?
https://mobilnisvet.com/mobilni-komentari/87w/Honor/400-Pro-12GB-256GB-1x-SIM-1x-eSIM/2,Honor,Honor 400 Pro,Nemke,2026-04-25 12:31:00,Jel ne šteti bateriji ako koristim stari punjač sa honor 70 od 66w?
https://mobilnisvet.com/mobilni-komentari/87w/Honor/400-Pro-12GB-256GB-1x-SIM-1x-eSIM/2,Honor,Honor 400 Pro,Iggy,2026-04-22 23:51:00,"Ljudi, čitam ovde razna mišljenja i iskustva. Pa jel taj vietuelni proxy senzor na kraju radi kako treba ili ne? Ozbiljno razmišljam da uzmem H 400 pro ali sad imam dilemu samo zbog tog senzora. Trenutno koristim S24 fe koji takodje ima virtuelni senzor i nikad nisam imao problema što se tiče senzora. H 400 pro je u svemu bolji od S24 fe a i svidja mi se dizajn. Sad nažalost imam dilemu da li da ga uzmem. Znam da je dobar ali ne bih da dam skoro 500e a da me nervira neki senzor...."
https://mobilnisvet.com/mobilni-komentari/87w/Honor/400-Pro-12GB-256GB-1x-SIM-1x-eSIM/2,Honor,Honor 400 Pro,Damir,2026-04-22 06:49:00,Da li je moguće slike iz paralelnog prostora prebaciti direktno na racunar?
https://mobilnisvet.com/mobilni-komentari/87w/Honor/400-Pro-12GB-256GB-1x-SIM-1x-eSIM/2,Honor,Honor 400 Pro,Alex,2026-04-20 21:43:00,"Gledam Honor 400 pro, i honor 400...do sada sam koristio huawei nova 5t, od kako je izašao 2019-e pa evo i dalje radi bez problema, baterija je malo oslabila, ne istera dan kako treba. Ostalo je sve isto kao na dan kad sam ga kupio... Gledam da promenim zbog bolje kamere i jačeg zvučnika, ali me brine vek trajanja, ne volim da menjam telefon na svake 2 godine... E sad, da li ima razlike sa zumom, kvalitetom slike i zvuka između H400 i H400 pro? A za vek trajanja ću da vidim sam šta će biti..."
https://mobilnisvet.com/mobilni-komentari/87w/Honor/400-Pro-12GB-256GB-1x-SIM-1x-eSIM/2,Honor,Honor 400 Pro,Iggy,2026-04-20 02:38:00,Pozz. Da li na ovom modelu proxy senzor pravi problem. Mislim da je virtuelni pa zato pitam. Kakva su iskustva po tom pitanju vas koji koristite ovaj tel.? Hvala
https://mobilnisvet.com/mobilni-komentari/87w/Honor/400-Pro-12GB-256GB-1x-SIM-1x-eSIM/2,Honor,Honor 400 Pro,Ivana J,2026-04-17 20:59:00,Zdravo. Zanima me mišljenje korisnika trenutno koristim samsung a55 5g. Kakav je honor 400 pro naspram samaunga a55? Da li vredi plaćati ili je minimalna razlika da ostanem na ovom telefonu za sad?
https://mobilnisvet.com/mobilni-komentari/87w/Honor/400-Pro-12GB-256GB-1x-SIM-1x-eSIM/2,Honor,Honor 400 Pro,Iggy,2026-04-12 05:45:00,Pozdrav! Zanima me kakav je kvalitet zvuka na Honor 400 pro i da li su zvučnici dovoljno glasni? Hvala
https://mobilnisvet.com/mobilni-komentari/gz0/Honor/Magic5-Pro/6,Honor,Honor Magic5 Pro,Dušan,2024-03-18 07:05:00,"Što se tiče apdejta na 14-ku itd., telefon je vrh i uopšte mi i ne treba. Ovi što kukaju za njim jednostavno ne znaju šta će od dosade i verovatno je da im svaki novi kupljeni telefon počinje smetati već posle nedelju dve dana. To podrazumeva da je bolest."
https://mobilnisvet.com/mobilni-komentari/gz0/Honor/Magic5-Pro/6,Honor,Honor Magic5 Pro,Pop,2024-03-17 21:33:00,"Ako neko moze kod sebe da mi proveri ovo,unapred zahvalan. Kada dobijem bilo kakvu sliku na Whatsapp,nema obavestenja u statusnoj traci i na zakljucanom ekranu,samo broj na ikoni aplikacije. Podesim u obavestenjima da prikazuje sve to za sliku,on ih uporno vraca na silent notifikacije. Za tekstualne poruke,sve je normalno,i ikona u statusnoj traci,i obavestenje na zakljucanom ekranu,i broj na ikoni aplikacije. Sta moze da pravi taj problem?"
https://mobilnisvet.com/mobilni-komentari/gz0/Honor/Magic5-Pro/6,Honor,Honor Magic5 Pro,Darko,2024-03-14 23:07:00,Jel stiglo nekom azuriranje 208 od 160 mb.?
https://mobilnisvet.com/mobilni-komentari/gz0/Honor/Magic5-Pro/6,Honor,Honor Magic5 Pro,Pop,2024-03-10 21:01:00,Kazu MagicUi 8 ne pre 10-og aprila. Stvarno su ga razvukli zestoko.
https://mobilnisvet.com/mobilni-komentari/gz0/Honor/Magic5-Pro/6,Honor,Honor Magic5 Pro,Mićko,2024-03-06 22:25:00,"Ljudi, gde nadjete te akcije za 80-90k?"
https://mobilnisvet.com/mobilni-komentari/gz0/Honor/Magic5-Pro/6,Honor,Honor Magic5 Pro,Igor,2024-03-05 22:33:00,Jel je stiglo nekome azuriranje za februar?
https://mobilnisvet.com/mobilni-komentari/gz0/Honor/Magic5-Pro/6,Honor,Honor Magic5 Pro,Milance,2024-03-04 18:06:00,Da li je neko imao problem da u aplikacijama kad slika prednjom kamerom slike budu mutne?
https://mobilnisvet.com/mobilni-komentari/gz0/Honor/Magic5-Pro/6,Honor,Honor Magic5 Pro,Pop,2024-03-04 09:58:00,"Opet je na akciji,pa eto da znate. Bilo vas je dole u komentarima koji ste se interesovali za ovaj model."
https://mobilnisvet.com/mobilni-komentari/gz0/Honor/Magic5-Pro/6,Honor,Honor Magic5 Pro,Giska,2024-03-02 22:26:00,Zna li se kad ce 14 android stici. Generalno obožavam honor ali na realme gt2 pro  stigao pre 2 meseca jer i njega posedujem. A ovaj košta bar duplo više jedino me to malo smatra a ostalo je sve vrh.
https://mobilnisvet.com/mobilni-komentari/gz0/Honor/Magic5-Pro/6,Honor,Honor Magic5 Pro,Rade,2024-03-02 19:50:00,"Na mom honoru su mali rezultati na geekbench 6 single-core 1408 multi-core 4813. Na googlu vidim da bi to trebalo da je mnogo veće. Da li je kod vas veći skor, i jel ovo u redu. Pozdrav."
https://mobilnisvet.com/mobilni-komentari/gz0/Honor/Magic5-Pro/6,Honor,Honor Magic5 Pro,Marko,2024-03-01 14:24:00,"Pozdrav, da li je neko imao mozda imao iskustva ili zna u cemu bi mogao da bud problem, naime od jednom mi se na telefonu smanjilo osvetljenje ekrana i bela pozadina je postala zuckasta kao da je uključena opcija tople boje, osvetljenje stoji na maksimumu, opcija prilagodjenost oku je isključena kao i opcija tamni rezim i usteda energije boja je postavljena na zivopisno i podrazumevano, takodje i automatsko osvetljenje je isključeno. Prilikom gledanja u fotografije odjednom se smanjuje osvetljenje i bela pozadina postaje kao prljavo bela ili zuckasta. Pokusao sam danresetujem telefon ali je problem dalje tu."
https://mobilnisvet.com/mobilni-komentari/gz0/Honor/Magic5-Pro/6,Honor,Honor Magic5 Pro,Vule,2024-03-01 06:32:00,"Da li i kod vas kada znimate video i posle pustite snimak prve 2 sekunde kao smanjen zvuk pa se posle tih 2 sekunde vrati na normalno snimljenu jacinu, i primetio sam kada duze snimam nešto i u momentu imaju dva izvora zvuka kao glasovi i aplaus kao da na momenat snimanja utisa zvuk na primer aplaus ljudi i posle 2 sekunde vrati kao neki noise reduction nemam pojma."
https://mobilnisvet.com/mobilni-komentari/gz0/Honor/Magic5-Pro/6,Honor,Honor Magic5 Pro,Dušan,2024-02-28 22:48:00,"Drugari, je l ima još neko bug da mu stoji ikonica za alarm na vrhu a da nije navijen isti?"
https://mobilnisvet.com/mobilni-komentari/gz0/Honor/Magic5-Pro/6,Honor,Honor Magic5 Pro,Tole,2024-02-28 12:28:00,"Toliko je hvaljen ovaj telefon, i ja ga kupim i razočaram se baš. Kao prvo, kamera noću i prilikom slikanja nekoga u pokretu je katastrofalno loša, pogotovo za cenu koliko košta. Softver jako mršav, to mora da se obogati opcijama da bi opravdao cenu. Džabe mu sve munje koje nosi u sebi kada softver nema da isprati, One UI je svetlosnim godinama ispred"
https://mobilnisvet.com/mobilni-komentari/gz0/Honor/Magic5-Pro/6,Honor,Honor Magic5 Pro,Vanja,2024-02-27 15:46:00,"Koliku softversku podršku ima ovaj telefon, da li postoje zvanične objave o tome?"
https://mobilnisvet.com/mobilni-komentari/gz0/Honor/Magic5-Pro/6,Honor,Honor Magic5 Pro,Tref82,2024-02-27 10:45:00,"Nema šta, koristim ga neko vreme i top klasa. Hardverski vrhunska mašina, softverski kaska, fsle neke obične stvari. Nadam se da će Magic 8 OS da te stvarčice donese. Spuštanje kontrolnog centra i centra za notifikacije bilo gde, da ima dva puta tap to lock da zakljuca telefon, da mogu ikonice da se reguliše velicina istih i da ima veći izbor istih, da ima color paletu boja po izboru, to nisu krupne stvari koje ne mogu da se implementiraju. Da može i lockscreen malo personalizacija, kao sto svi sad to implementiraju... Inače vrhunski telefon, hardverski gotovo bez mane, izrada, ekran, kamere, signal, zvuk... Sve 10/10, ali softver mora bolje!"
https://mobilnisvet.com/mobilni-komentari/gz0/Honor/Magic5-Pro/6,Honor,Honor Magic5 Pro,Ronaldinjo,2024-02-25 22:36:00,"Kakva dominacija na DXOMARku,najbolji displej,audio,baterija,selfi....HM6 PRO.🤷"
https://mobilnisvet.com/mobilni-komentari/gz0/Honor/Magic5-Pro/6,Honor,Honor Magic5 Pro,Nove,2024-02-25 15:25:00,Od sutra 26.2.2024 Magic 6 pro u pretprodaji po ceni od 149.999 din plus tablet honor pad x9
https://mobilnisvet.com/mobilni-komentari/gz0/Honor/Magic5-Pro/6,Honor,Honor Magic5 Pro,Bojana,2024-02-23 12:31:00,Jel ima play prodavnicu?
https://mobilnisvet.com/mobilni-komentari/gz0/Honor/Magic5-Pro/6,Honor,Honor Magic5 Pro,keyno,2024-02-22 16:11:00,Kupio ga prosle subote na akciji 88.800 din (750e) i to zeleni 12/512 😎
https://mobilnisvet.com/mobilni-komentari/gz0/Honor/Magic5-Pro/6,Honor,Honor Magic5 Pro,Skijeti,2024-02-20 23:06:00,"Ekran, u top 10 trenutno na trzistu, a najbolji po pitanju eliminacije treperenja (2160hz pwm). Kamera takodje u top 10 (ubedljivo najbrzi shutter speed koji sam video, do sada). Cipset i u 2024 i vise nego dovoljno jak, zvucnici jako dobri. Baterija lagano u top 10. Brzo punjenje, brzo bezicno takodje ogroman plus. MagicOS necu komentarisati, stvar ukusa. Za mene, jedan od najboljih, po pitanju stabilnosti (ipak je to Huawei odradio). Sve u svemu, za novac za koji je ovaj model mogao da se kupi, prethodne nedelje telefon je apsolutni best buy po pitanju ulozeno/ dobijeno."
https://mobilnisvet.com/mobilni-komentari/gz0/Honor/Magic5-Pro/6,Honor,Honor Magic5 Pro,Kojvla,2024-02-20 22:33:00,"Vivo x90 pro ili ovaj?  Vivo malo jeftiniji, ali dosta hvaljena kamera"
https://mobilnisvet.com/mobilni-komentari/gz0/Honor/Magic5-Pro/6,Honor,Honor Magic5 Pro,Zveki,2024-02-19 23:27:00,"Kupio sam honor Magic 5 pro pre par dana i sada primetio da se čuje neko zveckanje u telefonu, da li je to neka fabrička greška ili tako treba da se čuje?"
https://mobilnisvet.com/mobilni-komentari/blm/Honor/Magic5-Lite/6,Honor,Honor Magic5 Lite,Tatjana,2023-12-27 15:09:00,"Može li preporuka za kameru(pogotovo noćni mod),fabrička prilično loša,na žalost... Hvala unapred!"
https://mobilnisvet.com/mobilni-komentari/blm/Honor/Magic5-Lite/6,Honor,Honor Magic5 Lite,Milan,2023-12-26 20:46:00,"Tel je fantastičan. Za te pare nema bolji, najjači deo telefona je baterija. Do 2 dana bez problema umerenog korišćenja"
https://mobilnisvet.com/mobilni-komentari/blm/Honor/Magic5-Lite/6,Honor,Honor Magic5 Lite,Aleksa,2023-12-25 09:59:00,Ljudi planiram da uzmem novi telefon pa me interesuje koji fon je bolje uzeti ovaj megic 5 lite ili redmi note 12 pro vidim po specifikacijama i ceni da su dosta slicni.
https://mobilnisvet.com/mobilni-komentari/blm/Honor/Magic5-Lite/6,Honor,Honor Magic5 Lite,Zare,2023-12-25 09:30:00,"Ljudi punim ga ovim punjacem od starog redmi note 9 pro, max punjaca je 33w dali ce štetiti bateriji pošto je predviđen za adapter od 40w."
https://mobilnisvet.com/mobilni-komentari/blm/Honor/Magic5-Lite/6,Honor,Honor Magic5 Lite,miljan,2023-12-23 19:07:00,"Baterija mi izdrzi jedva dan i to na najslabijem osvetljenju,a svi se hvale kako im je dobra baterija,u cemu je problem"
https://mobilnisvet.com/mobilni-komentari/blm/Honor/Magic5-Lite/6,Honor,Honor Magic5 Lite,alexs,2023-12-22 11:22:00,nakon 2 meseca azuriranje android 13 jos nema nista neki predlog kako azurirati na android 13
https://mobilnisvet.com/mobilni-komentari/blm/Honor/Magic5-Lite/6,Honor,Honor Magic5 Lite,Josip,2023-12-21 13:04:00,"Kupljena pre 2 nedelje,veoma brz model,odličan ekran i oštrina i boje,grafička podržava sve igre na 70% brzine i kvaliteta,baterija 2,3 dana,kamere,foto tele 4+ široka 4+ ultra široka 3+ocene,a video fullHD 30fps je prosečan 3+ ,na ultra širokom samo napolju oko 3+ ocena,OS leti sve,utisak:"
https://mobilnisvet.com/mobilni-komentari/blm/Honor/Magic5-Lite/6,Honor,Honor Magic5 Lite,Sava,2023-12-19 10:50:00,Je l može neko da napiše za koje vreme se napuni telefon sa punjačem 40W a za koje sa 66W? Da li se puni za isto vreme i sa jednim i sa drugim?
https://mobilnisvet.com/mobilni-komentari/blm/Honor/Magic5-Lite/6,Honor,Honor Magic5 Lite,lebo,2023-12-18 10:37:00,gdje se moze kupiti u bg i koja mu je cijena?
https://mobilnisvet.com/mobilni-komentari/blm/Honor/Magic5-Lite/6,Honor,Honor Magic5 Lite,Micika,2023-12-16 23:43:00,"U pitanju je tel. HONOR MAGIC5 LITE, imam ga već par mjeseci, sve super, odjednom baterija već treći dan, dakle sama od sebe, počinje da se puni maximim na 84%, šta je problem? Uredno sam ušla u podešavanja i ugasila ""režim očuvanja baterije"", da li može biti da je kvar fabrička greška ili nešto sasvim drugo? Hvala na brzom odgovoru."
https://mobilnisvet.com/mobilni-komentari/blm/Honor/Magic5-Lite/6,Honor,Honor Magic5 Lite,Milos,2023-12-15 19:28:00,Za izgled magika sve cestitke.Telefon je stigao.
https://mobilnisvet.com/mobilni-komentari/blm/Honor/Magic5-Lite/6,Honor,Honor Magic5 Lite,HBR,2023-12-15 19:24:00,Gde ste našli info da dobija A14 i 15?
https://mobilnisvet.com/mobilni-komentari/blm/Honor/Magic5-Lite/6,Honor,Honor Magic5 Lite,nemke,2023-12-15 11:09:00,stize li punjac uz njega?
https://mobilnisvet.com/mobilni-komentari/blm/Honor/Magic5-Lite/6,Honor,Honor Magic5 Lite,Slobodan,2023-12-14 22:58:00,Kakav je Honor po pitanju ažuriranja?Ovaj kreće od A12 i šta se očekuje da dobije?
https://mobilnisvet.com/mobilni-komentari/blm/Honor/Magic5-Lite/6,Honor,Honor Magic5 Lite,Vlada,2023-12-14 22:36:00,"Molim vas, da li na ovaj fon mogu da se instaliraju Google Chrome, What's Up i Viber? Ako mogu, da li ove aplikacije rade normalno, tj.bez ograničenja?"
https://mobilnisvet.com/mobilni-komentari/blm/Honor/Magic5-Lite/6,Honor,Honor Magic5 Lite,Željko,2023-12-14 02:12:00,"Da li uzeti honorov punjač od 22,5w ili 66w, i ako neko zna koliko se brzo napuni od 0-100?"
https://mobilnisvet.com/mobilni-komentari/blm/Honor/Magic5-Lite/6,Honor,Honor Magic5 Lite,Nikola,2023-12-13 18:54:00,Gde se ubacuje sim2 na ovaj honor u kucici ima mesta samo za jednu karticu a pise da ima dve 🤷
https://mobilnisvet.com/mobilni-komentari/blm/Honor/Magic5-Lite/6,Honor,Honor Magic5 Lite,Marko,2023-12-10 13:28:00,"Pozdrav,zna li se da li ovaj model podrzava nano memorijsku karticu?"
https://mobilnisvet.com/mobilni-komentari/blm/Honor/Magic5-Lite/6,Honor,Honor Magic5 Lite,Dragan,2023-12-09 01:41:00,Realme 7 Pro iz 2020 ima većinu boljih karakteristika u odnosu na ovaj Honor.
https://mobilnisvet.com/mobilni-komentari/blm/Honor/Magic5-Lite/6,Honor,Honor Magic5 Lite,Dejan,2023-12-08 21:37:00,"Kupio sam adapter za slusalice... Usb c na 3.5mm, ali telefon neprepoznaje slusalice..."
https://mobilnisvet.com/mobilni-komentari/blm/Honor/Magic5-Lite/6,Honor,Honor Magic5 Lite,Ki,2023-12-08 13:39:00,"Kupio sam mobilni pre nedelju dana, prethodno imao Poco X3 Pro koji 'majstor' u servisu u blizini menjajući staklo upropastio i onda i ekran pa gumicu od prednje kamere..."
https://mobilnisvet.com/mobilni-komentari/blm/Honor/Magic5-Lite/6,Honor,Honor Magic5 Lite,Gax,2023-12-08 01:50:00,"Meni jos uvek nije stigao Andr 13. Svaki dan proveravam i samo ispisuje ""vas telefon je azuriran"". Proslo je vise od mesec dana kako je stigao update u Srbiju, da li je moguce da jos nije svima azurirano?"
https://mobilnisvet.com/mobilni-komentari/blm/Honor/Magic5-Lite/6,Honor,Honor Magic5 Lite,Tix,2023-12-07 12:30:00,"Negde sam čula da na ovom telefonu ne mogu da se koriste obicne slušalice, što mi je nekako bezveze. Pa mi razrešite dilemu 😅"
https://mobilnisvet.com/mobilni-komentari/8714/Honor/50/8,Honor,Honor 50,Aca,2022-01-30 08:41:00,"Pozdrav, dobio sam iz Kine Honor 50 8 gb 128. Kako da instaliram google prodavnicu?"
https://mobilnisvet.com/mobilni-komentari/8714/Honor/50/8,Honor,Honor 50,B,2022-01-24 18:07:00,Honor 50 ili Xiaomi 11T?
https://mobilnisvet.com/mobilni-komentari/8714/Honor/50/8,Honor,Honor 50,B.,2022-01-23 15:38:00,Ozgleda da su nekima samo kamere ceo telefon smesno kupi nikon i uzivaj a ovde su druge prednosti
https://mobilnisvet.com/mobilni-komentari/8714/Honor/50/8,Honor,Honor 50,Ivan,2022-01-23 08:46:00,Honor 50 ili A52s? Koji pravi bolje fotke?
https://mobilnisvet.com/mobilni-komentari/8714/Honor/50/8,Honor,Honor 50,Dado,2022-01-22 17:48:00,"Ljudi moze li neko ko ima ovaj telefon da detaljno napise kakva je baterija, ekran, kamera???"
https://mobilnisvet.com/mobilni-komentari/8714/Honor/50/8,Honor,Honor 50,Marko,2022-01-20 06:27:00,"Uzeo sam telefon preko telenora pre oko 2sedmice,uključen mi je tamni režim na ekranu i prilikom skrolovanja ili ti prevlačenja prsta gore ili dole primetio sam da se Crna boja meša sa plavom bojom, šta raditi? Pomoć? Da li ga reklamirati?"
https://mobilnisvet.com/mobilni-komentari/8714/Honor/50/8,Honor,Honor 50,Pagi,2022-01-17 22:39:00,"Naslednik nova 5t, ovaj model ili Nova i zasto?"
https://mobilnisvet.com/mobilni-komentari/8714/Honor/50/8,Honor,Honor 50,Co,2022-01-04 15:37:00,"Po meni jaka cena, da kamera ima ois pa ajde, ovako mi je malo prejaka cena za tracanje na trziste"
https://mobilnisvet.com/mobilni-komentari/8714/Honor/50/8,Honor,Honor 50,Misa,2022-01-04 12:05:00,Za jedno pola godine kada se još ubije cena biće dostojna zamena Nove 5t. :)
https://mobilnisvet.com/mobilni-komentari/8714/Honor/50/8,Honor,Honor 50,Ivana,2021-12-31 07:49:00,"Hello, dvoumim se izmedju honora 50 i huawei p30 pro? Treba mi pomoc u odluci 😬😬😬"
https://mobilnisvet.com/mobilni-komentari/8714/Honor/50/8,Honor,Honor 50,Boban,2021-12-29 17:56:00,"Da li neko zna da li mogu da se stave brojevi u mesto tackica u obavestenjima,probao sam ali samo preko opcije za programere se pojavljuju br.ali se nepojavljuju prilikom notifikacije ili poziva"
https://mobilnisvet.com/mobilni-komentari/8714/Honor/50/8,Honor,Honor 50,Mare,2021-12-28 20:51:00,"Pozdrav, dvoumim se između ovog modela i Motorole Edge 20 Pro? Vaša mišljenja i preporuke?"
https://mobilnisvet.com/mobilni-komentari/8714/Honor/50/8,Honor,Honor 50,Jovan,2021-12-25 08:08:00,Koristim Honor 50 8/256 nekih 2 nedelje.
https://mobilnisvet.com/mobilni-komentari/8714/Honor/50/8,Honor,Honor 50,Zeka,2021-12-24 22:56:00,"Troumim se između Honor 50, Nord 2 i A52s. Najbitnije mi je da telefon radi što bolje i fluidnije na duži vremenski period. Nisam preterano zahtevan korisnik. Po koja slika, mejl, you tube, vesti, društvene mreže.... Pa ako može savet... Unapred zahvalan..."
https://mobilnisvet.com/mobilni-komentari/8714/Honor/50/8,Honor,Honor 50,Braca,2021-12-21 22:52:00,"Vrh telefon, prvo izgleda vrhunski, ekran odličan, baterija nemam reči, do sada sam promenio mnogo telefona, bolju bateriju nisam imao, preko celog dana koristim telefon i uveče uvek ostane 40%. Brzo punjenje jedno od boljih, za 45 min od 0 do 100%. Što se tiče kamere nemam pojma pošto mi to nije bitno. Otisak prsta i faceunlock rade savršeno. Smatram da je jedan od najboljih telefona za svakodnevnu upotrebu. Vidim upoređuju ga sa A52s, ovaj je bolji u svakom pogledu"
https://mobilnisvet.com/mobilni-komentari/8714/Honor/50/8,Honor,Honor 50,Ivke.,2021-12-21 09:56:00,"Sto se tice honora solidan tel,cena je jaka,verovatno srazlogom,kvalitet izrade i td. Svi tel h pocetku lepo rade ali vreme pokaze kakav je koji tel. Ja imam honor 50 neotpakovan i jos uvek nosim honor 20. Tel bez ikakve greske radi,sto znaci da je kvalitet na visokom nivou. Sa nekim drugim tel da ih ne pominjem sam imao losa iskustva."
https://mobilnisvet.com/mobilni-komentari/8714/Honor/50/8,Honor,Honor 50,Nikola,2021-12-20 23:22:00,Honor 50 ili Nova 9 ? Hvala
https://mobilnisvet.com/mobilni-komentari/8714/Honor/50/8,Honor,Honor 50,B.,2021-12-20 18:14:00,Zna li neko kako u obavestenjima mesto tacki da postavim broj
https://mobilnisvet.com/mobilni-komentari/8714/Honor/50/8,Honor,Honor 50,Alex,2021-12-15 23:10:00,Pozdrav društvo. Razmišljam se izmedju dva telefona pa me zanima vaše mišljenje. Zanimaju me fotografije i video snimci u zatvorenom prostoru sa manje svetla. Razmišljam se izmedju Honora 50 i Xiaomi Redmi 11t pro. Da li može neki savet. Hvala.
https://mobilnisvet.com/mobilni-komentari/8714/Honor/50/8,Honor,Honor 50,Dragan,2021-12-15 17:27:00,"Jako lep telefon,lep i ekran,ali software slabija strana. Nema duple aplikacije što meni znači jer koristim dva broja. To mi je bilo presudno da ga ne kupim."
https://mobilnisvet.com/mobilni-komentari/8714/Honor/50/8,Honor,Honor 50,Nikola11,2021-12-14 21:24:00,"Pozdrav svima,imam malu nedoumicu sta uzeti ovaj telefon ili s21?Oduvek samo Samsung sam koristio.Razlika je 200 sa punjacem za samsung.Telefon mi treba za neku realnu upotrebu dakle baterija veoma bitna,kamera ne toliko,dugotrajnost uredjaja veoma bitna jer ne planiram da menjam posle 1.5 god i bitna mi je fluidalnost odnosno da ne prodaje on mene😊"
https://mobilnisvet.com/mobilni-komentari/8714/Honor/50/8,Honor,Honor 50,Bajo,2021-12-14 14:10:00,Jel ima ovajvtelefon opticku stabilizaciju?
https://mobilnisvet.com/mobilni-komentari/8714/Honor/50/8,Honor,Honor 50,Boban,2021-12-09 15:45:00,"Ko je izeo tel.preko mts,ili A1 neka obrati paunju na ponasanje ekrana 70%su bagoviti izgleda da su dtigli iz dve fabrike...."
https://mobilnisvet.com/mobilni-komentari/8714/Honor/50/8,Honor,Honor 50,Boban,2021-12-08 23:45:00,"Cudno da nema duo aplikacije,deljenje ekrana itd"
https://mobilnisvet.com/mobilni-komentari/8714/Honor/50/8,Honor,Honor 50,B,2021-12-08 13:30:00,"Koristim ga 15- tak dana, pre njega p40."
https://mobilnisvet.com/mobilni-komentari/9955/Honor/70/7,Honor,Honor 70,Milke,2023-08-31 18:53:00,Stize nov kontrolni centar sa apdejtoj na ...271
https://mobilnisvet.com/mobilni-komentari/9955/Honor/70/7,Honor,Honor 70,Trivan,2023-08-30 23:10:00,"Telefon je kidalica. Od izgleda, ekrana, baterije, procesora i fluidnosti.. Sve top. Kao neko ko veoma cesto menja telefone, ovaj je topla preporuka!"
https://mobilnisvet.com/mobilni-komentari/9955/Honor/70/7,Honor,Honor 70,dzoni,2023-08-28 23:22:00,proslo 7 dana od kad sam kupio
https://mobilnisvet.com/mobilni-komentari/9955/Honor/70/7,Honor,Honor 70,Mk,2023-08-28 13:42:00,Jel primetio neko da se oderedjene aplikacije tipa facebook i instagram koče tj ne skroluju lepo🤔
https://mobilnisvet.com/mobilni-komentari/9955/Honor/70/7,Honor,Honor 70,Nikola,2023-08-28 10:37:00,"Kakva je podrška sto se tiče ažuriranja i korišćenja Honor telefona na duže staze? Ja telefone ređe menjam (ako sam zadovoljan). Sa Samsungom nisam imao nikada tih problema, svideo mi se ovaj Honor 70 12GB/256GB, samo to oko podrške... Razmišljao sam se za a54 8/256, ali cena im je slična..."
https://mobilnisvet.com/mobilni-komentari/9955/Honor/70/7,Honor,Honor 70,Saaš,2023-08-26 13:51:00,Honor 70 ili Samsung A54...pare ne igraju ulogu
https://mobilnisvet.com/mobilni-komentari/9955/Honor/70/7,Honor,Honor 70,Dane,2023-08-25 10:29:00,Telefon sam kupio nov pre 2 dana
https://mobilnisvet.com/mobilni-komentari/9955/Honor/70/7,Honor,Honor 70,Dare,2023-08-24 03:22:00,Imam P smart Z (zadovoljan 3 god) ali bih da se ponovim do 300e 8/256.
https://mobilnisvet.com/mobilni-komentari/9955/Honor/70/7,Honor,Honor 70,Ljiki,2023-08-23 16:07:00,Honor 70 ili magic 5 lite?
https://mobilnisvet.com/mobilni-komentari/9955/Honor/70/7,Honor,Honor 70,dzoni,2023-08-22 00:12:00,Kupio sam danas honor 70 pre 2h aktivirao .
https://mobilnisvet.com/mobilni-komentari/9955/Honor/70/7,Honor,Honor 70,Daniel,2023-08-21 20:51:00,Uzeo sam telefon pre 2-3 dana....punio jednom-dvaput. Nekako mi se cini da baterija malo traje. A kolko sam dosad procitao po vasim komentarima baterija bi trebalo da je dobra. O cemu se radi? Jel to normalno? Jel treba baterija da se kalibrira neko vreme?
https://mobilnisvet.com/mobilni-komentari/9955/Honor/70/7,Honor,Honor 70,Ivana,2023-08-21 08:29:00,"Trenutno koristim Huawei P30, planiram da promenim telefon, u opticaju su Honor 70, Honor 90, Redmi Note 12 Pro i Xiaomi 13 Lite. Koji je po vama najbolja opcija, prioritet su kamera i baterija?"
https://mobilnisvet.com/mobilni-komentari/9955/Honor/70/7,Honor,Honor 70,Miljan,2023-08-20 21:15:00,Jedno glupo pitanje za Honor 70....da li moze tokom poziva da se smanji buka? Da li ima neka opcija da se smanji buka i da me sa druge strane ajde da kazem malo normalnije cuju? Mislim da je to bilo na drugim telefonima ta opcija...
https://mobilnisvet.com/mobilni-komentari/9955/Honor/70/7,Honor,Honor 70,Milke,2023-08-20 21:00:00,"Sasvim pristojan telefon za ove novce! Moji utisci su nakon dva meseca koriscenja: Ekran skoro savrsen, screen to body idealan, zakrivljen , sa punch hole bas po mojoj meri. Materijali su ok, mogli su da stave staklena ledja, ali s'obzirom da nema bezicno punjenje plastika je bolji izbor. Ledja su jako lepa, iako mi se nije svidjao taj P50 pro fazon. Cip radi odlicno, u kombinaciji sa ram memorijom, magic os leti(u startu mi je delovao fluidniji emui 12 na p30 pro, ali sa apdejtovima su popravili sitnice i radi odlicno). Zvuk je mogao i morao biti bolji, bas kao i stabilizacija videa. Video mi deluje detaljniji u odnosu na p30 pro, ali zato i mnogo vise podrhtava(tamo sam imao OIS). Glavna kamera podjednako dobra kao na p30 pro, zavrsava posao, sirokougaona nesto bolja! Makro kameru ne bih da komentarisem. Autonomija je sjajna, skinuo sam sa punjaca u 23:59, izdrzao ceo dan, sutra u 10 ujutru sam ga punio(6:30h SOT-a). Za 20 minuta se napunio 48 posto, za pola sata 70. Generalno dva minusa su mono zvuk, i losija stabilizacija. Prednosti su: odlican ekran, lep izgled, brzina, baterija i magic os koji je kombinacija emui-a i harmony os-a, sa novim kontrolnim centrom bice idealan. Naravno ovo je moje misljenje."
https://mobilnisvet.com/mobilni-komentari/9955/Honor/70/7,Honor,Honor 70,Nikola,2023-08-19 21:29:00,Honor 90 ili 70? Da li neko ima preporuku?
https://mobilnisvet.com/mobilni-komentari/9955/Honor/70/7,Honor,Honor 70,Dača,2023-08-18 16:08:00,"Može li pomoć? A54, Honor 70 ili motorola edge 40? Bitno mi je da telefon ima dobru autonomiju i da je pouzdan. Pod pouzdan mislim da nema neke kvarove, velika zagrevanja itd.."
https://mobilnisvet.com/mobilni-komentari/9955/Honor/70/7,Honor,Honor 70,A.M.,2023-08-18 10:41:00,"Koji tel je po vama bolje uzeti: Honor 70 ili Samsung s21 plus? Znam da je razlika u cijeni veca mada kod mene u CG i nije previse a treba mi tel za posao, da ima dobru kameru i da mu je baterija ok(da je dovoljno da ga punim 1x dnevno prilikom intenzivnog koriscenja) do sad sam imala Huawei p30 lite i odradjivao je posao taman koliko treba. Hvala"
https://mobilnisvet.com/mobilni-komentari/9955/Honor/70/7,Honor,Honor 70,Duck,2023-08-18 10:27:00,"Honor 70 ili 90? Što više gledam recenzije i komentare sve sam više zbunjen. Dobra baterija kod 90, pa loša baterija kod 70, pa dobre kod oba, pa loše kod oba. Znam šta nude oba modela samo ne bih da ""promašim"" kada je baterija u pitanju.  Pomagajte :("
https://mobilnisvet.com/mobilni-komentari/9955/Honor/70/7,Honor,Honor 70,Ivan,2023-08-15 19:58:00,Dvoumim se između Honora 70 i Honora 90? Značilo bi mi ako bi neko bio voljan da objasni razliku između ova 2 modela. Video sam da postoji dosta kritika na račun baterije kod Honora 90. Takođe sam video da postoji veliki broj negativnih komentara vezanih za kameru.
https://mobilnisvet.com/mobilni-komentari/9955/Honor/70/7,Honor,Honor 70,Sneža,2023-08-11 12:56:00,Da li ima neke bitnije razlike izmedju honora 70 i honora 90?
https://mobilnisvet.com/mobilni-komentari/9955/Honor/70/7,Honor,Honor 70,Mk,2023-08-10 23:14:00,Da li vam je još uvek junska zakrpa?
https://mobilnisvet.com/mobilni-komentari/9955/Honor/70/7,Honor,Honor 70,Jelena,2023-08-10 21:18:00,"Molim vas za pomoć. Imam Honor 70 od februara. Međutim, od danas ne mogu da otvorim slike u galeriji telefona, prvo sam primetila da ne mogu recimo na viberu da ih pošaljem ili Instagramu da ih postavim, prikazuje sa je galerija prazna. Više puta sam i"
https://mobilnisvet.com/mobilni-komentari/dd4/Honor/Magic6-Lite/7,Honor,Honor Magic6 Lite,Marko,2024-07-02 00:26:00,Da li kupiti ovaj ili Samsung a35 ili Samsung a54
https://mobilnisvet.com/mobilni-komentari/dd4/Honor/Magic6-Lite/7,Honor,Honor Magic6 Lite,Mladen NS,2024-07-01 20:50:00,"Pozdrav svima, imam ovaj telefon I kao prosecni korisnik sam veoma zadovoljan. Baterija traje dva dana, kamera I vise nego solidna za ovaj cenovni rang. Vidim komentare da novi update softvera nije nas najbolji pa me zanima da li da ostanem na staroj verziji 7.2.0.203 ili da ipak azuriram na novu verziju?"
https://mobilnisvet.com/mobilni-komentari/dd4/Honor/Magic6-Lite/7,Honor,Honor Magic6 Lite,Aca,2024-06-29 20:57:00,Opet uništili kameru zadnjim updateom
https://mobilnisvet.com/mobilni-komentari/dd4/Honor/Magic6-Lite/7,Honor,Honor Magic6 Lite,G.,2024-06-27 17:46:00,"Samo na honor tel.se pojavljuje to u sc.+""38163100100,145 i nigde vise i problem je fefinitivno u telefonima.Tacka kraj,Ajde izbrisite taj broj...Ne moze"
https://mobilnisvet.com/mobilni-komentari/dd4/Honor/Magic6-Lite/7,Honor,Honor Magic6 Lite,Zoki,2024-06-26 20:40:00,Kod Yettela zeza SMSC u podesavanju poruka ne moze da se podesi bez onog dodatnog broja 145 u servisnom centru treba da bude samo +381100100 a oni su dodali i 145 e to zeza da VoLTE ne funkcionise dobro
https://mobilnisvet.com/mobilni-komentari/dd4/Honor/Magic6-Lite/7,Honor,Honor Magic6 Lite,G.,2024-06-25 15:01:00,Zakrpa 215 stigla a gde je android 14 obi što su oametovali da ce krajem juna pa evo još malo kraj
https://mobilnisvet.com/mobilni-komentari/dd4/Honor/Magic6-Lite/7,Honor,Honor Magic6 Lite,Aca,2024-06-25 01:26:00,Kupio sam ovaj na kraju i za sada je odličan.Malo glupo pitanjce...šta znači malim slovima VOLTE u gornjem desnom uglu pored signala i napunjenosti baterije...i da li može to VOLTE da se isključi t.j. da ne piše u gonjem desnom ćošku?
https://mobilnisvet.com/mobilni-komentari/dd4/Honor/Magic6-Lite/7,Honor,Honor Magic6 Lite,milan,2024-06-22 11:31:00,"moze li mi ko pomoci kupio sam telefon i sve je ok,ali imam dvije sim kartice ni sa jedne ne odlaze poruke a uredno dolaze,hvala."
https://mobilnisvet.com/mobilni-komentari/dd4/Honor/Magic6-Lite/7,Honor,Honor Magic6 Lite,ja,2024-06-21 21:09:00,"Gledao u poslovici ovaj Honor Magic 6 lite prednju kameru onako bezveze i pogledam prednju kameru na Samsung A55,kamera na Honoru osetno bila bolja sto me iznenadilo.Da li neko ko poseduje od ova dva telefona moze da potvrdi ovo?Inace se dvoumim izmedju ova dva telefona…Pozdrav"
https://mobilnisvet.com/mobilni-komentari/dd4/Honor/Magic6-Lite/7,Honor,Honor Magic6 Lite,Goran,2024-06-21 20:18:00,Da li jos nekome ne radi vibracija na dodir?
https://mobilnisvet.com/mobilni-komentari/dd4/Honor/Magic6-Lite/7,Honor,Honor Magic6 Lite,milan,2024-06-21 16:05:00,moze li razlicit zvuk obavjestenja za svaku aplikaciju
https://mobilnisvet.com/mobilni-komentari/dd4/Honor/Magic6-Lite/7,Honor,Honor Magic6 Lite,dunda,2024-06-20 11:25:00,"kupio telefon prezadovoljan,samo mi kasne poruke na viberu i messengeru"
https://mobilnisvet.com/mobilni-komentari/dd4/Honor/Magic6-Lite/7,Honor,Honor Magic6 Lite,igor,2024-06-19 16:36:00,"mora li se kupiti orginalni punjac ili moze bilo koji .imam od  redmi note 10 pro,i ako treba kupiti koji je najbolji.hvala"
https://mobilnisvet.com/mobilni-komentari/dd4/Honor/Magic6-Lite/7,Honor,Honor Magic6 Lite,alex,2024-06-18 14:58:00,koji auto punjač kupiti..hvala
https://mobilnisvet.com/mobilni-komentari/dd4/Honor/Magic6-Lite/7,Honor,Honor Magic6 Lite,Miki,2024-06-17 06:15:00,"Sad uporedjujem jedan do drugog,magic 6lite i A54"
https://mobilnisvet.com/mobilni-komentari/dd4/Honor/Magic6-Lite/7,Honor,Honor Magic6 Lite,Justin,2024-06-15 21:50:00,Motorola g54 ili ovaj Honor?
https://mobilnisvet.com/mobilni-komentari/dd4/Honor/Magic6-Lite/7,Honor,Honor Magic6 Lite,Milica,2024-06-12 21:38:00,Samsung Galaxy A35 ili Magic 6 lite?
https://mobilnisvet.com/mobilni-komentari/dd4/Honor/Magic6-Lite/7,Honor,Honor Magic6 Lite,Sale,2024-06-11 00:42:00,"Kako funkcioniše always on display? Da li radi konstantno, ili kao kod nekih telefona par sekundi?"
https://mobilnisvet.com/mobilni-komentari/dd4/Honor/Magic6-Lite/7,Honor,Honor Magic6 Lite,G.,2024-06-10 19:49:00,"A azuriranje ce kazu vrlo brzo cekaju mnogi A 15,ivde još 13😂"
https://mobilnisvet.com/mobilni-komentari/dd4/Honor/Magic6-Lite/7,Honor,Honor Magic6 Lite,Boki,2024-06-08 18:28:00,Pozz uzeti honor ili saomi koji su po vama bolji uredjaji
https://mobilnisvet.com/mobilni-komentari/dd4/Honor/Magic6-Lite/7,Honor,Honor Magic6 Lite,Jovana,2024-06-07 16:52:00,"Honor magic 6 lite ili iphone 14? Pomoc,koji uzeti?"
https://mobilnisvet.com/mobilni-komentari/dd4/Honor/Magic6-Lite/7,Honor,Honor Magic6 Lite,Tradtra,2024-06-07 10:11:00,"Meni je baterija sa nadogradnjom 7.2.0.203 losija za vise od 30%,uspjeli su us.ati onako dobru bateriju. Sada mi autonomija nije ni zadovoljavajuca. Izgleda da ni jedan telefon ne treba nadogradjivati,ako valja iz kutije koristi i to je to,nadogradnje samo stetu prave! I ovo pisem za moj telefon,ova nadogradnja meni nista ali bas nista dobrog nije donijela,samo probleme..."
https://mobilnisvet.com/mobilni/pjv/Honor/Magic-V5-16GB-512GB-2x-SIM,Honor,Honor Magic V5,Nikola,2026-05-04 18:34:00,"Cisto bacanje para, kvalitet los. Na spoljnom ekranu morate obavezno staviti novu foliju, jer je fabricka losa, brzo se ostecuje. Unutrasnja manje jer se slabije koristi. Posle malo vise od 6 meseci koriscenja pojavio se mrtvi piksel. Koliko je unutrasnji ekran osetljiv i los, kada sam pritisnuo prstom polje gde je mrtav piksel krenuo je lepak da se razliva i stvorila se fleka. Naivno sam mislio da mogu skinuti foliju, ali jok, skidanjem folije povukao sam ceo ekran. Neverovatno. Jeste da sam ja licno kriv za ostecen ekran, ali mi je cudno da se tako lako skida ekran. Tako da sam prodao ovo cudo i vratio se na Iphone."
https://mobilnisvet.com/mobilni/pjv/Honor/Magic-V5-16GB-512GB-2x-SIM,Honor,Honor Magic V5,Deki,2025-10-10 13:31:00,"Imao sam priliku da vidim uzivo ovaj telefon kod jednog od provajdera. Ja ne mogu da vam opisem koliko sam se iznenadio debljinom telefona, pored je stajao honor magic 7pro, v5 nije bio uopste deblji od 7ice dok sam ja imao predstavu da je v5 dosta deblji i da ce lose lezati u ruci ali to nije tako. Ostaje samo pitanje trajanja baterije kao i pouzdanost ""sarki"" koje omogucavaju preklop telefona, koje mi licno unose sumnju da ce to dobro raditi na duze staze ali sta znam za v3 cini mi se da se nisu zalili. Sve u svemu simpatican telefon i lep na izgled."
https://mobilnisvet.com/mobilni/pjv/Honor/Magic-V5-16GB-512GB-2x-SIM,Honor,Honor Magic V5,др.струја,2025-09-08 21:17:00,Imali ovaj telefon IR blaster ili daljinski kao njegovpredhodnik V3?
https://mobilnisvet.com/mobilni/sw0/Honor/600-Lite-8GB-256GB-2x-SIM,Honor,Honor 600 Lite,Dzoni,2026-07-29 12:07:00,"Motorola edge 60 pro, Samsung A 57, A 37 ili Motorola 70 fusion? Menjao BiH Honor 600 Lite star mesec dana. Hvala, pozdrav!"
https://mobilnisvet.com/mobilni/sw0/Honor/600-Lite-8GB-256GB-2x-SIM,Honor,Honor 600 Lite,miki,2026-07-23 17:28:00,"zvuk katastrofa, kad pojacam malo vise tel sav vibrira kao da je vibracija upaljena"
https://mobilnisvet.com/mobilni/sw0/Honor/600-Lite-8GB-256GB-2x-SIM,Honor,Honor 600 Lite,Rade,2026-07-23 09:06:00,"Kao starija osoba koja o telefonima baš i ne zna mnogo,zatražiću pomoć i savet: honor 600 lite ili edge 60?"
https://mobilnisvet.com/mobilni/sw0/Honor/600-Lite-8GB-256GB-2x-SIM,Honor,Honor 600 Lite,NS,2026-07-22 21:35:00,Ljudi ko obnavlja ugovor i uzima i telefon. Obavezno idite u A1. U mts isti ovaj telefon skuplji za 649din. mesecno. Sto znaci za 2god 15.000din. Pola telefona
https://mobilnisvet.com/mobilni/sw0/Honor/600-Lite-8GB-256GB-2x-SIM,Honor,Honor 600 Lite,Nadja,2026-07-20 23:31:00,Hoću ja😊 probala sam da ti pišem al ne mogu
https://mobilnisvet.com/mobilni/sw0/Honor/600-Lite-8GB-256GB-2x-SIM,Honor,Honor 600 Lite,Djole,2026-07-01 18:51:00,Da dodam da je najveća mana ovog telefona to što kamera nema nikakvu stabilizaciju.Mislim da su to uradili sa namerom jer i to da ima niko ne bi kupovao Honor 600.
https://mobilnisvet.com/mobilni/sw0/Honor/600-Lite-8GB-256GB-2x-SIM,Honor,Honor 600 Lite,Radisav,2026-06-28 09:17:00,"Telefon odlican! Radi besprekorno, ekran vrh, baterija takodje, izgled perfektan. Dane utisak mnogo skupljeg flashgrip telefona. Staklo nazad, aluminijumski okvir... Sve u svemu 10 od 10."
https://mobilnisvet.com/mobilni/sw0/Honor/600-Lite-8GB-256GB-2x-SIM,Honor,Honor 600 Lite,Veljko,2026-06-17 21:14:00,Veljko kupio sam telefon honor 600 lite 5g greje se sta to može da bude
https://mobilnisvet.com/mobilni/sw0/Honor/600-Lite-8GB-256GB-2x-SIM,Honor,Honor 600 Lite,Papi,2026-06-07 19:03:00,ljudi zna li se da li ce ovom telefonu da spadne cena na oko 200e. ovih 250e stoji vec duze vreme.
https://mobilnisvet.com/mobilni/sw0/Honor/600-Lite-8GB-256GB-2x-SIM,Honor,Honor 600 Lite,Luka,2026-06-01 14:28:00,"Sa obzirom da je ""nov"" procesor, bar po nazivi, najlakse da se uporedi sa MediaTek Dimensity 7300 (Ultra ili ne..), jer su najslicniji i sto se tice cpu/gpu snage, potros je baterije UFS memorije (2.2) itd.. A telefona sa mTk 7300 ima u poslednjih godinu ima 10 i vise modela.. Xiaomi Redmi Note 14 Pro 5G, Poco X7, cela Motorola Edge 50 serija (50 Neo, 60 Fusion, 60...) Itd.. za taj novac verovatno vredi, ako nista zbog kvalitetnog ekrana  alu frejma, kompaktnosti, pa i velike baterije u takvom kucistu. Plus je i softver  bez reklama. Naravno, i Honor Magic8 Lite je tu negde sa cenom (20€ vise), a nudi veci ekran, bolji procesor, duze traianje baterije i vero atno malo bolju kameru. Video je kod oba modela najveci problem zbog lose stabilizacije, cak i elektronske."
https://mobilnisvet.com/mobilni/sw0/Honor/600-Lite-8GB-256GB-2x-SIM,Honor,Honor 600 Lite,Lena,2026-05-19 11:30:00,Videla ovaj model kosta samo 30k i to u radnjama kao gigatron koje naduvaju cene i po meni deluje da specifikacije izgled i dizajn koji ovaj model ima daju vrednost za taj novac ako uporedimo da samsung za 33 hiljade prodaje recimo a26 proslogodisnji model a a27 kad izadje ko zna koliko ce biti sigurno barem 45 - 50 hiljada za vecu memorijsku varijantu a govori se da ce imati bedmi snapdragon 6. 1 sto za te pare ne vredi placamo 20k vise čisto samo za brend.. da li je neko kupio ovaj honor 600 lite kako zaista telefon radi dal su fotografije okej i duzina trajanja baterije . Odgovara mi da ga kupim za 30k ali se jos lomim mislim da za te pare kod nijednog brenda nema ovih specifikacija hvala.
https://mobilnisvet.com/mobilni/sw0/Honor/600-Lite-8GB-256GB-2x-SIM,Honor,Honor 600 Lite,D,2026-05-14 12:37:00,Gemini bas nahvalio ovaj model. Po kvalitetu izrade unutra posebno
https://mobilnisvet.com/mobilni/sw0/Honor/600-Lite-8GB-256GB-2x-SIM,Honor,Honor 600 Lite,ARIA,2026-05-08 20:21:00,molim za pomoc uzeo sam ovaj telefon pre dva dana sve je ok al jednu stvar nemogu da uradim nemogu nijedan lik da kopiram nigde moze mi neko reci i objasniti u cemu je stvar
https://mobilnisvet.com/mobilni/sw0/Honor/600-Lite-8GB-256GB-2x-SIM,Honor,Honor 600 Lite,Joka,2026-05-08 10:49:00,Da li je ovaj Honor bolji od A56?
https://mobilnisvet.com/mobilni/sw0/Honor/600-Lite-8GB-256GB-2x-SIM,Honor,Honor 600 Lite,Gazda Ljuba,2026-04-25 21:48:00,Sta kaže struka? Ovaj telefon ili Motorola 50 fusion Edge? Hvala
https://mobilnisvet.com/mobilni/sw0/Honor/600-Lite-8GB-256GB-2x-SIM,Honor,Honor 600 Lite,Zasre,2026-04-23 01:40:00,Da li ovaj telefon ima play store?
https://mobilnisvet.com/mobilni/sw0/Honor/600-Lite-8GB-256GB-2x-SIM,Honor,Honor 600 Lite,Manda,2026-04-22 19:30:00,Meni piše da imam honor v30. A imam ovde x8. Kako to?
https://mobilnisvet.com/mobilni/sw0/Honor/600-Lite-8GB-256GB-2x-SIM,Honor,Honor 600 Lite,S.,2026-04-19 09:31:00,"Drugari imam pitanje koje se tiče generalno Honor telefona. Kakvi su što se tiče bezbednosti korišćenja bankarskih aplikacija i drugih aplikacija za plaćanje? Da li su bezbedni, je l' neko imao problem?"
https://mobilnisvet.com/mobilni/sw0/Honor/600-Lite-8GB-256GB-2x-SIM,Honor,Honor 600 Lite,Gazda,2026-04-18 07:25:00,Nov je 200e i uopšte nije loš za tu cenu. Ima bolji ekran i bateriju nego A57 koji je tri puta skuplji.
https://mobilnisvet.com/mobilni/sw0/Honor/600-Lite-8GB-256GB-2x-SIM,Honor,Honor 600 Lite,Nadja,2026-04-17 20:36:00,Da li nekome malo malo pa puca wifi? Ima neka fora tu?
https://mobilnisvet.com/mobilni/sw0/Honor/600-Lite-8GB-256GB-2x-SIM,Honor,Honor 600 Lite,Honor 400,2026-04-14 00:57:00,Ne znam zasto bi bilo ko kupio ovaj telefon za 30.000 kad za 35.000 ima Honor 400.
https://mobilnisvet.com/mobilni/sw0/Honor/600-Lite-8GB-256GB-2x-SIM,Honor,Honor 600 Lite,marko,2026-04-06 14:17:00,vec 4 godine skoro sve isto od magic 6 lite pa sve na ovamo.
https://mobilnisvet.com/mobilni/tkw/Honor/600-8GB-256GB-1x-SIM-1x-eSIM,Honor,Honor 600,Dex,2026-07-31 08:50:00,"Simpa telefon,ali kad vidim kako lici na apple,blam da ga nosis,kao da nosi neku kopiju,a honor telefoni generalno odlicni"
https://mobilnisvet.com/mobilni/tkw/Honor/600-8GB-256GB-1x-SIM-1x-eSIM,Honor,Honor 600,Mare,2026-07-30 15:14:00,"Je l neko lepio kaljeno staklo preko originalne folije i da li u tom slučaju otisak prsta radi kako treba? Zalepio bih zaštitno staklo ali ne želim da skidam originalnu foliju, telefon je nov."
https://mobilnisvet.com/mobilni/tkw/Honor/600-8GB-256GB-1x-SIM-1x-eSIM,Honor,Honor 600,ZA019,2026-07-30 11:23:00,"Gledao ovaj telefon da uzmem i jedino sto me odbija je always on. Naime, ne postoji opcija ""all day"" da AOD uvek bude upaljen. Displey se gasi posle par sekundi i potrebno je kucnuti da bi se upalio. Sto je po meni glupost koja je onda svrha AOD-a. Da li je mozda neko sa nekim update-om dobio ovu opciju ??? Recimo Honor magic ima u opcijama all day, ostale marke telefona imaju da se ukljuci da non stop bude upaljen"
https://mobilnisvet.com/mobilni/tkw/Honor/600-8GB-256GB-1x-SIM-1x-eSIM,Honor,Honor 600,Bel Pagette,2026-07-28 10:03:00,Ne mogu da okarakterišem poslovnu politiku Honor (a i većine drugih proizvođača) osim kao svojevrsni vid iživljavanja nad potrošačima.
https://mobilnisvet.com/mobilni/tkw/Honor/600-8GB-256GB-1x-SIM-1x-eSIM,Honor,Honor 600,Ivke,2026-07-23 13:28:00,"Pozdrav.Kupio sam sada Honor 600.Predhodno sam sa telefona starog sacuvao Viber poruke na gdrive.Sada kada na novom preko viber-akliknem da vratim poruke na nov telefon,na 55 posto izbaci.Sta moze da bude? Hvala"
https://mobilnisvet.com/mobilni/tkw/Honor/600-8GB-256GB-1x-SIM-1x-eSIM,Honor,Honor 600,Boki,2026-07-22 20:47:00,"Imam P30 lite i iygleda da je Honor 600 slikac po interfejsu jer koristi sistem koji je radjen po starijim Huaweijevim sistemima i interfejsu.Ima bolje AI funkcije od Samsung A klase. Jel mislite da je dobar za viber,instagram......Baterija kazu da dugo traje.Ne igram igrice.Jel ste zadovoljni ovim telefonom."
https://mobilnisvet.com/mobilni/tkw/Honor/600-8GB-256GB-1x-SIM-1x-eSIM,Honor,Honor 600,Bojana,2026-07-22 20:01:00,"Da li azurirati sistem? Bojim se da baterija ne oslabi nakon toga, a vec se nudi azuriranje."
https://mobilnisvet.com/mobilni/tkw/Honor/600-8GB-256GB-1x-SIM-1x-eSIM,Honor,Honor 600,Stojke,2026-07-22 11:17:00,"Negde pise da nekada ne stizu odmah obavestenja za viber jer sistem gasi aplikacije koje rade u pozadini zbog baterije,pa treba podesiti da viber stalno radi a ne kada sistem dozvoli.Da li imate iskustva."
https://mobilnisvet.com/mobilni/tkw/Honor/600-8GB-256GB-1x-SIM-1x-eSIM,Honor,Honor 600,Ivan,2026-07-20 17:55:00,"Pozdrav. Cekati Samsung A58 ili uzeti Honor 600. Nije mi hitno.Treba mi tel za narednih 6 god,viber,youtube i ai funkcije,uredjivanje slika... Sta savetujete."
https://mobilnisvet.com/mobilni/tkw/Honor/600-8GB-256GB-1x-SIM-1x-eSIM,Honor,Honor 600,Miks,2026-07-15 18:58:00,Ovaj telefon je super .dobra baterija kompaktan .brzo punjenje . Vodootporan .jedino kamera je nikakva kao i na svakom honoru
https://mobilnisvet.com/mobilni/tkw/Honor/600-8GB-256GB-1x-SIM-1x-eSIM,Honor,Honor 600,Fransoa,2026-07-15 09:52:00,"Nakitiš cenu modelu 400 + eur a pri tome nema full AOD (nego onaj bedni od par sekundi na dodir), iživljavaš se sa ukidanjem vibracije na home, back i recent ""tasterima"" navigation bar (npr serija unazad Honor 400 to ima) i još nema ni bežično punjenje. Hvala, ne hvala za ovakav poluproizvod."
https://mobilnisvet.com/mobilni/tkw/Honor/600-8GB-256GB-1x-SIM-1x-eSIM,Honor,Honor 600,Bojana,2026-07-14 17:05:00,Honor 600 ili Samsung A56?! Poslednji put pitam i idem u Yettel. 😁 Hvala svima unapred.
https://mobilnisvet.com/mobilni/tkw/Honor/600-8GB-256GB-1x-SIM-1x-eSIM,Honor,Honor 600,X,2026-07-11 21:20:00,"Sa ovim jedino moze da se izjednaci Motorola Edge 70, ako gledamo ovogodisnje telefone sa istom cenom. Xiaomi Redmi i Samsung A57 su jasno slabiji."
https://mobilnisvet.com/mobilni/tkw/Honor/600-8GB-256GB-1x-SIM-1x-eSIM,Honor,Honor 600,Drakče,2026-07-11 19:03:00,"Vaistinu, ovaj Honor briše patos sa A57 i celom Xiaomi ""srednjom klasom""."
https://mobilnisvet.com/mobilni/tkw/Honor/600-8GB-256GB-1x-SIM-1x-eSIM,Honor,Honor 600,Sima Pas,2026-07-09 23:19:00,Dobija se 2kg Pirinča uz Honor.  I Patka
https://mobilnisvet.com/mobilni/tkw/Honor/600-8GB-256GB-1x-SIM-1x-eSIM,Honor,Honor 600,Sergio,2026-07-09 21:11:00,Jel nekome stigao poklon a da je uzeo tel preko operatera?
https://mobilnisvet.com/mobilni/tkw/Honor/600-8GB-256GB-1x-SIM-1x-eSIM,Honor,Honor 600,Irena,2026-07-09 18:47:00,"Koji telefon uzeti u ovom cenovnom rangu? Zensko sam, kamera mi je najbitnija"
https://mobilnisvet.com/mobilni/tkw/Honor/600-8GB-256GB-1x-SIM-1x-eSIM,Honor,Honor 600,Zoki,2026-07-09 11:05:00,Potrebna pouzdana informacija!
https://mobilnisvet.com/mobilni/tkw/Honor/600-8GB-256GB-1x-SIM-1x-eSIM,Honor,Honor 600,d,2026-07-07 16:15:00,Telefon je do jaja
https://mobilnisvet.com/mobilni/tkw/Honor/600-8GB-256GB-1x-SIM-1x-eSIM,Honor,Honor 600,Radovan,2026-07-06 20:37:00,Ja imam problem sa instagramom
https://mobilnisvet.com/mobilni/tkw/Honor/600-8GB-256GB-1x-SIM-1x-eSIM,Honor,Honor 600,Miksha,2026-07-04 08:59:00,"Da li ovaj telefon u poslovnicama dolazi sa punjačem,maskom,itd....?"
https://mobilnisvet.com/mobilni/tkw/Honor/600-8GB-256GB-1x-SIM-1x-eSIM,Honor,Honor 600,H,2026-07-04 00:47:00,Sa 8 gb memorije
https://mobilnisvet.com/mobilni/tkw/Honor/600-8GB-256GB-1x-SIM-1x-eSIM,Honor,Honor 600,Dule,2026-06-25 15:39:00,Danas kupio i prvi utisci su odlični.
https://mobilnisvet.com/mobilni/z9z/Honor/600-Pro-12GB-512GB-2x-SIM-1x-eSIM,Honor,Honor 600 Pro,Milan,2026-07-26 23:59:00,Vredi li preci sa S25 na honor 600 pro?
https://mobilnisvet.com/mobilni/z9z/Honor/600-Pro-12GB-512GB-2x-SIM-1x-eSIM,Honor,Honor 600 Pro,G,2026-07-24 21:53:00,"Antutu kaze single core snaga veca na Honoru nego na S25, multi core manja. Procesorski tu su...no baterijski na strani Honora svakako"
https://mobilnisvet.com/mobilni/z9z/Honor/600-Pro-12GB-512GB-2x-SIM-1x-eSIM,Honor,Honor 600 Pro,Sandman,2026-07-23 17:28:00,"Dobar telefon,ali pozadina telefona uzas,bukvalno su iskopirali pozadi ceo model ajfona 17 pro 1/1...pored toliko mogucih dizajna ti bas ovo uradis..."
https://mobilnisvet.com/mobilni/z9z/Honor/600-Pro-12GB-512GB-2x-SIM-1x-eSIM,Honor,Honor 600 Pro,Kareli,2026-07-23 12:44:00,Evo da ostavim i ja utiske posle mesec dana korišćenja telefona. Ja sam imao sreće pa sam uspeo da ga kupim po ceni od 570 EUR od tipa koji radi za Yettel. Telefon me oduševio prezadovoljan sam baterija dobro drži meni do dva dana što se tiče ovoga AOD da li ima ili nema  to je zanemarljivo verovatno će novim ažuriranjem i to ispraviti. Ja sam samo originalnu zaštitu fabričku sa ekrana zamenio u mobile outfitters sa mat zaštitom koja je top ne ostavlja nikakve tragove korišćenja. Za sada prezadovoljan vreme će pokazati dal će tako i ostati.
https://mobilnisvet.com/mobilni/z9z/Honor/600-Pro-12GB-512GB-2x-SIM-1x-eSIM,Honor,Honor 600 Pro,G,2026-07-22 20:06:00,"Konacno nesto dostojno, sto moze da nasledi zver zvanu Nova 5T. Ko je imao novu, kapira na sta mislim. Ovaj 600 pro je definitivno preporuka, iako jeste malo skuplji....ali, vredi."
https://mobilnisvet.com/mobilni/z9z/Honor/600-Pro-12GB-512GB-2x-SIM-1x-eSIM,Honor,Honor 600 Pro,Dragana,2026-07-16 19:27:00,Ovaj ili poco8 pro
https://mobilnisvet.com/mobilni/z9z/Honor/600-Pro-12GB-512GB-2x-SIM-1x-eSIM,Honor,Honor 600 Pro,Laki,2026-07-12 10:23:00,Da li ovaj telefon da kupim ili Samsung s26 12/512 zanima me vaše mišljenje?
https://mobilnisvet.com/mobilni/z9z/Honor/600-Pro-12GB-512GB-2x-SIM-1x-eSIM,Honor,Honor 600 Pro,Dax,2026-07-11 11:40:00,@neo najvise me zanima kamera za snimanje iz blizine?
https://mobilnisvet.com/mobilni/z9z/Honor/600-Pro-12GB-512GB-2x-SIM-1x-eSIM,Honor,Honor 600 Pro,Dax,2026-07-10 20:39:00,"Imam S23 Ultra, da li vredi da se zameni sa ovim telefonom?"
https://mobilnisvet.com/mobilni/z9z/Honor/600-Pro-12GB-512GB-2x-SIM-1x-eSIM,Honor,Honor 600 Pro,neo,2026-07-09 12:37:00,Odlican telefon u svakom pogledu. Svaka topla preporuka da ga posedujete!
https://mobilnisvet.com/mobilni/z9z/Honor/600-Pro-12GB-512GB-2x-SIM-1x-eSIM,Honor,Honor 600 Pro,Kareli,2026-07-03 20:04:00,Jel neko zna da li telefon dolazi sa zalepljeni folijom na ekranu? Meni se čini kao da ima neku foliju al hteo bi da zamenim sa nekom hidrogel kvalitetnom folijom. Može neke preporuke ako je neko već menjao fabričku zaštitu.
https://mobilnisvet.com/mobilni/z9z/Honor/600-Pro-12GB-512GB-2x-SIM-1x-eSIM,Honor,Honor 600 Pro,Stefan,2026-07-01 10:54:00,"Da li neko zna kako da se reši problem da se tekst loše prikazuje, da dolazi do preklapanja teksta? Npr. kad se uđe na Fejs javljaju se preklapanja gde su likes."
https://mobilnisvet.com/mobilni/z9z/Honor/600-Pro-12GB-512GB-2x-SIM-1x-eSIM,Honor,Honor 600 Pro,H,2026-07-01 10:13:00,"Koliko jacu bateriju ima Xiaomi 17t pro , pa to nije realno. Stvarno mnogo kompaktniji i bolji telefon od ovog. Citao sam , pisu ovamo neki strucniji ljudi od mene da ima bateriju preko 7 sati duzu pri jednom punjenu. Bas velika razlika."
https://mobilnisvet.com/mobilni/z9z/Honor/600-Pro-12GB-512GB-2x-SIM-1x-eSIM,Honor,Honor 600 Pro,Igor,2026-06-22 17:29:00,Pa dobro da li je baš tolika razlika izmedju UFS 3.1 i 4.0/4.1 i da li je i zašto to toliko bitno? Voleo bih da mi neko objasni gde se najviše oseti ta razlika u svakodnevnom korišćenju. Hvala
https://mobilnisvet.com/mobilni/z9z/Honor/600-Pro-12GB-512GB-2x-SIM-1x-eSIM,Honor,Honor 600 Pro,Milan,2026-06-21 15:57:00,Da olakšam svima muke koji traže da li je telefon UFS 3.1 ili 4.0/4.1 pošto je jako teško doći do informacije na internetu chatgpt i gemini kažz da je 4.0.
https://mobilnisvet.com/mobilni/z9z/Honor/600-Pro-12GB-512GB-2x-SIM-1x-eSIM,Honor,Honor 600 Pro,Kareli,2026-06-20 14:47:00,Evo utisak od tri dana korišćenja telefona. Jedna velika zamerka je kod poziva ne sviđa mi se jasnoća kod razgovora dosta je basiran zvuk. Na prethodnom telefonu Samsung A52s zvuk pri razgovoru je bio fenomenalan još su postojale opcije da sam testiraš svoj sluh pa da tako podesiš kod razgovora. Ako neko zna jel imaju negde opcije da se to ovde podesi ja ne mogu naći.
https://mobilnisvet.com/mobilni/z9z/Honor/600-Pro-12GB-512GB-2x-SIM-1x-eSIM,Honor,Honor 600 Pro,Potrebna mi je pomoc,2026-06-19 04:56:00,"Imam telefon nekih mesec dana, od prosle nedelje imam problem gde u toku poziva preko VolTE ili obicnog poziva posle 2 do 3 sekunde mene sagovornik ne cuje ili se cak desava da se poziv prekine, mislio sam da je problem u sim kartici posto je stara 9 godina i ja sam je zamenio, jedan dan je radilo ispravno i odmah posle toga je opet poceo isti problem."
https://mobilnisvet.com/mobilni/z9z/Honor/600-Pro-12GB-512GB-2x-SIM-1x-eSIM,Honor,Honor 600 Pro,dragan,2026-06-15 09:57:00,jel bolji interfejs na honoru ili samsungu? zelim cuti iskustva ljudi koji su koristili oba.
https://mobilnisvet.com/mobilni/z9z/Honor/600-Pro-12GB-512GB-2x-SIM-1x-eSIM,Honor,Honor 600 Pro,KAB-500KR,2026-06-10 14:50:00,Koji zvucnik se dobijao uz ovaj telefon da li neko zna pun naziv
https://mobilnisvet.com/mobilni/z9z/Honor/600-Pro-12GB-512GB-2x-SIM-1x-eSIM,Honor,Honor 600 Pro,srdja,2026-06-10 11:02:00,ovaj ili 400 pro? da li vredi razlike u ceni
https://mobilnisvet.com/mobilni/z9z/Honor/600-Pro-12GB-512GB-2x-SIM-1x-eSIM,Honor,Honor 600 Pro,Dobar telefon,2026-06-09 20:21:00,"Dobar telefon,ali nema AOD beznacajna funkcija za nekog ,a nekom je bitna.Za te pare, to je neoprostivo da nema.Nekom su bitne kamere,nekom igre, ali za te novce treba standardno da ima."
https://mobilnisvet.com/mobilni-komentari/dd4/Honor/Magic6-Lite/8,Honor,Honor Magic6 Lite,Aca,2024-06-07 01:22:00,Kakva je stabilizacija pri snimanju videa u 1080p t.j. Full hd-u?
https://mobilnisvet.com/mobilni-komentari/dd4/Honor/Magic6-Lite/8,Honor,Honor Magic6 Lite,Sasa,2024-06-06 23:09:00,Da li imate predlog za nesto bolje u ovom cenovnom rangu? Unaored se zahvaljujem.
https://mobilnisvet.com/mobilni-komentari/dd4/Honor/Magic6-Lite/8,Honor,Honor Magic6 Lite,Aca,2024-06-03 16:51:00,"Možete li mi dati vaše utiske o jačini i kvalitetu zvuka pri zvonjenju telefona?Vidim da su od onoga što mi je bitno kamere kažete dobre,baterija dobra,dobro urađen...još samo kakva je jačina zvuka i kvalitet zvuka posebno pri zvonjenju,ali i pri slušanju muzike...pošto igice ne igram na telefonu?Hvala vam unapred..."
https://mobilnisvet.com/mobilni-komentari/dd4/Honor/Magic6-Lite/8,Honor,Honor Magic6 Lite,Sasa,2024-06-02 17:26:00,Ljudi ja imam ovaj telefon vec tri cetri dana ali ne razumem zasto se greje na primer kad igram na netu slot igre? I baterija nije nesto zadovoljavajuca pola dana a nov sam kupio
https://mobilnisvet.com/mobilni-komentari/dd4/Honor/Magic6-Lite/8,Honor,Honor Magic6 Lite,Dragana,2024-06-02 13:00:00,"Imam punjač 67w od RN 13pro,da li može za ovaj telefon?"
https://mobilnisvet.com/mobilni-komentari/dd4/Honor/Magic6-Lite/8,Honor,Honor Magic6 Lite,Sasa,2024-05-28 16:53:00,Pozdrav svima. Dvoumim se izmedju ovog i A54. Bitna mi je kamera i procesor. T.j. da ne baguje i ne secka pri radu
https://mobilnisvet.com/mobilni-komentari/dd4/Honor/Magic6-Lite/8,Honor,Honor Magic6 Lite,Tradtra,2024-05-28 01:22:00,"Ja sam kupio ovaj model i odusevio me! Koristio sam redmi note 10 pro,i sa njega presao na note 13 pro 4G,ali mi se pokvario posle dva dana,na moju srecu,a razlike izmedju note 10 pro i note 13 pro 4G nije ni bilo,samo malo bolja kamera na 13 pro 4G,sve ostalo isto ili losije vec na note 10 pro."
https://mobilnisvet.com/mobilni-komentari/dd4/Honor/Magic6-Lite/8,Honor,Honor Magic6 Lite,Kaja,2024-05-27 17:28:00,Kratko pitanje Samsung s23 ili Honor magic 6lite? Hvala unapred.
https://mobilnisvet.com/mobilni-komentari/dd4/Honor/Magic6-Lite/8,Honor,Honor Magic6 Lite,Zendra,2024-05-25 00:01:00,"Trebalo mi je dva sata da napuni od 28 posto do 100,kupio sam max mobile punjač od 38 wati,kakav punjač da kupim za brze punjenje"
https://mobilnisvet.com/mobilni-komentari/dd4/Honor/Magic6-Lite/8,Honor,Honor Magic6 Lite,B,2024-05-24 14:56:00,Koju foliju je najbolje staviti fabricka evo posle 15 dana gornji cošak vec lagano krece a maska mu inace nesneta samo ne mobiloutviters
https://mobilnisvet.com/mobilni-komentari/dd4/Honor/Magic6-Lite/8,Honor,Honor Magic6 Lite,Zoki,2024-05-21 11:13:00,"Aprilska zakrpa 7.2.0.203 teska 0.97 GB. Dodat video plejer, telefon radi extra brzo i fluidno, kamera brze okida i fotke su detaljnije. Ovo je vrh telefon u svom rangu."
https://mobilnisvet.com/mobilni-komentari/dd4/Honor/Magic6-Lite/8,Honor,Honor Magic6 Lite,Zoki,2024-05-20 08:41:00,GCam BigKaka v8.8 daje bolje i detaljnije fotografije u svim uslovima i nema configs fajl. Iskljuciti AWB u GCam.
https://mobilnisvet.com/mobilni-komentari/dd4/Honor/Magic6-Lite/8,Honor,Honor Magic6 Lite,Nimolajević,2024-05-16 12:29:00,Očekuje li se update na magic os 8 za magic 6 lite?
https://mobilnisvet.com/mobilni-komentari/dd4/Honor/Magic6-Lite/8,Honor,Honor Magic6 Lite,Ava,2024-05-15 18:16:00,Honor Magic 6 Lite ili Poco F4? Najvaznije su mi kamere.
https://mobilnisvet.com/mobilni-komentari/dd4/Honor/Magic6-Lite/8,Honor,Honor Magic6 Lite,Bojana,2024-05-14 12:23:00,Gde ima da se kupi punjač za ovaj telefon?
https://mobilnisvet.com/mobilni-komentari/dd4/Honor/Magic6-Lite/8,Honor,Honor Magic6 Lite,Nikolajević,2024-05-08 02:05:00,Magic 6 lite ili Redmi Note 13 Pro? Šta je bolje uzeti od ta dva?
https://mobilnisvet.com/mobilni-komentari/dd4/Honor/Magic6-Lite/8,Honor,Honor Magic6 Lite,Raša,2024-05-01 00:39:00,Da li vredi menjati Huawei Novu 5t za ovaj model?
https://mobilnisvet.com/mobilni-komentari/dd4/Honor/Magic6-Lite/8,Honor,Honor Magic6 Lite,339,2024-05-01 00:10:00,"Prodao Hm6 Lite pre 15 dana, tamo-'vamo, opet uzeo isti (ali sada u drugoj boji). Preporuka, kome odgovara jednostavnost i optimizovanost EMUI 13 (MagicOS-a 7.2-8), posebno sada kada je cena oko 200+ magicnih, za taj iznos i iz 2024 tesko da ima nesto bolje, dizajnerski bar i slicno.. (:"
https://mobilnisvet.com/mobilni-komentari/dd4/Honor/Magic6-Lite/8,Honor,Honor Magic6 Lite,Miljan,2024-04-28 00:08:00,"Da li je neko uzeo narandžastu, meni realno najljepše izgleda?"
https://mobilnisvet.com/mobilni-komentari/dd4/Honor/Magic6-Lite/8,Honor,Honor Magic6 Lite,Djole,2024-04-20 19:57:00,Imam ovaj tel već skoro 2 meseca. Nisam nezadovoljan. Vrlo korektan za ovaj novac. Malo mi smeta što aktiviranje kamere po nekad secka. Zapravo čekam možda 2 sekunde da se stabilizuje i tek onda moze da se okida. Da li još neko ima ovakvo iskustvo? Kupljen u Gigatronu.
https://mobilnisvet.com/mobilni-komentari/dd4/Honor/Magic6-Lite/8,Honor,Honor Magic6 Lite,Nemke,2024-04-20 14:09:00,Dvoumim se izmedju honor magic 6 lite ili honor x8b?
https://mobilnisvet.com/mobilni-komentari/dd4/Honor/Magic6-Lite/8,Honor,Honor Magic6 Lite,Milan,2024-04-10 22:51:00,Dvoumim se između Honor Magic 6 lite i Samsung a55.
https://mobilnisvet.com/mobilni-komentari/dd4/Honor/Magic6-Lite/8,Honor,Honor Magic6 Lite,Da Mi,2024-04-10 12:28:00,"Dobar dan zelim svima, koliko Vas ima :)"
https://mobilnisvet.com/mobilni-komentari/dd4/Honor/Magic6-Lite/8,Honor,Honor Magic6 Lite,Nemanja,2024-04-09 08:34:00,Da li neko moze iskreno da mi kaže? Honor Magic 6 lite ili Honor 70. Hvala
https://mobilnisvet.com/mobilni-komentari/dd4/Honor/Magic6-Lite/8,Honor,Honor Magic6 Lite,Misa,2024-04-06 00:19:00,"Nakon dugog razmisljanja uzet je Redmi note 13 pro. A bas sam se dvoumio izmedju ova dva. Odlucio sam se za Xiaomi zato sto razmisljaju za korisnika... dobijas punjac, maskicu i zastitu za staklo. Ne razumem taj bezobrazluk prodaje telefona bez punjaca i prodaje neke price za zastitu zivotne sredine ili ko zna kog drugog razloga."
https://mobilnisvet.com/mobilni-komentari/9955/Honor/70/8,Honor,Honor 70,Ana,2023-08-10 09:09:00,Honor 70 ili Honor Magic 5 lite. Da li vredi dati 100 evra više za 70-icu?
https://mobilnisvet.com/mobilni-komentari/9955/Honor/70/8,Honor,Honor 70,Džej,2023-08-09 11:35:00,Zna li neko da li ovaj telefon ima zaštitu od umaranja očiju koju imaju noviji Honor modeli?
https://mobilnisvet.com/mobilni-komentari/9955/Honor/70/8,Honor,Honor 70,Keti,2023-08-05 23:40:00,"Stavila sam zastitno staklo na Honor 70 i sada se mnogo losije vidi pogotovo na suncu, sada bih skinula ali neznam da li je staklo na ekranu otporno na ogrebotine. A folija koja je bila na njemu je bila sasvim ok, pogresila sam sto sam je skinula."
https://mobilnisvet.com/mobilni-komentari/9955/Honor/70/8,Honor,Honor 70,Lemi,2023-08-02 14:09:00,"Honor 70 ili Xiaomi 12x, i zasto, po cemu je koj bolji?"
https://mobilnisvet.com/mobilni-komentari/9955/Honor/70/8,Honor,Honor 70,Bolii,2023-08-02 12:36:00,Imam veliku dilemu i to najvise zbog kamere.... Honor 70 ili Samsung S21 fe?  Hvala
https://mobilnisvet.com/mobilni-komentari/9955/Honor/70/8,Honor,Honor 70,Dux,2023-08-01 18:48:00,Honor 70 ili 90lite?
https://mobilnisvet.com/mobilni-komentari/9955/Honor/70/8,Honor,Honor 70,Miroslav,2023-08-01 16:14:00,HONOR 70. Posedujem ga godinu dana. Baterija nece da se puni iako pokazuje znak punjenja. Probao više punjača. Jel moguće da je crkla baterija. Nema sta nisam probao. I restart telefona...pomoc
https://mobilnisvet.com/mobilni-komentari/9955/Honor/70/8,Honor,Honor 70,Marko,2023-08-01 14:46:00,Jel vam je jun bezbedonosna zakrpa
https://mobilnisvet.com/mobilni-komentari/9955/Honor/70/8,Honor,Honor 70,random,2023-07-31 10:59:00,"honor 90, honor 70 ili samsung a54?"
https://mobilnisvet.com/mobilni-komentari/9955/Honor/70/8,Honor,Honor 70,Miša,2023-07-31 08:52:00,"Prezadovoljan sam telefonom, jedina zamerka je sto se slabije cuje sagovornik putem poziva, cak i kada se ukljuci zvucnik, jedva se cuje. Ranije sam koristio samsung i nisam imao tih problema. Da li neko ima slicnih problema i da li je mozda do azuriranja telefona?"
https://mobilnisvet.com/mobilni-komentari/9955/Honor/70/8,Honor,Honor 70,Misa,2023-07-29 21:17:00,Pozdrav
https://mobilnisvet.com/mobilni-komentari/9955/Honor/70/8,Honor,Honor 70,Tole,2023-07-28 05:51:00,Da li H70 dobija android 15?
https://mobilnisvet.com/mobilni-komentari/9955/Honor/70/8,Honor,Honor 70,Maki,2023-07-26 16:20:00,Honor 70 ili f4 gt?
https://mobilnisvet.com/mobilni-komentari/9955/Honor/70/8,Honor,Honor 70,Mk,2023-07-24 22:39:00,"Jel rešio neko sms problem, čisto pitam?"
https://mobilnisvet.com/mobilni-komentari/9955/Honor/70/8,Honor,Honor 70,Šomi,2023-07-24 16:22:00,"Cime zaticujete zakrivljen ekran,preporuka sta da stavim da zastitim od slucajnog pada?"
https://mobilnisvet.com/mobilni-komentari/9955/Honor/70/8,Honor,Honor 70,Mk,2023-07-21 22:54:00,"Drugari u vezi kašnjenja sms poruka kada je volte uključen ipak je do mreže, drug koristi vip i odmah mu stiže baš probali meni na yettelu ne, tako da nije do telefona"
https://mobilnisvet.com/mobilni-komentari/9955/Honor/70/8,Honor,Honor 70,Miroslav,2023-07-21 15:45:00,"Honor 70. U ikonici baterije prikazuje da se puni, a procenat baterije je 0.Čim ga skinem s punjača ugasi se. I tako par dana. Posle par dana odjednom kao radi. Ali to nije to. U ikonici baterije se pojavi neki znak. Pomoć, šta činiti"
https://mobilnisvet.com/mobilni-komentari/9955/Honor/70/8,Honor,Honor 70,Milan,2023-07-20 11:49:00,Imam problem kad me neko zove ne cujem uopste telefon samo stigne propusten poziv a kad zovem ukljucen mi je volte i tad hoce da pozove drugog korisnika cim ga iskljucim volte ne stizu pozivi drugom locu?
https://mobilnisvet.com/mobilni-komentari/9955/Honor/70/8,Honor,Honor 70,Buki,2023-07-19 08:24:00,"Da li još neko ima problema sa otiskom prsta, stavljeno staklo i nikako ne prepoznaje otisak, sve ostalo je ok?"
https://mobilnisvet.com/mobilni-komentari/9955/Honor/70/8,Honor,Honor 70,iggy74,2023-07-19 03:01:00,Pozdrav ljudi! Imam jedan problem...nakon azuriranja na android 13 nemam nikakvo obavestenje o propustenim pozivima za WhatsApp na AOD. Tek kad otkljucam tel na WhatsApp ikonici stoji obavestenje. Za WhatsApp poruke prikazuje normalno ikonicu obavestenja na AOD-u. Na verziji android 12 je sve radilo ok. Ne znam do cega je pa ako neko ima isti ili slican problem neka pise. Hvala
https://mobilnisvet.com/mobilni-komentari/9955/Honor/70/8,Honor,Honor 70,Lejla,2023-07-18 21:48:00,"Skoro sam uzela honor 70. Kod uporediđ sa bilo kojim drugim, kao moj telefon se uvek pojavi neki Huawei Honor X10Max 5G. Kako je to moguće? Da li umesto Honora 70 se krije neki drugi telefon. Molim za odgovor. Telefon je u garanciji."
https://mobilnisvet.com/mobilni-komentari/9955/Honor/70/8,Honor,Honor 70,Mo,2023-07-18 17:48:00,Ovaj honor ili Samsung a54
https://mobilnisvet.com/mobilni-komentari/9955/Honor/70/8,Honor,Honor 70,Mk,2023-07-17 08:03:00,Jel rešio neko onaj bag što kasne sms poruke kad je volte uključen?
https://mobilnisvet.com/mobilni-komentari/8714/Honor/50/9,Honor,Honor 50,Nikola,2021-12-06 14:42:00,Honor 50 ili P30 pro. Oba da su nova i cena im je slicna trenutno.
https://mobilnisvet.com/mobilni-komentari/8714/Honor/50/9,Honor,Honor 50,Stefan,2021-12-02 22:26:00,"Kakvo je stanje sa Honorom 50,Kakva si iskustva s tim modelom ,mane neke ako ima,ekran ,baterija i ostale stvari koje idu uz to."
https://mobilnisvet.com/mobilni-komentari/8714/Honor/50/9,Honor,Honor 50,Kiza,2021-12-01 10:55:00,Može li umesto druge sim da se ubaci memorijska?
https://mobilnisvet.com/mobilni-komentari/8714/Honor/50/9,Honor,Honor 50,Ceca,2021-11-29 11:34:00,"Da li neko ima predlog kako da povežem Honor 50 sa Huawei band 6? Pokušala  da instaliram Huawei health ali neće, postoji neka greška. Takođe i preko Huawei wear ali se ovaj model pametnog sata ne vidi na ovoj aplikaciji."
https://mobilnisvet.com/mobilni-komentari/8714/Honor/50/9,Honor,Honor 50,Boško,2021-11-27 13:07:00,"Čekam Honor 50 vec duze vreme, na internetu nije bio neki izbor, jedan sa A1 mreze 550 evra, jaka cjena, jutros se pojavi nekoliko komada, napokon realne cjene, primjetio sam da je vecini razlog ne kupovine istog jaka cjena,,, pa me zanima vase sadašnje misljenje, sa ovom cjenom od oko 450 evra za model 8/256 GB???"
https://mobilnisvet.com/mobilni-komentari/8714/Honor/50/9,Honor,Honor 50,ljubo,2021-11-24 16:50:00,"1 zvucnik u 21. veku,a tolika cena.Ne mogu shvatiti.Nokia je pre u telefonu od 100. evra imala 2. zvucnika.Valjda cekaju da se ispucaju sa novitetima pa da onda svi dodaju jos taj jedan zvucnik."
https://mobilnisvet.com/mobilni-komentari/8714/Honor/50/9,Honor,Honor 50,Milos,2021-11-22 21:56:00,"Koliko me je Honor 20 odusevio, toliko me je ovaj razocarao. Ostalo se na 2mpix macro kameri, sirokougaona kao da je tu samo reda radi. A onda i pored toga nema tele kamere. Pa da i to ne bude dovoljno za ovaj novac nema OIS na glavnoj, prosto nedopustivo. Mono zvucnik? I ostaje pitanje zasto nisu isli na snap 870 iako ovo mu toliko ni ne uzimam za manu. I dalje A52s 5G best buy ubedljivi, jedino Motorola Edge serija ali oni su napravili tablet a ne telefon. Druzenje sa Honor 20 telefonom uz zamenu baterije se nastavlja, ne vidim ni jedan veci razlog za menjanje tog telefona."
https://mobilnisvet.com/mobilni-komentari/8714/Honor/50/9,Honor,Honor 50,Dejan,2021-11-22 17:14:00,Jel mogu ovde  2sim kartice da se ubace s obzirom da nema slot za memorisku?
https://mobilnisvet.com/mobilni-komentari/8714/Honor/50/9,Honor,Honor 50,Vladimir,2021-11-21 06:31:00,"Na žalost ja ću morati da se prabacim na Xiaomi. Nije samo cena problematična, već činjenica da je Honor počeo da odustaje od ir-a, a ispostavilo se da mi to čudo treba."
https://mobilnisvet.com/mobilni-komentari/8714/Honor/50/9,Honor,Honor 50,Uros,2021-11-20 22:08:00,"Uzeo ja. Prešao sa a52s. Telefon je jako dobro skockan. Sve što treba ima ali opet ga ništa specijalno ne izdvaja u smislu specifikacija-zaokruzen. Jedino što bih izdvojio je dizajn, jako lepo izgleda i drugačiji je u odnosu na ostale midrangere i high-midrangere. Velika mana je nedostatak vodootpornosti (u odnosu na a52s) ali opet ima znatno jace brzo punjenje i bolja prednja kamera."
https://mobilnisvet.com/mobilni-komentari/8714/Honor/50/9,Honor,Honor 50,Darko,2021-11-20 05:52:00,Dali ovaj mobilni ima bolju kameru i bateriju od huaweia p30 pro
https://mobilnisvet.com/mobilni-komentari/8714/Honor/50/9,Honor,Honor 50,Milena,2021-11-19 10:38:00,Da li mogu da se prebace viber poruke na ovom telefonu?  Hvala
https://mobilnisvet.com/mobilni-komentari/8714/Honor/50/9,Honor,Honor 50,Miodrag,2021-11-17 22:20:00,"Jel neko kupio ovaj telefon? Moze neko iskustvo, misljenje... Hvala :)"
https://mobilnisvet.com/mobilni-komentari/8714/Honor/50/9,Honor,Honor 50,Doberman,2021-11-11 21:31:00,"I ja sam fan Honora,vec dve godine koristim i prezadovoljan sam.Cekao Honor 50,kad sam video cenu odustao sam.Sinoc sam uzeo Nord 2 i mislim da nisam pogresio."
https://mobilnisvet.com/mobilni-komentari/8714/Honor/50/9,Honor,Honor 50,Nikola,2021-11-04 08:16:00,"Ima li ovaj model OTG funkciju, ne nađoh je u specifikaciji?!"
https://mobilnisvet.com/mobilni-komentari/8714/Honor/50/9,Honor,Honor 50,savic,2021-11-03 16:26:00,ovo cudo ili motorola 20 edge pro ?
https://mobilnisvet.com/mobilni-komentari/8714/Honor/50/9,Honor,Honor 50,Jon,2021-11-02 08:19:00,"Telefon od 500€ a makro 2 mpx, ovo je za mene mnogo novca."
https://mobilnisvet.com/mobilni-komentari/8714/Honor/50/9,Honor,Honor 50,Nikola,2021-11-01 20:52:00,Sve preko 400 je previse za sada. A mozda je i 400 mnogo. Ali koliko vidim cene su kao da sam usao na polovniautomobili a ne na mobilne telefone . . .
https://mobilnisvet.com/mobilni-komentari/8714/Honor/50/9,Honor,Honor 50,Aleksandar,2021-09-28 12:32:00,Sve je ovo super ali mi je malo zapalo za oko sto ima SD 778g umesto da su stavili SD 870. Sad koristim Honor 20 i u tom rangu nema boljeg smem da potpisem ali ne zaboravimo da on ima 980 kirin cipset u to vreme najbolji na svetu. Zato mi cudno sto Honor 50 ima SD 778  ne 870.
https://mobilnisvet.com/mobilni-komentari/8714/Honor/50/9,Honor,Honor 50,Doberman,2021-09-27 15:04:00,"Izgleda da kod nas stize Huawei nova 9.Sve je isto kao na Honor 50,samo ima i Harmony Os.To bi trebalo za koji dan"
https://mobilnisvet.com/mobilni-komentari/8714/Honor/50/9,Honor,Honor 50,Javorac,2021-09-20 17:09:00,Stiže li više ovaj model?
https://mobilnisvet.com/mobilni-komentari/8714/Honor/50/9,Honor,Honor 50,Ivan,2021-08-15 13:36:00,Kada ce ovaj telefon biti dostupan kod nas zna li se datum i koja ce mu cena biti?
https://mobilnisvet.com/mobilni-komentari/8714/Honor/50/9,Honor,Honor 50,Žeksina,2021-07-19 12:31:00,"Imao sam Honor 8A, sada imam Honor 9x Pro i sa oba sam prezadovoljan. Po svemu sudeći ovaj ili Honor 50 SE su sledeći."
https://mobilnisvet.com/mobilni-komentari/blm/Honor/Magic5-Lite/7,Honor,Honor Magic5 Lite,Mika,2023-12-05 19:03:00,Trebam malu pomoc Magic_5_lite ili Redmi 12 pro 4g ?
https://mobilnisvet.com/mobilni-komentari/blm/Honor/Magic5-Lite/7,Honor,Honor Magic5 Lite,B.,2023-12-04 00:55:00,Stigla novembarska zakrpa
https://mobilnisvet.com/mobilni-komentari/blm/Honor/Magic5-Lite/7,Honor,Honor Magic5 Lite,9888,2023-12-02 19:34:00,a54 ili magic5lite? Koji je bolji?
https://mobilnisvet.com/mobilni-komentari/blm/Honor/Magic5-Lite/7,Honor,Honor Magic5 Lite,Zoki,2023-12-02 16:25:00,Stigla zakrpa novembar 7.1.0.221
https://mobilnisvet.com/mobilni-komentari/blm/Honor/Magic5-Lite/7,Honor,Honor Magic5 Lite,Mili,2023-12-02 10:15:00,Na androidu 13 kada iđem u poruke i još neku aplikaciju stoji svetlo smeđa boja a ranije je bila plava. Je l zna neko kako se može podesiti da bude opet plava?
https://mobilnisvet.com/mobilni-komentari/blm/Honor/Magic5-Lite/7,Honor,Honor Magic5 Lite,Stipe,2023-12-01 22:35:00,Mobitel je vrh vrhova u cijenovnom rangu ali je žal što nema cameru od 108 megapiksel da mognem fotkat labude na rijeci u susjednom gradu.Isto mu je dobro sučelje.Dobar zaslon ma vrh je.Ali samo ta camera eehhhh labude ne mognem fotkat kak na s23 ultru.Dobar fon.
https://mobilnisvet.com/mobilni-komentari/blm/Honor/Magic5-Lite/7,Honor,Honor Magic5 Lite,Boško,2023-12-01 16:19:00,"Pozdrav, šta mi preporučujete ovaj honor magic5 lite ili poco m4 pro? Vidim da su cijenom tu negdje. Inače nisam neki zahtjevan korisnik. Hvala..."
https://mobilnisvet.com/mobilni-komentari/blm/Honor/Magic5-Lite/7,Honor,Honor Magic5 Lite,Aca,2023-11-30 09:58:00,"Ćao društvo imam pitanje ....uzeo sam telefon honor magic 5 lite, nisam kupio brzi punjač od 40 w. ..Da li će naškoditi bateriji ako se puni sa sporim punjačem od Samsunga ....I da li je štetno punjenje brzim punjačem za bateriju ....Hvala"
https://mobilnisvet.com/mobilni-komentari/blm/Honor/Magic5-Lite/7,Honor,Honor Magic5 Lite,Marija,2023-11-29 21:57:00,Da li je na ovom telefonu moguće uključiti navigacione tastere i koji je postupak.  Hvala unapred
https://mobilnisvet.com/mobilni-komentari/blm/Honor/Magic5-Lite/7,Honor,Honor Magic5 Lite,Mare,2023-11-29 19:18:00,"Zašto je blic na ovom telefonu čudan? Da li neko zna? Kada slikam sa uključenim licem on sveeeeetli bez prestanka i slika. Nema kratkog dela, tj blica."
https://mobilnisvet.com/mobilni-komentari/blm/Honor/Magic5-Lite/7,Honor,Honor Magic5 Lite,Ex,2023-11-29 07:47:00,Hteo bih neki telefon za gaming realno gledajući da ima Qualcomm Snapdragon 695 5G možda je to ipak slabo za ufc fifu.
https://mobilnisvet.com/mobilni-komentari/blm/Honor/Magic5-Lite/7,Honor,Honor Magic5 Lite,D,2023-11-27 09:58:00,Sad kad je na a13 kamera je dosta bolja nema ni potrebe sad za tom g kamerom
https://mobilnisvet.com/mobilni-komentari/blm/Honor/Magic5-Lite/7,Honor,Honor Magic5 Lite,Caroline,2023-11-27 00:00:00,"Uvijek smo kupovali sve od samsunga... E, pa sada sam odlucila kupiti honor magic 5 lite.. Ugodno sam se bas iznenadila... Nikad kvalitetnije slike nisam imala ni na jednom samsung u! Izvrsno je sto ima I opciju snimanja video zapisa no u... A bateriju punim svako treci dan...Super... Osim toga memorija od 256 gb.... Je isto velika stvar... Mozes skidati I snimati koliko zelis. Dizajn  je is to predivan, kao I velicina edge zaslona, jako ugodan u ruci, sav je svilenkast, kao kineska svila... 😊"
https://mobilnisvet.com/mobilni-komentari/blm/Honor/Magic5-Lite/7,Honor,Honor Magic5 Lite,Milan,2023-11-26 14:17:00,"Pozdrav, kako se prebacuju podaci sa pretjodnog telefona na honor magic 5 lite? Hvala unapred na odgovoru"
https://mobilnisvet.com/mobilni-komentari/blm/Honor/Magic5-Lite/7,Honor,Honor Magic5 Lite,Dejan,2023-11-25 21:37:00,"Upravo instalirao Gcam, ima razlike, vidne, vredi instalirati."
https://mobilnisvet.com/mobilni-komentari/blm/Honor/Magic5-Lite/7,Honor,Honor Magic5 Lite,Marko,2023-11-25 16:19:00,"Je l instalirao neko GCam na ovaj telefon, koju verziju i ima li razlike u kvalitetu fotografija i video snimaka u odnosu na standardnu kameru?"
https://mobilnisvet.com/mobilni-komentari/blm/Honor/Magic5-Lite/7,Honor,Honor Magic5 Lite,Anastasija,2023-11-25 14:05:00,Kako ste zadovoljni telefonom?
https://mobilnisvet.com/mobilni-komentari/blm/Honor/Magic5-Lite/7,Honor,Honor Magic5 Lite,Aki,2023-11-24 23:47:00,Jel zna neko kako da podesim da se onako brzo dva puta klikne na displej (da ne moram dugme svaki put pritiskati) pa da se upali ekran?
https://mobilnisvet.com/mobilni-komentari/blm/Honor/Magic5-Lite/7,Honor,Honor Magic5 Lite,Aki,2023-11-24 17:41:00,"Ako punim telefon sa običnim punjacem od samsunga npr, da li to šteti bateriji?"
https://mobilnisvet.com/mobilni-komentari/blm/Honor/Magic5-Lite/7,Honor,Honor Magic5 Lite,Zoki,2023-11-24 13:47:00,Telefon je extra! Fabrički blokator poziva i honorov snimač poziva koji se implementira u Telefon aplikaciju rade savršeno. Uputstvo za instalaciju snimača poziva i link je u fejsbuk grupi HONOR Fans Srbija
https://mobilnisvet.com/mobilni-komentari/blm/Honor/Magic5-Lite/7,Honor,Honor Magic5 Lite,Nikola,2023-11-24 08:30:00,"Pozdrav da li je neko imao problem da kada udje u imenik nepisu ni brojevi ni nista, vratio sam na fabricka podesavanja, azuriran je telefon, karticu sam promenio stavio novu i opet ista stvar se desava?"
https://mobilnisvet.com/mobilni-komentari/blm/Honor/Magic5-Lite/7,Honor,Honor Magic5 Lite,Milan,2023-11-23 17:50:00,"Pozdrav svima, imam ovaj telefon nekoliko dana i hteo sam da pitam sve Vas koji se hvalite ili zalite na ovaj telefon a pitanje je sledece"
https://mobilnisvet.com/mobilni-komentari/blm/Honor/Magic5-Lite/7,Honor,Honor Magic5 Lite,Gax,2023-11-23 00:21:00,Pao na 200eu (verzija 8/256 gb) i to u jacim radnjama. Top.
https://mobilnisvet.com/mobilni-komentari/blm/Honor/Magic5-Lite/7,Honor,Honor Magic5 Lite,Nikola,2023-11-22 13:11:00,"Pozdrav svima, imam jedno pitanje u vezi ovog telefona, može li da se promeni launcher? Pitam pošto godinama koristim Nova Launcher na svojim telefonima i ne bih da kupujem telefon samo da saznam :)"
https://mobilnisvet.com/mobilni-komentari/gz0/Honor/Magic5-Pro/7,Honor,Honor Magic5 Pro,Nebojsa,2024-02-19 22:52:00,Da li je bolji Samsung S23 plus ili honor megic 5 pro
https://mobilnisvet.com/mobilni-komentari/gz0/Honor/Magic5-Pro/7,Honor,Honor Magic5 Pro,Vladimir,2024-02-18 17:35:00,"S23 ultra 8/256 ili ovaj? Najbitnije su mi kamera, ekran i baterija"
https://mobilnisvet.com/mobilni-komentari/gz0/Honor/Magic5-Pro/7,Honor,Honor Magic5 Pro,Mladen,2024-02-17 14:09:00,Jel izašao nekome novi apdejt?207?
https://mobilnisvet.com/mobilni-komentari/gz0/Honor/Magic5-Pro/7,Honor,Honor Magic5 Pro,keyno,2024-02-16 14:58:00,"Imam IPhone 13 pro ,da li vredi uzeti ovaj ?"
https://mobilnisvet.com/mobilni-komentari/gz0/Honor/Magic5-Pro/7,Honor,Honor Magic5 Pro,Vule,2024-02-15 00:53:00,"Jedno pitanje danas sam primetio, da li je to normalno kada slikam sa kamerom i hocu da zumiram tipa na 3,5 ili 10x zoom i drzim telefon horizontalno, tacno osetim i cujem zvuk telefoto sociva kako se pokrece i cuje se kao mali zvuk tuk kada zavrsi zumiranje ne znam da li je to normalno mislim da se pre tako nije osetilo ili nisam obratio paznju, telefon nije padao i slika sve ok?"
https://mobilnisvet.com/mobilni-komentari/gz0/Honor/Magic5-Pro/7,Honor,Honor Magic5 Pro,Huawei,2024-02-14 22:36:00,Zdravo. Da li je dobra ideja dati Mate 50 pro  i 150eura za ovaj Magic 5 pro od 12/512 gb polovni ?
https://mobilnisvet.com/mobilni-komentari/gz0/Honor/Magic5-Pro/7,Honor,Honor Magic5 Pro,Mirjana,2024-02-13 18:30:00,Koje staklo staviti na Honor Madgic5 Pro? Da li je neko imao loše iskustvo da se zakrivljena stakla odlepljuju?Hvala
https://mobilnisvet.com/mobilni-komentari/gz0/Honor/Magic5-Pro/7,Honor,Honor Magic5 Pro,Tref82,2024-02-12 22:44:00,Zna li se kad ce Magic OS 8.0 i Android 14?
https://mobilnisvet.com/mobilni-komentari/gz0/Honor/Magic5-Pro/7,Honor,Honor Magic5 Pro,Shadow,2024-02-08 21:09:00,"Za one koji bi da kupe ovaj telefon, do 14.02. je na snizenju 88.888. U gigatronu imate i opciju web kredita (rfs) bez kamate, tako se bar navodi...uvek treba biti oprezan sa tim, ali za crni petak je i pisalo i bilo tako"
https://mobilnisvet.com/mobilni-komentari/gz0/Honor/Magic5-Pro/7,Honor,Honor Magic5 Pro,David,2024-02-07 11:37:00,"Ubi se trazeci opciju da kucnem dva puta u ekran i ugasim ga ali izgleda da nema, glupo mi da ga stalno gasim sa strane"
https://mobilnisvet.com/mobilni-komentari/gz0/Honor/Magic5-Pro/7,Honor,Honor Magic5 Pro,Milan,2024-02-07 08:35:00,Šta mislite objektivno kolika je razlika izmedju ovog i 14pro max?
https://mobilnisvet.com/mobilni-komentari/gz0/Honor/Magic5-Pro/7,Honor,Honor Magic5 Pro,Royyy,2024-02-06 22:55:00,"Pitanje, koliko vam traje baterija? Ja sam uzeo neki polovan telefon, star mesec dana. Baterija ne izdrzi ni ceo dan. Prosto mi neverovatno da ne izgura ceo dan. i koliko vam traje punjenje? Do sad sam imao realme 7 pro, tek mozda u zadnjih 2 meseca sam morao u toku dana da punim telefon, i bukvalno za 10min se napuni bar 50posto. I onda poredim sa Honor, ispadne da je ovaj moj stari bolji sto se tice baterije"
https://mobilnisvet.com/mobilni-komentari/gz0/Honor/Magic5-Pro/7,Honor,Honor Magic5 Pro,El Grande,2024-02-04 12:22:00,"Pozdrav ljudi , moze li mala pomoc dvoumim se izmedju Xiaomi t 13 pro i Honor Magic 5 pro , koji je po vama bolji i da li Honor 5 pro ima google"
https://mobilnisvet.com/mobilni-komentari/gz0/Honor/Magic5-Pro/7,Honor,Honor Magic5 Pro,Cole,2024-02-03 15:43:00,"Zdravo svima, da li telefon poseduje Always on, da li obaveštajna traka moze da se spusti sa sredine, koliko kamera brzo okida nešto što je u pokretu, koliko Android ažuriranja su predviđena? Takođe koje bi bile neke mane i vrline. Hvala unapred"
https://mobilnisvet.com/mobilni-komentari/gz0/Honor/Magic5-Pro/7,Honor,Honor Magic5 Pro,Zare,2024-02-02 23:59:00,"Vidim pozitivne utiske, isplati li se uzeti polovan za oko 630e?"
https://mobilnisvet.com/mobilni-komentari/gz0/Honor/Magic5-Pro/7,Honor,Honor Magic5 Pro,Nove,2024-02-02 15:08:00,Danas mi stigao novi update softvera 202 i bezbednosna zakrpa za januar 2024.
https://mobilnisvet.com/mobilni-komentari/gz0/Honor/Magic5-Pro/7,Honor,Honor Magic5 Pro,Igor,2024-02-01 21:44:00,"Jedno pitanje drugari treba da abdejtujem na 194 verziju jos je izvorna 151, da li su sa ovom 194 resili ono kasnjenje pri paljenju ekrana na dugme,  i da li sve ok radi kod vas sa 194, toliko odusevljen kemerom samo da nju ne diraju sa 194 abdejtom 🤣"
https://mobilnisvet.com/mobilni-komentari/gz0/Honor/Magic5-Pro/7,Honor,Honor Magic5 Pro,Vladimir,2024-02-01 17:04:00,"Koji je bolji, s23 ultra 8gb/256 ili ovaj? Sto se tice baterije, kamere? Koliko je SOT na telefonu?"
https://mobilnisvet.com/mobilni-komentari/gz0/Honor/Magic5-Pro/7,Honor,Honor Magic5 Pro,Sarajlija,2024-01-31 18:49:00,"Da li neko zna kad će azuriranje na Magic i8 i android 14,na magic5 Pro, hvala"
https://mobilnisvet.com/mobilni-komentari/gz0/Honor/Magic5-Pro/7,Honor,Honor Magic5 Pro,igor,2024-01-29 14:40:00,Vuče nema jos Alibabe da donese futrolu :-)
https://mobilnisvet.com/mobilni-komentari/gz0/Honor/Magic5-Pro/7,Honor,Honor Magic5 Pro,Mile,2024-01-27 17:54:00,Sta mislite hoce li Magic 6 pro biti bolji od s24 ultra?😊
https://mobilnisvet.com/mobilni-komentari/gz0/Honor/Magic5-Pro/7,Honor,Honor Magic5 Pro,Александар,2024-01-26 01:53:00,"Pre ovog sam koristio motorolu edge 30 pro ,sve što Motorola nije imala (bolju bateriju,zadnju kameru) ovaj ima,sve radi fluidno,ekran savršen,osvetljenje na suncu odlično,jedina zamerka je zvuk bi mogao biti jači i to je to. Ko ga uzme neće se pokajati"
https://mobilnisvet.com/mobilni-komentari/87w/Honor/400-Pro-12GB-256GB-1x-SIM-1x-eSIM/3,Honor,Honor 400 Pro,NikT,2026-04-07 20:00:00,"Koristim telefon evo skoro 5 meseci, i samo mogu reci da je ispunio sva moja očekivanja."
https://mobilnisvet.com/mobilni-komentari/87w/Honor/400-Pro-12GB-256GB-1x-SIM-1x-eSIM/3,Honor,Honor 400 Pro,Stefa,2026-04-07 19:44:00,Da li neko ima problem sa azuriranjem play prodavnica skinem i restartuje se i opet nece?
https://mobilnisvet.com/mobilni-komentari/87w/Honor/400-Pro-12GB-256GB-1x-SIM-1x-eSIM/3,Honor,Honor 400 Pro,Jelena,2026-04-05 09:29:00,"Kupila bih ovaj telefon,zanima me kakva je na 400 pro kamera?Zbog kamere mi treba novi telefon."
https://mobilnisvet.com/mobilni-komentari/87w/Honor/400-Pro-12GB-256GB-1x-SIM-1x-eSIM/3,Honor,Honor 400 Pro,Dejan,2026-04-04 20:46:00,"Odličan telefon, imam ga 7 meseci i samo reči hvale. Imam baš dosta aplikacija, koristim ga i za posao i nisu mi jasni ljudi koji daju duplo više za telefone koji nisu mnogo bolji od ovog."
https://mobilnisvet.com/mobilni-komentari/87w/Honor/400-Pro-12GB-256GB-1x-SIM-1x-eSIM/3,Honor,Honor 400 Pro,Stefa,2026-04-01 16:57:00,Jel iskljucivao neko od vas ovaj Turbo ram ja sam danas ugasio i  nema neka razilke za sada?
https://mobilnisvet.com/mobilni-komentari/87w/Honor/400-Pro-12GB-256GB-1x-SIM-1x-eSIM/3,Honor,Honor 400 Pro,Boki,2026-03-29 11:33:00,"Ljudi, premišljam se izmedju ovog i 15 t pro? U prodavnici mi u ruci mnogo bolje delovao x15 tpro, brzo, fluid o, glatko. OK I skuplji je. Ja sad imam honor, pa me ne znam dal bi mi se dopao xiaomi na duge staze, posebno njihov softver. Pa me zanima dal je neko koristio i xiaomi i honor, i kakva su iskustva?"
https://mobilnisvet.com/mobilni-komentari/87w/Honor/400-Pro-12GB-256GB-1x-SIM-1x-eSIM/3,Honor,Honor 400 Pro,Lazar,2026-03-28 16:05:00,Stiglo je bezbednosno azuriranje
https://mobilnisvet.com/mobilni-komentari/87w/Honor/400-Pro-12GB-256GB-1x-SIM-1x-eSIM/3,Honor,Honor 400 Pro,Timi,2026-03-28 11:37:00,Kako ugasiti super brzo punjenje od 66W??? Imam punjač od 66W i prilikom par prvih punjenja punio je sa 33 w...posle sam nešte podesio i sada stalno puni sa 66W. Hteo bih ponovo na 33...
https://mobilnisvet.com/mobilni-komentari/87w/Honor/400-Pro-12GB-256GB-1x-SIM-1x-eSIM/3,Honor,Honor 400 Pro,Bojan,2026-03-27 19:55:00,Pitanje za vlasnike telefona
https://mobilnisvet.com/mobilni-komentari/87w/Honor/400-Pro-12GB-256GB-1x-SIM-1x-eSIM/3,Honor,Honor 400 Pro,Dex,2026-03-26 13:03:00,Gde.mogu kupiti original.bezicni punjac
https://mobilnisvet.com/mobilni-komentari/87w/Honor/400-Pro-12GB-256GB-1x-SIM-1x-eSIM/3,Honor,Honor 400 Pro,Prolom voda,2026-03-21 18:28:00,"Gde ste nabavljali masku za ovaj telefon i koju predlazete, u obzir dolaze samo jednobojne."
https://mobilnisvet.com/mobilni-komentari/87w/Honor/400-Pro-12GB-256GB-1x-SIM-1x-eSIM/3,Honor,Honor 400 Pro,Magija,2026-03-19 14:12:00,"Probao juce kameru u mraku sa iskljucenim blicem, pojavi se u vrhu ekrana ikonica kao da nedostaje svetlo, kada se pritisne da slika, krene odbrojavanje od 3-4sekunde i onda napravi sliku. I ako je pun mrak on nekim cudom napravi sliku u post obradi i znate kako kul izgleda slika, ko ima tel nek proba bicete odusevljeni rezultatom!"
https://mobilnisvet.com/mobilni-komentari/87w/Honor/400-Pro-12GB-256GB-1x-SIM-1x-eSIM/3,Honor,Honor 400 Pro,Simke,2026-03-14 20:39:00,Da li kupiti ovaj ili sačekati 600 pro?
https://mobilnisvet.com/mobilni-komentari/87w/Honor/400-Pro-12GB-256GB-1x-SIM-1x-eSIM/3,Honor,Honor 400 Pro,K,2026-03-12 08:42:00,Odakle ti toliko vremena za tel uopste
https://mobilnisvet.com/mobilni-komentari/87w/Honor/400-Pro-12GB-256GB-1x-SIM-1x-eSIM/3,Honor,Honor 400 Pro,Dragan,2026-03-09 22:47:00,Može li da se skine neka aplikacija da se poboljša zvuk? Po meni zvuk je najslabija karika ovog telefona. Nema uopšte finih tonova već sve nekako dobuje jako kao iz bureta.
https://mobilnisvet.com/mobilni-komentari/87w/Honor/400-Pro-12GB-256GB-1x-SIM-1x-eSIM/3,Honor,Honor 400 Pro,xxx,2026-03-09 07:24:00,"zasto vreme nece automatski da se promeni, kada udjem u drugu vremensku zonu?"
https://mobilnisvet.com/mobilni-komentari/87w/Honor/400-Pro-12GB-256GB-1x-SIM-1x-eSIM/3,Honor,Honor 400 Pro,Pera,2026-03-06 08:41:00,"Narucio 4.februara na Aliju originalni Honorov punjac sa kablom, 1.200 din. Danas, 06.03.`26 stiglo ali bez kabla. Posta uzela 450 din. Nazdravlje!"
https://mobilnisvet.com/mobilni-komentari/87w/Honor/400-Pro-12GB-256GB-1x-SIM-1x-eSIM/3,Honor,Honor 400 Pro,Honor,2026-03-02 12:10:00,"Imam honor 90,vredi li ga zameniti sa 400pro?"
https://mobilnisvet.com/mobilni-komentari/87w/Honor/400-Pro-12GB-256GB-1x-SIM-1x-eSIM/3,Honor,Honor 400 Pro,Saša,2026-02-27 09:51:00,"Imam problem sa kamerom. Recimo, snimam video i kada ponovo aktiviram foto aparat, i dalje mi stoji na funkciji ""video"", a ne na ""fotografija"". Napominjem da su u podešavanjima ""zapamti podešavanja"" isključeno podešavanje ""režim kamere"". Ovo baš iritira jer u 95% slučajeva mi treba fotografisanje, a meni ostane na poslednjem izboru."
https://mobilnisvet.com/mobilni-komentari/87w/Honor/400-Pro-12GB-256GB-1x-SIM-1x-eSIM/3,Honor,Honor 400 Pro,H,2026-02-26 10:33:00,"Koliko je ovo neverovatno da su izbacili SD karticu. Ne zbog prostora vec zbog lakog prebacivanja slika sa telefona na drugi. Zatim FM radio prijemnik, gde si mogao offline da se nakacis na radio stanicu pomocu 3.5 audio slusalica kao antena. Ni njih vise nema."
https://mobilnisvet.com/mobilni-komentari/87w/Honor/400-Pro-12GB-256GB-1x-SIM-1x-eSIM/3,Honor,Honor 400 Pro,Cole,2026-02-22 12:15:00,Jel moze nekako da se ukloni postobrada slike?
https://mobilnisvet.com/mobilni-komentari/87w/Honor/400-Pro-12GB-256GB-1x-SIM-1x-eSIM/3,Honor,Honor 400 Pro,Nemke,2026-02-19 08:01:00,"Imam honor 70 tri godine, hoću da menjam, ovaj  mi deluje kao logičan nastavak, pa sam hteo da čujem iskustva i eventualno da li je možda xiaomi bolja opcija, tpro model? I da, da li magic 7 pro vredi za razliku u ceni u odnosu na ovaj?"
https://mobilnisvet.com/mobilni-komentari/87w/Honor/400-Pro-12GB-256GB-1x-SIM-1x-eSIM/3,Honor,Honor 400 Pro,400,2026-02-16 19:14:00,Koristio sam ga nekih 5 dana.Telefon radi fenomenalno brz fluidan.Jedina mana mu je proximity senzor ostalo ful.
https://mobilnisvet.com/mobilni-komentari/87w/Honor/400-Pro-12GB-256GB-1x-SIM-1x-eSIM/3,Honor,Honor 400 Pro,Mobiliti,2026-02-15 12:15:00,"Honor 400 PRO ima odličnu kameru,sjajne fotke i video."
https://mobilnisvet.com/mobilni-komentari/87w/Honor/400-Pro-12GB-256GB-1x-SIM-1x-eSIM/3,Honor,Honor 400 Pro,Đuks,2026-02-14 12:12:00,"U dilemi sam, uzeti ovaj ili xiaomi 15T. Cene kod operatera su slične. Igrice ne igram. Prosečan korisnik. Navikao sam se na xiaomi pošto imam redmi 8 pro već šest godina pa sam malo skeptičan  po pitanju promena. Da li vredi ta promena?"
https://mobilnisvet.com/mobilni-komentari/gzw/Honor/Magic8-Pro-12GB-256GB-1x-SIM-1x-eSIM/3,Honor,Honor Magic8 Pro,Hahahahaha,2026-05-26 13:47:00,Jeste nema niko pametnija posla. Pored milijardu i po kineza bas ce da se honor fokusira na malu Srbiju koja ima manje stanovnika od centra Šangaja 😂 Vole ovi da lupe ovako botovski
https://mobilnisvet.com/mobilni-komentari/gzw/Honor/Magic8-Pro-12GB-256GB-1x-SIM-1x-eSIM/3,Honor,Honor Magic8 Pro,ciamia,2026-05-26 13:36:00,"baš tako, u levoj ruci telefon u desnoj desanka"
https://mobilnisvet.com/mobilni-komentari/gzw/Honor/Magic8-Pro-12GB-256GB-1x-SIM-1x-eSIM/3,Honor,Honor Magic8 Pro,ciamia,2026-05-26 13:03:00,"nije besposličar, služba radi i noću"
https://mobilnisvet.com/mobilni-komentari/gzw/Honor/Magic8-Pro-12GB-256GB-1x-SIM-1x-eSIM/3,Honor,Honor Magic8 Pro,Zex,2026-05-25 19:48:00,"Ima li ko problema sa screenshotovanjem, msm sacuva se slika ali ne moze da se otvori?"
https://mobilnisvet.com/mobilni-komentari/gzw/Honor/Magic8-Pro-12GB-256GB-1x-SIM-1x-eSIM/3,Honor,Honor Magic8 Pro,Tick-tack,2026-05-25 13:34:00,"Ovaj telefon (svi Honori) ali i svi Samsungovi imaju očajnu haptiku i vibracije, tu ih Iphone šije mereno u svetlosnim godinama."
https://mobilnisvet.com/mobilni-komentari/gzw/Honor/Magic8-Pro-12GB-256GB-1x-SIM-1x-eSIM/3,Honor,Honor Magic8 Pro,Jovan,2026-05-24 11:24:00,Bomba tel. Kamera i ekran su me prijatno iznenadili... Najbolji na nasem trzistu trenutno
https://mobilnisvet.com/mobilni-komentari/gzw/Honor/Magic8-Pro-12GB-256GB-1x-SIM-1x-eSIM/3,Honor,Honor Magic8 Pro,Alex,2026-05-23 08:55:00,"Presao sa jednog poznatog androida pre par dana na ovaj. Telefon je zmaj. Od prvog trenutka kako se pokrene sve leti, jasno je da je unutra najnoviji qualcomm procesor, testirao sam cak i igrice koje ne igram cesto, ne da ih pokrece nego se i ne greje prilikom toga. Ekran verovatno najbolji na trzistu, po danu nema tog sunca gde gubi vidljivost. Na direktnom suncu i dalje kristalno jasan ekran, neverovatno. PWM po noci odmara oci, toliko su ulozili u taj eye care da stvarno nemam reci, svaka pohvala. Baterija top, punjenje 30 min full, bez greske. Kamera me oduvala, fotkao sam stvari koje golim okom ne mogu da se vide, detaljno jasno. Portreti top takodje, odvajanje osobe i background blur rade perfektno do mere da ni kosu ne zakaci prilikom blurovanja portreta. AI opcije apsolutno ludilo ko hoce i voli da edituje nema sta nema i radi top. Najkompletniji telefon na trzistu trenutno, bez preterivanja. Vivo, Oppo, One Plus svaka cast svima al njih nema kod nas i nece ni biti. Ovo je trenutno najbolja kupovina za novac i verujem da ce ostati jos neko vreme."
https://mobilnisvet.com/mobilni-komentari/gzw/Honor/Magic8-Pro-12GB-256GB-1x-SIM-1x-eSIM/3,Honor,Honor Magic8 Pro,Zox,2026-05-23 02:03:00,Zar svarno mislite da se zutima tek onako omakla fenomenalna toyota honda... kia...? Hahaha
https://mobilnisvet.com/mobilni-komentari/gzw/Honor/Magic8-Pro-12GB-256GB-1x-SIM-1x-eSIM/3,Honor,Honor Magic8 Pro,Honorable Samsung,2026-05-22 22:06:00,Kad su u pitanje kamere vodećih android telefona mogu jedino da prenesem iskustvo dva telefona koje imam: Honor Magic 8 Pro i Samsung 26 Ultra.
https://mobilnisvet.com/mobilni-komentari/gzw/Honor/Magic8-Pro-12GB-256GB-1x-SIM-1x-eSIM/3,Honor,Honor Magic8 Pro,Suki,2026-05-22 14:19:00,"Ni meni se ne sviđaju AI naglašene fotke, gledam kako to da isključim, smanjim."
https://mobilnisvet.com/mobilni-komentari/gzw/Honor/Magic8-Pro-12GB-256GB-1x-SIM-1x-eSIM/3,Honor,Honor Magic8 Pro,mirko,2026-05-22 14:03:00,kamera losija nego na magic 7 pro. Iskreno nosio sam ga 15 dana i vratio sam. Ne svidja mi se ni malo telefon.
https://mobilnisvet.com/mobilni-komentari/gzw/Honor/Magic8-Pro-12GB-256GB-1x-SIM-1x-eSIM/3,Honor,Honor Magic8 Pro,Honorable Samsung,2026-05-19 22:53:00,"Jedini kinez koji može da priđe Samsung Ultri, znam, imam oba telefona!"
https://mobilnisvet.com/mobilni-komentari/gzw/Honor/Magic8-Pro-12GB-256GB-1x-SIM-1x-eSIM/3,Honor,Honor Magic8 Pro,Steff,2026-05-17 16:01:00,Prebacio telefon na performance mode i sad mi baterija traje duze nego na standardnom jel imao neko slicno iskustvo?
https://mobilnisvet.com/mobilni-komentari/gzw/Honor/Magic8-Pro-12GB-256GB-1x-SIM-1x-eSIM/3,Honor,Honor Magic8 Pro,G.,2026-05-17 13:35:00,"Napredujete, svaki kvartal minus sve veci. Ali dobro, kad se saberete, jedna pozitivna zero 😉"
https://mobilnisvet.com/mobilni-komentari/gzw/Honor/Magic8-Pro-12GB-256GB-1x-SIM-1x-eSIM/3,Honor,Honor Magic8 Pro,Vladimir,2026-05-15 19:01:00,"Proximity senzor neodreaguje u slučaju poziva samo ako je uključena neka aplikacija. Tako je bar kod mene,i mislim da je to ipak softverski da kažem problem. U tom slučaju kad dodje poziv izadjem iz aplikacije na home i posle se vratim na isto mesto bez restartovanja same app"
https://mobilnisvet.com/mobilni-komentari/gzw/Honor/Magic8-Pro-12GB-256GB-1x-SIM-1x-eSIM/3,Honor,Honor Magic8 Pro,Sasa,2026-05-14 11:44:00,"Pitanje za sve vlasnike ovog telefona,resio sam da ga kupim mada sad sam u neodoumici,da li stvarno proximity senzor prilikom razgovorq nece da iskluci i navodno treba mu par sekundi da skapira,ovo je veliki propust ako je tako.Ako neko mpze da mi da odgovor.Hvala"
https://mobilnisvet.com/mobilni-komentari/gzw/Honor/Magic8-Pro-12GB-256GB-1x-SIM-1x-eSIM/3,Honor,Honor Magic8 Pro,G.,2026-05-13 12:09:00,Sve jaci i jaci argumenti 😂 ajd da sabiramo sve da bismo imali smisla i opravdali postojanje 😅😅
https://mobilnisvet.com/mobilni-komentari/gzw/Honor/Magic8-Pro-12GB-256GB-1x-SIM-1x-eSIM/3,Honor,Honor Magic8 Pro,...,2026-05-13 11:18:00,"Jos kada bi samo BBK grupacija prikazivala objedinjene rezultate, a ne po pojedinacnim kompanijama, onda bi ti sine video ko ima najvise prodatih jedinica, po svetu. Preko 70mil, u navedenom kvartalu, prodatih Oppo, Vivo, Oneplus, Realme, IQOO telefona... Samo toliko."
https://mobilnisvet.com/mobilni-komentari/gzw/Honor/Magic8-Pro-12GB-256GB-1x-SIM-1x-eSIM/3,Honor,Honor Magic8 Pro,Zex1810,2026-05-12 22:15:00,Ako si im rekao😉
https://mobilnisvet.com/mobilni-komentari/gzw/Honor/Magic8-Pro-12GB-256GB-1x-SIM-1x-eSIM/3,Honor,Honor Magic8 Pro,Nix,2026-05-10 13:50:00,"Open Camera, instalirajte, stavite sve na max u podesavanjima, rec 709 za video, i videcete razliku u kamerama (prednja pogotov). Kopiracu sa Pure"
https://mobilnisvet.com/mobilni-komentari/gzw/Honor/Magic8-Pro-12GB-256GB-1x-SIM-1x-eSIM/3,Honor,Honor Magic8 Pro,Nove opcije,2026-05-10 10:07:00,"Su super, mnogo mi se sviđa u sred poziva automatsko prekidanje uvrtom, brisanje mejlova i conference call, jednogodišnji update, vrhunski selfi, sve na nivou vrhunskog telefona."
https://mobilnisvet.com/mobilni-komentari/gzw/Honor/Magic8-Pro-12GB-256GB-1x-SIM-1x-eSIM/3,Honor,Honor Magic8 Pro,Ket,2026-05-09 15:16:00,"Danas sam probala u radnji 8 pro i novi 600 pro, iako je 8 pro flagship kamera mi se ucinila jasnija na 600pro nego na 8pro, kao da je izbeljena slika bila."
https://mobilnisvet.com/mobilni/f65/Honor/Magic-V6-12GB-512GB-2x-SIM-2x-eSIM,Honor,Honor Magic V6,Josip,2026-06-28 21:39:00,Kad li će
https://mobilnisvet.com/mobilni-komentari/gzw/Honor/Magic8-Pro-12GB-256GB-1x-SIM-1x-eSIM/4,Honor,Honor Magic8 Pro,Milen,2026-05-09 13:24:00,Jel realno da mu je cena polovnog pala vec ispod 700e?
https://mobilnisvet.com/mobilni-komentari/gzw/Honor/Magic8-Pro-12GB-256GB-1x-SIM-1x-eSIM/4,Honor,Honor Magic8 Pro,Nenad,2026-05-07 16:30:00,"Imam Honor Magic 6 pro od marta prosle godine, nije zabagovao ni jednom... i on je isto Kineski kao i ovaj 8 pro."
https://mobilnisvet.com/mobilni-komentari/gzw/Honor/Magic8-Pro-12GB-256GB-1x-SIM-1x-eSIM/4,Honor,Honor Magic8 Pro,Marko,2026-05-03 19:58:00,Bitno da su ljudi koji imaju samsung iphone gospoda 😁
https://mobilnisvet.com/mobilni-komentari/gzw/Honor/Magic8-Pro-12GB-256GB-1x-SIM-1x-eSIM/4,Honor,Honor Magic8 Pro,Tuga,2026-05-01 21:46:00,"Ovo je mozda i najpametniji od svih pametnih telefona koje sam imao. Sam prekida poziv umesto mene, cim naslonim na uvo. Lepo je to kinez nagruvao na papiru, u praksi, polovicno dovrsen softver, bagovi, seckanja i pregrevanja. Nekog krenes da zoves, nekad iz orve bude ok, nekad izbrise nulu pa moras rucno da kucas broj. Za ove pare bolje da sam uzeo iPhone 14, ionako ovaj kineski horor pokusava da lici na njega, ali bih imao bar krsten telefon a i ostane mi kinta u dzepu."
https://mobilnisvet.com/mobilni-komentari/gzw/Honor/Magic8-Pro-12GB-256GB-1x-SIM-1x-eSIM/4,Honor,Honor Magic8 Pro,Срки,2026-04-25 22:01:00,"Pozdrav svima. Da li neko ima iskustva sa HM8pro global verziju, kakav je telefon uopšte, nekih mana, baterija koliko drži? Razmišljam se njega ili Šaomi 17? Vaša preporuka. Hvala unapred"
https://mobilnisvet.com/mobilni-komentari/gzw/Honor/Magic8-Pro-12GB-256GB-1x-SIM-1x-eSIM/4,Honor,Honor Magic8 Pro,Bole,2026-04-22 18:47:00,"Desava li se jos kome da nakon prihvatanja poziva i stavljanja telefona na uvo, senzor ne odreaguje odmah pa ekran ostane upaljen i onda ne retko prekinem poziv uvetom ili stavim na cekanje itd.. Ovo mi se od skoro desava, nije se dešavalo na pocetku kad sam ga uzeo.."
https://mobilnisvet.com/mobilni-komentari/gzw/Honor/Magic8-Pro-12GB-256GB-1x-SIM-1x-eSIM/4,Honor,Honor Magic8 Pro,Rale,2026-04-21 14:10:00,Poz da li neko moze da mi kaze kolika je razlika izmedju kineske verzije i ove nase sto se baterije tice? I da li moze eSim u ovaj?
https://mobilnisvet.com/mobilni-komentari/gzw/Honor/Magic8-Pro-12GB-256GB-1x-SIM-1x-eSIM/4,Honor,Honor Magic8 Pro,Luka,2026-04-20 21:17:00,Kakva je izdrljivost telefona prilikom pada jel ima neko iskustva? Da li uzimati zaštitu za telefon?
https://mobilnisvet.com/mobilni-komentari/gzw/Honor/Magic8-Pro-12GB-256GB-1x-SIM-1x-eSIM/4,Honor,Honor Magic8 Pro,Nikola,2026-04-20 00:15:00,Ovaj telefon ili xiaomi 17 ultra?
https://mobilnisvet.com/mobilni-komentari/gzw/Honor/Magic8-Pro-12GB-256GB-1x-SIM-1x-eSIM/4,Honor,Honor Magic8 Pro,Pitanje,2026-04-19 15:18:00,Da li je neko koristio S25 ultru pa ovaj telefon u cemu je razlika? Da li je bolji od ultre proslogodisnje?
https://mobilnisvet.com/mobilni-komentari/gzw/Honor/Magic8-Pro-12GB-256GB-1x-SIM-1x-eSIM/4,Honor,Honor Magic8 Pro,Marko,2026-04-17 16:05:00,Pozdrav ljudi zanima me kako se telefon ponaša na suncu da li ste zadovoljni ekranom?
https://mobilnisvet.com/mobilni-komentari/gzw/Honor/Magic8-Pro-12GB-256GB-1x-SIM-1x-eSIM/4,Honor,Honor Magic8 Pro,Ivana J.,2026-04-16 12:10:00,Zdravo. Zanima me koji je bolje telefon uzeti magic8 pro ili iphon 17 256gb (ne pro)
https://mobilnisvet.com/mobilni-komentari/gzw/Honor/Magic8-Pro-12GB-256GB-1x-SIM-1x-eSIM/4,Honor,Honor Magic8 Pro,Srki,2026-04-15 22:33:00,"Pozdrav, razmišljam da se častim novim telefon, ovog merkam od kad se pojavio ali sam čekao da izađe s26u. Sad sam u dilemi šta uzeti. Razmatram hm8p, s26u i iph 17pro. Šta se vama po.iskustvima pokazalo kao najbolje? Potreban je za vise godine koriscenja, kamera i sama brzina rada od jsko bitnog značaja."
https://mobilnisvet.com/mobilni-komentari/gzw/Honor/Magic8-Pro-12GB-256GB-1x-SIM-1x-eSIM/4,Honor,Honor Magic8 Pro,Ivan,2026-04-15 14:27:00,Pozdrav ljudi da li je bolje uzeti ovaj telefon ili magic 7 pro jel ima neke preterane razlike?
https://mobilnisvet.com/mobilni-komentari/gzw/Honor/Magic8-Pro-12GB-256GB-1x-SIM-1x-eSIM/4,Honor,Honor Magic8 Pro,Žića,2026-04-14 19:39:00,"Da li je stvarno, bar po ovim radnjama, da je cena S26u 512gb oko 1050e, a hm8pro 1100???"
https://mobilnisvet.com/mobilni-komentari/gzw/Honor/Magic8-Pro-12GB-256GB-1x-SIM-1x-eSIM/4,Honor,Honor Magic8 Pro,Pera,2026-04-12 08:09:00,Uzeo sam konacno telefon i sad ga prvi put punim punjacem od 45w koji sam koristio na Samsungu ali vise od 70% nece da puni iako sam poiskljucivao sva smart podesavanja za bateriju. Jel moguce da moram da nabavljam jaci punjac?
https://mobilnisvet.com/mobilni-komentari/gzw/Honor/Magic8-Pro-12GB-256GB-1x-SIM-1x-eSIM/4,Honor,Honor Magic8 Pro,Marlenka,2026-04-10 17:05:00,"Jel se isplati uzeti ga u A1 za 106.000 + mesecna tarifa? Ili bolje sacekati sledeci mesec mozda povecaju iznos reciklaze kao sto je bilo proslog meseca.. a mozda bude neki poklon , u sta sumnjam. Pritom za taj novac od 106.000 mislim da se ovaj telefon jedino isplati, sto se tice ulozenog i dobijenog."
https://mobilnisvet.com/mobilni-komentari/gzw/Honor/Magic8-Pro-12GB-256GB-1x-SIM-1x-eSIM/4,Honor,Honor Magic8 Pro,8pro,2026-04-10 09:33:00,"Imam jedan problem,pojaco sam zvuk obavestena do kraja,kad telefon koristim,cuje se jako slabo zvuk obavestenja,samo poruke se cuje kako treba,sta treba uraditi za to..."
https://mobilnisvet.com/mobilni-komentari/gzw/Honor/Magic8-Pro-12GB-256GB-1x-SIM-1x-eSIM/4,Honor,Honor Magic8 Pro,Dare,2026-04-09 07:18:00,"Sta uzeti?Honor magic 8 pro,xiaomi 17 ili neki iz huawei programa?Hvala."
https://mobilnisvet.com/mobilni-komentari/gzw/Honor/Magic8-Pro-12GB-256GB-1x-SIM-1x-eSIM/4,Honor,Honor Magic8 Pro,Ana,2026-04-07 15:26:00,Ovaj ili 200pro? Imam 200 pro i razmišljam da ga menjam za ovaj model ili za 7 pro?
https://mobilnisvet.com/mobilni-komentari/gzw/Honor/Magic8-Pro-12GB-256GB-1x-SIM-1x-eSIM/4,Honor,Honor Magic8 Pro,Gruba,2026-04-06 15:30:00,Ovaj ili poco f8ultra?
https://mobilnisvet.com/mobilni-komentari/gzw/Honor/Magic8-Pro-12GB-256GB-1x-SIM-1x-eSIM/4,Honor,Honor Magic8 Pro,Marko,2026-04-05 18:51:00,"Sto se baterije tice, vidim dosta vas upoređuje Samsung s24ultra s25ultra sa magic 6 magic 7 magic 8 iz iskustva mogu da kažem da je Magic6 bolji od s24ultra. Drugar i ja imali u isto vreme. Doduše on ga je kupio kad je izašao, ja sam magic 6 uzeo posle nekoliko meseci od kad je izašao.  On je uvek kukao na s24ultra zbog baterije. Ja na magic 6 pro do sad nisam kukao. Iako je star 17 meseci i dalje drži dan bez problema. Punim ga svako jutro pre posla. Do 20% dodje max, zavisno od korišćenja. Ali uglavnom i preko 20%"
https://mobilnisvet.com/mobilni-komentari/gzw/Honor/Magic8-Pro-12GB-256GB-1x-SIM-1x-eSIM/4,Honor,Honor Magic8 Pro,Deja,2026-04-05 10:46:00,Kolko punite baterije jer do 100 posto ili do 80 posto ste ogrsnicili?
https://mobilnisvet.com/mobilni-komentari/87w/Honor/400-Pro-12GB-256GB-1x-SIM-1x-eSIM/4,Honor,Honor 400 Pro,Boki,2026-02-14 06:23:00,Pozdrav Da li može neko reći razliku između iOS i androida i koji je bolji sistem za Evropu ovde
https://mobilnisvet.com/mobilni-komentari/87w/Honor/400-Pro-12GB-256GB-1x-SIM-1x-eSIM/4,Honor,Honor 400 Pro,Dejan,2026-02-10 06:20:00,"Ovaj iz gigatrona da li je dual sim , 2 fizicka sima ?"
https://mobilnisvet.com/mobilni-komentari/87w/Honor/400-Pro-12GB-256GB-1x-SIM-1x-eSIM/4,Honor,Honor 400 Pro,Dejan,2026-02-10 06:19:00,Da li u kutiji dolazi neka zastita ili su i nju izbacili ?
https://mobilnisvet.com/mobilni-komentari/87w/Honor/400-Pro-12GB-256GB-1x-SIM-1x-eSIM/4,Honor,Honor 400 Pro,Saša M,2026-02-03 11:47:00,Imao Honor 400 pro sada s25.
https://mobilnisvet.com/mobilni-komentari/87w/Honor/400-Pro-12GB-256GB-1x-SIM-1x-eSIM/4,Honor,Honor 400 Pro,H400pro,2026-02-03 00:23:00,Nije dzaba honor kod nas trazio isto para kao za m7pro. Ovo je opasno dobar telefon. Tek sada vidim nakon 2 meseca i nakon izlaska m8pro
https://mobilnisvet.com/mobilni-komentari/87w/Honor/400-Pro-12GB-256GB-1x-SIM-1x-eSIM/4,Honor,Honor 400 Pro,Novica,2026-02-02 20:41:00,"Koristim ga 2 nedelje i mogu reći da je telefon stvarno fenomenalan. Nisam naišao ni na jedan bag za ovo vreme i sve radi izuzetno brzo i fluidno da je prosto uživanje. Baterija je tek posebna priča, prvi put imam telefon gde sam prestao da gledam procenat baterije.. Znači ceo dan možeš da mu radiš šta hoćeš i nećeš uspeti da je isprazniš. Neko umereno korišćenje izgura i dva dana, a puni se stvarno brzo. Ja sam prezadovoljan."
https://mobilnisvet.com/mobilni-komentari/87w/Honor/400-Pro-12GB-256GB-1x-SIM-1x-eSIM/4,Honor,Honor 400 Pro,Saša,2026-01-31 20:46:00,"Nakon desetak dana korišćenja ovog telefona da kažem da GPS po ovako oblačnom vremenu (bez pomoći wifi-a ili mobilnog prenosa podataka) ""uhvati"" poziciju za oko 15 sekundi. Takođe, virtuelni senzor mu radi savršeno-prilikom razgovora i primicanja uhu, ekran se gasi, a nakon odmicanja od uha, ekran se pali. Ovo sam napisao jer su neki u ranijim komentarima negativno komentarisali ove dve stvari."
https://mobilnisvet.com/mobilni-komentari/87w/Honor/400-Pro-12GB-256GB-1x-SIM-1x-eSIM/4,Honor,Honor 400 Pro,Igor,2026-01-26 08:18:00,"Honor 400 pro ili samsung s25, sta je bolje? Ako je neko probao oba, kakva su iskustva"
https://mobilnisvet.com/mobilni-komentari/87w/Honor/400-Pro-12GB-256GB-1x-SIM-1x-eSIM/4,Honor,Honor 400 Pro,Aleks,2026-01-25 15:07:00,"Pitanje...kada mi je prikaz aplikacija u formi ""fioka"" (znači, sve aplikacije mi nisu na početnom ekranu), kada pokušam da spojim najmanje 2 aplikacije u jedan folder, telefon mi selektovanu aplikaciju izbacuje na pocetni ekran. Da li postoji mogućnost da se aplikacije u ovom režimu ubace u folder? U standardnoj formi aplikacija (sve aplikacije na početnom ekranu) je ovo moguće..."
https://mobilnisvet.com/mobilni-komentari/87w/Honor/400-Pro-12GB-256GB-1x-SIM-1x-eSIM/4,Honor,Honor 400 Pro,Zzz,2026-01-22 06:35:00,4 dana? U kojoj dimenziji?
https://mobilnisvet.com/mobilni-komentari/87w/Honor/400-Pro-12GB-256GB-1x-SIM-1x-eSIM/4,Honor,Honor 400 Pro,Rade,2026-01-21 23:25:00,Ceo dan je slabo. Mada ja nikada ne dobijem ceo dan. Sada postoje telefoni koji drže po 4 dana.
https://mobilnisvet.com/mobilni-komentari/87w/Honor/400-Pro-12GB-256GB-1x-SIM-1x-eSIM/4,Honor,Honor 400 Pro,MS,2026-01-21 22:38:00,"Baterija drzi ceo dan, to je prosek, do skoro su baterije telefona drzale nesto vise od pola dana do 2/3, a ovaj telefon drzi ceo dan plus nesto malo sto ostane, to vam je malo? Ja punim telefon preko noci, ujutro ga skinem sa punjaca uvece u zavisnosti od koriscenja telefona baterija ostane od 30 do 15%, a radim danom baterija na kraju dana ostane ostane od 60 do 50%. Ne igram igrice, jedino mi to pada na pamet da moze da pojede bateriju, obicno poslovno koriscenje kao i koriscenje drustvenih mreza kod mene nikad nije ispraznilo celu bateriju za dan."
https://mobilnisvet.com/mobilni-komentari/87w/Honor/400-Pro-12GB-256GB-1x-SIM-1x-eSIM/4,Honor,Honor 400 Pro,Trilema,2026-01-18 12:22:00,"Može li mi neko dati savet, troumim se između ovog telefona, Honor magic 7 pro i Oneplus 15."
https://mobilnisvet.com/mobilni-komentari/87w/Honor/400-Pro-12GB-256GB-1x-SIM-1x-eSIM/4,Honor,Honor 400 Pro,H400pro,2026-01-15 14:57:00,Stigao Januarski patch
https://mobilnisvet.com/mobilni-komentari/87w/Honor/400-Pro-12GB-256GB-1x-SIM-1x-eSIM/4,Honor,Honor 400 Pro,Hidro,2026-01-14 15:03:00,"Zavisi kako se gleda, ja sam IMAO telefon od 1360e pa je opet nedostajao jezik u telefonu. Nije ni sada preveden i sa 26 verzijom. Kupio ovaj Honor 400 Pro za 450 evra i ima jezik i ne nedostaje mi bukvalno nista. Zavisi sta su prioriteti bilo kome od nas ali dok se ne proba.. Treba probati sve ko moze."
https://mobilnisvet.com/mobilni-komentari/87w/Honor/400-Pro-12GB-256GB-1x-SIM-1x-eSIM/4,Honor,Honor 400 Pro,!,2026-01-13 09:35:00,"I plus u skladu sa cenom i rangiranjem telefona ogranicava se hardver. Na neki nacin na kraju sluzi kao marketinski trik. Kazem cisto radi info da se razume, ako zeli da se razume. Ako zelite ok telefon mora da se plati od 60k pa na vise kako ne biste imali situaciju da vam nesto nedostaje."
https://mobilnisvet.com/mobilni-komentari/87w/Honor/400-Pro-12GB-256GB-1x-SIM-1x-eSIM/4,Honor,Honor 400 Pro,!,2026-01-13 09:32:00,Ne bih rekao. Oko 50k je bio. Kada pogledas taj telefon je cak i sada dobar. Bolji od novijih modela redmija. Senzor kao senzor nista ne znaci. Imaju mnogi telefoni razne dobre senzore ali losiji hardver i obradu.
https://mobilnisvet.com/mobilni-komentari/87w/Honor/400-Pro-12GB-256GB-1x-SIM-1x-eSIM/4,Honor,Honor 400 Pro,X,2026-01-13 07:35:00,"ali je redmi mnogo manje kostao,a ovaj je precenjen"
https://mobilnisvet.com/mobilni-komentari/87w/Honor/400-Pro-12GB-256GB-1x-SIM-1x-eSIM/4,Honor,Honor 400 Pro,Mile,2026-01-12 16:51:00,F7 pro je svemu bolji telefon osim ako vam je baš neophodna telefoto kamera koju ima ovaj telefon. U svemu ostalom je bolji F7 pro i još je jeftiniji za 50 evra.
https://mobilnisvet.com/mobilni-komentari/87w/Honor/400-Pro-12GB-256GB-1x-SIM-1x-eSIM/4,Honor,Honor 400 Pro,H400pro,2026-01-12 15:12:00,Redmi 13 bio dobar kazu
https://mobilnisvet.com/mobilni-komentari/87w/Honor/400-Pro-12GB-256GB-1x-SIM-1x-eSIM/4,Honor,Honor 400 Pro,S,2026-01-12 14:53:00,"Kamera ista kao na redmi 13, u ovom honoru,ma zaobici ga"
https://mobilnisvet.com/mobilni-komentari/87w/Honor/400-Pro-12GB-256GB-1x-SIM-1x-eSIM/4,Honor,Honor 400 Pro,xxx,2026-01-12 14:10:00,"Generalno super telefon, samo da daju azuriranja."
https://mobilnisvet.com/mobilni-komentari/87w/Honor/400-Pro-12GB-256GB-1x-SIM-1x-eSIM/4,Honor,Honor 400 Pro,Miki,2026-01-11 19:31:00,"Ćao, je l zna neko da li Honor ima opciju dok razgovaram sa nekim da ne isključuje internet. Racimo dok razgovaram sa nekim, ne mogu da vidim poruku na viberu ili bilo kojoj drugoj aplikaciji dok ne prekinem vezu. Tek kad prekinem vezu internet se uključi i obaveštenje stigne. Ima li neko rešenje da u toku razgovora 4G radi normalno kao što radi na Iphone modelima?"
https://mobilnisvet.com/mobilni-komentari/87w/Honor/400-Pro-12GB-256GB-1x-SIM-1x-eSIM/4,Honor,Honor 400 Pro,Dark,2026-01-06 21:11:00,Može li neko ukratko da objasni razliku izmedju samsungovog one ui 8 i honorovog magic 10?
https://mobilnisvet.com/mobilni-komentari/gz0/Honor/Magic5-Pro/8,Honor,Honor Magic5 Pro,Ronaldinjo,2024-01-24 13:05:00,Jel je stiglo nekome novo azuriranje?
https://mobilnisvet.com/mobilni-komentari/gz0/Honor/Magic5-Pro/8,Honor,Honor Magic5 Pro,Igor,2024-01-23 00:05:00,"Drugari kupio sam konacno Magic-a preko Yettel a, sada jurim staklo i neku bolju futrolu, dajte savet gde kupiti vidim daska izbor."
https://mobilnisvet.com/mobilni-komentari/gz0/Honor/Magic5-Pro/8,Honor,Honor Magic5 Pro,Miki,2024-01-22 20:44:00,Jel stigao magic 6 pro?
https://mobilnisvet.com/mobilni-komentari/gz0/Honor/Magic5-Pro/8,Honor,Honor Magic5 Pro,Miki,2024-01-18 22:38:00,"Da li znate, kad ce biti kod nas u prodaju Honor magic 6 pro?"
https://mobilnisvet.com/mobilni-komentari/gz0/Honor/Magic5-Pro/8,Honor,Honor Magic5 Pro,Igor,2024-01-18 13:35:00,"Ako neko koristi opciju pametno punjenje,nek napise da li radi tako kako je zamisljeno,koliko vremena treba da nauci obrasce punjenja? Kod mene bas i ne funkcionise. Ukljucin DND,navijem alarm,stavim na punjenje,i on bi trebao da puni do 80% i ostalih 20% da odlozi do alarma,da tada bude pun. Bar tako mi je bilo na Pixelu,i radio je to odmah prvo vece. Ovde bas i ne,a ima poprilicno vremena od kada sam uzeo telefon. Skoro uvek u isto vreme ide na punjac."
https://mobilnisvet.com/mobilni-komentari/gz0/Honor/Magic5-Pro/8,Honor,Honor Magic5 Pro,Lily,2024-01-15 14:14:00,"Da li neko zna, da li na ovaj telefon može da se instalira app za editovanje videa Petal Klip? Nema je ni u Play, ni u Honor prodavnici. To je Huawei app, koristila sam je u prethodnom Huawei P30. Honor app za editovanje videa je vrlo slična, ali sa manje opcija za edit."
https://mobilnisvet.com/mobilni-komentari/gz0/Honor/Magic5-Pro/8,Honor,Honor Magic5 Pro,Goran,2024-01-14 10:24:00,Nema ni meni te male zakrpe i isto kasni kad se uključuje ekran... Cak mi se cini da je i baterija malo slabija sad. No ispravice se...u skorije vreme nadam se.
https://mobilnisvet.com/mobilni-komentari/gz0/Honor/Magic5-Pro/8,Honor,Honor Magic5 Pro,Igor,2024-01-12 21:32:00,Jel ima jos neko da mu nije stigla ova mala zakrpa?
https://mobilnisvet.com/mobilni-komentari/gz0/Honor/Magic5-Pro/8,Honor,Honor Magic5 Pro,Pop,2024-01-12 16:23:00,Jedna lepa vest. Konacno su u beta verziju ubacili mogucnost izbora spustanja kontrolnog centra i obavestenja jednostavnim klizanjem bilo gde po ekranu.
https://mobilnisvet.com/mobilni-komentari/gz0/Honor/Magic5-Pro/8,Honor,Honor Magic5 Pro,Pop,2024-01-12 11:19:00,"Ako nekog zanima originalna Honor PU maska,ona sto je isla kao poklon na pocetku prodaje,ima preko ePlanete. 1400din. Minimalisticka,odlicno lezi na telefonu,osecaj pod rukom odlican,ne uvecava telefon,ali nije ni zastita od padova i slicno. Stiti gornji i donji deo,i ledja,sa strana otvorena."
https://mobilnisvet.com/mobilni-komentari/gz0/Honor/Magic5-Pro/8,Honor,Honor Magic5 Pro,Sica,2024-01-09 14:54:00,Isto kasni.
https://mobilnisvet.com/mobilni-komentari/gz0/Honor/Magic5-Pro/8,Honor,Honor Magic5 Pro,Darko,2024-01-08 20:30:00,Jel kome stigla neka nadogradnja?
https://mobilnisvet.com/mobilni-komentari/gz0/Honor/Magic5-Pro/8,Honor,Honor Magic5 Pro,Aleksandar,2024-01-08 01:01:00,"Da li vredi dati vise para za Magic5 pro nego li manje za Xiaomi 13t pro, da li je razlika u kvalitetu bas tolika, mislim zvucnike, ekran, korisnicki interfejs. Koristim Xiaomi telefone 5,6 godina i naviko sam se na MIUI. Citam neki hvale MagicOs a neki pljuju. Pricaju da se na suncu na ekranu na Magicu javlja throtlovanje, da se svetlina smanji na suncu na ekranu...za gejming kazu da se sa 60fps-a smanji automatski na 30fps-a, da se telefon pregreva, da zvucnici nisu bas dobri ko na drugim flagshipovima."
https://mobilnisvet.com/mobilni-komentari/gz0/Honor/Magic5-Pro/8,Honor,Honor Magic5 Pro,Mila,2024-01-07 20:47:00,Ostalo mi nije bitno samo da ima bezicni punjac znam da se posebno kupuje. Vise me mrzi na kablovi da punim.
https://mobilnisvet.com/mobilni-komentari/gz0/Honor/Magic5-Pro/8,Honor,Honor Magic5 Pro,Sica,2024-01-07 17:19:00,"Imao sam oba, pa sam prešao na Honor. Bolja je kamera na Honoru, ali ne mnogo. Bolji je ekran, procesor noviji, više memorije na Honoru i bolja je baterija. Ja sam uzeo zeleni. P60 Pro nisam imao ali ne sumnjam da je odličan. Sve ti je to isto. Honor je Huawei za Evropu."
https://mobilnisvet.com/mobilni-komentari/gz0/Honor/Magic5-Pro/8,Honor,Honor Magic5 Pro,Igor,2024-01-07 01:49:00,"Drugari pomoc imam trenutno P30 pro,  i planiram da uzmem nov telefon dvoumim se izmedju P60 pro i Honora magic 5 pro, kamera mi najvaznija i malo me nervira ovi problemi oko Google-a kod Huawei, gledao recenzije na DX rejtingu za kamere pljuju magic korisnici da nije tako dobra kamera kako je pretstavljaju."
https://mobilnisvet.com/mobilni-komentari/gz0/Honor/Magic5-Pro/8,Honor,Honor Magic5 Pro,Miki,2024-01-04 18:35:00,Da li neko prodaje honor magic 5 pro?
https://mobilnisvet.com/mobilni-komentari/gz0/Honor/Magic5-Pro/8,Honor,Honor Magic5 Pro,Branislav,2024-01-04 11:48:00,"Pozdrav... Kako da se reguliše zvuk kad pričam preko telefona, okolina čuje razgovor?"
https://mobilnisvet.com/mobilni-komentari/gz0/Honor/Magic5-Pro/8,Honor,Honor Magic5 Pro,Zoran,2023-12-31 10:39:00,Ne radi mi Google discover. Jel može to na honoru da radi.
https://mobilnisvet.com/mobilni-komentari/gz0/Honor/Magic5-Pro/8,Honor,Honor Magic5 Pro,Darko,2023-12-30 19:14:00,Uzeo danas Magic 5 pro. Radi super. Da li ima neko savet za bateriju. Sta je potrebno da se podesi da se ne bi brzo praznila. Vidim da su neki imali problema sa brzim praznjenjem baterije.
https://mobilnisvet.com/mobilni-komentari/gz0/Honor/Magic5-Pro/8,Honor,Honor Magic5 Pro,Pop,2023-12-27 00:15:00,"Naleteh danas negde na prvi klip o Magic8 verziji,i ono ni malo ne obecava. Jeste da je beta,da je prva verzija,ali nista oni tu nisu promenili od ovih bitnijih stvari za nas korisnike. Sve neke sitnice i gluposti. Izgleda da ostaju tvrdoglavi kao sto je Huawei bio,i da oni najbolje znaju da meni recimo ne treba klizanje na ovolikom ekranu bilo gde sa bih spustio obavestenje. Da li su realni?"
https://mobilnisvet.com/mobilni-komentari/gz0/Honor/Magic5-Pro/8,Honor,Honor Magic5 Pro,Branislav,2023-12-25 21:00:00,Molio bih savet. Dvoumim se između IPhone 14 plus i Honor Magic5 Pro?
https://mobilnisvet.com/mobilni-komentari/gz0/Honor/Magic5-Pro/8,Honor,Honor Magic5 Pro,Goran,2023-12-16 17:58:00,Ima li naznake kad ce Android 14? Supruzi danas stigao na A54 i OneUI 6.
https://mobilnisvet.com/mobilni-komentari/blm/Honor/Magic5-Lite/8,Honor,Honor Magic5 Lite,Nemanja,2023-11-19 10:12:00,Zanimaju me vasi utisci o ovom telefonu?
https://mobilnisvet.com/mobilni-komentari/blm/Honor/Magic5-Lite/8,Honor,Honor Magic5 Lite,Kovax,2023-11-18 13:13:00,Neki predlog za telefon do 250€ treba mi za gaming najvažnije mi je da igrice ne koče i ne baguju.
https://mobilnisvet.com/mobilni-komentari/blm/Honor/Magic5-Lite/8,Honor,Honor Magic5 Lite,alex,2023-11-18 11:15:00,jos nije stigao android 13 za ovaj model
https://mobilnisvet.com/mobilni-komentari/blm/Honor/Magic5-Lite/8,Honor,Honor Magic5 Lite,Dell,2023-11-17 10:13:00,"Savet, ovaj model ili motorola g54, po spec. deluje da je g54 nesto bolji, honor lepsi i mozda bolji ektan a cena je slicna"
https://mobilnisvet.com/mobilni-komentari/blm/Honor/Magic5-Lite/8,Honor,Honor Magic5 Lite,Marko Zrenjanin,2023-11-16 23:59:00,"Imam ga pola godine i mogu samo da kazem da me telefon oduševljava sve više svakog novog dana. U porodici deca i zena nasledjuju telefone. Imam honor 20 lite, honor 20 i honor 8x koriste se svakog dana, ni jedna ali ni jedna primedba niti problem od ukućana nema. Toliko od honor porodice. Prosto nam ne dozvoljava Honor da se i pomisli na drugu marku,jedan od ugovora istice i naravno zna se koji se telefon uzima. A onda honor 20 lite u zasluzenu penziju."
https://mobilnisvet.com/mobilni-komentari/blm/Honor/Magic5-Lite/8,Honor,Honor Magic5 Lite,Goca,2023-11-14 13:49:00,"Gde podesiti da se upali ekran kada stigne sms ili viber poruka ili mail?Uključen mi je na tel ""Uvek na ekranu"" ali bih volela da mi se upali ekran kada mi stigne poruka. Takođe u vezi ""Uvek na ekranu"" imam jedno pitanje, kako i tu da stavim da mi se vidi ikonica onoga što je stiglo?Hvala svima unapred na odgovorima!"
https://mobilnisvet.com/mobilni-komentari/blm/Honor/Magic5-Lite/8,Honor,Honor Magic5 Lite,Nele,2023-11-11 14:58:00,Solidan ali po prispecu poruke na viber na ikonicu ne stavjla broj..
https://mobilnisvet.com/mobilni-komentari/blm/Honor/Magic5-Lite/8,Honor,Honor Magic5 Lite,B.,2023-11-10 15:00:00,"Da li se nekom desilo ili desava da kad udje u imenik ima samo imena bez br.telefona,brojevi  tj kontakti cuva i na googl nalogu koji u opste ne postoji u tel.piše samo telefon i nijedna druga opcija,isti problem sam imao i sa honorom 90,kad ga iskljucim i ponovo ukljucim vrati se,to je samo od kada je na androidu 13,na drugim te.nikada taj problem,cak sam i fanricki redet radio"
https://mobilnisvet.com/mobilni-komentari/blm/Honor/Magic5-Lite/8,Honor,Honor Magic5 Lite,alek12,2023-11-09 23:38:00,informacija za android 13 neka
https://mobilnisvet.com/mobilni-komentari/blm/Honor/Magic5-Lite/8,Honor,Honor Magic5 Lite,Tatjana,2023-11-09 10:45:00,Koji punjač kupiti?66W ili 100W?Ponekad mi treba brzo punjenje telefona preko dana.Hvala!
https://mobilnisvet.com/mobilni-komentari/blm/Honor/Magic5-Lite/8,Honor,Honor Magic5 Lite,acikas,2023-11-09 00:31:00,Jos stoji 12 ........
https://mobilnisvet.com/mobilni-komentari/blm/Honor/Magic5-Lite/8,Honor,Honor Magic5 Lite,B.,2023-11-08 11:26:00,Posle update na 7.1 sve radi kako treba
https://mobilnisvet.com/mobilni-komentari/blm/Honor/Magic5-Lite/8,Honor,Honor Magic5 Lite,Dylan Dog,2023-11-08 11:16:00,Zdravo!
https://mobilnisvet.com/mobilni-komentari/blm/Honor/Magic5-Lite/8,Honor,Honor Magic5 Lite,Ivan,2023-11-07 23:47:00,"Pozdrav, danas sam azurirao telefon i nikako ne mogu da izadjem iz aplikacija kada udjem u njih. I kada prstom prevucem levo ili desno nece da se vrati korak unazad. Ima li neko podesavanje za to ako je neko upucen ili je imao isti problem neka podeli"
https://mobilnisvet.com/mobilni-komentari/blm/Honor/Magic5-Lite/8,Honor,Honor Magic5 Lite,Vica,2023-11-07 05:02:00,Stigo android 13 za ovaj model magic OS 7.1 sadga azurirao.
https://mobilnisvet.com/mobilni-komentari/blm/Honor/Magic5-Lite/8,Honor,Honor Magic5 Lite,Jovana,2023-11-06 22:04:00,Da li je tačno sto se tice zaštitnog stakla da moze da se odlepi ubrzo zbog zajrivljenosti ekrana ili je najbolje da se cuva u onoj futeoli na rasklapanje?
https://mobilnisvet.com/mobilni-komentari/blm/Honor/Magic5-Lite/8,Honor,Honor Magic5 Lite,Vladimir,2023-11-06 21:51:00,"Kako sada posle azuriranja da promenim boju Google chrome apk, posto mi je sada nekako zlatne boje?"
https://mobilnisvet.com/mobilni-komentari/blm/Honor/Magic5-Lite/8,Honor,Honor Magic5 Lite,HonorMagicMoments,2023-11-06 13:16:00,Upravo je stigao MagicOS 7.1 sa androidom 13
https://mobilnisvet.com/mobilni-komentari/blm/Honor/Magic5-Lite/8,Honor,Honor Magic5 Lite,Sasa,2023-11-04 21:46:00,Ljudi zabagovao mi je Honor magic na igricu i ne mogu da isključim igricu niti da ugasim telefon kako bi ga restartovao. Kako šta help
https://mobilnisvet.com/mobilni-komentari/blm/Honor/Magic5-Lite/8,Honor,Honor Magic5 Lite,Aca,2023-11-04 01:18:00,Kada ce android 13?
https://mobilnisvet.com/mobilni-komentari/blm/Honor/Magic5-Lite/8,Honor,Honor Magic5 Lite,Aca,2023-11-01 20:37:00,Vrhunski telefon!
https://mobilnisvet.com/mobilni-komentari/blm/Honor/Magic5-Lite/8,Honor,Honor Magic5 Lite,Ratko,2023-10-31 14:04:00,"Uzass.Kupljen prije dva mj sada na servisu popravku.Nevredi tih para nikako.Usporio se,poceo kocit nikad gori telefon nisam imo.Kazu da je do softvera unutra tvornicko smece.A imam peh zao mi para nadam se da cu uspet nekom ga utopit"
https://mobilnisvet.com/mobilni-komentari/blm/Honor/Magic5-Lite/8,Honor,Honor Magic5 Lite,Marina,2023-10-31 12:44:00,Djole nek te lepo sluzi novi telefon 🙂
https://mobilnisvet.com/mobilni-komentari/blm/Honor/Magic5-Lite/8,Honor,Honor Magic5 Lite,Tanja,2023-10-31 08:25:00,Da li ovaj telefon ima treptuću lampicu za propustene pozive i poruke?Ukoliko nema da li postoji neka aplikacija ali za notifikaciju na prednjem delu telefona?Nisam bas nikakav haker a to mi zaista znaci.Hvala unapred svima!
https://mobilnisvet.com/mobilni-komentari/8714/Honor/50/10,Honor,Honor 50,Somil,2021-06-27 21:37:00,"Ja imam honor 9 evo treca godina,prezadovoljan,ali mora nov da se uzme, baterija je oslabela ostalo sve perfektno"
https://mobilnisvet.com/mobilni-komentari/8714/Honor/50/10,Honor,Honor 50,Doberman,2021-06-26 19:58:00,Ovo kupujem cim izadje.Svaki koji sam do sad koristio je bio full
https://mobilnisvet.com/mobilni-komentari/8714/Honor/50/10,Honor,Honor 50,tazz,2021-06-21 07:09:00,"bice kod nas, jedva cekam da stignu"
https://mobilnisvet.com/mobilni-komentari/8714/Honor/50/10,Honor,Honor 50,Duki NS,2021-06-20 23:10:00,Da li se otprilike znaju cene modela Honor 50 i Honor 50 Pro i hoće li se prodavati i kod nas?
https://mobilnisvet.com/mobilni-komentari/8714/Honor/50/10,Honor,Honor 50,Ss,2021-06-20 19:47:00,"Uf, odlican, najzad nesto dobro za prilično dobru cenu, iskreno se nadam da se Huawei ovako vraća"
https://mobilnisvet.com/mobilni-komentari/9955/Honor/70/9,Honor,Honor 70,Maximus Decimus,2023-07-14 22:14:00,"Od skoro sam prešao sa Huawei Nova 5t telefona na Honor 70. Telefon je odličan izabrao sam ga jer ima Google aplikacije ali moram da vam priznam da mnogo zaostaje za Huawei telefonima. Huawei je doveo sve do perfekcije na Honoru još mnogo toga nedostaje, softver ne može da priđe Huawei telefonima."
https://mobilnisvet.com/mobilni-komentari/9955/Honor/70/9,Honor,Honor 70,MMM8,2023-07-12 19:37:00,Honor 70 ili S21 FE?
https://mobilnisvet.com/mobilni-komentari/9955/Honor/70/9,Honor,Honor 70,Miljan,2023-07-12 10:43:00,"Ljudi, da li postoji uopšte verzija sa 12 GB RAM-a?"
https://mobilnisvet.com/mobilni-komentari/9955/Honor/70/9,Honor,Honor 70,Kojvla,2023-07-11 12:14:00,"Telefon je zaista odlican, samo me interesuje, kako da promenim default sim karticu za sms poruke? Stalno mi stoji na karticu dva, a hteo bih da mi bude na kartici jedan"
https://mobilnisvet.com/mobilni-komentari/9955/Honor/70/9,Honor,Honor 70,Marko,2023-07-10 09:39:00,Kada ce vise da padne cena ovog telefona? Ne vredi mi vise od 300 evra...
https://mobilnisvet.com/mobilni-komentari/9955/Honor/70/9,Honor,Honor 70,IvanM,2023-07-09 22:52:00,"Gomila telefona ovog modela na prodaju na našim poznatim oglasima i koga god sam pozvao da naručim,naravno niko nema,čeka se i po 10 dana da nabave.Ljudi gde kupujete telefone,osim kod operatera?"
https://mobilnisvet.com/mobilni-komentari/9955/Honor/70/9,Honor,Honor 70,Ivan,2023-07-09 17:47:00,Pozdrav ljudi jedno pitanje ono ko ima ovaj telefon jel postoji kojim slučajem opcija da se zaključa telefon brzim tapom na početni ekran ili ne ako postoji nek mi kaze gde se nalazi?
https://mobilnisvet.com/mobilni-komentari/9955/Honor/70/9,Honor,Honor 70,Miljan,2023-07-09 15:50:00,Sad definitivno kod mene na honoru kad upalim volte sms se kasnije salje..to je problem.
https://mobilnisvet.com/mobilni-komentari/9955/Honor/70/9,Honor,Honor 70,Dejan,2023-07-09 14:40:00,"Danas stoglo ažuriranje Android 13,MTS mreža .Ništa posebno novo ne primećunem.Ali nema veze ,samo da bude kao i pre sve će biti ok."
https://mobilnisvet.com/mobilni-komentari/9955/Honor/70/9,Honor,Honor 70,Arsa,2023-07-08 10:40:00,"Prešao sam sa iphona 11 na honor 70. Baterija i ekran mnogo bolji na honoru, brzina otvaranja aplikacija isto na strani honora. Ali kamera, glatkoca i fluidnost u radu, tu je iPhone neprikosnoven. IPhone sam ostavio kao drugi telefon i kad se uzme u ruku vidi se da je flagship. Kao kad bi uporedili Maserati 2000 godište sa nekom Dačiom 2023 godište"
https://mobilnisvet.com/mobilni-komentari/9955/Honor/70/9,Honor,Honor 70,Mk,2023-07-07 14:10:00,"Jel treba na statusnoj traci da piše VoLTE kada je isti uključen, pošto sam uključio a gore nema ništa Yettel je u pitanju?"
https://mobilnisvet.com/mobilni-komentari/9955/Honor/70/9,Honor,Honor 70,maksa,2023-07-07 13:30:00,šta se desilo sa USB tethering ? ( MagicOS 7.1 )
https://mobilnisvet.com/mobilni-komentari/9955/Honor/70/9,Honor,Honor 70,Miljan,2023-07-06 08:30:00,"Ovo mozda nema veze sa honorom 70,ali kad upalim VOLTE za pozive klasican sms kasni sa slanjem,a kad ugasim onda sve radi normalno tj salje poruke normalno. Da li je to normalno ili je problem do telefona?"
https://mobilnisvet.com/mobilni-komentari/9955/Honor/70/9,Honor,Honor 70,Pavle,2023-07-04 00:51:00,"Dopada mi se Honor zbog zakrivljenog ekrana,softvera itd ali me zanima kako sacuvati ekran da se ne polomi posto svi govore da je osetljiv dosta na pad zbog oborenih ivica za razliku od ravnog ekrana i da je tesko naci zastitu za zakrivljen ekran tj da se neke folije stavljaju i da su skupe."
https://mobilnisvet.com/mobilni-komentari/9955/Honor/70/9,Honor,Honor 70,Sasa,2023-07-03 20:05:00,Crni ili zeleni? Koja boja je lepša?
https://mobilnisvet.com/mobilni-komentari/9955/Honor/70/9,Honor,Honor 70,Igor95,2023-07-02 20:43:00,Huawei Honor 70
https://mobilnisvet.com/mobilni-komentari/9955/Honor/70/9,Honor,Honor 70,David,2023-07-01 18:15:00,"Da li je ovo azuriranje probna verzija ili stabilna,konacna?"
https://mobilnisvet.com/mobilni-komentari/9955/Honor/70/9,Honor,Honor 70,Miljan,2023-06-30 19:53:00,Posle azuriranja tel kao da je brzi i bolje radi....mozda mi se i cini.
https://mobilnisvet.com/mobilni-komentari/9955/Honor/70/9,Honor,Honor 70,David,2023-06-30 12:05:00,Juce sam uzeo honora i prvi utidci su odlicni. Ekran svetliji na 50 % nego moj stariji a52s. Zvuk se odlicno cuju sa mono zvucnicima. Sve podatke uspeo prebaciti sa samsunga. Svaki telefon u srednjem rangu ima neki nedostatak. Veliki plus je i punjac koji brzo napuni telefon. Videcemo dalje.
https://mobilnisvet.com/mobilni-komentari/9955/Honor/70/9,Honor,Honor 70,Mix,2023-06-29 11:48:00,Stigla junska zakrpa. Cini li se samo meni ili je notifikacioni centar sad crne boje? Mislim da je isao ma sivo nesto.
https://mobilnisvet.com/mobilni-komentari/9955/Honor/70/9,Honor,Honor 70,Buki,2023-06-29 07:26:00,Honor pretraga off 😁
https://mobilnisvet.com/mobilni-komentari/9955/Honor/70/9,Honor,Honor 70,nikidon,2023-06-28 15:54:00,"da li je honor 70 vodootporan, da li moze snimanje pod vodom?"
https://mobilnisvet.com/mobilni-komentari/9955/Honor/70/9,Honor,Honor 70,Mix,2023-06-28 15:19:00,"Trenutno preuzimam magic 7.1, Srbija je u pitanju. Konacno da dodje i taj dan"
https://mobilnisvet.com/mobilni-komentari/9955/Honor/70/9,Honor,Honor 70,Android 13 Srbija,2023-06-28 14:12:00,"Stigao update, proverite"
https://mobilnisvet.com/mobilni-komentari/dd4/Honor/Magic6-Lite/9,Honor,Honor Magic6 Lite,Onaj koji zna,2024-04-03 21:32:00,"Uzeo sam telefon pre neki dan, i za sada sam zadovoljan. Odličan ekran, lep dizajn, lepo i fluid o radi, kamere dobre za sad, nemam nekih primedbi. Imam jedno pitanje za vlasnike - da li je moguće negde u Podešavanjima promeniti rezoluciju fotki? Jer koliko vidim nudi samo dve opcije - standardnu i hi-res. Hvala unapred."
https://mobilnisvet.com/mobilni-komentari/dd4/Honor/Magic6-Lite/9,Honor,Honor Magic6 Lite,Goran 87,2024-04-02 20:26:00,"Ljudi izašla nova verzija softvera 7.2.0. 177, kakvi su utisci?"
https://mobilnisvet.com/mobilni-komentari/dd4/Honor/Magic6-Lite/9,Honor,Honor Magic6 Lite,Lana,2024-04-01 20:05:00,Honor Magic 6 lite ili Samsung Galaxy A34?
https://mobilnisvet.com/mobilni-komentari/dd4/Honor/Magic6-Lite/9,Honor,Honor Magic6 Lite,Dobro jutro,2024-04-01 07:36:00,"Piše da podržava max 35w punjenje. Imam neki 40w punjač od Huawei Nova Y70 sto sam razbio, cenim da će mi taj punjač biti adekvatan?"
https://mobilnisvet.com/mobilni-komentari/dd4/Honor/Magic6-Lite/9,Honor,Honor Magic6 Lite,Božidar,2024-03-29 19:47:00,"Drugari, je l bolje kupiti ovaj honor ili redmi note 13 pro 5g?"
https://mobilnisvet.com/mobilni-komentari/dd4/Honor/Magic6-Lite/9,Honor,Honor Magic6 Lite,Kaca,2024-03-28 13:24:00,Da li da kupim Magic 6 lite ili A55 5G?
https://mobilnisvet.com/mobilni-komentari/dd4/Honor/Magic6-Lite/9,Honor,Honor Magic6 Lite,Miki,2024-03-28 11:14:00,Ovaj ili Motorola edge 30 fusion?
https://mobilnisvet.com/mobilni-komentari/dd4/Honor/Magic6-Lite/9,Honor,Honor Magic6 Lite,Dule,2024-03-27 14:00:00,"Prijatelji,treba mi ldgovor što pre.Koji uzeti,ovaj Honor magic 6 lite,ili Xiaomi redmi note 13 4g.Odmah da kažem da mi je nebitno 5g pošto ko zna kada ćemo mi imati tu mrežu"
https://mobilnisvet.com/mobilni-komentari/dd4/Honor/Magic6-Lite/9,Honor,Honor Magic6 Lite,Pitanje za eksperte,2024-03-26 12:10:00,"Ljudi, kakve su kamere, pre svega za fotkanje, video me ne zanima? Kakav je prelaz u odnosu na Mi 11 lite koji trenutno imam? Hvala unapred."
https://mobilnisvet.com/mobilni-komentari/dd4/Honor/Magic6-Lite/9,Honor,Honor Magic6 Lite,Djole,2024-03-26 01:24:00,Jel zna neko kad stiže Android 14 za ovaj telefon? 😁
https://mobilnisvet.com/mobilni-komentari/dd4/Honor/Magic6-Lite/9,Honor,Honor Magic6 Lite,Zoki,2024-03-25 19:17:00,Azurirajte softver stigla mart zakrpa. Radi ko zmaj 🙂
https://mobilnisvet.com/mobilni-komentari/dd4/Honor/Magic6-Lite/9,Honor,Honor Magic6 Lite,Onaj koji zna,2024-03-24 21:37:00,"Ljudi, ovaj telefon ili Honor 90? Znam da je različita klasa u pitanju, ali me zanima jer nisam previše zahtevan korisnik, važno je da radi fluidno, i da  je dobra kamera"
https://mobilnisvet.com/mobilni-komentari/dd4/Honor/Magic6-Lite/9,Honor,Honor Magic6 Lite,Zbunjen ponudom,2024-03-24 14:22:00,"Nisam menjao telefon skoro 7godina. Sad sam stvarno nesposoban da uporedim modele jer ne znam ni šta da izvučem od svih ovih informacija, zato evo dva modela za uporedbu, ako biste bili ljubazni: Samsung A24 i Honor Magic 6lite. Molim samo da izostavite komentare o lepoti jer to nije košulja, ne zanima me kako izgleda. Mnogo mi je bitnije na primer to što Samsung ima 3,5mm ulaz. Hvala puno unapred!"
https://mobilnisvet.com/mobilni-komentari/dd4/Honor/Magic6-Lite/9,Honor,Honor Magic6 Lite,Goran 87,2024-03-24 10:23:00,Pozdravljam vas svemocna grupo 🙂.Namestim punjenje baterije do 80% Kako hi MI baterije sto duze trajala ALI punjenje baterije predje 80%.Zna li neko o cemu se radi I Kako da nastelujem na 80% Ali da funkcionise?
https://mobilnisvet.com/mobilni-komentari/dd4/Honor/Magic6-Lite/9,Honor,Honor Magic6 Lite,Vladimir,2024-03-22 18:21:00,"Može li punjač honorov od 66 wati da služi za ovaj telefon, da napuni to kako treba po odgovarajućoj brzini telefona i da mu ne šteti ovaj višak wati?"
https://mobilnisvet.com/mobilni-komentari/dd4/Honor/Magic6-Lite/9,Honor,Honor Magic6 Lite,IvanaS,2024-03-22 10:08:00,"Cao svima,"
https://mobilnisvet.com/mobilni-komentari/dd4/Honor/Magic6-Lite/9,Honor,Honor Magic6 Lite,Dule 031,2024-03-22 02:56:00,"Pazite kad ne mogu da verujem.Ovde je izgleda onaj pravi tradicionalni proksimi tinsenzor.Nađoh na netu.Javite ako se slažete.Ako je tako onda ovaj telefon ima sve što mu je potrebno da bude telefon.Javite šta ste doznali,da znam dali da uzimam.I još nešto...šta je bolje uzeti,ovaj ili redmi note 13 4g.Poudrav braćo."
https://mobilnisvet.com/mobilni-komentari/dd4/Honor/Magic6-Lite/9,Honor,Honor Magic6 Lite,Sasa,2024-03-22 01:03:00,"Mogu da kažem da iako stoji da je baterija jaka uopšte nije da znate, ne igram igrice uopšte, samo osnovne aktivnosti malo ig, tako da baterija nije baš kao što pise"
https://mobilnisvet.com/mobilni-komentari/dd4/Honor/Magic6-Lite/9,Honor,Honor Magic6 Lite,Goran,2024-03-21 16:57:00,Kad se ukljuci kamera baguje koci sliku dosta vremena treba da se stabilizuje.Velika mana i zbog toga ga menjam
https://mobilnisvet.com/mobilni-komentari/dd4/Honor/Magic6-Lite/9,Honor,Honor Magic6 Lite,Ana,2024-03-19 18:04:00,Ovaj ili Honor 70? Bitna mi kamera i baterija.
https://mobilnisvet.com/mobilni-komentari/dd4/Honor/Magic6-Lite/9,Honor,Honor Magic6 Lite,Riko,2024-03-19 12:45:00,"Da li je dostupna verzija kod nas, sa 5800mah baterijom. Ili je to neka greska na sajtovima"
https://mobilnisvet.com/mobilni-komentari/dd4/Honor/Magic6-Lite/9,Honor,Honor Magic6 Lite,Zoki,2024-03-18 23:43:00,Honor Snimač poziva koji se implementira u Telefon aplikaciju. Samo odobrite dozvolu za Mikrofon i radi extra:
https://mobilnisvet.com/mobilni-komentari/dd4/Honor/Magic6-Lite/9,Honor,Honor Magic6 Lite,Milan,2024-03-18 19:42:00,Na akciji 29999.
https://mobilnisvet.com/mobilni-komentari/dd4/Honor/Magic6-Lite/9,Honor,Honor Magic6 Lite,Uros,2024-03-17 02:17:00,Ovaj honor ili poco x6?
https://mobilnisvet.com/mobilni-komentari/dd4/Honor/Magic6-Lite/10,Honor,Honor Magic6 Lite,Miki,2024-03-16 11:09:00,"Pozdrav ljudi,"
https://mobilnisvet.com/mobilni-komentari/dd4/Honor/Magic6-Lite/10,Honor,Honor Magic6 Lite,Vesna,2024-03-15 21:09:00,"Dvoumim se izmedju Honor magic 6 i samsung A 54 5 g, vasa preporuka"
https://mobilnisvet.com/mobilni-komentari/dd4/Honor/Magic6-Lite/10,Honor,Honor Magic6 Lite,Marija,2024-03-12 21:13:00,"Da li slušalice koje se dobijaju uz ovaj telefon (x5 pro) mogu da se konektuju na uređaj drugog proizvođača? Na telefonu mi rade normalno, na Xiaomi tablet ne mogu da ih konektujem. Ima li neka fora tu?"
https://mobilnisvet.com/mobilni-komentari/dd4/Honor/Magic6-Lite/10,Honor,Honor Magic6 Lite,Veljko,2024-03-12 15:01:00,"Mislim da je za ove novce bolja kupovina Honor 70, vakum, na oglasima :-) Ipak je bolji telefon, procesor, kamera... Ne računajući Magic Pro seriju, Honor 70 im je najbolji telefon koji su plasirali kod nas na tržištu."
https://mobilnisvet.com/mobilni-komentari/dd4/Honor/Magic6-Lite/10,Honor,Honor Magic6 Lite,Младен,2024-03-10 16:49:00,Da li neko zna gde kupiti original punjač za ovaj telefon? Nigde nisam našao.
https://mobilnisvet.com/mobilni-komentari/dd4/Honor/Magic6-Lite/10,Honor,Honor Magic6 Lite,Miloš,2024-03-09 08:55:00,Juče su mi stigle slušalice. Jel zna neko kojim punjačem je najbolje puniti ih?
https://mobilnisvet.com/mobilni-komentari/dd4/Honor/Magic6-Lite/10,Honor,Honor Magic6 Lite,Dragan,2024-03-08 19:36:00,Ovaj ili Xiaomi note 13 pro 256??
https://mobilnisvet.com/mobilni-komentari/dd4/Honor/Magic6-Lite/10,Honor,Honor Magic6 Lite,K.P.,2024-03-08 12:21:00,Kada na levoj strani ekrana povučem prstom od gore ka dole na levoj strani budu obaveštenja na desnoj kontrolni centar. Da li voo može da se promeni i gde?
https://mobilnisvet.com/mobilni-komentari/dd4/Honor/Magic6-Lite/10,Honor,Honor Magic6 Lite,Sinisa,2024-03-08 10:25:00,"24 feb sam pisao da je problem bio sa slusalicama, da je bio problem sa prijavom."
https://mobilnisvet.com/mobilni-komentari/dd4/Honor/Magic6-Lite/10,Honor,Honor Magic6 Lite,Ben,2024-03-06 17:09:00,"Koristim telefon mesec dana, pre njega sam imao S klasu Samsung, evo ovako... Baterija fenomenalna, za prosecnog korisnika, kada sam aktivno koristio telefon, sa svim mogucim aplikacijama, igrama zahtevnijim itd, trajala je jedan dan, ali uz max koriscenje tokom bolesti. Brz telefon, sve funkcionise, ekran jako dobar, kamera nije losa, iskreno, ali meni ne smeta, ima neku fabricku zastitu preko ekrana, receno je da ne mora staklo, a ukoliko se odlucim da mora ono skuplje od nekih 4000 dinara, zbog zakrivljenosti. Maska obicna neka silikonska sa ispupcenjima na coskovima. Bio sam jako skeptican da li pravim pametnu odluku prelaskom sa S klase, doduse starije, na Honor, ali nema greske. Zvuk u slusalici u kombinaciji sa VolTe je fenomenalan, onaj drugi sa zvucnika nije los, glasno se cuje, ali imam utisak kao da je malo ""supalj"". Licno misljenje, za prosecnog korisnika telefon je vise nego odlican."
https://mobilnisvet.com/mobilni-komentari/dd4/Honor/Magic6-Lite/10,Honor,Honor Magic6 Lite,Zoki,2024-03-05 11:21:00,Stigle sluške extra su.
https://mobilnisvet.com/mobilni-komentari/dd4/Honor/Magic6-Lite/10,Honor,Honor Magic6 Lite,magic,2024-03-01 19:55:00,"koji kabl koristiti za punjenje onaj sto se dobije sa punjacem(honor 66w imam) ili onaj sto se dobije uz telefon,s obzirom da je onaj sto se dobije uz telefon slabiji???"
https://mobilnisvet.com/mobilni-komentari/dd4/Honor/Magic6-Lite/10,Honor,Honor Magic6 Lite,Neša,2024-03-01 17:52:00,"Prodaju po oglasima brzi punjač TREQA 66w za 1000din, može li taj za Honor telefon ili mora baš original Honorov?"
https://mobilnisvet.com/mobilni-komentari/dd4/Honor/Magic6-Lite/10,Honor,Honor Magic6 Lite,Vuco,2024-03-01 12:55:00,"U vezi Vašeg upita, Honor Magic 6 Lite dolazi sa ""Telefon dolazi sa Magic OS 7.2(Baziran na Android 13 OS). Ovaj model će imati 2 Android ažuriranja i 3 godine sigurnosnih zakrpa"" . Ovo sam dobio kao odgovor od Honora."
https://mobilnisvet.com/mobilni-komentari/dd4/Honor/Magic6-Lite/10,Honor,Honor Magic6 Lite,Vuco,2024-03-01 10:24:00,@Zoki koliko ce godina android update dobiti ovaj telefon a kolilo godina zakrpa? Hvala.
https://mobilnisvet.com/mobilni-komentari/dd4/Honor/Magic6-Lite/10,Honor,Honor Magic6 Lite,Djomla,2024-02-29 18:58:00,"Preusmeravanje poziva kako funkcioniše? Kad pričam sa nekim a drugi poziv imam ne može da probije vezu, stigne mi poruka. Mts aktivirao n a*43# i neće. U podešavanju poziva neće... Hvala ako neko zna da reši !!!"
https://mobilnisvet.com/mobilni-komentari/dd4/Honor/Magic6-Lite/10,Honor,Honor Magic6 Lite,Miloš,2024-02-28 11:41:00,Da li za punjenje koristiti kablic koji se dobija uz telefon od 8A ili onaj koji se dobije uz punjac od 9A i da li postoji razlika u brzini punjenja?
https://mobilnisvet.com/mobilni-komentari/dd4/Honor/Magic6-Lite/10,Honor,Honor Magic6 Lite,Vladimir,2024-02-27 19:32:00,"Ne pljujem telefon, ali velika je razlika u ceni izmedju Megic 5 lite i ovog modela, po meni ne vredi ovoliko, kada bude bio oko 200e, onda ga uzimam, posto sam za ove pare koje sam uzeo Magic 5 lite, sto se tice baterije i ekrana, zaista prezadovoljan, a to je meni najbitnije kod ovog modela"
https://mobilnisvet.com/mobilni-komentari/dd4/Honor/Magic6-Lite/10,Honor,Honor Magic6 Lite,Evol,2024-02-26 16:03:00,"SoT sa jednim punjenjem (osim ako ne igrate igrice..), preko 10h, najvise na wi-fi, bez problema soc mreze, youtube, razgovori, Viber Whatsaapp i sl. Inace, SoT pokazuje za dan, ne kao na nekim drugim softverima od punjenja zadnji put baterije."
https://mobilnisvet.com/mobilni-komentari/dd4/Honor/Magic6-Lite/10,Honor,Honor Magic6 Lite,Aca,2024-02-26 14:56:00,Kakav je što se tiče dužine trajanja baterije? Da li je dobar kao njegov predhonik?
https://mobilnisvet.com/mobilni-komentari/dd4/Honor/Magic6-Lite/10,Honor,Honor Magic6 Lite,Nadica,2024-02-26 07:58:00,Trazila sam punjač u radnji gde sam kupila dali su mi od 22.5w nisam znala da imaju i jaci od 40 i 66w jer može i taj od 22.5 jer nece da steti nesto baterije. Hvala unapred na odgovoru
https://mobilnisvet.com/mobilni-komentari/dd4/Honor/Magic6-Lite/10,Honor,Honor Magic6 Lite,Evol,2024-02-25 18:14:00,"Evo nekih utisaka za ovo relativno kratko vreme koristenja. Mogu da uporedim sa Huawei Nova 10 i Honor Magic 5 Lite uredjajima (SD778g i SD 695), koje sam koristio u poslednja 2 meseca, iatog brenda i slicne cene. Dizajn, slican, ova druga dva je lakse koristiti jer su uzi (Nova 10 i vidljivo tanja). Izrada, nemam tu sta dodati, skoro pa isto, ekran je najbolji na ovom modelu, najsvetliji (na Nova 10 je najtamniji), baterija, perfekcija. Brzo punjenje podrzava i od Huawei punjaca, tako da ako imate one od 22.5w, pa sve do 66w, od Huawei-a, nema greske.. zvucnik dobar (za mono zvuk), kamere super, osim sto nema stabilizacije na 4K. Danas je stiglo i azuriranje za poboljsanja oko kamere AI YoYO asistenta i sigurnosna zakrpa za Januar 2024.. sve u svemu, nije los uredjaj, nije sada da je tamo negde nesto bolje za slican iznos. A da, ovaj 6 Gen 1 se bas ponasa kao 778G iz ne tako davnih dana, solidan omjer efikasnosti sa jacinom (za sresnji segment). Ako nrkoga nesto konkretno zanima, odgovorim. Steta he sto su osakatili uredjaje zbog 'EU' regulativa, nema punjaca, nema maske, jos malo nece ni telefoni dolaziti kako je krenulo. Xiaomi se jos drzi (:"
https://mobilnisvet.com/mobilni-komentari/dd4/Honor/Magic6-Lite/10,Honor,Honor Magic6 Lite,Đomla,2024-02-25 17:53:00,A gde ima punjač original Honor od 35w da se kupi?
https://mobilnisvet.com/mobilni-komentari/dd4/Honor/Magic6-Lite/10,Honor,Honor Magic6 Lite,Sinisa,2024-02-25 07:30:00,"Juče 24 feb pazario u Nisu Magic 6,prezadovoljan."
https://mobilnisvet.com/mobilni-komentari/9955/Honor/70/10,Honor,Honor 70,Jagoda,2023-06-27 09:00:00,"Pozz, razmisljam o novom tefonu, ne znam kakvi su Honor? Sta su im najvece mane? Imaju li zaista problem sa azuriranjem i zakrpama? Ok, lepo izgledaju, dobre baterije i ekrani, ali zanimaju me razlozi zasto NE TREBA kupiti Honor? Nekako mi je lakse da sumiram utiske tako :) hvalaa"
https://mobilnisvet.com/mobilni-komentari/9955/Honor/70/10,Honor,Honor 70,Mk,2023-06-27 05:32:00,"Meni je jos za februar bezbedonosna zakrpa za android, vama?"
https://mobilnisvet.com/mobilni-komentari/9955/Honor/70/10,Honor,Honor 70,Jelena,2023-06-23 16:04:00,Ljudi imam samsung a52s da li se isplati preći na honor 70 i zanima me isključivo kamera da li je bolja u odnosu na samsung a52s ?
https://mobilnisvet.com/mobilni-komentari/9955/Honor/70/10,Honor,Honor 70,Mirko,2023-06-23 15:17:00,"Da li je zaista na ovom telefonu tako dobra baterija kao što pričaju nek mi neko napise ko ima ovaj telefon.Da li ima bolju bateriju u odnosu na konkurente u ovom cenovnom rangu mislim na samsung a54,redmi note 12 pro,motorola edge 40 ?"
https://mobilnisvet.com/mobilni-komentari/9955/Honor/70/10,Honor,Honor 70,L,2023-06-21 21:52:00,"A, pazite sad ovu dilemu:"
https://mobilnisvet.com/mobilni-komentari/9955/Honor/70/10,Honor,Honor 70,Mix,2023-06-20 12:06:00,"Ja imam problem sa viberom, ne stizu mi poruke. Jedino kad udjem u aplikaciju, tad stignu. Ne znam u cemu je problem. To mi se desava samo sa viberom, sa ostalim aplikacijama nemam problema"
https://mobilnisvet.com/mobilni-komentari/9955/Honor/70/10,Honor,Honor 70,Oficir,2023-06-19 21:11:00,Imam H70 vec tri meseca i prezadovoljan sam. Telefon nudi sve sto treba.
https://mobilnisvet.com/mobilni-komentari/9955/Honor/70/10,Honor,Honor 70,Ivan,2023-06-19 19:36:00,Pozdrav ljudi zanima me ono ko ima ovaj telefon kakav mu je zvuk sobzirom da nema stereo zvucnik ?
https://mobilnisvet.com/mobilni-komentari/9955/Honor/70/10,Honor,Honor 70,Bravo,2023-06-15 22:49:00,Da li neko zna kada cemo dobiti MagicOs 7.1 (Android 13)  za Honor 70 ?
https://mobilnisvet.com/mobilni-komentari/9955/Honor/70/10,Honor,Honor 70,Dragan,2023-06-15 14:59:00,"Honor 70 ili mototola edge 30 fusion,edge 40 ili xiaomi 13 lite"
https://mobilnisvet.com/mobilni-komentari/9955/Honor/70/10,Honor,Honor 70,Marko,2023-06-15 08:56:00,Pozdrav ljudi imam samsung a52s pa me zanima da li se isplati preci na ovaj telefon.Znam da mu je baterija jako dobra i da je brz samo me zanima ono ko je imao samsung a52s i presao na Honor 70 da mi kaze nesto vise o kemarama ovog telefona da li je bolji u odnosu na samsung ili su tu negde po kvalitetu ?
https://mobilnisvet.com/mobilni-komentari/9955/Honor/70/10,Honor,Honor 70,Maki,2023-06-13 10:52:00,"Dilema koji telefon uzeti: Honor 70, Samsung a54 ili Xiaomi Redmi Note 12PRO?"
https://mobilnisvet.com/mobilni-komentari/9955/Honor/70/10,Honor,Honor 70,Dragan,2023-06-12 15:47:00,"Poz da li je velika razlika izmedju dva honora 70 jedan 5g a drugi 4g,tipa u mts je 5g a u a1 4g"
https://mobilnisvet.com/mobilni-komentari/9955/Honor/70/10,Honor,Honor 70,Nemke,2023-06-11 20:54:00,"Ljudi, riknuo my je punjac, imao je kratak spoj kad Sam GA stavio u produzni na poslu. Da li negde ima da se uzme Novi originalni punjac za honor 70?"
https://mobilnisvet.com/mobilni-komentari/9955/Honor/70/10,Honor,Honor 70,Sale,2023-06-09 17:03:00,Iskreno nisam oduševljen sa kamerom.
https://mobilnisvet.com/mobilni-komentari/9955/Honor/70/10,Honor,Honor 70,Sale,2023-06-09 16:55:00,Jel neko uspeo da instalira Google.Cam?
https://mobilnisvet.com/mobilni-komentari/9955/Honor/70/10,Honor,Honor 70,Slađa,2023-06-06 10:31:00,"Molim vas za savet..... Honor 70 ili medžik 5 lajt, hitno!!??!?!"
https://mobilnisvet.com/mobilni-komentari/9955/Honor/70/10,Honor,Honor 70,sasa,2023-06-02 20:22:00,Hoce li taj android 13🤔
https://mobilnisvet.com/mobilni-komentari/9955/Honor/70/10,Honor,Honor 70,Zvonko,2023-05-31 16:12:00,"Da li je neko u toku može li da se odvoji tajmer za kamere, tipa da bude uključen za prednju, a za zadnju ne, ili to ne može na Honor 70? Hvala"
https://mobilnisvet.com/mobilni-komentari/9955/Honor/70/10,Honor,Honor 70,Stefan,2023-05-31 12:59:00,"Kao i prethodni Honor i ovaj je daleko ispred konkurencije u ovom cenovnom rangu. Sistem, bez greške fluidan, ekran savršen, baterija traje nekoliko dana sa intezivnim korišćenjem lagano. Jedina mana je možda što kamere prave takvu izbočinu da kad se stavi na ledja ne stoji ravno,  ako to uopšte može da bude mana."
https://mobilnisvet.com/mobilni-komentari/9955/Honor/70/10,Honor,Honor 70,Jole,2023-05-29 01:01:00,"U ovom cenovnom rangu koji telefon imaja najbolju kameru ili koja dva se npr izdvajaju (Huaweii,Honor,Samsung,Xiaomi,Motorola...) Koristim Xiaomi Redmi Note 10 Pro i Poco F3 i oba su mi dobra i moze fino da se iskoristi kamera za slikanje i snimanje ali posto je vreme za zamenu uredjaja pa bi napravio neki iskorak ( Poco sa procesorom Snapdragon 870 5g kida i 8 gb rama,256 prostora tada kad je izasao realno najbolja konfiguracija i kupovina), sto se hardvera tice manje vise svi su dobri u toj srednjoj klasi nijense su u pitanju i stvar ukusa sto se dizajna tice realno gledano. Ima te li preporuku koji telefon da gledam, ovaj Honor mi je zapao za oko, deluje mi privlacno,lepo ima i drugih zanimljivih uredjaja?"
https://mobilnisvet.com/mobilni-komentari/blm/Honor/Magic5-Lite/9,Honor,Honor Magic5 Lite,Anđelija,2023-10-31 03:19:00,"Telefon imam par meseci. Na pocetku je bilo sve ok, a sada toliko blokira i koči da je to katastrofa. Mnogo je spor postao. Baterija se upropastila ne izdrži mi ni dan kako treba. Kamere užas. Generalno pokajala sam se što sam ga uzela. Dok moj brat koji ima Honor 90 lite je i dalje prezadovoljan i isto radi kao i prvog dana kad ga je kupio🤷🏽‍♀️"
https://mobilnisvet.com/mobilni-komentari/blm/Honor/Magic5-Lite/9,Honor,Honor Magic5 Lite,Zorana,2023-10-30 11:36:00,"Još jedno pitanje vezano za bateriju... Ali volela bih da napišete potpuno iskrene odgovore... Šta konkretno koristite na telefonu da vam baterija traje dva dana... Evo, ja imam telefon od maja meseca... Nema šanse da izvuče dva dana osim ukoliko uopšte ne gledam tel. u toku dana, osim eventualno za viber, whatsup poruke l, eventualno neki poziv.... Ukoliko je uključen bluetooth zbog smartwatcha, igrice, instagram, poneki video, meni može da izdrži 1 dan i to je to... Hvala na iskrenim odgovorima..."
https://mobilnisvet.com/mobilni-komentari/blm/Honor/Magic5-Lite/9,Honor,Honor Magic5 Lite,Peca,2023-10-29 16:35:00,Da li je ovaj telefon ima neku nadogradnju na android 13 ili ostaje na fabrički android 12?
https://mobilnisvet.com/mobilni-komentari/blm/Honor/Magic5-Lite/9,Honor,Honor Magic5 Lite,Marina,2023-10-29 11:30:00,Djole preporuka za telefon 250-300€ da nije huawei i honor. 8/256  i da je kamera bolja od honora magic 5 lite.
https://mobilnisvet.com/mobilni-komentari/blm/Honor/Magic5-Lite/9,Honor,Honor Magic5 Lite,Zorana,2023-10-29 11:13:00,"Imam pitanje... Imam omogućenu opciju ""otključavanje uz slike časopisa"", označila sam više kategorija, ali samo mi se ponavljaju 3,4 slike... Hvala na odgovoru, pozdrav!"
https://mobilnisvet.com/mobilni-komentari/blm/Honor/Magic5-Lite/9,Honor,Honor Magic5 Lite,HonorMagicMoments,2023-10-29 07:06:00,Za one koji ne znaju ovaj model se prodaje (zavisi od trzisnog regiona) pod nazivima:
https://mobilnisvet.com/mobilni-komentari/blm/Honor/Magic5-Lite/9,Honor,Honor Magic5 Lite,Zaka,2023-10-28 22:41:00,"Djole jedno pitanje za tebe, citala sam komentare i razocarala se. Danas sam ga kupila, po preporuci magic 5 lite. Jako volim lepe fotografije ovde procitam da je kamera losa, jel ima sta da se skine sa play prodavnice da bude lepa kamera ☺️hvala unapred na odgovoru ☺️"
https://mobilnisvet.com/mobilni-komentari/blm/Honor/Magic5-Lite/9,Honor,Honor Magic5 Lite,Boki,2023-10-28 22:27:00,Pozz uzeti ovaj model ili neki honor x ili saomi neku pro verziju
https://mobilnisvet.com/mobilni-komentari/blm/Honor/Magic5-Lite/9,Honor,Honor Magic5 Lite,dragan,2023-10-28 10:15:00,interesuje me da li uz telefon ide i punjač?
https://mobilnisvet.com/mobilni-komentari/blm/Honor/Magic5-Lite/9,Honor,Honor Magic5 Lite,Tomislav,2023-10-27 19:10:00,"Imam jedan problem,jednom ga napuni da mi traje doslovno 2 dana a onda ga punim i piše 10 sati manje,i odem i ponovo postavim telefon ,znači me brišem podatke nego ga ponovo postavim i vrati se tih 10 sati. Ne kužim u čemu je problem ? Ali ne da mi ga se postavljati svaka 2 dana. Lud sam više 🫣"
https://mobilnisvet.com/mobilni-komentari/blm/Honor/Magic5-Lite/9,Honor,Honor Magic5 Lite,Borko,2023-10-26 20:59:00,Kupio sam ovaj telefon ženi i ona je vrlo zadovoljna. Ja sam ga čačkao par dana i moji utisci su sledeći
https://mobilnisvet.com/mobilni-komentari/blm/Honor/Magic5-Lite/9,Honor,Honor Magic5 Lite,Gradjanin,2023-10-25 10:33:00,"Što se tiče Magic5 Lite, glavna prednost je odličan ekran (i izgled i karakteristike) koji je mnogo iznad klase u kojoj je, čak i više. Zatim odličan izgled, primeti ga svako jer je dizajn odličan i liči na premijem telefone sa odličnom završnom obradom. Sledeće je dobra/odlična baterija, to zavisi ko je već na šta navikao i koliko i kako koristi telefon. Sledeći plus mu je fluidan rad, ne koči i prijatno je raditi sa njim zbog odličnog ekrana i dobre optimizacije. Mane, najveća je što se ne dobija punjač uz telefon. Zatim ima jedan zvučnik (nekome to smeta, nekome ne). I neka neutralna osobina je kamera, ona je baš takva kakva bi trebalo da je u tom rangu. Ko očekuje bolju kameru... pa bilo bi to već puno. Onda bi cena 5ce bila možda i dupla. Po meni ovo je telefon koji trenutno ubedljivo najviše pruža za dati novac."
https://mobilnisvet.com/mobilni-komentari/blm/Honor/Magic5-Lite/9,Honor,Honor Magic5 Lite,joca,2023-10-22 18:11:00,ne sviđa mi se što se komentarisanje o mobilnim telefonima svelo na baterije .
https://mobilnisvet.com/mobilni-komentari/blm/Honor/Magic5-Lite/9,Honor,Honor Magic5 Lite,Mixi,2023-10-22 14:27:00,"Ja koristim takođe punjač od 40w i puni oko 2 sata i ne greje se ništa pritom punjač nije original honor. Baterija 2 cela dana izdrži, to je najbolja stvar kod ovog telefona, mana slabiji kvalitet fotografija"
https://mobilnisvet.com/mobilni-komentari/blm/Honor/Magic5-Lite/9,Honor,Honor Magic5 Lite,Goran,2023-10-21 13:56:00,"Vaša iskustva sa punjenjem, sa punjacem od 40W, punjenje traje nesto manje od dva sata. A baterija drzi skoro dva cela dana. Jel to standardno vreme za punjenje ili moze brze...?"
https://mobilnisvet.com/mobilni-komentari/blm/Honor/Magic5-Lite/9,Honor,Honor Magic5 Lite,Miki,2023-10-20 22:04:00,"Pitanje za vlasike 5-ce; Da li se greje prilikom punjenja ,koriscenja igara ,rada kamere..."
https://mobilnisvet.com/mobilni-komentari/blm/Honor/Magic5-Lite/9,Honor,Honor Magic5 Lite,Miško,2023-10-19 08:15:00,Je l punio neko ovaj telefon sa originalnim Huawei Supercharge punjačem 22.5W?
https://mobilnisvet.com/mobilni-komentari/blm/Honor/Magic5-Lite/9,Honor,Honor Magic5 Lite,Suzana,2023-10-18 18:16:00,Zdravo svima..
https://mobilnisvet.com/mobilni-komentari/blm/Honor/Magic5-Lite/9,Honor,Honor Magic5 Lite,HonorMagicMoments,2023-10-18 17:12:00,"Svako ima svoje misljenje o ovom modelu a moje je da je telefon extra za dati novac. Premium ekran 120 Hz, prelep izgled, lagan i tanak, dobar brz i fluidan rad, kamere dobre, baterija vrh. Nemam zamerki cak i posle Motorole Edge 40 ovaj mi je bolje ""legao""."
https://mobilnisvet.com/mobilni-komentari/blm/Honor/Magic5-Lite/9,Honor,Honor Magic5 Lite,Boban,2023-10-16 20:54:00,"U aplikacijama,specijalan pristup,optimizacija baterije koje aplikacije su dozvoljene"
https://mobilnisvet.com/mobilni-komentari/blm/Honor/Magic5-Lite/9,Honor,Honor Magic5 Lite,Zeljko,2023-10-15 10:07:00,Staje sa fm radio. I kablovskim slusalicama
https://mobilnisvet.com/mobilni-komentari/blm/Honor/Magic5-Lite/9,Honor,Honor Magic5 Lite,Nikola,2023-10-15 01:20:00,"Pozdrav,od 2015 sam promenio dva telefona Sony Z2 i nakon njega uzeo tada aktuelan (al polovan) huawei P20,znaci stvarno nisam neko ko cesto menja telefone.Sad mi ovaj honor magic 5 lite bas zapao za oko,i to najvise zbog fizickig izgleda i baterije a i memorije.Ovaj  P20 i dalje sljaka fino,sporije da,al tera.Dal moze neki savet,menjati ga za honor ovaj,ili ne....mislim dal bi dobio nesto sto se tice karakteristika?"
https://mobilnisvet.com/mobilni-komentari/blm/Honor/Magic5-Lite/9,Honor,Honor Magic5 Lite,djole,2023-10-13 22:11:00,"U Češkoj je počelo ažuriranje na android 13, video sam na jednom sajtu u komentarima ljudi pišu."
https://mobilnisvet.com/mobilni-komentari/blm/Honor/Magic5-Lite/9,Honor,Honor Magic5 Lite,B.,2023-10-13 11:03:00,Zakrpa za juli..
https://mobilnisvet.com/mobilni-komentari/gz0/Honor/Magic5-Pro/9,Honor,Honor Magic5 Pro,Vule,2023-12-15 20:47:00,Ovaj ili Samsung S23+?
https://mobilnisvet.com/mobilni-komentari/gz0/Honor/Magic5-Pro/9,Honor,Honor Magic5 Pro,Ivan,2023-12-10 04:51:00,"Imao telefon mesec i 6 dana i prodao ga, i moram reci da je dobar telefon hardwerski, ali, jedno veliko ali meni ovaj telefon tj software odaje bas los utisak, cini mi se da je software preagresivan, bukvalno ubija aplikacije non stop, izgleda buvkalno kao na p30 pro, ali vefovali ili ne meni je software na p30 pro klasa iznad honora, telefon je dosta nezgrapan i klizav, i razocarenje za software totalno, drug je uzeo honor 90 i mogao bih da se zakunem da on fluidnije radi od magic 5 pro, bukvalno je 90ica ostavila mnooogo bolji utisak. Znaci ovo je prvi telefon od sigurno 20+ iz android sveta i jedan od retkih koji mi jednostavno nije legao a mozda cak i jedini. Ne mogu gresiti dusu, baterija, video snimanje 4k60fps, camera, zoom, hardware stvarno je na visokom nivou, ali meni ovaj telefon nikako nije legao..."
https://mobilnisvet.com/mobilni-komentari/gz0/Honor/Magic5-Pro/9,Honor,Honor Magic5 Pro,Igor,2023-12-07 12:16:00,"@Ronaldinjo ko kaže da je honor lite bolji od honor pro? Lite brže otvara HDR video na YouTube to sam rekao jer je to istina. Probaj, pa žena ti ima honor lite. Ekran na pro je za zeru svetliji i oštriji od lite.Poenta: pro je duplo bolji, a nikako 4 puta."
https://mobilnisvet.com/mobilni-komentari/gz0/Honor/Magic5-Pro/9,Honor,Honor Magic5 Pro,Pop,2023-12-07 11:54:00,Jel ima neka informacija kada stize A14 i novi MagicUi?
https://mobilnisvet.com/mobilni-komentari/gz0/Honor/Magic5-Pro/9,Honor,Honor Magic5 Pro,shadow,2023-12-05 11:20:00,Uzeo ga na akciji za 90.000 i tvrdim da za taj novac ne možete kupiti telefon koji će mu se makar i približiti.
https://mobilnisvet.com/mobilni-komentari/gz0/Honor/Magic5-Pro/9,Honor,Honor Magic5 Pro,Igor,2023-12-04 22:54:00,"Kupio danas. Bolje da nisam. Imam i honor magic5 lite. Brži je lite, nemogu da verujem. Sve brže otvara na YouTube. A ekran i na jednom i drugom fantastičan, malo skoro i neprimetno svetliji na pro. Jedino što pro ima stereo zvučnike i malo bolju kameru. Lite platio 25 hilj. A pro 90 hilj."
https://mobilnisvet.com/mobilni-komentari/gz0/Honor/Magic5-Pro/9,Honor,Honor Magic5 Pro,Nikola,2023-12-04 18:09:00,"Imam honor magic 5 pro nekih 5,6 dana. Čuje se zveckanje u kameri, kada protresem telefon. Da li još neko ima ovakav problem? Hvala unapred.."
https://mobilnisvet.com/mobilni-komentari/gz0/Honor/Magic5-Pro/9,Honor,Honor Magic5 Pro,vuk,2023-12-01 10:52:00,"ajde da otvorim novu temu lakse je da ljudi citaju a moze nekome da bude od pomoci. naime, provalio sam da tel hoce da baguje ako ste pre ovog imali neki drugi brend pa uradili clone. nemojte cekirati da prebaci sistemska podesavanja i aplikacije. dakle prebacite samo data podatke tipa slike, video, kontakte i fajlove a aplikacije povucite sa play-a posto play pamti sve sto ste ikada instalirali."
https://mobilnisvet.com/mobilni-komentari/gz0/Honor/Magic5-Pro/9,Honor,Honor Magic5 Pro,Pop,2023-11-30 19:22:00,"Dajte predlog za neku dobru masku da nije providna,i gde je nabaviti? I da li postoji nacin da se negde nabavi ona originalna sto je isla kao poklon uz pocetak prodaje ovog modela?"
https://mobilnisvet.com/mobilni-komentari/gz0/Honor/Magic5-Pro/9,Honor,Honor Magic5 Pro,Nikola,2023-11-29 12:13:00,Da li se isplati menjati s23 ultra za ovaj model?
https://mobilnisvet.com/mobilni-komentari/gz0/Honor/Magic5-Pro/9,Honor,Honor Magic5 Pro,Jony,2023-11-28 17:48:00,"Danas mi se par dana nakon zadnjeg updejta pojavio problem. Neke od ikona na home screenu su sive, bez boje. Rade normalno. Nisu sve izgubile boju, neke su i dalje iste boje kao pre. Da li neko zna rešenje za ovaj problem ?"
https://mobilnisvet.com/mobilni-komentari/gz0/Honor/Magic5-Pro/9,Honor,Honor Magic5 Pro,Pop,2023-11-25 13:54:00,Jel ima resenja za sms poruke i njihovo slanje od nekoliko minuta kad je ukljucen VoLte?
https://mobilnisvet.com/mobilni-komentari/gz0/Honor/Magic5-Pro/9,Honor,Honor Magic5 Pro,Vuk,2023-11-21 22:43:00,Da li je realno da nema opcija da se iskljuce nazivi aplikacija ispod ikona?
https://mobilnisvet.com/mobilni-komentari/gz0/Honor/Magic5-Pro/9,Honor,Honor Magic5 Pro,Milos,2023-11-21 12:42:00,Problem kamere na Instagramu rešen sa novim update-om. Sad sve super radi.
https://mobilnisvet.com/mobilni-komentari/gz0/Honor/Magic5-Pro/9,Honor,Honor Magic5 Pro,Maki,2023-11-20 20:47:00,Da li je neko uspeo da resi kameru na instagramu? I da li ima jos neko da mu ne radi vec danima i nedeljama?
https://mobilnisvet.com/mobilni-komentari/gz0/Honor/Magic5-Pro/9,Honor,Honor Magic5 Pro,Ja sam,2023-11-16 20:21:00,"Ima li uređaj buduci da sam ga danas prvi put malo površno pogledao, kao na Samsungu galerija aplikacija koja recimo pokreće film sa titlovima automatski koji sam ubacio ili treba da se posebno instalira neki Video plejer poput MX Playera za to. Zna li neko možda."
https://mobilnisvet.com/mobilni-komentari/gz0/Honor/Magic5-Pro/9,Honor,Honor Magic5 Pro,Ja sam,2023-11-16 16:34:00,"Uređaj ima opciju za uključivanje u stanju mirovanja  dva puta tapkanje po ekranu,ali za gašenje nema te opcije kao na Samsungu npr.malo cudno za uređaj koji je po meni preskup,a nema niti navigacijske tipke na zaslonu."
https://mobilnisvet.com/mobilni-komentari/gz0/Honor/Magic5-Pro/9,Honor,Honor Magic5 Pro,Darko,2023-11-10 21:56:00,Ima li jos neko problem sa instagramom na ovo tel?
https://mobilnisvet.com/mobilni-komentari/gz0/Honor/Magic5-Pro/9,Honor,Honor Magic5 Pro,857,2023-11-06 06:27:00,Isto. Uzeo nov pre nedelju dana. Baterija katastrofa. Nadam se da će neki apdejt da popravi.
https://mobilnisvet.com/mobilni-komentari/gz0/Honor/Magic5-Pro/9,Honor,Honor Magic5 Pro,.,2023-11-06 06:01:00,"Uzeo sam nov telefon Honor Magic5 Pro i mogu reći da sam razočaran po pitanju trajanje baterije, bukvalno jedva izgura jedan dan. Ne znam da li će se to s vremenom poboljšati, ali na predhodnom telefonu Samsung Galaxy S23 Ultra baterija je držala opušteno 48h, za Honor koristim original Honor punjač kao što sam i na Samsung S23 Ultra koristio Samsung original punjač... Hajde da vidimo kako će se ponašati i na dalje ali ako se baterija uskoro ne popravi ja ću zaista prodati ovaj Honor Magic5 Pro i vraćam se ponovo na Samsung Galaxy S23 Ultra... ostalo je ok,manje više isto kao kod S23 Ultre."
https://mobilnisvet.com/mobilni-komentari/87w/Honor/400-Pro-12GB-256GB-1x-SIM-1x-eSIM/5,Honor,Honor 400 Pro,Zox,2026-01-06 14:21:00,"Kakav ekran ima ovaj telefon ne mogu da se nacudim. Kakve boje, osvetljenje, ostrina. Gledao sam i h200 pro kod kolege isto tako. Ne mogu da saznam cije su to ekrane ugradili."
https://mobilnisvet.com/mobilni-komentari/87w/Honor/400-Pro-12GB-256GB-1x-SIM-1x-eSIM/5,Honor,Honor 400 Pro,Sima,2026-01-05 20:12:00,Imao sam Vivo x200 ultra i slike njegove sa ovim telefonom ne mogu da se porede. Ono je druga dimenzija. Bolje dati još ovoliko i kupiti pravu stvar
https://mobilnisvet.com/mobilni-komentari/87w/Honor/400-Pro-12GB-256GB-1x-SIM-1x-eSIM/5,Honor,Honor 400 Pro,jjj,2026-01-05 16:51:00,Gps je rak rana ovog telefona uz jako lose zvucnike. jos nisam imao telefon da za audio nema nikakvih podesavanja.
https://mobilnisvet.com/mobilni-komentari/87w/Honor/400-Pro-12GB-256GB-1x-SIM-1x-eSIM/5,Honor,Honor 400 Pro,Lidija,2026-01-04 19:27:00,Ovaj telefon ima senzor koji koriste telefoni od 200 evra. Sramota za honor. Mogli su da daju hp5 makar.
https://mobilnisvet.com/mobilni-komentari/87w/Honor/400-Pro-12GB-256GB-1x-SIM-1x-eSIM/5,Honor,Honor 400 Pro,Dzimi,2026-01-04 16:50:00,Zasto je scroll ovoliko spor i neresponsivan. Kada skrolujete ne ide brzo i nije odziv brz kao kod drugih telefona. Ovo je poslednji put da sam kupio honor.
https://mobilnisvet.com/mobilni-komentari/87w/Honor/400-Pro-12GB-256GB-1x-SIM-1x-eSIM/5,Honor,Honor 400 Pro,mikac,2025-12-31 19:21:00,"Nisam zadovoljan telefonom. Preskup je za ono sto nudi. Da je 100 evra jeftiniji onda bi ti bilo to. Ovako mislim da mogu bolji i kompletniji telefoni da se nadju za manje pare. Neoprostivo je da telefon ove cene ima plasticni ram i ovoliko malu bateriju danas kada se stavljaju baterije od 10000. Kamere su cist prosek. Mnogi ga kupuju misleci da pravi bolje slike od telefona slicnog cenovnog ranga, ali to nije slucaj. Nista kamera nije bolja od recimo starog honor 90 modela."
https://mobilnisvet.com/mobilni-komentari/87w/Honor/400-Pro-12GB-256GB-1x-SIM-1x-eSIM/5,Honor,Honor 400 Pro,xxx,2025-12-31 06:33:00,Hoce li biti nekog azuriranja skoro?
https://mobilnisvet.com/mobilni-komentari/87w/Honor/400-Pro-12GB-256GB-1x-SIM-1x-eSIM/5,Honor,Honor 400 Pro,Scarface,2025-12-29 00:07:00,"Ljudi pored mreze i sata na displeju stoji mi neki kljuc , iako koristim telefon , znaci otkljucan je. O cemh je rec ? Ranije mi to nije bilo"
https://mobilnisvet.com/mobilni-komentari/87w/Honor/400-Pro-12GB-256GB-1x-SIM-1x-eSIM/5,Honor,Honor 400 Pro,S,2025-12-27 23:31:00,Da li neko koristi gcam  i da pravi bolje slike od honorove. Podelite koji model koristite.
https://mobilnisvet.com/mobilni-komentari/87w/Honor/400-Pro-12GB-256GB-1x-SIM-1x-eSIM/5,Honor,Honor 400 Pro,kimi,2025-12-27 16:13:00,"Baterija je solidna, kamera takodje. MagicOS mislim da zaostaje puno za Xioami hyper os3 koji je brutalan a pogotovo za Oppo-m. Gps je jako los, pogotovo za unutrasnjost. Preciznost je jako losa i tu je oko 5 metara kada je bas lepo vreme."
https://mobilnisvet.com/mobilni-komentari/87w/Honor/400-Pro-12GB-256GB-1x-SIM-1x-eSIM/5,Honor,Honor 400 Pro,NN,2025-12-27 10:51:00,Da li neko ima problem sa TEAMS aplikacijom?
https://mobilnisvet.com/mobilni-komentari/87w/Honor/400-Pro-12GB-256GB-1x-SIM-1x-eSIM/5,Honor,Honor 400 Pro,Bingo,2025-12-27 02:09:00,Pozdrav ljudi svima jedno pitanje da li znate da li postoji mogućnost pošto vidim da na ovom uređaju ima dual sim i je sim da li postoji mogućnost da pored dve fizičke kartice ubacim to jest instaliram e-c a da mi taj e sim bude samo za viber i za whatsapp mislim bez običnih poziva i poruka znači da imam dve fizičke kartice koje istovremeno rade zajedno sa esimom ali samo taj je sin da mi bude na viber-u i whatsapp-u
https://mobilnisvet.com/mobilni-komentari/87w/Honor/400-Pro-12GB-256GB-1x-SIM-1x-eSIM/5,Honor,Honor 400 Pro,Fix,2025-12-26 16:39:00,U kojoj rezoluciji snima glavna kamera 4k 30fps ili 60fps?
https://mobilnisvet.com/mobilni-komentari/87w/Honor/400-Pro-12GB-256GB-1x-SIM-1x-eSIM/5,Honor,Honor 400 Pro,Zlatan,2025-12-26 08:37:00,"Pozdrav drustvo,moze li mi neko reci kakava mu je stabilizacija videa u pokretu?Imao sam xiaomi 14t ,stabilizacija je bila ocajna."
https://mobilnisvet.com/mobilni-komentari/87w/Honor/400-Pro-12GB-256GB-1x-SIM-1x-eSIM/5,Honor,Honor 400 Pro,Sasa,2025-12-25 19:47:00,"Koristim S24+ i sim karticu + e sim, baterija mi izdrži čitav dan ako ga ne kadom na Bluetooth i na android auto. Da li bi bilo pametno zameniti ga sa Honor 400 pro? Da li dobijam nešto sa tom zamenom?"
https://mobilnisvet.com/mobilni-komentari/87w/Honor/400-Pro-12GB-256GB-1x-SIM-1x-eSIM/5,Honor,Honor 400 Pro,Miki,2025-12-25 19:30:00,"Pozdrav ljudi, malopre sam kupio telefon i ne pokazuje mi uopste update za android 16 i magic os 10. Jel dobio neko i sta ste stavili za zemlju?"
https://mobilnisvet.com/mobilni-komentari/87w/Honor/400-Pro-12GB-256GB-1x-SIM-1x-eSIM/5,Honor,Honor 400 Pro,H,2025-12-24 09:51:00,Koliko je bolje cisto staklo bez fabricke folije. Samo klizi
https://mobilnisvet.com/mobilni-komentari/87w/Honor/400-Pro-12GB-256GB-1x-SIM-1x-eSIM/5,Honor,Honor 400 Pro,xxx,2025-12-24 05:22:00,Hoce li biti neko azuriranje skoro?
https://mobilnisvet.com/mobilni-komentari/87w/Honor/400-Pro-12GB-256GB-1x-SIM-1x-eSIM/5,Honor,Honor 400 Pro,Haha,2025-12-23 10:09:00,Zavrnuli su kina model 2+3 azuriranjem. Ko zna sta jos mogu da smisle i za eu model. Vec su se mnogi koji uzese kina model zbog baterije smorili po svetu.
https://mobilnisvet.com/mobilni-komentari/87w/Honor/400-Pro-12GB-256GB-1x-SIM-1x-eSIM/5,Honor,Honor 400 Pro,Xxc,2025-12-22 22:27:00,"Zvuk za YouTube, mikrofon tokom poziva i za ton obavestenja je jedno te isto. Povezano je."
https://mobilnisvet.com/mobilni-komentari/87w/Honor/400-Pro-12GB-256GB-1x-SIM-1x-eSIM/5,Honor,Honor 400 Pro,M O S,2025-12-20 19:31:00,"Danas sam iskljucio lokaciju na H 400 Pro, baterija traje mnogo duze."
https://mobilnisvet.com/mobilni-komentari/87w/Honor/400-Pro-12GB-256GB-1x-SIM-1x-eSIM/5,Honor,Honor 400 Pro,Neša,2025-12-20 16:50:00,Taj Honor 400pro me podržava 1 TB memorije kao prethodni H 200 pro!
https://mobilnisvet.com/mobilni-komentari/gzw/Honor/Magic8-Pro-12GB-256GB-1x-SIM-1x-eSIM/5,Honor,Honor Magic8 Pro,Laki,2026-03-29 19:54:00,Koristim ga mesec dana telefon razvaljuje za svaku preporuku
https://mobilnisvet.com/mobilni-komentari/gzw/Honor/Magic8-Pro-12GB-256GB-1x-SIM-1x-eSIM/5,Honor,Honor Magic8 Pro,Steff,2026-03-28 21:19:00,"Izaso paket u Yettelu,otplacen HM 6 pro. Dobio sam ponudu paket 100gb i HM8 pro za 6000 mesecno. Po meni fer,hteo sam ajfon ali je 2000 din skuplji,gledao puru 500 dinara skuplja,dok je HM7 pro bio jeftiniji za 500din."
https://mobilnisvet.com/mobilni-komentari/gzw/Honor/Magic8-Pro-12GB-256GB-1x-SIM-1x-eSIM/5,Honor,Honor Magic8 Pro,Sale,2026-03-22 13:27:00,Sta mislite povodom silicijum-karbonskih baterija koje se ugrađuju u nove honor telefone?
https://mobilnisvet.com/mobilni-komentari/gzw/Honor/Magic8-Pro-12GB-256GB-1x-SIM-1x-eSIM/5,Honor,Honor Magic8 Pro,Ika,2026-03-20 18:54:00,Da li neko zna kada ce kod nas stici novo azuriranje koje je vec odavno pusteno za EU?
https://mobilnisvet.com/mobilni-komentari/gzw/Honor/Magic8-Pro-12GB-256GB-1x-SIM-1x-eSIM/5,Honor,Honor Magic8 Pro,Boki,2026-03-19 09:09:00,Pozdrav Da li ovaj telefon prihvata dve kartice fizičke pošto vidim da piše jedan sim i jedan e sim hvala
https://mobilnisvet.com/mobilni-komentari/gzw/Honor/Magic8-Pro-12GB-256GB-1x-SIM-1x-eSIM/5,Honor,Honor Magic8 Pro,Vuk,2026-03-15 16:44:00,"Pitanje za vas koji ste sa Samsunga presli na ovo: da li ste i kako uspeli da klonirate sve podatke,aplikacije,lozinke itd na Honor kao sto bi to uradili sa Samsunga na Samsung? Razmisljam se da predjem sa 24u na ovaj pa da znam sta me ceka😀"
https://mobilnisvet.com/mobilni-komentari/gzw/Honor/Magic8-Pro-12GB-256GB-1x-SIM-1x-eSIM/5,Honor,Honor Magic8 Pro,Vladimir,2026-03-15 11:36:00,"Stigao sa bliskog istoka,punjač u kutiji i baterija 7100ma. Svakim danom sve zadovoljniji. Malo je veći od Xiaomi 14 koji sam koristio i koji je meni baš legao. Razlikuje se od xyper os-a pa treba par dana usaglašavanja i privikavanja. Gomila podešavanja,fluidan u radu,glavna kamera na nivou x14 a telefoto ozbiljna razlika. Zvuk fantastičan.Baterija na Xiaomi 14 mojim korišćenjem je do uveče padala na 20% a na Magic-u bukvalno dva dana. Signal za sad odličan. Razgovor preko spikerfona u kolima odličan. Nisam još naišao neki nedostatak. Zadovoljan!"
https://mobilnisvet.com/mobilni-komentari/gzw/Honor/Magic8-Pro-12GB-256GB-1x-SIM-1x-eSIM/5,Honor,Honor Magic8 Pro,Mare,2026-03-11 09:56:00,Ne stižu mi obaveštenje sa gmaila. Svašta sam pokušavao i ništa. Ostalo sve super radi. Da li je neko imao tih problema?
https://mobilnisvet.com/mobilni-komentari/gzw/Honor/Magic8-Pro-12GB-256GB-1x-SIM-1x-eSIM/5,Honor,Honor Magic8 Pro,Aleksandar,2026-03-04 15:13:00,"Da li je stigao nekom tablet poklon, evo 14 dan nema povratne informacije od prijava@honorregistrscijapoklona.rs?"
https://mobilnisvet.com/mobilni-komentari/gzw/Honor/Magic8-Pro-12GB-256GB-1x-SIM-1x-eSIM/5,Honor,Honor Magic8 Pro,Alex,2026-03-03 15:45:00,"Uzeo Honor Magic 8 pro pre 2 dana,cuje se da se kamera pomera levo desno kada ga zatresm 🤣🤣"
https://mobilnisvet.com/mobilni-komentari/gzw/Honor/Magic8-Pro-12GB-256GB-1x-SIM-1x-eSIM/5,Honor,Honor Magic8 Pro,NN,2026-03-02 12:46:00,Ja sam prešao sa S24 Ultre na Magic 8 Pro i na kraju se vratio na Samsung zbog softvera. Navešću neke stvari koje su mi najviše smetale:
https://mobilnisvet.com/mobilni-komentari/gzw/Honor/Magic8-Pro-12GB-256GB-1x-SIM-1x-eSIM/5,Honor,Honor Magic8 Pro,8 pro,2026-02-22 12:27:00,ljudi pozdrav. Zanima me da li Honor sada ima neku svoju garanciju od aktivacije poput one na Apple uredjajima. Video sam negde da kada se aktivira setuje garanciju unutar sistema od 2 godine. Primer da ga kupis u Madjarskoj i aktiviras od tog trenutka na telefonu stoji garancija na dve godine koju je moguce ostvariti i u Srbiji.
https://mobilnisvet.com/mobilni-komentari/gzw/Honor/Magic8-Pro-12GB-256GB-1x-SIM-1x-eSIM/5,Honor,Honor Magic8 Pro,Zox,2026-02-21 19:16:00,Ovo vam je Huawei cedo izmesano sa iphone. Nekima ne lezi. Lagano probas neko vreme
https://mobilnisvet.com/mobilni-komentari/gzw/Honor/Magic8-Pro-12GB-256GB-1x-SIM-1x-eSIM/5,Honor,Honor Magic8 Pro,Aleksandar,2026-02-20 14:18:00,"Da li se kod nekog isto čuje kada se pomera telefon levo-desno, kao neko kuckanje kod sklopa kamera?"
https://mobilnisvet.com/mobilni-komentari/gzw/Honor/Magic8-Pro-12GB-256GB-1x-SIM-1x-eSIM/5,Honor,Honor Magic8 Pro,Aleksandar,2026-02-19 21:13:00,"Da li se ovo osiguranje 12 meseci 360 u slučaju oštećenja, negde treba aktivirati ili se to podrazumeva kada se prijavim za poklon? Da li je vidljivo kada je aktivan ovaj dodatak negde na telefonu?"
https://mobilnisvet.com/mobilni-komentari/gzw/Honor/Magic8-Pro-12GB-256GB-1x-SIM-1x-eSIM/5,Honor,Honor Magic8 Pro,Bole,2026-02-15 22:38:00,"Stigao tablet iz promocije, a i azuriranje u medjuvremenu. Ide ovo lepo za sad 😊"
https://mobilnisvet.com/mobilni-komentari/gzw/Honor/Magic8-Pro-12GB-256GB-1x-SIM-1x-eSIM/5,Honor,Honor Magic8 Pro,Mare,2026-02-13 19:16:00,Vredi li preći sa 6ice pro na 8icu pro? Hvala
https://mobilnisvet.com/mobilni-komentari/gzw/Honor/Magic8-Pro-12GB-256GB-1x-SIM-1x-eSIM/5,Honor,Honor Magic8 Pro,Pera,2026-02-13 09:51:00,"Da li je neko presao sa Samsunga na ovaj telefon, interesuje me da li funkcionise kloniranje svih podataka kao sto bih radio sa Samsunga na Samsung?"
https://mobilnisvet.com/mobilni-komentari/gzw/Honor/Magic8-Pro-12GB-256GB-1x-SIM-1x-eSIM/5,Honor,Honor Magic8 Pro,Oran,2026-02-12 23:16:00,Koliko vam drži bateriju?
https://mobilnisvet.com/mobilni-komentari/gzw/Honor/Magic8-Pro-12GB-256GB-1x-SIM-1x-eSIM/5,Honor,Honor Magic8 Pro,Bole,2026-02-09 19:07:00,"Kakva su vam misljenja o ovom novom ""button-u"" sa strane? Ocekivanja su mi bila top, kao precica ka aplikacijama, ali ne retko mi se desava da slucajno dok drzim telefon aktiviram i taj taster, pa je u vecini slučajeva naporno."
https://mobilnisvet.com/mobilni-komentari/gzw/Honor/Magic8-Pro-12GB-256GB-1x-SIM-1x-eSIM/5,Honor,Honor Magic8 Pro,Dušan,2026-02-08 10:06:00,Dizajn fantazija
https://mobilnisvet.com/mobilni-komentari/gzw/Honor/Magic8-Pro-12GB-256GB-1x-SIM-1x-eSIM/5,Honor,Honor Magic8 Pro,Pera,2026-02-06 21:29:00,Pozdrav kažite mi samo vaše mišljenje ko je bolji i stabilniji sistem android ili iOS i šta se više koriste u svetu u Evropi šta je bolje šta je fleksibilnije na primer ako hoće da koristiš dve kartice fizički i tako hvala
https://mobilnisvet.com/mobilni-komentari/gzw/Honor/Magic8-Pro-12GB-256GB-1x-SIM-1x-eSIM/5,Honor,Honor Magic8 Pro,Beli,2026-02-04 00:39:00,Jel pazario neko global verziju?
https://mobilnisvet.com/mobilni-komentari/gzw/Honor/Magic8-Pro-12GB-256GB-1x-SIM-1x-eSIM/6,Honor,Honor Magic8 Pro,Mirko,2026-02-02 16:31:00,Bice i on za 90000 din nov za 2 meseca.
https://mobilnisvet.com/mobilni-komentari/gzw/Honor/Magic8-Pro-12GB-256GB-1x-SIM-1x-eSIM/6,Honor,Honor Magic8 Pro,Al,2026-02-02 12:59:00,"Ne mogu da shvatim kako Honor na papiru ima bolje senzore kamera u odnosu na Iphone 17 a ovaj  ga bukvalno šije u svim testovima kamere(selfie, video snimci i danju i noću)jedino u dnevnim uslovima pravi podjednako dobre fotografije kao Iphone."
https://mobilnisvet.com/mobilni-komentari/gzw/Honor/Magic8-Pro-12GB-256GB-1x-SIM-1x-eSIM/6,Honor,Honor Magic8 Pro,Nix,2026-01-30 18:16:00,"Gledam ga u radnji, metar od Pura, da mogu kako samo da izvučem procesor i OS iz ovog Honora u Puru..."
https://mobilnisvet.com/mobilni-komentari/gzw/Honor/Magic8-Pro-12GB-256GB-1x-SIM-1x-eSIM/6,Honor,Honor Magic8 Pro,Dule,2026-01-30 15:37:00,"Pozdrav, ima li saznanja kad ova makina stize u Yettel."
https://mobilnisvet.com/mobilni-komentari/gzw/Honor/Magic8-Pro-12GB-256GB-1x-SIM-1x-eSIM/6,Honor,Honor Magic8 Pro,Deki bg,2026-01-28 06:55:00,"A Mts ko po obicaju, ima najkuplju cenu mobilnog."
https://mobilnisvet.com/mobilni-komentari/gzw/Honor/Magic8-Pro-12GB-256GB-1x-SIM-1x-eSIM/6,Honor,Honor Magic8 Pro,Nemanja,2026-01-27 13:01:00,"Pomoc.Honor 8 magic pro ili Huawei pura 80 ultra?Citam da honor ima jaci procesor,e sad da li je to merilo?Hvala."
https://mobilnisvet.com/mobilni-komentari/gzw/Honor/Magic8-Pro-12GB-256GB-1x-SIM-1x-eSIM/6,Honor,Honor Magic8 Pro,Bole,2026-01-26 20:45:00,"Sutra bi trebalo da mi stigne. Poprilicno sam nestrpljiv, ovo mi je prva veca promena, godinama unazad sam na S/Note seriji Samsunga. Ima li ko da je prelazio na honor i koje su major razlike koje mogu da očekujem?"
https://mobilnisvet.com/mobilni-komentari/gzw/Honor/Magic8-Pro-12GB-256GB-1x-SIM-1x-eSIM/6,Honor,Honor Magic8 Pro,H400 pro,2026-01-24 02:13:00,Kinezi nekad preteraju pa prenesu Huawei vibe na nizu klasu.
https://mobilnisvet.com/mobilni-komentari/gzw/Honor/Magic8-Pro-12GB-256GB-1x-SIM-1x-eSIM/6,Honor,Honor Magic8 Pro,makis,2026-01-23 17:07:00,"Honor Magic serija je dobra samo na papiru u praksi je to sasvim druga stvar.gledajuci strane recenzije previse ima AI korekcije u slikama i video materijalu.to se odrazava lose na boje,boje su previse izrazene,drecave nekako.tako je i sa video materijalom.jednostavno nisu prirodne.ne znam zasto to rade?konkrencija to sve nekako bolje odradi.tu mislim na Vivo,Huawei,Oppo...kod tih modela slike su prirodnije,i video materijal.da se razumemo telefon je prelep,lepo lezi u ruci,brutalan ekran,zvuk,cipset...ali eto meni se licno ne dopada set kamera.tako da moj savet ako kupujete ovaj telefon zbog kamera idite na druge modele.Vivo ultra,Huawei ultra,OPPO x9 pro...ili neki saomi ultra.jedini Magic koji su korektno odradili je 6 PRO.i ko ga ima nemojte prelaziti na 7 ili 8.velikog donitka nema!"
https://mobilnisvet.com/mobilni-komentari/gzw/Honor/Magic8-Pro-12GB-256GB-1x-SIM-1x-eSIM/6,Honor,Honor Magic8 Pro,Ivan,2026-01-23 00:51:00,Da li neko zna kad ce ga dobiti MTS? Svi ostali provajderi ga uveliko nude.
https://mobilnisvet.com/mobilni-komentari/gzw/Honor/Magic8-Pro-12GB-256GB-1x-SIM-1x-eSIM/6,Honor,Honor Magic8 Pro,CoaBre,2026-01-17 08:51:00,Imao sam Honor 50 i još tada sam bio oduševljen markom Honor. Kad sam ga izlomio dvoumio sam se za Honor70 ili 90 i tom prilikom za oko mi je zapao Magic 6 Pro. Pune dve godine sam ga maltretirao na sve moguće načine i izdržao me je besprekorno dok mi na poslu nije upao u traku na bageru i otišao u bespovrat. Čekao sam HM8pro od novembra 2025 i uzeću ga koliko god da košta jer takav telefon vredi imati upravo zato što ne postoji bolji 🙃
https://mobilnisvet.com/mobilni-komentari/gzw/Honor/Magic8-Pro-12GB-256GB-1x-SIM-1x-eSIM/6,Honor,Honor Magic8 Pro,NN lice,2026-01-17 02:44:00,Da li vredi menjati honor 200 pro za ovaj telefon?
https://mobilnisvet.com/mobilni-komentari/gzw/Honor/Magic8-Pro-12GB-256GB-1x-SIM-1x-eSIM/6,Honor,Honor Magic8 Pro,Luka Berarov,2026-01-01 18:47:00,"Da li je samo moje misljenje da za ove performanse je baterija razocarenje? Ja imam magic 7 lite baterija je 6600mAh, a magic 8 PRO...? Ponovicu... PRO, koji je troduplo jaci odnosno zahtevniji baterija 6200mAh??? Magic 8 Lite, ponovicu... LITE ima 7500mAh..."
https://mobilnisvet.com/mobilni-komentari/gzw/Honor/Magic8-Pro-12GB-256GB-1x-SIM-1x-eSIM/6,Honor,Honor Magic8 Pro,Jovan,2025-12-31 13:10:00,Vidi.
https://mobilnisvet.com/mobilni-komentari/gzw/Honor/Magic8-Pro-12GB-256GB-1x-SIM-1x-eSIM/6,Honor,Honor Magic8 Pro,Luka,2025-12-31 08:34:00,Pozdrav za sve. Hocu da menjam telefon pa mi treba savet od vas . Samsung s25 ultra ili ovaj honor koji ce tek da bude u prodaju. Hvala na savetu.
https://mobilnisvet.com/mobilni-komentari/gzw/Honor/Magic8-Pro-12GB-256GB-1x-SIM-1x-eSIM/6,Honor,Honor Magic8 Pro,Alek,2025-12-24 00:29:00,Ako zaista bude ovako izgledao...odvratan.
https://mobilnisvet.com/mobilni-komentari/gzw/Honor/Magic8-Pro-12GB-256GB-1x-SIM-1x-eSIM/6,Honor,Honor Magic8 Pro,Hhh,2025-11-22 10:30:00,Kada kreće kod nas u prodaju?
https://mobilnisvet.com/mobilni-komentari/gzw/Honor/Magic8-Pro-12GB-256GB-1x-SIM-1x-eSIM/6,Honor,Honor Magic8 Pro,Milos,2025-10-26 16:30:00,Sta mislite da li ce biti bolji od S26U
https://mobilnisvet.com/mobilni-komentari/87w/Honor/400-Pro-12GB-256GB-1x-SIM-1x-eSIM/6,Honor,Honor 400 Pro,Miloš,2025-12-20 12:55:00,"Mnogo je lepši telefon u ovoj sivoj, Lunar grey boji, u odnosu na crnu.  A i cena novog na oglasima je povoljnija nego u radnjama"
https://mobilnisvet.com/mobilni-komentari/87w/Honor/400-Pro-12GB-256GB-1x-SIM-1x-eSIM/6,Honor,Honor 400 Pro,Dijana,2025-12-20 12:16:00,Može li mi neko reći da li je baš velika razlika između honor 400 i honor 400 pro? Da li vredi te razlike u ceni?
https://mobilnisvet.com/mobilni-komentari/87w/Honor/400-Pro-12GB-256GB-1x-SIM-1x-eSIM/6,Honor,Honor 400 Pro,Honor,2025-12-19 19:21:00,"Konacno se moze iskljuciti i Turbo ram, sto nije bio slucaj u poslednjih 3 godine, mozda sitnica, ali imaju je svi sve ove godine u opcijama, sada i Honor, posle toliko godina."
https://mobilnisvet.com/mobilni-komentari/87w/Honor/400-Pro-12GB-256GB-1x-SIM-1x-eSIM/6,Honor,Honor 400 Pro,Stefan,2025-12-19 14:44:00,"Pozdrav, imam pitanje. Da li je bolje uzeti ovaj u odnosu na s25fe? Kakva mu je baterija, SoT i ostale stvari poput tih?"
https://mobilnisvet.com/mobilni-komentari/87w/Honor/400-Pro-12GB-256GB-1x-SIM-1x-eSIM/6,Honor,Honor 400 Pro,Srki,2025-12-19 13:40:00,"Telefon se poprilično, greje kada snima i slika sta li je to u pitanju da li zna neko honor 400 pro je telefon"
https://mobilnisvet.com/mobilni-komentari/87w/Honor/400-Pro-12GB-256GB-1x-SIM-1x-eSIM/6,Honor,Honor 400 Pro,xxx,2025-12-19 06:46:00,"Odlican telefon, ima sitnih bagova ali nadam se da ce resiti to nekim  azuriranjem."
https://mobilnisvet.com/mobilni-komentari/87w/Honor/400-Pro-12GB-256GB-1x-SIM-1x-eSIM/6,Honor,Honor 400 Pro,Zox,2025-12-17 22:31:00,Nesto sam promenio misljenje za magic 8 pro. Iste dimenzije i oblik. Bolje kamere mi ne trebaju. Ovaj je sasvim dovoljan. Mozda magic 8 ultra?
https://mobilnisvet.com/mobilni-komentari/87w/Honor/400-Pro-12GB-256GB-1x-SIM-1x-eSIM/6,Honor,Honor 400 Pro,Sale,2025-12-17 20:28:00,"Ima li neko problem sa povezivanjem slušalica direktno, u pitanju su JBL slušalice, ne prepoznaje ih, ne razumem u čemu je problem?"
https://mobilnisvet.com/mobilni-komentari/87w/Honor/400-Pro-12GB-256GB-1x-SIM-1x-eSIM/6,Honor,Honor 400 Pro,xxx,2025-12-16 13:04:00,i sta posle?
https://mobilnisvet.com/mobilni-komentari/87w/Honor/400-Pro-12GB-256GB-1x-SIM-1x-eSIM/6,Honor,Honor 400 Pro,xxx,2025-12-16 12:40:00,sta znaci da baterija ima 1200 ciklusa?
https://mobilnisvet.com/mobilni-komentari/87w/Honor/400-Pro-12GB-256GB-1x-SIM-1x-eSIM/6,Honor,Honor 400 Pro,Igy74,2025-12-15 20:35:00,Voleo bih da mi neko kaže iskreno da li uzeti Honor 400 pro ili Samsung S24 FE. Neko ko se razume a nije pristrasan ni jednom od ova dva brenda. Hvala
https://mobilnisvet.com/mobilni-komentari/87w/Honor/400-Pro-12GB-256GB-1x-SIM-1x-eSIM/6,Honor,Honor 400 Pro,Umek,2025-12-15 16:46:00,Jel jos nekome ne pokazuje vreme ukljucenog ekrana u Detalji o potrosnji baterija u baterija opciji. Meni stoji 3 sata i 23 minuta vec dan uvek isto. Ako neko zna jel ima to veze sa digitalnim blagostanjem jer je to iskljuceno.
https://mobilnisvet.com/mobilni-komentari/87w/Honor/400-Pro-12GB-256GB-1x-SIM-1x-eSIM/6,Honor,Honor 400 Pro,Xxx,2025-12-13 09:17:00,Zasto se telefon greje kada se puni?
https://mobilnisvet.com/mobilni-komentari/87w/Honor/400-Pro-12GB-256GB-1x-SIM-1x-eSIM/6,Honor,Honor 400 Pro,Nikola,2025-12-12 22:15:00,Kupio sam ga pre dva sata.. brutalan telefon. Trenutno nema jačeg po performansama. Čak i piše tako nema jači android telefon. Nadam se da ću ostati prezadovoljan i kada počnem da ga koristim.
https://mobilnisvet.com/mobilni-komentari/87w/Honor/400-Pro-12GB-256GB-1x-SIM-1x-eSIM/6,Honor,Honor 400 Pro,Stefan,2025-12-12 12:07:00,"Imam ovaj telefon ima pola godine, ja jos uvijek nemam opciju pretvaranje fotografije u video. Jutros sam dobio magic os 10 ali i dalje nema"
https://mobilnisvet.com/mobilni-komentari/87w/Honor/400-Pro-12GB-256GB-1x-SIM-1x-eSIM/6,Honor,Honor 400 Pro,Mos 10,2025-12-10 18:37:00,"Azurirao sam H 400 pro na mos 10,a sta je sad magic os 10 zero gravity -transparency design?"
https://mobilnisvet.com/mobilni-komentari/87w/Honor/400-Pro-12GB-256GB-1x-SIM-1x-eSIM/6,Honor,Honor 400 Pro,Misa,2025-12-10 15:17:00,"Da li su svi dobili Magic os 10? Kupio sam za suprugu i mene, ona jos nije dobila nadogradnju , dokje meni stigla pre nekoliko dana"
https://mobilnisvet.com/mobilni-komentari/87w/Honor/400-Pro-12GB-256GB-1x-SIM-1x-eSIM/6,Honor,Honor 400 Pro,Plahi,2025-12-09 20:18:00,Primetio sam da se ekran ne gasi dok razgovaram. Ima li rešenje za to?
https://mobilnisvet.com/mobilni-komentari/87w/Honor/400-Pro-12GB-256GB-1x-SIM-1x-eSIM/6,Honor,Honor 400 Pro,?,2025-12-09 19:59:00,Napredovala je dosta polikarbonat tehnologija. Ko bi rekao da je ovde kako kazu plasticni frejm. Tvrdo i cvrsto kao kamen. Nema tu tragova koriscenja po lajsni jer je ovo izliveno u toj boji izbruseno takvo i ispolirano bez potrebe da se farba?
https://mobilnisvet.com/mobilni-komentari/87w/Honor/400-Pro-12GB-256GB-1x-SIM-1x-eSIM/6,Honor,Honor 400 Pro,Saša,2025-12-07 19:54:00,"Za oko 3 nedelje planiram kupovinu ovog telefona. Čitam po komentarima da ima nekoliko modova punjenja. Po vama, koji je najbolji za bateriju?"
https://mobilnisvet.com/mobilni-komentari/87w/Honor/400-Pro-12GB-256GB-1x-SIM-1x-eSIM/6,Honor,Honor 400 Pro,Meda,2025-12-07 17:08:00,Ovaj ili Sasmsung S25FE?
https://mobilnisvet.com/mobilni-komentari/87w/Honor/400-Pro-12GB-256GB-1x-SIM-1x-eSIM/6,Honor,Honor 400 Pro,Nena,2025-12-05 16:18:00,Kakak zvuk i zvuk pri video pozivu ima ovaj H 400pro?
https://mobilnisvet.com/mobilni-komentari/87w/Honor/400-Pro-12GB-256GB-1x-SIM-1x-eSIM/6,Honor,Honor 400 Pro,Dusan,2025-12-05 14:33:00,"Mala pomoc drugarii,dal uzeti ovaj ili obican s25 samsung,prioritet kamera😀 hvala svima unapred"
https://mobilnisvet.com/mobilni-komentari/87w/Honor/400-Pro-12GB-256GB-1x-SIM-1x-eSIM/6,Honor,Honor 400 Pro,Pera,2025-12-05 10:21:00,"Sale, utisci odlicni, redizajnirano prilicno...kontrolni centar, animacija punjenja, prilagodljivost tema, brzi je rad sistema a cini mi se da i baterije drze duze. U svakom slucaju, pun pogodak."
https://mobilnisvet.com/mobilni-komentari/gz0/Honor/Magic5-Pro/10,Honor,Honor Magic5 Pro,Dane,2023-10-30 11:53:00,"Imam ovaj telefon vec nekih 20 dana. Prvobitno sam kupio Iphone 14 Pro Max i koristio ga dobrih mesec dana pokusavajuci da ukacim novi os, ali uzalud, odlucio sam da ga prodam jer ceo zivot koristim Android telefone i meni jednostavno ne odgovara njihov sistem, koji isto tako odlicno radi ali se ja tu ne pronalazim, sve je ograniceno, manjak mogucnosti i izbora sto ja ne volim tako da sam odlucio da kupim Honor. Utisci nakon 20 dana intenzivnog koriscenja 12+h/7 su sledeci. Baterija bolje drzi nego na Ajfonu, punjenje je naravno mnogo brze, fotogorafije definitivno bolje sa Honorom u 90% slucajeva, video je za nijansu bolji kod Ajfona, ali to je toliko neprimetno da stvarno samo strucnjaci bi mogli videti neku razliku. S obzirom da mi video nije prioritet, a kamera mi je mnogo bitnija, prezadovoljan sam. O zumu i svim podesavanjima i opcijama koje nudi, prednjaci Honor itekako, pogotovo u detaljima, koje Iphone cesto nije prepoznavao."
https://mobilnisvet.com/mobilni-komentari/gz0/Honor/Magic5-Pro/10,Honor,Honor Magic5 Pro,83,2023-10-29 12:14:00,Koliko MB vam imaju slike slikane sa magic5 pro i koje su rezolucije u pikselima?
https://mobilnisvet.com/mobilni-komentari/gz0/Honor/Magic5-Pro/10,Honor,Honor Magic5 Pro,Gagi,2023-10-26 21:34:00,"XY - Ja sam sa S23 Ultra prešao na Honor Magic 5 Pro.Jedini razlog prelaska je bila zaista užasna ergonomija Ultre,ošte ivice telefona su uništavale ono pravo zadovoljsto kod upotrebe tog telefona."
https://mobilnisvet.com/mobilni-komentari/gz0/Honor/Magic5-Pro/10,Honor,Honor Magic5 Pro,XY,2023-10-26 17:37:00,"Da li medju vama ima neko ko ima ovaj telefon i Samsung S23 ultra da moze da usporedi ova dva telefona? Vidim da svi ubrzo prodaju ovaj telefon i prelaze na s23 ultra, a neki od komentara ovde su bili da je ovaj telefon bolji u mnogim segmentima."
https://mobilnisvet.com/mobilni-komentari/gz0/Honor/Magic5-Pro/10,Honor,Honor Magic5 Pro,Jebacinski,2023-10-20 21:58:00,"Ratmisljam se za ovaj telefon,zanima me brzina telefona i baterija koliko dugo drzi ako se koristi konstatno ??"
https://mobilnisvet.com/mobilni-komentari/gz0/Honor/Magic5-Pro/10,Honor,Honor Magic5 Pro,Gor,2023-10-13 05:40:00,Da imam honor medzik 5 pro kamera mu je losa izoblicuje sliku brojeve slova zamucuje nemoze u prostorijama da uslika ceo kadar jasan uopste fotografije ponekad unakazi nisu u stvarnosti marketing je cudo i netreba se zaletati i bacati pare
https://mobilnisvet.com/mobilni-komentari/gz0/Honor/Magic5-Pro/10,Honor,Honor Magic5 Pro,Ognjen,2023-10-12 23:46:00,"Citam da su neki ljudi razocarani ovim telefonom.. Da ima bolju kameru p30 pro nego ovaj.. kao i stari iphone 8 pro da ima bolju kameru nego iphone 15 pro, pa me sad zanima da li kupiti ovaj telefon, tj. da li vredi dati 900 evra za njega ili kupiti samsung 23ultra? Citao sam i za samsung iste price da nije nista bolji od prethodnih pa sad vise ne znam sta da izaberem. Mislim najbitnije mi je da ne dam neki ogroman kes a da za par meseci vredi vise nego upola manje i da su performanse nikakve ili u rangu telefona iz 2020."
https://mobilnisvet.com/mobilni-komentari/gz0/Honor/Magic5-Pro/10,Honor,Honor Magic5 Pro,vanja,2023-10-07 00:22:00,jel nikako nema opcije da se video sa 15min produzi bar na pola sata?
https://mobilnisvet.com/mobilni-komentari/gz0/Honor/Magic5-Pro/10,Honor,Honor Magic5 Pro,Nemanja,2023-10-03 13:18:00,Da li se jos nekome desava da svaki put kada dodirnete ekran da se pojavi bela tacka kao kursor i to bas svaki put i u bas svakom uglu?
https://mobilnisvet.com/mobilni-komentari/gz0/Honor/Magic5-Pro/10,Honor,Honor Magic5 Pro,Mladen,2023-10-02 19:03:00,"Planirao sam da ga pazarim ali sam na kraju odustao. Razlog : nisam imao gde uživo da ga vidim pre same kupovine. Treba da dam preko 1000e za telefon a da ga pre tog ni ne vidim uživo? Nema ga ni kod jednog operatera u mom gradu, kao ni kod ovih velikih prodavaca. Očajna prodajna podrška, do koga je, me ne zanima, ja sam samo krajnji kupac. Uzeo sam S23 Ultra. Zurilo mi se jer mi se dosasasnji telefon pokvario."
https://mobilnisvet.com/mobilni-komentari/gz0/Honor/Magic5-Pro/10,Honor,Honor Magic5 Pro,Nemanja,2023-09-30 03:25:00,"Stigle nove zakrpe, za sada sve na vreme!"
https://mobilnisvet.com/mobilni-komentari/gz0/Honor/Magic5-Pro/10,Honor,Honor Magic5 Pro,Ivan Dj,2023-09-29 16:32:00,"Poštovanje, dugogodinji sam korisnik Apple-ovi telefona. Trenutno imam iPhone 13 pro max 256Gb. Interesuje me, da li mi neko moze uporediti moj telefon sa Megic5 pro modelom."
https://mobilnisvet.com/mobilni-komentari/gz0/Honor/Magic5-Pro/10,Honor,Honor Magic5 Pro,Ana,2023-09-25 20:52:00,Da li radi na Honor Magic 5 pro intune company portal?
https://mobilnisvet.com/mobilni-komentari/gz0/Honor/Magic5-Pro/10,Honor,Honor Magic5 Pro,Slovenac82,2023-09-23 20:55:00,"Ja sam danas uzeo Magic5 Pro, razmisljao sam se izmedju njega i P60 Pro jer mi je kamera jako bitna i na kraju prelomim na ovu stranu zbog GMS-a. A po ocenama ne zaostaje mnogo za P60 Pro, pritom korisnik sam P40 PRO+ i hteo sam neki sad sa Google podrskom."
https://mobilnisvet.com/mobilni-komentari/gz0/Honor/Magic5-Pro/10,Honor,Honor Magic5 Pro,Darko,2023-09-09 19:52:00,Ima li neko problem na tel sa instagramom? Cam se ne ukljucuje prilikom slikanja za story.
https://mobilnisvet.com/mobilni-komentari/gz0/Honor/Magic5-Pro/10,Honor,Honor Magic5 Pro,N.N.,2023-09-08 00:17:00,"Imaju skoro pa istu cenu na oglasima, pa se dvoumim izmedju s23 ultra i ovog. Sta je bolji izbor, kao kompletan telefon. Gledao sam dosta recenzija i malo je jedan boji, malo drugi, puca mi glava vise. Naginjem ka ovom, ali mislim da ce s23 ultra uvek imati vecu cenu pri kasnijoj prodaji."
https://mobilnisvet.com/mobilni-komentari/gz0/Honor/Magic5-Pro/10,Honor,Honor Magic5 Pro,boki,2023-09-07 19:11:00,"sjajan tel., perfektan, samo preporuke"
https://mobilnisvet.com/mobilni-komentari/gz0/Honor/Magic5-Pro/10,Honor,Honor Magic5 Pro,Sale,2023-09-06 14:16:00,Stigla nova zakrpa veličine 90-tak MB
https://mobilnisvet.com/mobilni-komentari/gz0/Honor/Magic5-Pro/10,Honor,Honor Magic5 Pro,Beks - NUFC,2023-09-05 23:06:00,"Nehotice sam sklonio ikonicu kamere. Da budem iskren, ne znam gde je zalutala... Zna li neko kako se vraća?"
https://mobilnisvet.com/mobilni-komentari/gz0/Honor/Magic5-Pro/10,Honor,Honor Magic5 Pro,Vlada,2023-08-31 10:48:00,"Zdravo svima. Primetio sam da se od poslednje 2 verzije update-a softvera, telefon solidno usporio, pogotovu kada surfujem internetom (BRave ili Opera), dali neko zna sta se desava ? Zvao sam korisnicki servic i nisu znali da mi odgovore. Secka cak i kad ukljucim performance mod. Da li neko ima slicna iskustva i kako to resiti ? Hvala"
https://mobilnisvet.com/mobilni-komentari/gz0/Honor/Magic5-Pro/10,Honor,Honor Magic5 Pro,vasilije,2023-08-31 00:41:00,zasto je poskupio ovaj tel u proteklih nedelju dve dana?? sta se ddesava?  i to za dobrih 100-150 e.
https://mobilnisvet.com/mobilni-komentari/gz0/Honor/Magic5-Pro/10,Honor,Honor Magic5 Pro,Darko,2023-08-26 09:51:00,Jel neko primeti kada se telefon protrese da se cuje nesto u njemu da zvecka.? Ili je samo kod mene ovo prb?
https://mobilnisvet.com/mobilni-komentari/blm/Honor/Magic5-Lite/10,Honor,Honor Magic5 Lite,Aca,2023-10-11 23:35:00,"Treba mi pomoć.Zainteresovan sam za ovaj mobilni aparat.Međutim,pošto ima razno raznih komentara...molio bih za mišljenje korisnika o njegovom zvuku...kvalitetu i jačini zvonjenja i ostalog vezanog za zvučnik...i realnom kvalitetu kamera?Hvala unapred."
https://mobilnisvet.com/mobilni-komentari/blm/Honor/Magic5-Lite/10,Honor,Honor Magic5 Lite,Miki,2023-10-11 08:15:00,Juče sam kupio Honor magic 5 8/256 i kada sam instalirao aplikaciju i povezao JBL bubice zvuk u njima je upola slabiji i loišiji nego dok su bile povezane na staru motorolu. Nijedno podešavanje nije pomoglo ni na aplikaciji ni na telefonu. Da li neko možda zna u čemu je problem?
https://mobilnisvet.com/mobilni-komentari/blm/Honor/Magic5-Lite/10,Honor,Honor Magic5 Lite,Pedja,2023-10-10 22:17:00,Hvala Djole
https://mobilnisvet.com/mobilni-komentari/blm/Honor/Magic5-Lite/10,Honor,Honor Magic5 Lite,Pedja,2023-10-10 18:18:00,Imam honor magic 5 lit nekih mesec dana
https://mobilnisvet.com/mobilni-komentari/blm/Honor/Magic5-Lite/10,Honor,Honor Magic5 Lite,Sale,2023-10-08 23:13:00,"Da li Honor magic 5 lite ima neku fabrički foliju preko ekrana, jer deluje mekano i ne deluje kao staklo?"
https://mobilnisvet.com/mobilni-komentari/blm/Honor/Magic5-Lite/10,Honor,Honor Magic5 Lite,Aleksa,2023-10-07 21:40:00,Da li neko zna da li moze na Honor magic 5 lite da se isključi brzo punjenje da se puni normalno. ...
https://mobilnisvet.com/mobilni-komentari/blm/Honor/Magic5-Lite/10,Honor,Honor Magic5 Lite,Aleksa,2023-10-07 21:33:00,Da li na honor magic 5 lite ima opcija da se isključi brzo punjenje.... Hvala
https://mobilnisvet.com/mobilni-komentari/blm/Honor/Magic5-Lite/10,Honor,Honor Magic5 Lite,Dragana,2023-10-07 16:27:00,"Moram da se nadovezem na iskustvo sa ovim uredjajem.5 meseci koriscenja minimalno.Bez bagova ok,za normalnu upotrebu super.Da bi skoro na ekranu u desnoj strani pozeleneo jedno 4cm duzine i 2cm sirine.Srecom ekran kad upalim radi.Nemam na osnovu cega da ga reklamiram.Bukvalno ovo su bacene pare,da za 5 meseci bez nekog turbo koriscenja i sto ga koristim 4-5h za ceo dan.Ovo je sramota.Citam gde ljudi pisu svako od nas ima po neku falinku na ovom uredjaju.Ko zeli da ga kupi srecno.Mene je iskreno telefon razocarao."
https://mobilnisvet.com/mobilni-komentari/blm/Honor/Magic5-Lite/10,Honor,Honor Magic5 Lite,Milena,2023-10-07 00:54:00,Koji telefon uzeti honor magic 5 lite ili samsung a 54? Kako ste zadovoljni honor telefonom? Koji ima bolju kameru? Hvala
https://mobilnisvet.com/mobilni-komentari/blm/Honor/Magic5-Lite/10,Honor,Honor Magic5 Lite,Vladimir,2023-10-06 11:35:00,"De.si bre Đole, tražim te ovamo na realme 7. E daj neku preporuku za fon do 200 evra? Možda neki evro više ili manje 😁"
https://mobilnisvet.com/mobilni-komentari/blm/Honor/Magic5-Lite/10,Honor,Honor Magic5 Lite,Marina,2023-10-06 09:57:00,Pitanje za Djoleta 🙂
https://mobilnisvet.com/mobilni-komentari/blm/Honor/Magic5-Lite/10,Honor,Honor Magic5 Lite,Tanja,2023-10-04 18:26:00,"Imam samsung A72 skoro dve godine i sad bih prešla na neki drugi telefon. Pitanje za Djoleta: da li ima smisla prelaziti na Honor Magic 5 Lite? Da li je ovo sa konja na magarca ili dobijam nešto? Kod ovog samsunga mi je dizajn bio velika zamerka, a i očekivala sam više od kamere. Inače, 15 godina koristim Samsung, da li se teško navići na Honor?"
https://mobilnisvet.com/mobilni-komentari/blm/Honor/Magic5-Lite/10,Honor,Honor Magic5 Lite,Dragana,2023-10-02 23:14:00,"Pozdrav Djole,jedno pitanje.Da li vredi sa ovog Honora preci na proslogodisnji Samsung S21 FE?Cene znam,skuplji jeste e sad da li i koliko je bolji to ne znam."
https://mobilnisvet.com/mobilni-komentari/blm/Honor/Magic5-Lite/10,Honor,Honor Magic5 Lite,Milos,2023-10-02 22:02:00,"Kakva mu je kamera? Nešto mu brzo pala cena? Imao sam Magic 4 lite, kamera očajna!"
https://mobilnisvet.com/mobilni-komentari/blm/Honor/Magic5-Lite/10,Honor,Honor Magic5 Lite,Ana,2023-10-01 04:04:00,Xiaomi Note 12s ili ovaj Honor? Koji Ima BOLJU kameru?
https://mobilnisvet.com/mobilni-komentari/blm/Honor/Magic5-Lite/10,Honor,Honor Magic5 Lite,Trle,2023-09-30 12:52:00,"Pošto telefon nema led lampicu , šta koristite da vidite da vam je stigla poruka kada je ekran ugasen ? Da li moze da se podesi negde u sistemu da se vide ikonice za poruke na ekranu ili iskljucivo ora da se skine neki app kao na primer aodnotify?"
https://mobilnisvet.com/mobilni-komentari/blm/Honor/Magic5-Lite/10,Honor,Honor Magic5 Lite,Gax,2023-09-30 00:09:00,"Ima neko preporuku za dobar music player koji stabilno radi, nema reklame...? Ne znam zasto nemaju vise njihov stari dobri fabricki..."
https://mobilnisvet.com/mobilni-komentari/blm/Honor/Magic5-Lite/10,Honor,Honor Magic5 Lite,Ana,2023-09-29 15:47:00,"Health prikazuje samo predjene korake, ne i kilometre. Da li je moguce podesiti negde da se vide i predjeni kilometri."
https://mobilnisvet.com/mobilni-komentari/blm/Honor/Magic5-Lite/10,Honor,Honor Magic5 Lite,Lidija,2023-09-28 21:03:00,"Kupila sam telefon honor Magic 5 lite. Otišla sam da stavim zaštitno staklo. Devojka koja tamo radi mi zalepila, ali kada sam došla kući staklo je pucketalo i ometalo u radu. Čula sam da na ovaj telefon zbog zakrivljenog ekrana staklo se ne stavlja. Posle tri dana pričajući na telefon staklo mi je ostalo zalepljeno za uvo. Ima li neko iskustva. Iskustva molim"
https://mobilnisvet.com/mobilni-komentari/blm/Honor/Magic5-Lite/10,Honor,Honor Magic5 Lite,natasha,2023-09-27 19:28:00,da li moze da se instalira aplikacija insta i fb i kako na Honor magic 5 lite ???
https://mobilnisvet.com/mobilni-komentari/blm/Honor/Magic5-Lite/10,Honor,Honor Magic5 Lite,Vanja,2023-09-24 14:45:00,Honor Magic 5 lite/ Realme 11 PRO ili Xiaomi 13 lite? Dobro bi mi došla pomoć pri izboru! 😊
https://mobilnisvet.com/mobilni-komentari/blm/Honor/Magic5-Lite/10,Honor,Honor Magic5 Lite,Andrija Lukic,2023-09-24 14:05:00,"Pozdrav ekipa,koristim Honor Magic 5 lite vec dva meseca.Danas je telefon poceo da baguje,greje se,cini mi se da i baterija brze opada i sam izlazi iz aplikacija.Na primer,udjem u Youtube i posle nekoliko sekundi me izbaci,igrice isto tako.Ima nekih aplikacija koje rade normalno,recimo Facebook i Instagram.Da li je neko imao slicna iskustva?"
https://mobilnisvet.com/mobilni-komentari/blm/Honor/Magic5-Lite/10,Honor,Honor Magic5 Lite,Fiecoje,2023-09-21 07:33:00,Ne mogu da verujem da nema radio.
https://mobilnisvet.com/mobilni-komentari/blm/Honor/Magic5-Lite/10,Honor,Honor Magic5 Lite,Dragan,2023-09-18 18:19:00,Preporuka koji je bolji
https://mobilnisvet.com/mobilni-komentari/9955/Honor/70/11,Honor,Honor 70,mikana,2023-05-29 00:54:00,xiaomi 13 lite ili honor 70? bitna mi je kamera i baterija kao i zvuk tokom pricanja na telefon
https://mobilnisvet.com/mobilni-komentari/9955/Honor/70/11,Honor,Honor 70,Mare,2023-05-25 19:18:00,"Drugari pomoc imam P30 pro, razmisljao sam zbog novca da predjem na Honor 70, jako mi je važna kamera, jedno od najvaznijeg, da li mislite da cu dobiti više u kvalitetu kamera sa Honor-om, vredi li ovaj prelazak?"
https://mobilnisvet.com/mobilni-komentari/9955/Honor/70/11,Honor,Honor 70,RG,2023-05-24 18:49:00,Da li je moguće da nema fabricki muzicki plejer?
https://mobilnisvet.com/mobilni-komentari/9955/Honor/70/11,Honor,Honor 70,N,2023-05-24 16:28:00,Ljudi hoce li taj MagicOs stici do nas vec jednom
https://mobilnisvet.com/mobilni-komentari/9955/Honor/70/11,Honor,Honor 70,Goran,2023-05-24 01:14:00,"Evo linka za staklo. Pogresio sam, cena je jeftinija"
https://mobilnisvet.com/mobilni-komentari/9955/Honor/70/11,Honor,Honor 70,Boban,2023-05-22 14:15:00,"Dobro stako za ovaj model,da se neodlepljuje za 7 dana ili djubre od skupih folija te americkih,hudrogel i ostalih koje se podizu posle oar dana sve prevaranti"
https://mobilnisvet.com/mobilni-komentari/9955/Honor/70/11,Honor,Honor 70,sasa,2023-05-22 12:52:00,"Honor 70 problem na suncu ekran se odjednom smanji na minimum, jel to bag ili🤔"
https://mobilnisvet.com/mobilni-komentari/9955/Honor/70/11,Honor,Honor 70,Deki,2023-05-21 22:47:00,Tel je ok uzeo ga pre nekoliko dana i savršeno radi zadovoljan sam  međutim ima jedna sitnica koju ne mogu da rešim a to su njegove teme kada se ulogujem i napišem meil on traži verifikaciju i tu zapne kaže dobili ste verifikacioni kod a nisam da li neko zna o čemu se radi...
https://mobilnisvet.com/mobilni-komentari/9955/Honor/70/11,Honor,Honor 70,Shone,2023-05-21 21:29:00,"Ljudi, ajde ko ima iskustva neka kaze koliki je SOT?"
https://mobilnisvet.com/mobilni-komentari/9955/Honor/70/11,Honor,Honor 70,Milos,2023-05-19 20:07:00,Koliko honor dobija android nadogradnji?
https://mobilnisvet.com/mobilni-komentari/9955/Honor/70/11,Honor,Honor 70,Marko,2023-05-19 13:14:00,"Imam Novu 5t. Telefon je kidao sve vreme. Sad je vreme da ga menjam, lagano."
https://mobilnisvet.com/mobilni-komentari/9955/Honor/70/11,Honor,Honor 70,Upisi ime,2023-05-19 09:15:00,Jesu li azuriranja redovna kao kod Honora 50? Da u maju imas januarsku zakrpu?
https://mobilnisvet.com/mobilni-komentari/9955/Honor/70/11,Honor,Honor 70,marko,2023-05-18 03:45:00,"Imama Honor neko vreme i mogu reci da sam sa svime zadovoljan. Kamere su ok,baterija ceo dan uz igranje igrica  i drustvene mreze. Brzo punjenje je extra. Sve u svemu ok telefon. Sve na njemu perfektno radi. E sad ako se nekome ne svidja kamera neka kupi profesionalni foto aparat,ako nekome ne odgovara baterija,neka dopunjava telefon.  Sve pohvale za ovaj model. Znam da ima i boljih al za ove pare sve je ok."
https://mobilnisvet.com/mobilni-komentari/9955/Honor/70/11,Honor,Honor 70,Jovan,2023-05-17 15:31:00,"Greje li se telefon, baterija izgurali ceo dan?"
https://mobilnisvet.com/mobilni-komentari/9955/Honor/70/11,Honor,Honor 70,Milica,2023-05-17 09:28:00,"E ćao drugari, želim da predjem sa ajfona 13 pro na Honor 70. Mene zanima jedna stvar a meni jako bitna"
https://mobilnisvet.com/mobilni-komentari/9955/Honor/70/11,Honor,Honor 70,Deki,2023-05-15 23:06:00,ovih dana razmisljam da uzmem bas honor 70 do sad sam bio na one plus nord i prezadovoljan sam bio sa telefonom al istice mi ugovor pa pitam one sto imaju honor da li da uopste menjam one plus nord za honor 70 ...
https://mobilnisvet.com/mobilni-komentari/9955/Honor/70/11,Honor,Honor 70,Lazar,2023-05-15 23:02:00,"Zanima me kakav je u video snimanju, slike koliko sam video na internetu imaju malo uzi kadar od drugih uredjaja ali deluju slike da su ok lepe a sto se video snimanja tice deluje mi da nije bas nesto posebno pogotovo nocu, kakvo je vase misljenje i iskustvo,nisam imao prilike da ga drzim u ruci i isprobam?"
https://mobilnisvet.com/mobilni-komentari/9955/Honor/70/11,Honor,Honor 70,Mix,2023-05-14 14:17:00,Mozda ja ne mogu da pronadjem ili nema ta opcija. Postoji li mogucnost da se ukljuci vibracija za ona tri navigacijska tastera?
https://mobilnisvet.com/mobilni-komentari/9955/Honor/70/11,Honor,Honor 70,Zuca,2023-05-13 11:34:00,"Zanima me zna li neko kakvi su Oled ekrani za zamor ociju,cinjenica je da svi zamaraju kada se dugo gleda u njih ali sam negde procitao da Ips ili ti led i oled najvise zamaraju i ta neka oznaka PWM i kakav je Honor po tom pitanju?"
https://mobilnisvet.com/mobilni-komentari/9955/Honor/70/11,Honor,Honor 70,Laki,2023-05-13 08:11:00,"Da li se nekom desava da u toku razgovora dođe do nekakvog šuma, krkljanja ne znam ni sam kako bih objasnio. Ne desava mi se uvek, ali često se ponavlja?"
https://mobilnisvet.com/mobilni-komentari/9955/Honor/70/11,Honor,Honor 70,Mix,2023-05-12 21:52:00,"Imam poco x3 pro. Stvarno dobar telefon, uzeo sam ga najvise zbog dobrog procesora, pre 2 godine. Igram cod mobile i nemam problema oko igrice. E sad imam pitanje, da li da uzmem ovaj honor ili samsung a54, koje ne bih koristio za igrice, vec najvise za surfovanje internetom i fotografisanje ili da cekam, ako stigne kod nas u ponudi ovsj novi poco f5 i poco f5 pro?"
https://mobilnisvet.com/mobilni-komentari/9955/Honor/70/11,Honor,Honor 70,Kami,2023-05-11 12:31:00,Ako moze mala pomoć. Na ekranu nemam strelice za povratak unazad. Da li to negde ima u podešavanjima. Ako neko zna neka mi objasni. Hvala
https://mobilnisvet.com/mobilni-komentari/9955/Honor/70/11,Honor,Honor 70,N,2023-05-10 21:10:00,"Pisao sam Honoru na insta, receno mi je da se ne zna kada ce tacno biti pusten android 13 za Srbiju ali da se planira tek na jesen.."
https://mobilnisvet.com/mobilni-komentari/9955/Honor/70/11,Honor,Honor 70,Boža,2023-05-09 16:26:00,"Kakav je zvuk, da li se vidi razlika, u smislu nisu stereo zvučnici?"
https://mobilnisvet.com/mobilni-komentari/dd4/Honor/Magic6-Lite/11,Honor,Honor Magic6 Lite,Milan,2024-02-25 01:18:00,"Da li vredi zameniti 2 godine star realme GT master za magic 6 lite? Znam da sem mozda malo bolje kamere, baterije i ekrana necu mnogo dobiti. U gt masteru je idalje legendarni sd778g. Nego svrbi me baš ova ponuda za 265e + sluške gratis...:/"
https://mobilnisvet.com/mobilni-komentari/dd4/Honor/Magic6-Lite/11,Honor,Honor Magic6 Lite,Djole,2024-02-24 14:58:00,Imam Huawei nova 5t. Samo se bojim da li honor magic 6 lite ili horor 90 mogu da mu pariraju? Hvala
https://mobilnisvet.com/mobilni-komentari/dd4/Honor/Magic6-Lite/11,Honor,Honor Magic6 Lite,Dbgd,2024-02-22 09:03:00,"Telefon je za te pare i vise nego odlican, al najjaci deo mu je otrponost na padove"
https://mobilnisvet.com/mobilni-komentari/dd4/Honor/Magic6-Lite/11,Honor,Honor Magic6 Lite,Vlada,2024-02-21 13:28:00,"Da li neko zna kako na Honoru Magic6 Lite iskljičiti ( izbrisati-zameniti) jelena koji se pojavljuje nakon korišćenja, ekran prelazi u fazu ""spavanja"". Hvala na odgovoru"
https://mobilnisvet.com/mobilni-komentari/dd4/Honor/Magic6-Lite/11,Honor,Honor Magic6 Lite,Nikola,2024-02-20 10:25:00,"Pozdrav! Moye li mi neko reci kakva je razlika izmedju magic 5lite  i magic 6 lite? Kakva je baterija, brzina, zvuk itd... Hvala unapred na odogovoru!"
https://mobilnisvet.com/mobilni-komentari/dd4/Honor/Magic6-Lite/11,Honor,Honor Magic6 Lite,Sile,2024-02-20 08:33:00,"Zdravo! Zanima me u vezi ovog modela, da li je slusalica ovog telefona dok sa nekim pricate glasna i jasna,srednje glasna ili je tisa? Koliko je glasan zvucnik prilikom zvona telefona i za medije? Brzina samog uredjaja i fluidnost su dobri,ili je sporiji telefon? Koliko dugo su obecali azuriranje softvera i bezbednosne zakrpe? Hvala onome ko odgovori,i pozzz!"
https://mobilnisvet.com/mobilni-komentari/dd4/Honor/Magic6-Lite/11,Honor,Honor Magic6 Lite,Igorrr,2024-02-16 11:55:00,"Pozdrav,insteresuje da li je ovo najbolji telefon sto se tice kamere,baterije softvera do 500evra? Posto sam u velikoj dilemi koji telefon da kupim u kesu do 500evra?"
https://mobilnisvet.com/mobilni-komentari/dd4/Honor/Magic6-Lite/11,Honor,Honor Magic6 Lite,Jasna,2024-02-14 23:46:00,"Da li je neko sa nove 5t presao na ovaj honor? Zanima me da li su kamere dobre kao na 5t a i ostalo. Novu imam vec tri godine, jos uvek radi  super ali doci ce vreme i da se uzme novi tel pa ne znam sta uzeti, jer nova je extra telefon."
https://mobilnisvet.com/mobilni-komentari/dd4/Honor/Magic6-Lite/11,Honor,Honor Magic6 Lite,Jelena,2024-02-14 14:27:00,Moze li ko koristi ovaj telefon da mi kaze kamere kakve da li su iole pristojne- kako prednja tako i zadnja?znam da je koliko para toliko i muzike al me zanima iskustvo od vas sto ga koristite.Hvala
https://mobilnisvet.com/mobilni-komentari/dd4/Honor/Magic6-Lite/11,Honor,Honor Magic6 Lite,maja,2024-02-14 14:09:00,gde kupiti punjac?
https://mobilnisvet.com/mobilni-komentari/dd4/Honor/Magic6-Lite/11,Honor,Honor Magic6 Lite,Magic,2024-02-13 22:06:00,Koji punjac koristite???
https://mobilnisvet.com/mobilni-komentari/dd4/Honor/Magic6-Lite/11,Honor,Honor Magic6 Lite,Sara,2024-02-10 18:10:00,"Da li ovaj telefon ima fabricku zastitnu foliju na ekranu, i ako ima jel vredi ista?"
https://mobilnisvet.com/mobilni-komentari/dd4/Honor/Magic6-Lite/11,Honor,Honor Magic6 Lite,Kadi,2024-02-08 01:09:00,"Kupio danas za suprugu u orange boji .Ljudi imam s2r litra,imao Huawei p40 i p50 pro pre toga ,pišem iz razloga što znam sta je dobar tel ali ovaj tel za 35000 dina koliko dam ga uzeo u Gigatronu sa nekim popustom prekida.Ekran odličan, svetao i dobre boje,osećaj u ruci kao neki flegsip od 1000 eur.jedino nema tu težinu. Brzu radu koliko sam zapazio ,kamera solidna ,nisam nesto ne gledao ali izgled je prelep  Softver naravno Huawei koji je odličan, sve u svemu velika preporuka"
https://mobilnisvet.com/mobilni-komentari/dd4/Honor/Magic6-Lite/11,Honor,Honor Magic6 Lite,Vlajko,2024-02-05 16:36:00,Koji je bolji telefon Honor magic 6 lite ili Samsung A25
https://mobilnisvet.com/mobilni-komentari/dd4/Honor/Magic6-Lite/11,Honor,Honor Magic6 Lite,Ss,2024-02-05 13:42:00,Ovaj ili honor 90?
https://mobilnisvet.com/mobilni-komentari/dd4/Honor/Magic6-Lite/11,Honor,Honor Magic6 Lite,Miloš,2024-02-05 13:40:00,Ovaj ili poco x6 pro
https://mobilnisvet.com/mobilni-komentari/dd4/Honor/Magic6-Lite/11,Honor,Honor Magic6 Lite,Nebojša,2024-02-04 23:12:00,Stigle ocene
https://mobilnisvet.com/mobilni-komentari/dd4/Honor/Magic6-Lite/11,Honor,Honor Magic6 Lite,Nadica,2024-02-03 15:53:00,Mislim da za te pare ok telefon izgleda super ekran mu lepo izgleda neka srednja klasa imam samsung a 7 5 punih godina i super je pa neka i on traje toliko bicu prezadovoljna🙂
https://mobilnisvet.com/mobilni-komentari/dd4/Honor/Magic6-Lite/11,Honor,Honor Magic6 Lite,Zoran,2024-02-02 15:47:00,Za ove pare bolje neki stariji flegsip nego ovaj.
https://mobilnisvet.com/mobilni-komentari/dd4/Honor/Magic6-Lite/11,Honor,Honor Magic6 Lite,Nadica,2024-02-02 14:50:00,I ja planiram da kupim magic 6 lite pa me inreresuje ako neko kupi da napise misljenje
https://mobilnisvet.com/mobilni-komentari/dd4/Honor/Magic6-Lite/11,Honor,Honor Magic6 Lite,Danijela,2024-02-01 14:29:00,Planiram kupovinu novog telefona
https://mobilnisvet.com/mobilni-komentari/dd4/Honor/Magic6-Lite/11,Honor,Honor Magic6 Lite,DraganN,2024-02-01 12:56:00,"Planiram kupovinu ovog telefona za 10ak dana. Ako ga neko bude uzimao,koristio,molio bih za utiske. Hvala unapred!!!"
https://mobilnisvet.com/mobilni-komentari/dd4/Honor/Magic6-Lite/11,Honor,Honor Magic6 Lite,nikizt,2024-01-28 18:56:00,"ko hoce veliki ekran a da to nije tablet ovo je idealno, nista specijalno za te pare mnogo boljih uredjaja ima, npr poco f5"
https://mobilnisvet.com/mobilni-komentari/dd4/Honor/Magic6-Lite/12,Honor,Honor Magic6 Lite,singer,2024-01-24 18:26:00,skoro pa isti kao magic 5 male razlike i opet bez stereo zvuka a dosta skup.
https://mobilnisvet.com/mobilni-komentari/dd4/Honor/Magic6-Lite/12,Honor,Honor Magic6 Lite,Cane,2024-01-22 02:52:00,Da li mi se cini ili je na ovom ekran manje zakrivljen nego na honor magic 5 lite
https://mobilnisvet.com/mobilni-komentari/dd4/Honor/Magic6-Lite/12,Honor,Honor Magic6 Lite,Muki,2024-01-18 12:53:00,Perfektan u ovoj klasi
https://mobilnisvet.com/mobilni-komentari/dd4/Honor/Magic6-Lite/12,Honor,Honor Magic6 Lite,Doberman,2024-01-18 12:52:00,"Cudne stvari.Tek izasao,cena jaca od Honor 70 a performanse losije."
https://mobilnisvet.com/mobilni-komentari/dd4/Honor/Magic6-Lite/12,Honor,Honor Magic6 Lite,Ana,2024-01-16 09:57:00,Zna li neko kad stize u Srbiju?
https://mobilnisvet.com/mobilni-komentari/dd4/Honor/Magic6-Lite/12,Honor,Honor Magic6 Lite,honor magic 6 lite,2024-01-11 12:20:00,upravo kupljen
https://mobilnisvet.com/mobilni-komentari/dd4/Honor/Magic6-Lite/12,Honor,Honor Magic6 Lite,Tamo neko,2024-01-04 21:30:00,Ovaj bi trebao da ima rešeno sve sto je manjkalo kod magic 5 lite... Jedini problem sto će biti precenjen kao 5 lite koji je kostao 40000 kada je izasao...
https://mobilnisvet.com/mobilni-komentari/9955/Honor/70/12,Honor,Honor 70,Nikola M.,2023-05-08 23:52:00,"Molim za savet, da li uzeti Honor 70 ili Xiaomi 13 lite?"
https://mobilnisvet.com/mobilni-komentari/9955/Honor/70/12,Honor,Honor 70,Irena,2023-05-08 05:48:00,Vredi li menjati xiaomi redmi 10pro za ovaj?
https://mobilnisvet.com/mobilni-komentari/9955/Honor/70/12,Honor,Honor 70,Aleksandar,2023-05-07 14:51:00,"Drugari Honor 50 ili Honor 70 ili Honor magic5 lite? Nije mi potreban telefon za igrice, iskljucivo za kameru i dobre slike i video. Da vas cujem?"
https://mobilnisvet.com/mobilni-komentari/9955/Honor/70/12,Honor,Honor 70,B.,2023-05-05 10:20:00,A gde su azuriranja i zakrpe ostala u Kini
https://mobilnisvet.com/mobilni-komentari/9955/Honor/70/12,Honor,Honor 70,Doberman,2023-05-05 09:19:00,Ovaj bih mogao da zamenim eventualno sa Honor 80.Jel planirano uopste da se taj telefon pojavi kod nas?Ima neko info?
https://mobilnisvet.com/mobilni-komentari/9955/Honor/70/12,Honor,Honor 70,Johnny,2023-05-05 08:59:00,"Pozdrav, Honor 70 ili Xiaomi 13 lite? Bitna kamera i baterija. Hvala unapred."
https://mobilnisvet.com/mobilni-komentari/9955/Honor/70/12,Honor,Honor 70,Aca,2023-05-03 18:41:00,"Posle nekoliko nedelja korišćenja mogu reći da je dobar telefon, dobra kamera, brz u radu jedino mi se par puta desilo da izgubi wify signal i da ne mogu da se povežem i onda moram da restartujem telefon i tada bude sve ok.."
https://mobilnisvet.com/mobilni-komentari/9955/Honor/70/12,Honor,Honor 70,Doberman,2023-05-02 12:38:00,"Juce sam dosta slikao u prirodi,po suncanom danu.Odusevile su me fotke.Odlicne su."
https://mobilnisvet.com/mobilni-komentari/9955/Honor/70/12,Honor,Honor 70,B.,2023-05-02 11:41:00,Ako je neko zainteresovan za ovaj model tu sam
https://mobilnisvet.com/mobilni-komentari/9955/Honor/70/12,Honor,Honor 70,Stefan,2023-05-01 23:35:00,"U dilemi sam izmedju mi 10t pro i honor 70, sta uzeti?"
https://mobilnisvet.com/mobilni-komentari/9955/Honor/70/12,Honor,Honor 70,Nemanja,2023-04-30 21:44:00,"Telefon za svaku preporuku, zaokruzena celina.. Najbolji u srednjoj klasi. Izgled, ekran, softer, procesor, punjac, osecaj u u ruci. Ne smeta sto nema stereo zvuk, odlicno we cuje. Uzimao Sam 12 t od druga, mozda ima malo Jace specifikacije, ali softver I interfejs ni blizu honorovog. Ne razmisljajte da ga kupite"
https://mobilnisvet.com/mobilni-komentari/9955/Honor/70/12,Honor,Honor 70,Nevena,2023-04-29 08:27:00,Da li u paketu Honor 70 uz telefon ide fabricka zastitna folija ekrana?
https://mobilnisvet.com/mobilni-komentari/9955/Honor/70/12,Honor,Honor 70,Mile,2023-04-29 08:00:00,Gde se ulazi za promenu primarne kartice za poruke
https://mobilnisvet.com/mobilni-komentari/9955/Honor/70/12,Honor,Honor 70,Smile,2023-04-27 01:19:00,"U zadnjih par godina izaslo je mnogo uredjaja na trziste i sto vise pratim recenzije sve sam vise u dilemi koji da uzmem telefon srednje kategorije,nekada sam koristio npr Huawei p20 lite pa P30 tako da ta kategorija mi zadovoljava sve moje potrebe. Sada gledam Honor 70 ili opet neki Huawei mada serija Huawei Nova mi se nesto i ne dopada. 🤔"
https://mobilnisvet.com/mobilni-komentari/9955/Honor/70/12,Honor,Honor 70,diabola,2023-04-26 22:47:00,Imam p40 (obicni) i sad se dvoumim da li da uzmem honor 70 ili neki ekvivalent u istom cjenovnom rangu? Huawei imam godinama i probavao sam svasta ali mi je uvijek lezao bolje nego iti jedan drugi android. Kamere su vjerovatnu tu i tamo ali baterija je sigurno bolja?
https://mobilnisvet.com/mobilni-komentari/9955/Honor/70/12,Honor,Honor 70,Zoki,2023-04-26 19:33:00,Xocu da kupim xonor 70 ako neko ima iskustva
https://mobilnisvet.com/mobilni-komentari/9955/Honor/70/12,Honor,Honor 70,Coa Kg,2023-04-26 12:40:00,Honor 70 ili iphone 12 zanima me uporedna kamera…
https://mobilnisvet.com/mobilni-komentari/9955/Honor/70/12,Honor,Honor 70,Miljan,2023-04-26 11:15:00,Da li je Milos reklamirao telefon i da li je popravljen?
https://mobilnisvet.com/mobilni-komentari/9955/Honor/70/12,Honor,Honor 70,Nikola,2023-04-25 15:32:00,Da li neko zna kada cemo dobiti MagicOs 7.1 (Android 13) ?
https://mobilnisvet.com/mobilni-komentari/9955/Honor/70/12,Honor,Honor 70,Nemke,2023-04-25 11:06:00,"uzeo telefon pre deset dana, odlican, punjac top, ali nisam bas nesto prezadovoljan baterijom..pritom ne igram igrice i slabo palim youtube, jer ga gledam preko tv..uglavnom samo mreze, ali nista preterano..jedva izvuce dan. a slusao sam o laganih dan ipo skoro dva"
https://mobilnisvet.com/mobilni-komentari/9955/Honor/70/12,Honor,Honor 70,N. M,2023-04-24 20:08:00,Ja sam uzeo Honor 70 u A1. Na pretplati.
https://mobilnisvet.com/mobilni-komentari/9955/Honor/70/12,Honor,Honor 70,Dzoni,2023-04-23 18:41:00,"Jel postoji opcija da se smanji zvuk poruke vibera? Preglasno je. Kad smanji zvuk na fonu, ne pomaze"
https://mobilnisvet.com/mobilni-komentari/9955/Honor/70/12,Honor,Honor 70,Sasa,2023-04-23 17:21:00,Top je telefon💪
https://mobilnisvet.com/mobilni-komentari/9955/Honor/70/12,Honor,Honor 70,Doberman,2023-04-20 19:02:00,"Danas sam bas precizno testirao.Za 11h koriscenja,tacno 5 sati sot a,potrosio je 50% baterije."
https://mobilnisvet.com/mobilni-komentari/9955/Honor/70/12,Honor,Honor 70,Ljiki,2023-04-19 20:58:00,Pomoc.. honor 70 ili A54?
https://mobilnisvet.com/mobilni-komentari/blm/Honor/Magic5-Lite/11,Honor,Honor Magic5 Lite,Nikola,2023-09-18 13:53:00,"Telefon nema ulaz za slušalice!!! Ne znam da li sam ja lud, il šta je, ali kad se nisam šlogirao, nikad neću. Tek što sam kupio telefon. Nije mi na pamet palo da to proveravam."
https://mobilnisvet.com/mobilni-komentari/blm/Honor/Magic5-Lite/11,Honor,Honor Magic5 Lite,Nick,2023-09-18 12:46:00,"Koji izabrati: Honor Magic5 Lite 256GB, Samsung Galaxy A34 ili Motorola"
https://mobilnisvet.com/mobilni-komentari/blm/Honor/Magic5-Lite/11,Honor,Honor Magic5 Lite,Dejan,2023-09-13 12:06:00,"Znali neko dali postoje neka podešavanja za punjenje telefona... Jako sporo puni, probao sam vise punjaca... Puni od 0 do 100 vise od 2h..."
https://mobilnisvet.com/mobilni-komentari/blm/Honor/Magic5-Lite/11,Honor,Honor Magic5 Lite,Lilly,2023-09-11 19:43:00,"Djole kako da namestim  tastaturu, da budu SAMO SLOVA, bez ovih znakova iznad, ovako mi je sitno i pretrpano, konfuzno. I negde uleteh sad mi je ""plivajuca"" pa jos gore."
https://mobilnisvet.com/mobilni-komentari/blm/Honor/Magic5-Lite/11,Honor,Honor Magic5 Lite,Ivan_Vožd,2023-09-09 20:41:00,"Zanima me iskreno da neko ko se razume kaže ovaj ili Honor 90 Lite, hvala unapred."
https://mobilnisvet.com/mobilni-komentari/blm/Honor/Magic5-Lite/11,Honor,Honor Magic5 Lite,Tiktak,2023-09-05 09:49:00,"Ovaj model jeftiniji u 8gb 256 gb nego u 6gb 128gb varijanti??? Au, navali narode :)"
https://mobilnisvet.com/mobilni-komentari/blm/Honor/Magic5-Lite/11,Honor,Honor Magic5 Lite,Maki,2023-09-03 09:31:00,"Koja je po vama bolja marka telefona, tj.koji su kvalitetniji Honor ili Vivo? I zasto? Iskustva? Hvala unapred"
https://mobilnisvet.com/mobilni-komentari/blm/Honor/Magic5-Lite/11,Honor,Honor Magic5 Lite,Branislava,2023-09-03 08:59:00,"Molim pomoć. Banalnu stvar ne umem da provalim. Počela sam da koristim Honor Magic 5 lite. Kako da kopiram tekst? Kad ga označim, ne pojavljuju se opcije copy, paste...."
https://mobilnisvet.com/mobilni-komentari/blm/Honor/Magic5-Lite/11,Honor,Honor Magic5 Lite,Dzoni,2023-09-02 22:28:00,"Smatram da je Galaxy s10 plus daleko mocniji od ovog tel i dan danas po svemu, a o kamerama da ne pricam"
https://mobilnisvet.com/mobilni-komentari/blm/Honor/Magic5-Lite/11,Honor,Honor Magic5 Lite,Marko,2023-09-02 14:43:00,"Drugari, ne razumem se bas najbolje u mobilne telefone. Imam Huawei P30 lite 4/128, u extra je stanju ali je malo usporio, imam ga 4 godine. Malo sporije pali kameru, viber sporije otvara i generalno sve sto koristim svaki dan je malo usporilo. Vreme mu je za zamenu. Ovaj Magic5 Lite mi se bas svidja, zanima me samo je kakva je kamera u odnosu na P30 lite ako je neko poredio. Vidim da je 30.000 verzija 8/256, uklopio bih se u svoj skromni budzet. Hvala unapred!"
https://mobilnisvet.com/mobilni-komentari/blm/Honor/Magic5-Lite/11,Honor,Honor Magic5 Lite,djole,2023-09-02 11:21:00,Počeo je da stiže android 13 na Honor x7 koji je dosta loši telefon od ovoga tako da se nadam da će stići uskoro i na ovaj model.
https://mobilnisvet.com/mobilni-komentari/blm/Honor/Magic5-Lite/11,Honor,Honor Magic5 Lite,Lilly027,2023-09-02 02:00:00,"Pomoć ljudi: Honor 90 lite,ili Magic5 lite?🤔❓️"
https://mobilnisvet.com/mobilni-komentari/blm/Honor/Magic5-Lite/11,Honor,Honor Magic5 Lite,Marina,2023-09-01 10:58:00,Honor megick 5lite ili honor 70?
https://mobilnisvet.com/mobilni-komentari/blm/Honor/Magic5-Lite/11,Honor,Honor Magic5 Lite,Minko,2023-09-01 10:37:00,Da li moze da se puni sa huawei punjacem w66?
https://mobilnisvet.com/mobilni-komentari/blm/Honor/Magic5-Lite/11,Honor,Honor Magic5 Lite,Zorana,2023-08-29 17:39:00,"Drugari imam pitanje... Par nedelja unazad imam problem koji ne znam da li da vežem za sam aparat ili za MTS... Recimo, zovem i potpuno normalno obavim razgovor, posle 10 min zovem isti broj, ništa ne čujem, sve na telefonu podešeno kako treba... Obično se dešava sa brojevima u mojoj mreži, mada je to teško danas utvrditi jer postoje i brojevi koji ne znam u kojoj su mreži... Da li je neko imao sličan problem... (p.s. Otprilike je sve počelo da se dešava posle onih silnih oluja...)"
https://mobilnisvet.com/mobilni-komentari/blm/Honor/Magic5-Lite/11,Honor,Honor Magic5 Lite,Ljubo,2023-08-28 13:46:00,Da li neko zna kada će nove pozadine za zaključan ekran?
https://mobilnisvet.com/mobilni-komentari/blm/Honor/Magic5-Lite/11,Honor,Honor Magic5 Lite,Uroš,2023-08-28 01:55:00,"Kupio sam ovaj tel pre nekoliko dana kao drugi telefon... Tel je ok, mada nosim iPhone 14 razlika u klasi se primeti... Dobra baterija, odličan ekran, odličan dizajn, kamera ispod proseka (loša čim je osvetljenje malo lošije) nema ir blaster kako ga reklamiraju"
https://mobilnisvet.com/mobilni-komentari/blm/Honor/Magic5-Lite/11,Honor,Honor Magic5 Lite,Milica,2023-08-27 03:07:00,Treba mi savet za kupovinu telefona:
https://mobilnisvet.com/mobilni-komentari/blm/Honor/Magic5-Lite/11,Honor,Honor Magic5 Lite,Aleksa,2023-08-26 10:18:00,ostalo mi je na amoled ekranu pikseli zamrznuti i sad kad gld mi je sve sivo imam od aplikacija po ekranu
https://mobilnisvet.com/mobilni-komentari/blm/Honor/Magic5-Lite/11,Honor,Honor Magic5 Lite,ana,2023-08-25 19:38:00,"Telefon bez 4k snimanja?Ne,hvala."
https://mobilnisvet.com/mobilni-komentari/blm/Honor/Magic5-Lite/11,Honor,Honor Magic5 Lite,Aln ford,2023-08-25 00:35:00,Da li je izdržljiv na udare i padove kao što se reklamira? Rado bih ga nosio bez maske i folije ako je istina njegova otpornost na pdove.
https://mobilnisvet.com/mobilni-komentari/blm/Honor/Magic5-Lite/11,Honor,Honor Magic5 Lite,Toki,2023-08-23 22:19:00,"Dobro vece, kako na ovom telefonu da ukljucim VoLTE HD,"
https://mobilnisvet.com/mobilni-komentari/blm/Honor/Magic5-Lite/11,Honor,Honor Magic5 Lite,Ljiki,2023-08-23 16:05:00,Honor magic 5 lite ili honor 70?
https://mobilnisvet.com/mobilni-komentari/gz0/Honor/Magic5-Pro/11,Honor,Honor Magic5 Pro,Goran,2023-08-22 11:25:00,Evo ažuriranje stiglo
https://mobilnisvet.com/mobilni-komentari/gz0/Honor/Magic5-Pro/11,Honor,Honor Magic5 Pro,Jana,2023-08-21 16:54:00,"Htedoh da uzmem p60 pro, ali mi se ovaj vise svideo, kakva su vasa iskustva, hvala."
https://mobilnisvet.com/mobilni-komentari/gz0/Honor/Magic5-Pro/11,Honor,Honor Magic5 Pro,Tole,2023-08-19 22:03:00,Koja je fora sa nocnim fotografijama? Kad slikam pored neke sijalice ili osvetljenja svetlosne linije preko ekrana? Neko podesavanje ili sta?
https://mobilnisvet.com/mobilni-komentari/gz0/Honor/Magic5-Pro/11,Honor,Honor Magic5 Pro,Goran,2023-08-18 21:42:00,Meni jos nema ažuriranja... Vrv do yettela
https://mobilnisvet.com/mobilni-komentari/gz0/Honor/Magic5-Pro/11,Honor,Honor Magic5 Pro,Sale,2023-08-18 15:39:00,"Slanje poruka, kad je kod primaoca uključena RCS opcija, ide trenutno!"
https://mobilnisvet.com/mobilni-komentari/gz0/Honor/Magic5-Pro/11,Honor,Honor Magic5 Pro,Nemanja,2023-08-17 10:39:00,"Evo spavanje 8h sa ukljucenim wifi i ne uznemiravaj rezimom, konacno ukupno 3% baterije skinulo. Definitivno je doslo do poboljšanja posle azuriranja."
https://mobilnisvet.com/mobilni-komentari/gz0/Honor/Magic5-Pro/11,Honor,Honor Magic5 Pro,Nemanja,2023-08-16 08:19:00,"Evo jedna pozitivna stvar, u odnosu na ranije, za 8h spavanja potrosnja baterije bila oko 7-8%, i evo posle update konacno i kod mene za 5h spavanja skinulo samo 2%"
https://mobilnisvet.com/mobilni-komentari/gz0/Honor/Magic5-Pro/11,Honor,Honor Magic5 Pro,Boban,2023-08-15 12:42:00,"Sms,Volte nije resen"
https://mobilnisvet.com/mobilni-komentari/gz0/Honor/Magic5-Pro/11,Honor,Honor Magic5 Pro,Boban,2023-08-15 12:40:00,"Upravo instalirao,sto sr signala tice,zena ima ultru 22 a ja ovaj njen signal 2 crte na 4g,moj pun na obe kartice,toliko o signalu,s da li su resili sms i volte sad cemo videti.pozz"
https://mobilnisvet.com/mobilni-komentari/gz0/Honor/Magic5-Pro/11,Honor,Honor Magic5 Pro,Nemanja,2023-08-15 11:01:00,"Stigao mi update 168, tezak 1.16gb, bezbednosna zakrpa za avgust, poboljsanja za status traku, kameru i sistem, azuriram upravo pa da vidimo da li je bolje ili gore!"
https://mobilnisvet.com/mobilni-komentari/gz0/Honor/Magic5-Pro/11,Honor,Honor Magic5 Pro,Sale,2023-08-11 23:54:00,Nije to sad neka katastrofa. Pošaljem 5 poruka mesečno. Ali naravno bilo bi dobro da poprave i to. Baš baš kompletan telefon!
https://mobilnisvet.com/mobilni-komentari/gz0/Honor/Magic5-Pro/11,Honor,Honor Magic5 Pro,Goran,2023-08-11 21:23:00,Jeste i meni šalje skoro minut kad je volte upaljen a prima odmah. Vrv će ispraviti neko ažuriranje.
https://mobilnisvet.com/mobilni-komentari/gz0/Honor/Magic5-Pro/11,Honor,Honor Magic5 Pro,Goran,2023-08-11 21:18:00,"Meni volte nije upaljen uopšte, radi sve kao sat. Bas cu da probam da uključim da vidim hoće li kasniti. Ja za sad ni jedne zamerke nisam našao ali bukvalno."
https://mobilnisvet.com/mobilni-komentari/gz0/Honor/Magic5-Pro/11,Honor,Honor Magic5 Pro,Sale,2023-08-11 18:49:00,Sa esim karticom slanje poruka takođe kasni.
https://mobilnisvet.com/mobilni-komentari/gz0/Honor/Magic5-Pro/11,Honor,Honor Magic5 Pro,Goran,2023-08-11 17:59:00,"Ne vala, samo zaključao telefon i to je to. Ništa ne gasim, ništa ne palim. Kako ga koristim preko dana tako ostane podešen i po noći."
https://mobilnisvet.com/mobilni-komentari/gz0/Honor/Magic5-Pro/11,Honor,Honor Magic5 Pro,Marjano,2023-08-11 17:45:00,Jel ovaj telefon ima 1440p ekran kao i Samsung S23 Ultra ? Ako ima kupiću njega a ako nema kupujem onda S23 Ultra... Zamoliću sve neozbiljne ljude da ostanu suzdržani od glupih komentara. Hvala...
https://mobilnisvet.com/mobilni-komentari/gz0/Honor/Magic5-Pro/11,Honor,Honor Magic5 Pro,...,2023-08-11 17:43:00,"Da, 2% mozda ali sa ukljucenim rezimom aviona...."
https://mobilnisvet.com/mobilni-komentari/gz0/Honor/Magic5-Pro/11,Honor,Honor Magic5 Pro,Goran,2023-08-11 13:09:00,"Mislio sam ako spava 12 sati da ne može 10%, ja sam prezadovoljan autonomijom"
https://mobilnisvet.com/mobilni-komentari/gz0/Honor/Magic5-Pro/11,Honor,Honor Magic5 Pro,Sale,2023-08-11 10:24:00,I da spavaju po 12h ne bi baterija izvukla 22%
https://mobilnisvet.com/mobilni-komentari/gz0/Honor/Magic5-Pro/11,Honor,Honor Magic5 Pro,Goran,2023-08-11 07:27:00,U 23:30 otišao da spavam i ustao u 5:30 samo 2% baterije je skinuo tako da i ona priča 10% preko noći pada u vodu.... Osim ako ne spavate 12h
https://mobilnisvet.com/mobilni-komentari/gz0/Honor/Magic5-Pro/11,Honor,Honor Magic5 Pro,zzzz,2023-08-11 03:16:00,da li ovaj telefon ima aod kao samsung?
https://mobilnisvet.com/mobilni-komentari/gz0/Honor/Magic5-Pro/11,Honor,Honor Magic5 Pro,Goran,2023-08-10 23:21:00,"Evo update za bateriju. 5 i po sati SOT i ostalo 44%, više od pola toga je gledanje klipova na insta i fb, pozivi, poruka dosta itd. Baterija je top definitivno i nema dileme."
https://mobilnisvet.com/mobilni-komentari/gz0/Honor/Magic5-Pro/11,Honor,Honor Magic5 Pro,Dejan,2023-08-10 23:00:00,@sale javljam kako funkcionise sa e sim
https://mobilnisvet.com/mobilni-komentari/gz0/Honor/Magic5-Pro/11,Honor,Honor Magic5 Pro,Sale,2023-08-10 09:46:00,Sutra ću preći na esim najverovatnije pa ću baš da vidim hoće li slanje SMS-a i tad da bude sporo
https://mobilnisvet.com/mobilni-komentari/gz0/Honor/Magic5-Pro/11,Honor,Honor Magic5 Pro,:(,2023-08-10 00:45:00,"Notifikacije ne stizu, sms nece da se posalje ili primi kada je ukljucen VoLTE, baterija curi, preko noci i do 10%, SOT 6h Max i ni ninut preko... Razočaran..."
https://mobilnisvet.com/mobilni-komentari/87w/Honor/400-Pro-12GB-256GB-1x-SIM-1x-eSIM/7,Honor,Honor 400 Pro,Sale,2025-12-04 17:53:00,Jel neko instalirao magic 10 kakvi su utisci?
https://mobilnisvet.com/mobilni-komentari/87w/Honor/400-Pro-12GB-256GB-1x-SIM-1x-eSIM/7,Honor,Honor 400 Pro,Damir,2025-12-04 10:05:00,"Upravo sam testirao punjenje. Sa 18% do 100% u regularnom supercharge modu, nisam drzao animaciju punjenja za boost mode. Napunio je za tacno 40 min. S tim da je do 97% bilo ujednacenim tempom i onda je naglo usporio do 100%. Cak mi se cini da je sa Motorolinim punjacem od 68w brze punio."
https://mobilnisvet.com/mobilni-komentari/87w/Honor/400-Pro-12GB-256GB-1x-SIM-1x-eSIM/7,Honor,Honor 400 Pro,Pera,2025-12-02 07:25:00,Stigao jutro Magic 10 OS...lepuskat...
https://mobilnisvet.com/mobilni-komentari/87w/Honor/400-Pro-12GB-256GB-1x-SIM-1x-eSIM/7,Honor,Honor 400 Pro,Dejan,2025-12-01 22:39:00,Mislio sam xiaomi 14 t pro ili ovaj.
https://mobilnisvet.com/mobilni-komentari/87w/Honor/400-Pro-12GB-256GB-1x-SIM-1x-eSIM/7,Honor,Honor 400 Pro,Dejan,2025-12-01 22:37:00,Pozdrav imam konkretno pitanje ovaj ili honor 400 pro.
https://mobilnisvet.com/mobilni-komentari/87w/Honor/400-Pro-12GB-256GB-1x-SIM-1x-eSIM/7,Honor,Honor 400 Pro,Boki,2025-12-01 18:11:00,Ciao pozdrav svima da li možda znate da li je ovaj model podržava tri broja koja su aktivna istovremeno pošto vidim da piše dva svima i jedan esim pa da li neko ima iskustva s tim i da li znate gde može to da se proveri detaljnije sigurno
https://mobilnisvet.com/mobilni-komentari/87w/Honor/400-Pro-12GB-256GB-1x-SIM-1x-eSIM/7,Honor,Honor 400 Pro,Damir,2025-11-30 18:14:00,"Jedno pitanje. Na Motoroli edge 40 sam koristio google photos app i sve je bilo u najboljem redu. Na ovom telefonu sam instalirao istu aplikaciju jer imam 2 tb. Video snimci u toj aplikaciji snimljeni ovim telefonom izgledaju prenaglaseno, tj boje su prenaglasene dok u honorovoj galeriji, video je realan. Takodje stari snimci motorole u google photos su u redu. Video sam na reddit-u da jos ljudi imaju ovaj problem sa Honorovim telefonima."
https://mobilnisvet.com/mobilni-komentari/87w/Honor/400-Pro-12GB-256GB-1x-SIM-1x-eSIM/7,Honor,Honor 400 Pro,Milos,2025-11-30 09:24:00,"Da li su konacno resili da aplikacija kamere ne baguje prilikom snimanja video snimaka, problem koji se javlja na Honor 90 i 200 seriji telefona?"
https://mobilnisvet.com/mobilni-komentari/87w/Honor/400-Pro-12GB-256GB-1x-SIM-1x-eSIM/7,Honor,Honor 400 Pro,Dzoni,2025-11-29 10:06:00,"Pozdrav ekipo,"
https://mobilnisvet.com/mobilni-komentari/87w/Honor/400-Pro-12GB-256GB-1x-SIM-1x-eSIM/7,Honor,Honor 400 Pro,Boki,2025-11-28 23:25:00,Pozdrav svima ovaj model piše da ima dva Sima i jedan je sim da li to znači da mogu da budu tri broja istovremeno aktivna znači dva Sima to jest dve fizičke kartice ubacimo i jednu si tako da može da se dobije tri broja istovremeno da rade
https://mobilnisvet.com/mobilni-komentari/87w/Honor/400-Pro-12GB-256GB-1x-SIM-1x-eSIM/7,Honor,Honor 400 Pro,Honor_400pro,2025-11-28 14:08:00,"Imam mogucnost da preuzmem magicOS 10, zanima me da li je neko instalirao novu verziju ili ce jos cekati pa tek onda da preuzme? U obicnim podesavanjima mi stoji verzija 9.0.0.171 dok preko honorove app imam mogucnost da preuzmem magicOS 10. Sta predlazete, da sacekam da mi sam ponudi azuriranje ili da ja preuzmem"
https://mobilnisvet.com/mobilni-komentari/87w/Honor/400-Pro-12GB-256GB-1x-SIM-1x-eSIM/7,Honor,Honor 400 Pro,Cimi,2025-11-26 17:28:00,Da li može neko ko ima HONOR 400 PRO da instalira program CPU-Z i da nam negde screenshottuje sva očitavanja ovog programa?
https://mobilnisvet.com/mobilni-komentari/87w/Honor/400-Pro-12GB-256GB-1x-SIM-1x-eSIM/7,Honor,Honor 400 Pro,Milan,2025-11-24 17:27:00,Da li je slican od honor 200 pro ili je bolji posto imam honor 200 pro da li vredi menjati
https://mobilnisvet.com/mobilni-komentari/87w/Honor/400-Pro-12GB-256GB-1x-SIM-1x-eSIM/7,Honor,Honor 400 Pro,Đole,2025-11-23 19:44:00,Zanima me možda je glupo pitanje da li ima nekih razkika ako se azuriraju App preko app marketa honorovog ili preko play prodavnice? Mislim ako nekada ažuriram preko app marrketa da li ima to veze?
https://mobilnisvet.com/mobilni-komentari/87w/Honor/400-Pro-12GB-256GB-1x-SIM-1x-eSIM/7,Honor,Honor 400 Pro,Pedja,2025-11-22 20:51:00,Molim vas za mišljenje. Ovaj ili S25 FE.
https://mobilnisvet.com/mobilni-komentari/87w/Honor/400-Pro-12GB-256GB-1x-SIM-1x-eSIM/7,Honor,Honor 400 Pro,Boronidas,2025-11-22 17:39:00,"Kolege Honorarni, pitanje:"
https://mobilnisvet.com/mobilni-komentari/87w/Honor/400-Pro-12GB-256GB-1x-SIM-1x-eSIM/7,Honor,Honor 400 Pro,Zox,2025-11-20 22:45:00,Da li neko koristi 100w punjac i kakvi su utisci?
https://mobilnisvet.com/mobilni-komentari/87w/Honor/400-Pro-12GB-256GB-1x-SIM-1x-eSIM/7,Honor,Honor 400 Pro,Berane_,2025-11-17 15:41:00,"Naleteo sam na opciju bezbednosnog pronalazenja telefona, jel neko aktivirao ili radio sa tim ranije? Prvi put se srecem sa ovom opcijom pa ako mogu neka iskustva, verujem da ovo nije bas toliko sveza funkcija"
https://mobilnisvet.com/mobilni-komentari/87w/Honor/400-Pro-12GB-256GB-1x-SIM-1x-eSIM/7,Honor,Honor 400 Pro,Cekaj,2025-11-16 10:42:00,Izasao honor 500 pro zasto tako brzo? Bolje da sacekate malo brzo ce da padne cena Honora
https://mobilnisvet.com/mobilni-komentari/87w/Honor/400-Pro-12GB-256GB-1x-SIM-1x-eSIM/7,Honor,Honor 400 Pro,Muki,2025-11-14 17:48:00,Dvoumim se izmedju ovoga i Samsunga S25FE.
https://mobilnisvet.com/mobilni-komentari/87w/Honor/400-Pro-12GB-256GB-1x-SIM-1x-eSIM/7,Honor,Honor 400 Pro,Srđan,2025-11-14 11:09:00,"Honor 400 pro ili xiaomi 15,sta bi trebao uzeti, posto imam dilemu izmedju ta 2 mobitela."
https://mobilnisvet.com/mobilni-komentari/87w/Honor/400-Pro-12GB-256GB-1x-SIM-1x-eSIM/7,Honor,Honor 400 Pro,Dragan,2025-11-12 07:36:00,Kupio Sam honor 400 pro. Zadovoljan Sam sa telefonom mislim da je bolji od ajfona 100 puta realno
https://mobilnisvet.com/mobilni-komentari/87w/Honor/400-Pro-12GB-256GB-1x-SIM-1x-eSIM/8,Honor,Honor 400 Pro,Seki,2025-11-11 20:48:00,"Kupljen danas H 400 pro, narucen on-line za vikend u Tehnomaniji. (Crni petak -15%). Telefon odličan za 59450 din."
https://mobilnisvet.com/mobilni-komentari/87w/Honor/400-Pro-12GB-256GB-1x-SIM-1x-eSIM/8,Honor,Honor 400 Pro,Bojan,2025-11-10 20:01:00,"Koristim Samsung A55 da li da predjem na ovaj model konkretno me zanima da li je bolja brzina kamere i tik tok,posto mi šuri baterija na A55."
https://mobilnisvet.com/mobilni-komentari/87w/Honor/400-Pro-12GB-256GB-1x-SIM-1x-eSIM/8,Honor,Honor 400 Pro,Irena,2025-11-10 12:03:00,"Da li se nekom desava da ponekad  zastopa, zabaguje i zamrzne...?"
https://mobilnisvet.com/mobilni-komentari/87w/Honor/400-Pro-12GB-256GB-1x-SIM-1x-eSIM/8,Honor,Honor 400 Pro,Nesa,2025-11-02 23:33:00,Ovaj ili s24 plus polovan?
https://mobilnisvet.com/mobilni-komentari/87w/Honor/400-Pro-12GB-256GB-1x-SIM-1x-eSIM/8,Honor,Honor 400 Pro,Magic OS 10,2025-11-01 23:45:00,"Da li je kod nekog stiglo azuriranje na magic OS 10? Pisu da je za magic 7pro stiglo azuriranje, sto znaci da bi trebalo da je stiglo i kod nas na 400pro ali kod mene jos uvek stoji OS 9 bez mogucnost da pređem na 10, jel i kod vas tako?"
https://mobilnisvet.com/mobilni-komentari/87w/Honor/400-Pro-12GB-256GB-1x-SIM-1x-eSIM/8,Honor,Honor 400 Pro,Vrh,2025-10-31 20:54:00,"Ja sam se odusevio sa ovim telefonom, juce je bio na 100% ceo dan sam pustao muziku, malo drustvene mreze... Jutros ravno 50%, u toku dana je isto dosta koriscen i drzao se do veceras. A najvise me je iznenadio zvucnik i kvalitet zvuka koji je brutalan."
https://mobilnisvet.com/mobilni-komentari/87w/Honor/400-Pro-12GB-256GB-1x-SIM-1x-eSIM/8,Honor,Honor 400 Pro,A,2025-10-26 09:56:00,Stiglo je sigurnosno azuriranje
https://mobilnisvet.com/mobilni-komentari/87w/Honor/400-Pro-12GB-256GB-1x-SIM-1x-eSIM/8,Honor,Honor 400 Pro,1,2025-10-23 22:47:00,Ima li ovaj telefon e sim?
https://mobilnisvet.com/mobilni-komentari/87w/Honor/400-Pro-12GB-256GB-1x-SIM-1x-eSIM/8,Honor,Honor 400 Pro,Dr.Zuba,2025-10-23 15:14:00,Da li preporucujete ovaj ili neki drugi telefon za slikanje zuba i radova u ordinaciji?
https://mobilnisvet.com/mobilni-komentari/87w/Honor/400-Pro-12GB-256GB-1x-SIM-1x-eSIM/8,Honor,Honor 400 Pro,Devla,2025-10-22 08:17:00,Radi li nekome loše FB na ovom telefonu
https://mobilnisvet.com/mobilni-komentari/87w/Honor/400-Pro-12GB-256GB-1x-SIM-1x-eSIM/8,Honor,Honor 400 Pro,Trale,2025-10-20 06:04:00,Ovaj ili Xiaomi 15?
https://mobilnisvet.com/mobilni-komentari/87w/Honor/400-Pro-12GB-256GB-1x-SIM-1x-eSIM/8,Honor,Honor 400 Pro,Scarface,2025-10-19 18:53:00,"Ljudi , imam problem! Ukljucena mi je lokacija , ali kad udjem na google mapse i odredim odrediste i koristim od moje trenutne lokacije izbaci. 'cuurrent location not availble, try again'"
https://mobilnisvet.com/mobilni-komentari/87w/Honor/400-Pro-12GB-256GB-1x-SIM-1x-eSIM/8,Honor,Honor 400 Pro,Yugo,2025-10-19 09:31:00,"Nesto gledam u padajucem meniju ima opcija ciscenja od vode i prasine, pa sam dosao na neku ideju ali me zanima vase misljenje. Posle godinu dana kad prođe, dosta prasine ume da uđe u tesko dostupne delove, tj rupice od zvucnika i vuda tamo gde ima otvor. Sta mislite da li je dobra ideja da se ciscenje vrsi potapanjem telefona u neku posudu na neko krace vreme tipa 2-3min i da se nakon vađenja aktivira ova funkcija preciscavanja?"
https://mobilnisvet.com/mobilni-komentari/87w/Honor/400-Pro-12GB-256GB-1x-SIM-1x-eSIM/8,Honor,Honor 400 Pro,Mili,2025-10-16 19:58:00,Da li uzeti ovaj telefon ili neki drugi u ovom cjenovnom rangu
https://mobilnisvet.com/mobilni-komentari/87w/Honor/400-Pro-12GB-256GB-1x-SIM-1x-eSIM/8,Honor,Honor 400 Pro,Filip,2025-10-13 15:50:00,"Razmisljam se izmedju ovog i s25, koji uzeti?"
https://mobilnisvet.com/mobilni-komentari/87w/Honor/400-Pro-12GB-256GB-1x-SIM-1x-eSIM/8,Honor,Honor 400 Pro,Kimi,2025-10-10 17:10:00,"Da li je neko presao sa Honor 90 modela, kakavi su utisci?"
https://mobilnisvet.com/mobilni-komentari/87w/Honor/400-Pro-12GB-256GB-1x-SIM-1x-eSIM/8,Honor,Honor 400 Pro,Andrijana,2025-10-08 15:05:00,Moze li slika da ide na celi ekran kad neko zove?
https://mobilnisvet.com/mobilni-komentari/87w/Honor/400-Pro-12GB-256GB-1x-SIM-1x-eSIM/8,Honor,Honor 400 Pro,Jaca,2025-10-07 11:48:00,Jel neko uspeo da podesi problem sa nulom?
https://mobilnisvet.com/mobilni-komentari/87w/Honor/400-Pro-12GB-256GB-1x-SIM-1x-eSIM/8,Honor,Honor 400 Pro,Subotica,2025-10-07 01:34:00,Pozdrav svima. Imam jedno pitanje. Na honor 400 pro zašto ne dobijam obaveštenje kad mi stigne poruka? A piše na podešavanje da je uključen.
https://mobilnisvet.com/mobilni-komentari/87w/Honor/400-Pro-12GB-256GB-1x-SIM-1x-eSIM/8,Honor,Honor 400 Pro,Mata,2025-10-04 23:01:00,Da li neko ima iskustva ili upoređivao 400pro sa Xiaomi 15t pro?
https://mobilnisvet.com/mobilni-komentari/87w/Honor/400-Pro-12GB-256GB-1x-SIM-1x-eSIM/8,Honor,Honor 400 Pro,Milos,2025-10-04 13:31:00,"Kakva je situacija sa vibracijom, da li su softversim azuriranjima konacno pojacali vibraciju i da li je konacno precizna dok se kuca na tastaturi?"
https://mobilnisvet.com/mobilni-komentari/87w/Honor/400-Pro-12GB-256GB-1x-SIM-1x-eSIM/8,Honor,Honor 400 Pro,Dušan197,2025-10-03 08:27:00,"Zdravo svima. U razmatranju sam da kupim Honor 400 pro. Kako je već prošlo neko vreme zanimaju me vaša iskustva? Koristim trenutno samsung a55 8/256. U nekom opsegu ili da dodam malo para razmatram i samsung s24, ili u sličnoj ceni (poklon sat i slušalice) xiaomi 15t 12/256."
https://mobilnisvet.com/mobilni-komentari/87w/Honor/400-Pro-12GB-256GB-1x-SIM-1x-eSIM/8,Honor,Honor 400 Pro,Caca,2025-09-30 09:35:00,Kako da podesim da se ne vidi sadrzaj poruke
https://mobilnisvet.com/mobilni-komentari/gz0/Honor/Magic5-Pro/12,Honor,Honor Magic5 Pro,Boban,2023-08-09 23:41:00,"Sve notifikacije stizu redovno,sms kasni kod Volte ukijucenja a istalo sve stize istog sekunda treba znati i podesiti u pod.bsterije koje aplikacije ostaju na automat.i da rade u pozadini i notifikacije stizu redovno,dto se bat.tice upravo imam 6h i 46 min i 55 posto baterije od jutros cžsve je ukljuceno plus blu tut za sat i slusalice 4g mob.data,sinhronizac.iskljucena mejlove nesaljem poz."
https://mobilnisvet.com/mobilni-komentari/gz0/Honor/Magic5-Pro/12,Honor,Honor Magic5 Pro,Sale,2023-08-09 22:25:00,"Možeš i notifikacije da dobijaš uvek. Prvo, isključi optimizaciju baterije za Viber. Drugo, idi na Podešavanja/Baterija/Pokretanje aplikacija i odštikliraj kod Vibera Automatsko upravljanje. Nakon toga će pisati Upravljanje ručno. Rešen problem bez nekog bitnog uticaja na bateriju"
https://mobilnisvet.com/mobilni-komentari/gz0/Honor/Magic5-Pro/12,Honor,Honor Magic5 Pro,Goran,2023-08-09 22:11:00,"Vidim da je neko pisao da kad ne koristi viber pola dana onda ne dobije obaveštenje dok ne udje. Ja nemam tih problema, skontao sam da kad ne ulazim dugo ne bude notifikacije gore nego na ikonici stoji 1"
https://mobilnisvet.com/mobilni-komentari/gz0/Honor/Magic5-Pro/12,Honor,Honor Magic5 Pro,Goran,2023-08-09 22:08:00,"Sve uredno stiže, poruke, viber, mesenger, email, oglasi"
https://mobilnisvet.com/mobilni-komentari/gz0/Honor/Magic5-Pro/12,Honor,Honor Magic5 Pro,Sale,2023-08-09 22:05:00,Je l i tebi kasne SMS poruke prilikom slanja? Dobijaš li uredno sve notofikacije?
https://mobilnisvet.com/mobilni-komentari/gz0/Honor/Magic5-Pro/12,Honor,Honor Magic5 Pro,Sale,2023-08-07 23:08:00,Update na verziju 7.1.0.151 doneo je jednu cool opciju preuzetu - zamislite 😁😁 - sa Huawei telefona. To je aktiviranje AOD ekrana pogledom. AOD se uključi kad pogledate u prednju kameru. Aktivan je dok gledate u telefon. Nakon par sekundi negledanja direktno u kameru AOD se gasi.
https://mobilnisvet.com/mobilni-komentari/gz0/Honor/Magic5-Pro/12,Honor,Honor Magic5 Pro,Kiza,2023-08-07 21:12:00,"Jedna stvar koju sam primetio u komentarima je da određene probleme sa telefonom imaju oni koji su ga kupili za keš u nekoj prodavnici ili preko oglasa. Ja sam ga uzeo u Yettel-u i nemama apsolutno nikakvih problema, sve radi savršeno. ispada da ko ne plati na mostu, plati na ćupriji. Zato vodite računa gde kupujete telefone, a isto to važi za svu tehniku. Ja sve kupujem kod proverenih distributera, ništa oglasi i sumnjive radnje."
https://mobilnisvet.com/mobilni-komentari/gz0/Honor/Magic5-Pro/12,Honor,Honor Magic5 Pro,Kiza,2023-08-06 15:38:00,"Meni nikako nije jasno kada neko napiše da normalno koristi telefon i isprazni bateriju za 3-4 sata. To nikako njie normalno. To je ovisnost i to najteži oblik. Ko tako brzo troši bateriju na tel, bez obzira koji je model u pitanju, trebao bi pod hitno da ide kod lekara. Ili da uzme akumulator od 55A za jugića i da ga nosi sa sobom. Ja nenormalno koristim telefon i baterija mi izgura dva dana."
https://mobilnisvet.com/mobilni-komentari/gz0/Honor/Magic5-Pro/12,Honor,Honor Magic5 Pro,Beks - NUFC,2023-08-05 22:22:00,"Sale, Deki, vredi li šta ovaj sat, može li da se proda?"
https://mobilnisvet.com/mobilni-komentari/gz0/Honor/Magic5-Pro/12,Honor,Honor Magic5 Pro,Beks - NUFC,2023-08-05 19:40:00,"Jedno pitanje za korisnike ovog lepotana! Šta ste uradili sa satom? Koristite li ga, kakav je u radu? Može li se negde prodati, zna li neko? Ja moj nisam ni otpakovao, ne treba mi."
https://mobilnisvet.com/mobilni-komentari/gz0/Honor/Magic5-Pro/12,Honor,Honor Magic5 Pro,Max,2023-08-05 16:51:00,"Ovo je najrealniji komentar o ovom telefonu, ovaj Honor Magic 5 Pro je vrlo jeftina igracka i to kineskog porekla, jako nekvalitetno napravljen, sa losim kamerama i sa veoma losom baterijom. Ne zasluzuje da se uopste nadje na ovom sajtu medju Apple i Samsung telefonima koji ga doslovno jedu za dorucak."
https://mobilnisvet.com/mobilni-komentari/gz0/Honor/Magic5-Pro/12,Honor,Honor Magic5 Pro,BL.....,2023-08-05 09:40:00,"12/512 gb 1570 eu ,toliko je u radnjama..da li je bolji od honora za 700 eu..tesko.odnosno nikako..probo sam u radnji upoređivao s23 ultra,p60 pro,mate 50 pro i honor 90 ,magic50 pro nije bio dostupan..honor 90 ekstra radi sa tim osrednjim čipom, pa m50 pro sa sd gen2 verovatno još mnogo bolje, plus sjajne sonijeve kamere nema greske i Huawei softver obrade slike itd..a tek Huawei kamere koje sam testirao savršene...tako da Samsung 23 ultra nije ostavio na mene savršen utisak a generalno dizajn svih koje sam gledao nije baš dobar kao i izrada svih..moze to mnogo bolje za te novce..."
https://mobilnisvet.com/mobilni-komentari/gz0/Honor/Magic5-Pro/12,Honor,Honor Magic5 Pro,Mare1995,2023-08-04 19:24:00,"Evo i malog apdejta u vezi Honor Magic5 Pro. Jutros sam kupio ovaj telefon, napunio ga na 100%, koristio ga normalno u toku dana i evo ovog trenutka on je v3ć morao na punjač sa 8% baterije, SOT samo 5h22min. Ovo je više nego razočaravajuće. Ako se ovo ne bude popravilo nekim apdejtom ili samo od sebe definitivno prelazim na Samsung Galaxy S23 Ultra. Razočaran...obzirom koliko košta nije opravdao moja očekivanja, plus toliko pohvala ovde na njegov račun i čovek bi pomislio da je savršen telefon ali kako stvari stoje u praksi, očigledno da je daleko od toga. Kamere ništa posebno, previše neprirodnih boja na slikama, video zapia blago rečeno užas, ume da se zagreje previše za vreme korišćenja kamere a baterija za to vreme bukvalno curi.. Ne znam šta su mislili ovi iz Honora dok su pravili ovaj telefon. U ruci deluje nekako jeftino i kineski, nema onog premium osećaja kako je to kod Samsung S23 Ultra ili iPhone 14 Pro Max. Sve u svemu, zasad nisam oduševljen. Vratiću se posle nekoliko dana korišćenja sa novim informacijama u vezi iskustva korišćenja ovog telefona."
https://mobilnisvet.com/mobilni-komentari/gz0/Honor/Magic5-Pro/12,Honor,Honor Magic5 Pro,Kole,2023-08-03 15:07:00,"Evo i mojih utisaka nakon nekog vremena provedenog sa ovim telefonom... Verzija 12/512, kupljen za kes... Telefon jednom recju kidalica, brutalan, prezadovoljan... Ima kompromisa, ali za ove pare bolje necete naci... Ko je spreman da plati vise moze ici na Samsung, ali za mnogo manje para moze dobiti solidan telefon. Ko ne ocekuje savrsenstvo i nije previse zahtevan korisnik a ne koristi telefon u poslovne svrhe ovaj telefon je idealan izbor za njega a i moze solidno da ustedi."
https://mobilnisvet.com/mobilni-komentari/gz0/Honor/Magic5-Pro/12,Honor,Honor Magic5 Pro,Mare1995,2023-08-03 03:38:00,"Ovaj ili Samsung S23 Ultra, pitanje je sad..? Dajte predlog i ako predlozite Magic 5 Pro zasto bas njega ili ako S23 Ultra zasto bas njega, razloge za i protiv jednog ili drugog... Mnogo mi znaci jer sutra idem za Bg po telefon i planiram da ga koristim godinama odnosno dok god bude radio kako treba. Najvaznije mi je da bude Dual SIM i da baterija traje jako dugo jer koristicu ga pretezno za posao, kamere su mi sporedna stvar, naravno i fluidnost u radu kao i softverski apdejti da budu redovni jer mi treba sigurnost na internetu zato sto preko interneta zbog posla kupujem, prodajem, primam i saljem novac i slicno. Unapred hvala svima koji se jave da pomognu."
https://mobilnisvet.com/mobilni-komentari/gz0/Honor/Magic5-Pro/12,Honor,Honor Magic5 Pro,Goran,2023-08-02 20:25:00,"Naručena mašina, samo moram sačekati dan-dva jer nije bilo zelene na stanju. Jedva cekam😀"
https://mobilnisvet.com/mobilni-komentari/gz0/Honor/Magic5-Pro/12,Honor,Honor Magic5 Pro,Boban,2023-08-02 10:49:00,"Ako neko zna ili koristi dobru foliju a da nije mobile out.iz tc.neka preporuci pisto njihove 3 sam promenio i odlepljuje se u cosku,i staklo sa Alija tesko sr ..e"
https://mobilnisvet.com/mobilni-komentari/gz0/Honor/Magic5-Pro/12,Honor,Honor Magic5 Pro,Sale,2023-08-02 10:23:00,Rešen i drugi problem vezan za sporo slanje SMS poruka: Idite na Podešavanja pa na Sistem i ažuriranja. Tapnite na Resetuj pa na Resetovanje podešavanja mreže. Ovom opcijom se resetuju Wifi lozinke i ostala podešavanja mreže. Kad se to odradi poruke se šalju momentalno Ovo rešenje sam dobio od Honor tehničke podrške za Srbiju.
https://mobilnisvet.com/mobilni-komentari/gz0/Honor/Magic5-Pro/12,Honor,Honor Magic5 Pro,Pedja,2023-08-02 10:22:00,"Nakon 4 godine korišćenja p30 pro, vreme je za nešto novo. Magic5 pro, Vivo x90 pro ili Xiaomi 13?"
https://mobilnisvet.com/mobilni-komentari/gz0/Honor/Magic5-Pro/12,Honor,Honor Magic5 Pro,Sale,2023-08-01 23:36:00,Da probamo da rešimo problem notifikacija za Viber.
https://mobilnisvet.com/mobilni-komentari/gz0/Honor/Magic5-Pro/12,Honor,Honor Magic5 Pro,Bili,2023-08-01 22:44:00,Dali je imao neko problem sa cudnim zvukom unutar kucista telefona(kada ga treses) se cuje od prvog dana u zastitnoj maski i nije ispadao.Hvala
https://mobilnisvet.com/mobilni-komentari/gz0/Honor/Magic5-Pro/12,Honor,Honor Magic5 Pro,Tole,2023-08-01 17:42:00,"2 meseca koristim telefon, preplatio sam ga, vidim da su sada dosta pale cene. Ali dobro nije ni važno. Utisci... dobri. Koristio sam P30 pro više godina i sada mogu da vidim kakav je to telefon bio, aždaja stara 4 godine... Magic - softverski loš, sms poruku šalje ceo minut kada je uključen volte, Yettel je u pitanju. Testirao sam ga najjačim igrama, ne oseća ih, a zabode na nekoj gluposti koju pokreće bilo koji telefon od 100 E. Kamere odlične. Ipak, ne svidja mi se prelamanje svetlosti na jakom dnevnom svetlu na prednjoj kameri. Zadnja kamera takodje odlična, ali hvatam lica ljudi na slikama izveštačena. Kada zumiram sliku, kao lice izgleda kao da je robot ili mumija u pitanju. Možda je do podesavanja, nisam siguran niti sam mnogo isprobavao da podesim. Noćne slike odlične, video dobar. Zvuk jasan i čist. Kupio sam preko Alia 5-6 silikona ali nijedan ne stoji kao fabrički iz kutije. Ekran fenomenalan, automatsko osvetljenje super optimizovano. Face ID bez greske, otisak dobar.  Baterija dobra. P30 pro je imao brze punjenje ako uporedim, ali slično trajanje kod oba telefona. Manu koju sam takodje primetio je lokacija. Gubi se kada koristim Google mape, pa se vrati posle par minuta ili kad restartujem aplikaciju.  Sve u svemu dobar telefon, ali sa dosta skrivenih gluposti koji znaju da nerviraju, možda ih reši neki update, a  ako neko zna rešenje za navedeno neka piše. Generalno, update u odnosu na P30 pro, ali ne ne znam koliki, ili sam ja ipak baš previše očekivao."
https://mobilnisvet.com/mobilni-komentari/gz0/Honor/Magic5-Pro/12,Honor,Honor Magic5 Pro,Beks - NUFC,2023-08-01 16:22:00,"Čemu služi otvor blende, na koliko treba da je podešen?! Ako može neko stručan najprostije da objasni. Vidim da je kod mene na 4 a nisam uočio nikakvu razliku ni kad ga podignem na 7,1 ili 16. Ako može neko pojašnjenje."
https://mobilnisvet.com/mobilni-komentari/gz0/Honor/Magic5-Pro/12,Honor,Honor Magic5 Pro,Boban,2023-08-01 12:35:00,Evo vam stigla zakrpa 151
https://mobilnisvet.com/mobilni-komentari/blm/Honor/Magic5-Lite/12,Honor,Honor Magic5 Lite,Car,2023-08-21 09:58:00,Da li moze punjac Honor supercharger 66W za ovaj telefon od 40W i da mu ne smeta? Hvala.
https://mobilnisvet.com/mobilni-komentari/blm/Honor/Magic5-Lite/12,Honor,Honor Magic5 Lite,Nenad,2023-08-20 16:52:00,Pozdrav. Ima li Honor Magic 5 Lite Google Play prodavnicu?
https://mobilnisvet.com/mobilni-komentari/blm/Honor/Magic5-Lite/12,Honor,Honor Magic5 Lite,Tatjana,2023-08-17 12:58:00,"Postovanje, telefon je odlican. Međutim, imam problem. Kcerka je sinoć stavila na punjac, jutros ustala, na njemu samo stoji znak za punjenje, crvene boje i vibrira. Pokusala sam i restart pomoću klipova na yt, medjutim ne reaguje. Da li možda znate u čemu je problem. Hvala."
https://mobilnisvet.com/mobilni-komentari/blm/Honor/Magic5-Lite/12,Honor,Honor Magic5 Lite,Aleksandar,2023-08-16 12:47:00,"Koji adapter je validan za punjnje, da li moze da naškodi adapter od 66w?"
https://mobilnisvet.com/mobilni-komentari/blm/Honor/Magic5-Lite/12,Honor,Honor Magic5 Lite,Rade,2023-08-15 20:26:00,Koristim ga nekoliko dana prelep ekran baterija top e sad kad kucam i hocu da prebacim na znak??????????? taj odziv mi nije dobar na tom tasteru dal kakve veze ima sa staklom koje sam stavio ne znan
https://mobilnisvet.com/mobilni-komentari/blm/Honor/Magic5-Lite/12,Honor,Honor Magic5 Lite,Andjelija,2023-08-15 19:34:00,Ocajan telefon zaobidjite u sirokom luku.....kamere i sve ostalo katastrofa jedino je baterija dobra...
https://mobilnisvet.com/mobilni-komentari/blm/Honor/Magic5-Lite/12,Honor,Honor Magic5 Lite,Mare,2023-08-14 22:32:00,Honor 70 8-256 ili ovaj
https://mobilnisvet.com/mobilni-komentari/blm/Honor/Magic5-Lite/12,Honor,Honor Magic5 Lite,Cumi,2023-08-09 22:09:00,"Kako ste zadovoljni sa oblikom ekrana, da li da se uzme neka folija ili zastitno staklo?"
https://mobilnisvet.com/mobilni-komentari/blm/Honor/Magic5-Lite/12,Honor,Honor Magic5 Lite,Marko995,2023-08-09 15:31:00,Koristim telefon par meseci.
https://mobilnisvet.com/mobilni-komentari/blm/Honor/Magic5-Lite/12,Honor,Honor Magic5 Lite,Toma,2023-08-09 14:44:00,"Dobar dan, poštovanje!"
https://mobilnisvet.com/mobilni-komentari/blm/Honor/Magic5-Lite/12,Honor,Honor Magic5 Lite,Coba,2023-08-07 23:52:00,"Interesuje me ko je bolji telefon, samsung A34 I honor magic 5 lite?"
https://mobilnisvet.com/mobilni-komentari/blm/Honor/Magic5-Lite/12,Honor,Honor Magic5 Lite,Petar,2023-08-05 10:17:00,Zasto nece da mi radi ona opcija punjenja do 80 posto na telefonu radi ocuvanja baterije nego ide do 100 i pise idalje da se puni kad dodje do kraja na honor magic 5 lite verovatno je zbog punjaca jer nije originalan.
https://mobilnisvet.com/mobilni-komentari/blm/Honor/Magic5-Lite/12,Honor,Honor Magic5 Lite,Ivana,2023-08-05 06:47:00,Moze li neko da mi kaze kakve su kamere na telefonu?
https://mobilnisvet.com/mobilni-komentari/blm/Honor/Magic5-Lite/12,Honor,Honor Magic5 Lite,Bojan,2023-08-05 05:38:00,"Ovaj telefon ili redmi note 12 pro 8/256? Gledao sam recenzije i nekako mi je kamera na ovom modelu baš loša, dok sve drugo izgleda ekstra... Čini mi se da je note 12 pro malo kompletniji ako uzmemo u obzir bolju kameru... Dok je naravno honor mnogo lepši po izgledu. Dvoumim se."
https://mobilnisvet.com/mobilni-komentari/blm/Honor/Magic5-Lite/12,Honor,Honor Magic5 Lite,Slavica,2023-08-03 08:52:00,Interesuje me da li Honor Magic 5 Lite u kameri ima opciju za ulepšavanje slike?
https://mobilnisvet.com/mobilni-komentari/blm/Honor/Magic5-Lite/12,Honor,Honor Magic5 Lite,Honor Magic5 Lite 5g,2023-08-02 00:20:00,"Odlican Telfon, Lep Dizajn, Jak procesor."
https://mobilnisvet.com/mobilni-komentari/blm/Honor/Magic5-Lite/12,Honor,Honor Magic5 Lite,djole,2023-08-01 21:01:00,"@Dragana Šta da kažem iPhone SE3 je isto kao u Yuga da ubaciš motor od 500 konja sve ostalo je loše (baterija, ekran, dizajn). Ja lično nikad ne bih menjao ovaj telefon za iPhone SE3."
https://mobilnisvet.com/mobilni-komentari/blm/Honor/Magic5-Lite/12,Honor,Honor Magic5 Lite,Mickey,2023-08-01 20:36:00,"Pozdrav ljudi! Danas mi je stigao ovaj telefon, molim za savet koji punjač da kupim i gde? Imam neki od starog telefona, baš sporo puni :("
https://mobilnisvet.com/mobilni-komentari/blm/Honor/Magic5-Lite/12,Honor,Honor Magic5 Lite,Djole 45,2023-08-01 06:40:00,"Ubedljivo NAJBILJI TELEFON srednje klase, to kazu isto i sve recenzije,  imam ga već 3 meseca, koristio sam sve i svasta, sada se vec nov po oglasima moze naci za 220/250eu."
https://mobilnisvet.com/mobilni-komentari/blm/Honor/Magic5-Lite/12,Honor,Honor Magic5 Lite,Dragan,2023-07-31 19:22:00,Honor 5 magic lite ili šaomi 12s pro?
https://mobilnisvet.com/mobilni-komentari/blm/Honor/Magic5-Lite/12,Honor,Honor Magic5 Lite,Petar,2023-07-31 18:01:00,Zdravo ljudi da li mogu da punim magic 5 lite sa huawei punjacem isto od 40w
https://mobilnisvet.com/mobilni-komentari/blm/Honor/Magic5-Lite/12,Honor,Honor Magic5 Lite,Duca1987,2023-07-28 23:21:00,Hvala Djole probaću preko tog browsera
https://mobilnisvet.com/mobilni-komentari/9955/Honor/70/13,Honor,Honor 70,Nemke,2023-04-18 20:56:00,"Ljudi, uzeo ga danas, telefon je top..ko je imao Huawei, vrhunski nastavak.. Ekran nemam reci.. Samo MI kazite jel ima zastitne folije za ekran, s obzirom da he zakrivljen I gde da uzmem?"
https://mobilnisvet.com/mobilni-komentari/9955/Honor/70/13,Honor,Honor 70,Ivan,2023-04-18 12:34:00,Pozdrav ljudi imam samsung a52s da li vredi menjati za Honor 70 ?
https://mobilnisvet.com/mobilni-komentari/9955/Honor/70/13,Honor,Honor 70,Branko,2023-04-18 07:41:00,"Imao sam u isto vreme par dana ovaj telefon i Motorolu edge 30, mogu vam reći da je Motorola oduvala ovaj uređaj u svakom pogledu. Dosta tanji, lakši, lepši telefon istog procesora, kod Motorole je bolji ekran, Motorola ima stereo zvučnike, baterija drži isto na oba uređaja,po meni Motorola ima bolju kameru, tako da sam se odlučio za Motorolu. Svako ko se bude dvoumio između ova dva modela, neka slobodno uzme Motorolu edge 30. Za druge telefone ne znam, pre ovih telefona sam koristio Iphone 12 pro."
https://mobilnisvet.com/mobilni-komentari/9955/Honor/70/13,Honor,Honor 70,Jovana,2023-04-18 00:13:00,"Zdravo svima, dvoumim se između ovog Honor 70 i Samsung S23. Bitno mi je da telefon ima dobru kameru i bateriju. Unapred hvala!"
https://mobilnisvet.com/mobilni-komentari/9955/Honor/70/13,Honor,Honor 70,Sasa,2023-04-17 18:21:00,Telefon je top od sada samo Honor.
https://mobilnisvet.com/mobilni-komentari/9955/Honor/70/13,Honor,Honor 70,Aca,2023-04-16 21:06:00,"Pozdrav svima, juče uzeo telefon i prvi utisci za sada pozitivni, konkretnih ću nešto reći za par dana nadam se.U radu super, brz, fluidan, kamera jako dobra jedino me čudi to što boje nekako na žuto idu više, nekako nije baš prirodno.. Upoređivao sam sa prethodnim telefonom, nešto kao da je recimo prilagođenost oku uključena i za kameru?!"
https://mobilnisvet.com/mobilni-komentari/9955/Honor/70/13,Honor,Honor 70,Boban,2023-04-16 11:39:00,"Android 13 u junu,uvek kasne i sa zakrpama"
https://mobilnisvet.com/mobilni-komentari/9955/Honor/70/13,Honor,Honor 70,Nikola,2023-04-13 17:17:00,"Ljudi, koju boju preporucujete od ponudjenih? Jel ova plava nije vise za zene? Crna dosadna"
https://mobilnisvet.com/mobilni-komentari/9955/Honor/70/13,Honor,Honor 70,Mare,2023-04-13 09:24:00,"Pozdrav, da li je neko imao prilike da testira i uporedi kamere ovog telefona sa samsungom a52s 5g?"
https://mobilnisvet.com/mobilni-komentari/9955/Honor/70/13,Honor,Honor 70,marko,2023-04-10 16:02:00,Ovaj ili 12t?
https://mobilnisvet.com/mobilni-komentari/9955/Honor/70/13,Honor,Honor 70,Mare,2023-04-09 19:49:00,Gde bezbedno kupiti telefon po ovim cenama od 360 do 400 evra?
https://mobilnisvet.com/mobilni-komentari/9955/Honor/70/13,Honor,Honor 70,Dalibor,2023-04-09 19:17:00,"Da li postoji BACK taster na Google Chrome? Udjem, predajem na sledeću stranicu, i odatle mogu samo skroz da izdajem..... Ili nesto nisam lepo video? Hvala unapred."
https://mobilnisvet.com/mobilni-komentari/9955/Honor/70/13,Honor,Honor 70,SrdjanS,2023-04-06 20:51:00,Pozdrav svima! Kakva je situacija sa androidom 13 za honor 70?
https://mobilnisvet.com/mobilni-komentari/9955/Honor/70/13,Honor,Honor 70,Daki,2023-04-06 00:58:00,Da li je bolje uzeti ovaj Honor ili Xiaomi 13 light ?
https://mobilnisvet.com/mobilni-komentari/9955/Honor/70/13,Honor,Honor 70,Vladimir,2023-04-04 22:20:00,"Koji je po vama bolji, ovaj ili Samsung note 20 ultra 8gb/256gb"
https://mobilnisvet.com/mobilni-komentari/9955/Honor/70/13,Honor,Honor 70,Miki,2023-04-03 21:39:00,Kako vam se čini silver boja telefona... Da li je OK za muškarce...
https://mobilnisvet.com/mobilni-komentari/9955/Honor/70/13,Honor,Honor 70,Mk,2023-04-03 08:42:00,"Uzeo sam honor 70 pre 2 dana  kod operatera kao zamenski umesto honor 50 jer tj prihvaćena reklamacija, e sad prilikom snimanja videa na 70 tici tipa 3 min telefon počinje da se greje sa prednje strane da li je to normalno ili i njega da reklamiram?"
https://mobilnisvet.com/mobilni-komentari/9955/Honor/70/13,Honor,Honor 70,Miloss,2023-04-02 18:01:00,Da li postoji razlika u ovom honoru za koje trziste su proizvedeni? I kako se moze to proveriti ?  Vido sam razliku u pakovanju u nekim radnjama gde je cena  za kes povoljnija od ovlascenih operatera
https://mobilnisvet.com/mobilni-komentari/9955/Honor/70/13,Honor,Honor 70,Mg,2023-04-02 13:10:00,Koliko je bolja baterija honora magic 5 lite od honor 70 al realno zna li ko?
https://mobilnisvet.com/mobilni-komentari/9955/Honor/70/13,Honor,Honor 70,Miljan,2023-03-31 10:59:00,Pre desetak i vise dana Milos je pisao ovde da ima problem sa mikrofonom...zanima me da li je resio i kako?
https://mobilnisvet.com/mobilni-komentari/9955/Honor/70/13,Honor,Honor 70,Miloš,2023-03-31 07:31:00,"Evo posle mesec dana. Baterija odlična. Fluidan, sve radi zaista odlično. Ekran dobar, brz, sve zaista lepo radi. Odlično leži u ruci, idealne dimenzije. Ne igram igrice ali ga svim standardnim programima koje svi koristimo crpim baš dobro. Fabrička maska i folija na ekranu odlične. Ekranom sam baš zadovoljan."
https://mobilnisvet.com/mobilni-komentari/9955/Honor/70/13,Honor,Honor 70,Zile,2023-03-30 23:55:00,Posto nisam koristio tel sa zakrivljenim ekranom i deluje jako lepo kakav je sa zastotnim staklom ima li ih i koje su cene jer nema oznaceno Gorilla Glass zastitu sto je i cudno za ovu cenovnu kategoriju?
https://mobilnisvet.com/mobilni-komentari/9955/Honor/70/14,Honor,Honor 70,Doberman,2023-03-30 18:05:00,"Evo sad mogu da napisem neke konkretnije utiske,koristim ga nedelju dana.Bas sam zadovoljan.Lep ekran,boje su taman(na s 20 fe je bio odlican ali nekako neprirodan).Baterija full drzi.za 16 sati uz preko 7 h sota(ne igram igrice) mi je ostalo preko 20% a tek ocekujem da se prilagodi mom nacinu koriscenja.Brz fluidan,estetski bez greske.Najbolji tel koji sam do sad imao.E da,zvucnik je takodje dobar."
https://mobilnisvet.com/mobilni-komentari/9955/Honor/70/14,Honor,Honor 70,Dušan,2023-03-30 16:22:00,Za ove što duže koriste... Dvoumim se između Honor 70 5G i Motorole edge 30 fusion... Savet
https://mobilnisvet.com/mobilni-komentari/9955/Honor/70/14,Honor,Honor 70,DBoss,2023-03-29 16:23:00,"Danas sam se prenovio i kupio sebi ovaj telefon. Za sada je sve top. Kamera meni nije naročito bitna, a za moje kriterijume je odlična. Meni je bitan multitasking i ""skakanje"" iz aplikacije u aplikaciju, a to je neverovatno brzo. Bitna mi je i baterija, a to ću tek da vidim,ali za sada i to je vrh. Malo mi treba da se prešaltam sa Xiaomia na Honor, ali sve u svemu prezadovoljan sam telefonom."
https://mobilnisvet.com/mobilni-komentari/9955/Honor/70/14,Honor,Honor 70,Zuca,2023-03-29 01:23:00,"Kako vam se pokazala kamera i za slikanje i snimanje,prosek ili opravdava tu srednju klasu i egal sa drugima prosto nisam imao prilike da ga testiram i moze neko da mi navede neke stvari zasto da uzmem ovaj telefon Honor a ne neki Xiami ili Samsung,Motorolu u toj klasi?"
https://mobilnisvet.com/mobilni-komentari/9955/Honor/70/14,Honor,Honor 70,Zuca,2023-03-29 01:20:00,Eto skoro godinu dana je u prodaji lep atraktivan dizajn i bas mi se dopao displej sto je zakrivljen malo i lepih boja. Zanima me da li se isplati kupiti ga za par meseci posto eto godinu dana je proslo od izlaska pitam jer ne znam koliku podrsku ima za nadogradnju softvera i koliko je ro realno bitno da ima 3 ili 4 godine sto daje samsung jer mnogi koliko sam cuo imaju dve tako da ako ga kupim za par meseci a proslo je godinu od izlaska a ima dve godine nadogradnju nor onda mi ostaje 1 godina i cao. 🤔
https://mobilnisvet.com/mobilni-komentari/9955/Honor/70/14,Honor,Honor 70,Ana,2023-03-28 23:53:00,"Jel bolja kupovina od A54, uzimam kod operatera, slicne su im cene, hvala."
https://mobilnisvet.com/mobilni-komentari/9955/Honor/70/14,Honor,Honor 70,Doberman,2023-03-26 11:49:00,"Ono sto za sad mogu da kazem je da je ekran odlican.Iznenadile su me fotke nocu,super su.Fluidan je,radi bez greske a ono sto me posebno fasciniralo je baterija."
https://mobilnisvet.com/mobilni-komentari/9955/Honor/70/14,Honor,Honor 70,Kata,2023-03-26 00:00:00,"Danas sam dobila telefon al mi se cini da slike i nisu nesto do sad sam koristila honorar 10 i vrlo je mala razlika u fotografijama, pogotovo prednja. Ili mi se samo cini.. Ostalo je sve ok"
https://mobilnisvet.com/mobilni-komentari/9955/Honor/70/14,Honor,Honor 70,Maki,2023-03-25 11:30:00,Da li neko moze da pomogne u sledecoj situaciji.
https://mobilnisvet.com/mobilni-komentari/9955/Honor/70/14,Honor,Honor 70,Doberman,2023-03-24 20:56:00,Danas mi stigao.Jel imao neko problem sa gugl nalogom?Pet puta se registrujem i svaki put radim beckup podataka.Jos mi je tri aplikacije sam izbrisao?
https://mobilnisvet.com/mobilni-komentari/9955/Honor/70/14,Honor,Honor 70,backo,2023-03-23 19:46:00,dal vredi ovo nesto kao zastita za ekran?
https://mobilnisvet.com/mobilni-komentari/9955/Honor/70/14,Honor,Honor 70,Misa,2023-03-18 23:27:00,Da li ima led indikator? Pozz
https://mobilnisvet.com/mobilni-komentari/9955/Honor/70/14,Honor,Honor 70,Boske,2023-03-17 22:31:00,Moji utisci posle tri dana korišćenja su i više nego pozitivni. Pre ovog telefona koristio sam
https://mobilnisvet.com/mobilni-komentari/9955/Honor/70/14,Honor,Honor 70,Milos,2023-03-17 20:51:00,"Pozdrav, da li i vi imate problema sa mikrofonom? Prilikom dolaznog ili odlaznog poziva, ne radi mi mikrofon u narednih 3-4 sekunde a potom radi sve normalno. A kada se odmah javim na spikerfon, radi odmah mikrofon."
https://mobilnisvet.com/mobilni-komentari/9955/Honor/70/14,Honor,Honor 70,Marko86,2023-03-17 14:28:00,Kakva je baterija po pitanju izdrzljivosti na ovom telefonu?
https://mobilnisvet.com/mobilni-komentari/9955/Honor/70/14,Honor,Honor 70,Boban,2023-03-16 17:02:00,"Danas stavio hidrogel foliju extra je i klizi bolje od njegove koja se cepa u parcice nisu fabricke više kao kod starijih modela,1200 din."
https://mobilnisvet.com/mobilni-komentari/9955/Honor/70/14,Honor,Honor 70,Gorajla,2023-03-15 01:47:00,"Dopada mi se telefon ali imam u startu dve zamerke velike koje me odbijaju od njega jer trenutno koristim Poco F3 i zadovoljan sam pre toga X3 i Note 9 Pro tako da sam sa Xiaomijem zadovoljan pa bi da predjem na nesto drugo za promenu malo. Mana je sto ima mono zvuk u ovoj kategoriji uredjaja i sto nema deklarisanu zastitu ekrana i zastitu na prskanje vode tipa ako me uhvati kisa ili se slucajno prospe casa sa picem. Deluje mi vizuelno lepo, sve ostalo mi je ok ali mono zvuk i bez zastite za te pare je - jer dosta slabiji uredjaji to poseduju🤔 a plus sve to imam na Poco F3 i plus jaci procesor mada to mi nije sada toliko bitno jer povremeno odigram neku igricu a svi procesori u srednjoj kategoriji vrse posao dobro. Razmisljam se na koji uredjaj preci sa Poco F3 🤔"
https://mobilnisvet.com/mobilni-komentari/9955/Honor/70/14,Honor,Honor 70,Boban,2023-03-14 11:40:00,"Ima li neko da je stavljao neko staklo ili foliju na ovaj tel.fabricka je pocela u cosku gornjem jedno 3mm da se odlepljuje,preporuka neka"
https://mobilnisvet.com/mobilni-komentari/9955/Honor/70/14,Honor,Honor 70,goran,2023-03-10 16:12:00,honor 70 8-256gb ili realme neo 2 12-256gb
https://mobilnisvet.com/mobilni-komentari/9955/Honor/70/14,Honor,Honor 70,Vlado,2023-03-10 10:07:00,"Plastikaner bez gorila zaštite i zaštite od kvašenja sa mono zvučnikom, jedini + ovoga telefona u odnosu na telefone cene od oko 200 evra je prosesor, svi ostali telefoni na tržištu u ovoj ceni (trenutno 450 evra) su u svemu bolji."
https://mobilnisvet.com/mobilni-komentari/9955/Honor/70/14,Honor,Honor 70,Dzeri,2023-03-07 18:32:00,Ne znam sta je sa ljudima koji pricaju da je telefon los i da ne vredi nista nakon azuriranja? To je normalna stvar koja se desava. Vrati telefon na fabricko i probas ponovo.
https://mobilnisvet.com/mobilni-komentari/9955/Honor/70/14,Honor,Honor 70,MIKI,2023-03-07 14:17:00,Gde bi trebalo da uključim power taster da radi.Pre je na njemu bila neka prečica za google isključio sam je.Ali sad ne može da se isključi telefon na njemu.Ili gde se isključuje na drugom mestu
https://mobilnisvet.com/mobilni-komentari/9955/Honor/70/14,Honor,Honor 70,Petar,2023-03-04 09:51:00,"Pozdrav,  da li na honor 70 moze da se posebno smanji zvuk za poruke(obavestenja)  posebno za zvono?  Kod mene je spojeno pa kad hocu da smanjim zvuk za poruku onda utisam i zvono za pozive..."
https://mobilnisvet.com/mobilni-komentari/9955/Honor/70/14,Honor,Honor 70,Hata,2023-03-02 21:26:00,"Uzela sam ovaj telefon, model 8/256, preko paketa u A1 pre 3 dana. Elem, svi hvale bateriju što je kod mog telefona upitno. Potrebno je 1h da se napuni baterija i izgura čitav dan uz neko prosečno korišćenje društvenih mreža, igrice ne igram. Ono što sam danas primetila je da se i spikerfon lošije čuje."
https://mobilnisvet.com/mobilni-komentari/blm/Honor/Magic5-Lite/13,Honor,Honor Magic5 Lite,Duca1987,2023-07-28 16:26:00,Da li možda nekom na ovom telefonu ne radi podešavanje rezolucije na 2400 piksela pošto na YouTube ne mogu da podesim veću od 1080 piksela?
https://mobilnisvet.com/mobilni-komentari/blm/Honor/Magic5-Lite/13,Honor,Honor Magic5 Lite,Zoki,2023-07-28 16:19:00,"djole,  da li smeju da se koriste punjaci iznad 40w za ovaj telefon,  ako smeju koja bl to mogla biti maksi malna snaga  a da ne dođe do oštećenja baterije."
https://mobilnisvet.com/mobilni-komentari/blm/Honor/Magic5-Lite/13,Honor,Honor Magic5 Lite,Darko,2023-07-28 13:26:00,"Imam pitanje posto se ne razumem bas najbolje u taj deo... Vidim svi hvale bateriju, a meni jedva izdrzi dan uz slabo koriscenje, da li je moguce zbog adaptera na kom ga punim, koji ima snagu od 24w? Hvala"
https://mobilnisvet.com/mobilni-komentari/blm/Honor/Magic5-Lite/13,Honor,Honor Magic5 Lite,Srki,2023-07-28 13:09:00,"Djole imam jedno pitanje, kupio sam ovaj tel pre par Dana i radi odliv o ali mu boje nisu uredu neznam sta nije ok i kako da popravim to jel postoji nesto hvala"
https://mobilnisvet.com/mobilni-komentari/blm/Honor/Magic5-Lite/13,Honor,Honor Magic5 Lite,Zomi,2023-07-27 23:30:00,"Djole,  zastoj mi telefon skida kredit a pritom nikog ne zovem,  niti daljem sms poruke,"
https://mobilnisvet.com/mobilni-komentari/blm/Honor/Magic5-Lite/13,Honor,Honor Magic5 Lite,Mašan 007,2023-07-27 18:50:00,Pozdrav svima gledam da uzmem ovaj telefon sad imam Motorolu G60 telefon radi kako treba ali mi po neki put ide na živce ekran dali je ovaj Honor bolji od Motorole treba da ima bolju kameru displej memoriju da je brz baterija je jača kod G60
https://mobilnisvet.com/mobilni-komentari/blm/Honor/Magic5-Lite/13,Honor,Honor Magic5 Lite,Zoki,2023-07-26 22:03:00,Da li će biti androida 13 za ovaj model?
https://mobilnisvet.com/mobilni-komentari/blm/Honor/Magic5-Lite/13,Honor,Honor Magic5 Lite,Magic5litezeleni,2023-07-26 16:29:00,30000rsd verzija 8/256 mislim da je jedna od boljih kupovina. Tek ga koristim tri dana i za sada nemam zamerke.
https://mobilnisvet.com/mobilni-komentari/blm/Honor/Magic5-Lite/13,Honor,Honor Magic5 Lite,Milos,2023-07-26 14:51:00,Zdravo svima zamenio bih samsung s20fe za honor koliko i da li se isplati?
https://mobilnisvet.com/mobilni-komentari/blm/Honor/Magic5-Lite/13,Honor,Honor Magic5 Lite,Slavke,2023-07-25 10:14:00,"Uzeh juce ovaj model, u jednoj maloprodaji, cena mu je fino pala na akciji pa taman da promenim svoj stari Huawei Nova5T koji je odlicno sluzio 3 pune godine i preziveo nekoliko jakih padova."
https://mobilnisvet.com/mobilni-komentari/blm/Honor/Magic5-Lite/13,Honor,Honor Magic5 Lite,Dragan,2023-07-23 10:06:00,"Uzeo sam telefon pre mesec dana. Zadovoljan sam, jedino što mi se posle nekog vremena dešava da kad hoću da pozovem neki broj iz liste poziva, pozove ga bez broja 0 na početku, i naravno ne može poziv. Takođe automatska sinhronizacija Gmaila ne radi. Ima li neko rešenje za ove probleme?"
https://mobilnisvet.com/mobilni-komentari/blm/Honor/Magic5-Lite/13,Honor,Honor Magic5 Lite,DraganN,2023-07-22 06:32:00,Ako neko moze da napise iskustvo sa (toliko hvaljenom) baterijom.
https://mobilnisvet.com/mobilni-komentari/blm/Honor/Magic5-Lite/13,Honor,Honor Magic5 Lite,Vule,2023-07-21 23:13:00,Od svih ovih kineskih leseva za oko 250/300e ovo je ubedljivo najbolji telefon i tvrdim da mu nema ravnog. Jedino je steta sto verovatno nece dobiti bar android 13.
https://mobilnisvet.com/mobilni-komentari/blm/Honor/Magic5-Lite/13,Honor,Honor Magic5 Lite,Toma,2023-07-21 01:09:00,"Neka neko napiše ko poseduje ovaj telefon da li dolazi sa fabričkom folijom preko ekrana ili ne. I još nešto, video zapis koji snima telefon da li može da pusta preko celog ekrana ili ne. HVALA!"
https://mobilnisvet.com/mobilni-komentari/blm/Honor/Magic5-Lite/13,Honor,Honor Magic5 Lite,Goran,2023-07-19 08:18:00,"Najbolja verzija za ovaj telefon,koja provereno radi dobro?Hvala"
https://mobilnisvet.com/mobilni-komentari/blm/Honor/Magic5-Lite/13,Honor,Honor Magic5 Lite,Goran,2023-07-19 08:17:00,Koju Gcam instalirati?
https://mobilnisvet.com/mobilni-komentari/blm/Honor/Magic5-Lite/13,Honor,Honor Magic5 Lite,Aleksandar,2023-07-18 21:35:00,Honor magic 5 lite ili motorola g72? Unapred hvala
https://mobilnisvet.com/mobilni-komentari/blm/Honor/Magic5-Lite/13,Honor,Honor Magic5 Lite,Peđa,2023-07-18 19:29:00,Da li ima radio tjuner
https://mobilnisvet.com/mobilni-komentari/blm/Honor/Magic5-Lite/13,Honor,Honor Magic5 Lite,Nemanja,2023-07-13 12:33:00,"Koje bluetooth slusalice mogu da se koriste za ovaj model, sve ispod bluetooth 5.2? I ima li veze proizvodjac slusalica? Hvala unapred"
https://mobilnisvet.com/mobilni-komentari/blm/Honor/Magic5-Lite/13,Honor,Honor Magic5 Lite,Saška,2023-07-13 12:03:00,"Kupila sam Honor Magic 5 Lite i na fejsbuku mi uopšte ne otvara novine i neke tekstove,a slike čak i sve komentare mogu da otvorim.Da li treba u podešavanjima nešto dodatno da odradim?Unapred hvala"
https://mobilnisvet.com/mobilni-komentari/blm/Honor/Magic5-Lite/13,Honor,Honor Magic5 Lite,ANDRIJA,2023-07-11 21:56:00,Dobar dan kupio sam danas honor magic 5 lite 8/256 I imam dva porblema kad stavim ns punjac presporo se puni a drugi je da na gornjem delu ekrana kad pipnes mrvicu jace cuje se neki zvuk ne znam zasto bukvl cela gornja strana ekrana ko da se cuje nes iznutra nemam pojma
https://mobilnisvet.com/mobilni-komentari/blm/Honor/Magic5-Lite/13,Honor,Honor Magic5 Lite,djordjem,2023-07-10 13:19:00,"Imenjače pitanje, muče me ova 2 modela HONOR SMARTPHONE MAGIC5 LITE 5G 8GB/256GB ili XIAOMI Redmi Note 12 Pro 8/256GB."
https://mobilnisvet.com/mobilni-komentari/gz0/Honor/Magic5-Pro/13,Honor,Honor Magic5 Pro,Sale,2023-08-01 08:37:00,Upravo stiglo ažuriranje! 7.1.0.151! B
https://mobilnisvet.com/mobilni-komentari/gz0/Honor/Magic5-Pro/13,Honor,Honor Magic5 Pro,Gor,2023-07-31 23:48:00,Na ovor honoru kad slika snima video okrenuta kamera prema suncu reflektorima sijalicama ima svetlecu tacku kao musica i kad se nesta uslika to ostaje na fotografiji ili na video snimku
https://mobilnisvet.com/mobilni-komentari/gz0/Honor/Magic5-Pro/13,Honor,Honor Magic5 Pro,Dragan,2023-07-31 23:28:00,"Ljudi, zanima me vaše mišljenje i ukratko objašnjenje. Čitam i vidim da ovaj ima bagove sa notifikacijama... Je li to kod većine ili samo pojedinačni slučajevi? Da li je bolja varijanta  Honor Magic 5 Pro ili Samsung S23? Unapred hvala na odogovorima i pomoći. Pozdrav"
https://mobilnisvet.com/mobilni-komentari/gz0/Honor/Magic5-Pro/13,Honor,Honor Magic5 Pro,Lexa,2023-07-31 19:10:00,"Ovaj ili Samsung S23 Ultra, pitanje je sad..? Dajte predlog i ako predlozite Magic 5 Pro zasto bas njega ili ako S23 Ultra zasto bas njega, razloge za i protiv jednog ili drugog... Mnogo mi znaci jer sutra idem za Bg po telefon i planiram da ga koristim godinama odnosno dok god bude radio kako treba. Najvaznije mi je da bude Dual SIM i da baterija traje jako dugo jer koristicu ga pretezno za posao, kamere su mi sporedna stvar, naravno i fluidnost u radu kao i softverski apdejti da budu redovni jer mi treba sigurnost na internetu jer preko interneta zbog posla kupujem, prodajem, primam i saljsm novac i slicno. Unapred hvala svima koji se jave da pomognu."
https://mobilnisvet.com/mobilni-komentari/gz0/Honor/Magic5-Pro/13,Honor,Honor Magic5 Pro,Sale,2023-07-31 11:07:00,Jedan od problema na ovom telefonu o kome sam ranije pisao rešio se sam od sebe. U pitanju je problem sa Google Feedom. Konačno Feed izgleda kao i na ne-Honor telefonima.
https://mobilnisvet.com/mobilni-komentari/gz0/Honor/Magic5-Pro/13,Honor,Honor Magic5 Pro,Nexa,2023-07-30 17:51:00,Jel ima jos neko problem sa ovim telefonom da mu ne zatamni ekran prilikom razgovora ili kada telefon sklonim sa uha da ekran i dalje ostane crn... Cini mi se da je ovo onaj globalni problem sa svim kineskim telefonima ali ponajvise se zale ljudi na Honor Magic5 Pro i to je onaj tzv.Proximity Sensor problem. Mene ovo uzasno frustrira i razmisljam opasno da ga prodam i otarasim ga se sto pre.
https://mobilnisvet.com/mobilni-komentari/gz0/Honor/Magic5-Pro/13,Honor,Honor Magic5 Pro,Zmaj,2023-07-30 08:39:00,"Nikada mi nece biti jasni ovi slepi verni sledbenici Honor brenda ili bilo kog drugog, zar je moguce da neko bude ogrizao toliko u nesto kao sto je zastupanje nekog brenda pa makar i po cenu života... Ccc, strasno je covece kakvih sve psiho likova ima... Isprobao sam ovaj brend ranije kao i ovaj model Honor Magic5 Pro koji trenutno posedujem i koristim, i mogu reci samo solidan telefon, nista posebno, klasicno kopiranje Huawei ali s jasnom razlikom u ceni i kvalitetu koji nudi, ipak je ovo podbrend Huawei telefona. Sve u svemu, ima on mnogo mana ali isto tako i dobrih stvari, ali nekamo nije to ono sto ljudi ocekuju za ovaj novac, previse je ovde kompromisa za ovu cenu kona slobodno mogu reci je prejaka za jedan ovakav model i brend kao sto je Honor. Previse su se zaigrali kada je cena u putanju jer pucaju na visoko i zele da se takmice sa Apple i Samsung ali to im ocigledno na ovaj nacin nece poci za rukom. Gledao sam i statistiku prodaje, jako slabo se prodaje ovaj Honor brend generalno, a ova politika im nikako ne valja i nece ih odvesti na dobro, to je jedino sigurno. Moraju znati gde im je mesto i u skladu sa tim i formirati cene, ili ako stavis jace cene onda neka ti i ponuda bude u skladu sa tim kao sto to rade Samsung i Apple. Ja sam ovaj telefon kupio jer iskreno nisam imao dovoljno veliki budzet za Samaung S23 Ultra ilu Apple iPhone 14 Pro Max. Da sam imao, najpre bih otisao na S23 Ultru ali nisam, nazalost."
https://mobilnisvet.com/mobilni-komentari/gz0/Honor/Magic5-Pro/13,Honor,Honor Magic5 Pro,Miloš,2023-07-30 07:51:00,"Koristim ovaj telefon 10 dana i mogu reći da imam problem vezan za dodir tj. dešava se da ne registruje dodir tokom skrolovanja iz prve, sve ostalo je ok. Dali neko ima slican problem i kako ga rešiti?"
https://mobilnisvet.com/mobilni-komentari/gz0/Honor/Magic5-Pro/13,Honor,Honor Magic5 Pro,Zombi,2023-07-28 13:38:00,"Kakav je zvuk u sluškama, jel pumpa bas, kakav je izlazni signal, jel kao kod Samsunga?"
https://mobilnisvet.com/mobilni-komentari/gz0/Honor/Magic5-Pro/13,Honor,Honor Magic5 Pro,Boris,2023-07-27 16:46:00,"Zagrejao sam se za ovaj fon, vidim da ima i te neke sitne nedostatke.. Dosta ljudi ga je iskomentarisalo što je za pohvalu."
https://mobilnisvet.com/mobilni-komentari/gz0/Honor/Magic5-Pro/13,Honor,Honor Magic5 Pro,Mladen,2023-07-27 13:35:00,Da li bi neko mogao objektivno da iznese uporedjenje ovog modela i samsung ultra 23?Ali bez neke pristrasnosti.Cisto da vidim šta je bolje uzeti..
https://mobilnisvet.com/mobilni-komentari/gz0/Honor/Magic5-Pro/13,Honor,Honor Magic5 Pro,Goran,2023-07-26 19:08:00,"Ja ga uzimam sl nedelje pa sta bog da, cena za takav uredjaj je skroz korektna, cak i vise od toga. Dok se on moze uhvatiti u kostac, u nekim stvarima biti i bolji, od uredjaja koji su 600-700e skuplji mislim da nema niko pravo da mu ista zameri."
https://mobilnisvet.com/mobilni-komentari/gz0/Honor/Magic5-Pro/13,Honor,Honor Magic5 Pro,Goran,2023-07-26 19:04:00,"Mora da se greje pobogu puni se brzim punjacem,"
https://mobilnisvet.com/mobilni-komentari/gz0/Honor/Magic5-Pro/13,Honor,Honor Magic5 Pro,deki,2023-07-26 18:49:00,"Ovo je baš dobra cijena sad, 850evra."
https://mobilnisvet.com/mobilni-komentari/gz0/Honor/Magic5-Pro/13,Honor,Honor Magic5 Pro,Miki,2023-07-26 15:21:00,Da li vam se greje telefon prilikom punjenja a da ga pritom niste koristili dok se puni?
https://mobilnisvet.com/mobilni-komentari/gz0/Honor/Magic5-Pro/13,Honor,Honor Magic5 Pro,Nemanja,2023-07-24 13:47:00,Evo da i ja napisem jednu recenziju posle 3 nedelje od koriscenja ovog telefona. Bicu brutalno iskren. Inace pre njega koriscen mi note 10 koji je i danas u upotrebi.
https://mobilnisvet.com/mobilni-komentari/gz0/Honor/Magic5-Pro/13,Honor,Honor Magic5 Pro,Beks - NUFC,2023-07-19 23:54:00,"Oborio sam sopstveni rekord što se tiče baterije. Izdržala je puna dva i po dana, tačnije 61 čas. Jeste da nije bilo nešto poziva, nisam igrao igrice, ali sam dosta provodio vremena na internetu i na YouTube gledao klipove. Vrlo lepo, mada sam svestan da uz žešću upotrebu realnost iznosi dan i po. Sve u svemu, zadovoljstvo u svakom smislu."
https://mobilnisvet.com/mobilni-komentari/gz0/Honor/Magic5-Pro/13,Honor,Honor Magic5 Pro,Ivona,2023-07-19 15:21:00,Ljudi zanima me kamera na ovom modelu.. Da li je bolje uzeti njega ili neki ajfon u istom cenovnom rangu??? Hvalaa
https://mobilnisvet.com/mobilni-komentari/gz0/Honor/Magic5-Pro/13,Honor,Honor Magic5 Pro,Nemanja,2023-07-18 08:55:00,"Da li je neko primetio problem sa viberom i kasnjenjem notifikacija. Ukoliko ne ulazite na viber duzi vremenski period tipa pola dana, ni jedna notifikacija ne stize niti poruka sve dok ne udjete u viber sami? Ima li jos neko ovakav problem?"
https://mobilnisvet.com/mobilni-komentari/gz0/Honor/Magic5-Pro/13,Honor,Honor Magic5 Pro,Kiza,2023-07-13 15:21:00,"Čitam komentare i krstim se sa obe ruke. Telefon je osvojio mnogobrojne nagrade na sajmu u Barseloni i na dxomark se nalazi među prva tri tel po karakteristikama. Na svim testovima na netu, a pregledao sam ih dosta, dobija samo pohvale.Svrastavaju ga rame uz rame sa Iphonom i S23 Ultra, a u nekim segmentima je i bolji.E onda se nađu neki naši ""stručnjaci"" sa svojim ocenama, kako je telefon loš, kako se greje, kako je baterija loša itd itd. Suta idem u Yettel da ga preuzmem, pa ću da se uverim o kakvom je telefonu reč."
https://mobilnisvet.com/mobilni-komentari/gz0/Honor/Magic5-Pro/13,Honor,Honor Magic5 Pro,Sale,2023-07-07 10:02:00,Posle sedam dana korišćenja ovog uređaja izneću neke svoje utiske o njegovom radu. Osvrnuću se samo na neke njegove karakteristike koje su interesantne najširem krugu budućih korisnika.
https://mobilnisvet.com/mobilni-komentari/gz0/Honor/Magic5-Pro/13,Honor,Honor Magic5 Pro,Caki,2023-07-01 12:08:00,Koje su mu mane?
https://mobilnisvet.com/mobilni-komentari/gz0/Honor/Magic5-Pro/13,Honor,Honor Magic5 Pro,Filip,2023-06-28 16:47:00,"Da li neko zna koliko će velikih apdejta dobiti ovaj telefon, odnosno do koje verzije androida će stići?"
https://mobilnisvet.com/mobilni-komentari/gz0/Honor/Magic5-Pro/13,Honor,Honor Magic5 Pro,Zed,2023-06-25 11:02:00,"Dvoumim se između s23u i magic 5 pro. Samsung ima s-pen (čemu mi to suštinski služi?), moguće bolju bateriju, bolji optički zum (koliko mi to realno treba?), honor ima po dxomark bolju kameru generalno i najbolji displej. Na kraju dana, u taj telefon stalno gledam, pa je displej verovatno jedna od najbitnijih stavki. I dosta je jeftiniji od samsunga. Baš, baš teška odluka."
https://mobilnisvet.com/mobilni-komentari/87w/Honor/400-Pro-12GB-256GB-1x-SIM-1x-eSIM/9,Honor,Honor 400 Pro,Cica,2025-09-25 09:37:00,Jel ima zaštitno staklo da se kupi?
https://mobilnisvet.com/mobilni-komentari/87w/Honor/400-Pro-12GB-256GB-1x-SIM-1x-eSIM/9,Honor,Honor 400 Pro,Milka,2025-09-24 22:39:00,"U Honor 400 Pro 12GB 512GB da li se moze instalirati Facebook, Instagram, WhatsApp i Viber. Molim nekoga ko ima ovaj mobilni da mi idgovori. Hvala unapred"
https://mobilnisvet.com/mobilni-komentari/87w/Honor/400-Pro-12GB-256GB-1x-SIM-1x-eSIM/9,Honor,Honor 400 Pro,Caka,2025-09-21 14:05:00,"koji brend silikona ste kupili za telefon, ponuda nije baš velika a treba mi robusna zaštita? Hvala"
https://mobilnisvet.com/mobilni-komentari/87w/Honor/400-Pro-12GB-256GB-1x-SIM-1x-eSIM/9,Honor,Honor 400 Pro,Ciki,2025-09-19 07:04:00,Ljudi kakav je fon!Sta je razlika između ovog i običnog.
https://mobilnisvet.com/mobilni-komentari/87w/Honor/400-Pro-12GB-256GB-1x-SIM-1x-eSIM/9,Honor,Honor 400 Pro,Spartak Moscow,2025-09-18 22:38:00,"Da li moze neko da mi pojasni cemu tacno sluzi funkcija ""zastita ociju od defokusa"" koja se nalazi u podesavanjima za Honor Eye Comfort Display? Sve ostale funkcije koje ima tamo sam ukljucio, jedino sam ovo izostavio posto pise da povecava potrosnju baterije, pa me zanima kolika je zaravo razlika i da li vredi to ukljuciti?"
https://mobilnisvet.com/mobilni-komentari/87w/Honor/400-Pro-12GB-256GB-1x-SIM-1x-eSIM/9,Honor,Honor 400 Pro,Fica,2025-09-15 18:36:00,"Jel neko prodavao one poklone, preko koje platforme i jel kupuje neko to uopste?"
https://mobilnisvet.com/mobilni-komentari/87w/Honor/400-Pro-12GB-256GB-1x-SIM-1x-eSIM/9,Honor,Honor 400 Pro,Mima,2025-09-12 18:26:00,Koja vam je zadnja verzija ažuriranja u telefonu? Hvala
https://mobilnisvet.com/mobilni-komentari/87w/Honor/400-Pro-12GB-256GB-1x-SIM-1x-eSIM/9,Honor,Honor 400 Pro,max,2025-09-11 11:42:00,"zdravo, da li menjati Samsung s24 plus za ovaj Honor 400 pro, nekako mi se čini da je honor zaokružrniji telefon, ima sve .Jedini što samsung ima metalni okvir(ram). Može li mišljenje ako je neko imao oba aparata?"
https://mobilnisvet.com/mobilni-komentari/87w/Honor/400-Pro-12GB-256GB-1x-SIM-1x-eSIM/9,Honor,Honor 400 Pro,Deki bg,2025-09-11 06:42:00,"Meni se dešava već 3-4 puta da mi mobilni izgubi mrežu. Jel to do kartice ili mobilnog, da predajem na E-sim."
https://mobilnisvet.com/mobilni-komentari/87w/Honor/400-Pro-12GB-256GB-1x-SIM-1x-eSIM/9,Honor,Honor 400 Pro,Miroslav,2025-09-10 21:33:00,Danas sam uporedio kamere na 400 pro i 200 pro..
https://mobilnisvet.com/mobilni-komentari/87w/Honor/400-Pro-12GB-256GB-1x-SIM-1x-eSIM/9,Honor,Honor 400 Pro,Bakster,2025-09-07 20:53:00,Hocu zeni da kupim telefon... Kamera je najbitnija... Jel ovo valja ili nesto drugo al max do 600 eura. Hvala puno unapred
https://mobilnisvet.com/mobilni-komentari/87w/Honor/400-Pro-12GB-256GB-1x-SIM-1x-eSIM/9,Honor,Honor 400 Pro,Đorđe,2025-09-05 17:56:00,"Honor magic 7 pro ili ovaj? Ako neko ima ovaj telefon jel može da podeli iskustva kako vam se čini, bagovi ako ih ima, dobre i loše strane"
https://mobilnisvet.com/mobilni-komentari/87w/Honor/400-Pro-12GB-256GB-1x-SIM-1x-eSIM/9,Honor,Honor 400 Pro,Aleksandar,2025-09-03 18:53:00,Da li je UFS 3.1 (brzina orenosa podataka sa telefona na računar) kod 400 Pro 12/512?
https://mobilnisvet.com/mobilni-komentari/87w/Honor/400-Pro-12GB-256GB-1x-SIM-1x-eSIM/9,Honor,Honor 400 Pro,Pedja,2025-09-03 09:22:00,Ovaj ili s24
https://mobilnisvet.com/mobilni-komentari/87w/Honor/400-Pro-12GB-256GB-1x-SIM-1x-eSIM/9,Honor,Honor 400 Pro,Vedran,2025-08-31 11:29:00,Koji telefon uzeti za oko 500e?Hvala.
https://mobilnisvet.com/mobilni-komentari/87w/Honor/400-Pro-12GB-256GB-1x-SIM-1x-eSIM/9,Honor,Honor 400 Pro,Cofi,2025-08-30 23:09:00,"Jel imao neko problem da nece odredjene app da mu rade kad je telefon povezan na wi-fi, dok na mobilnim podacima sve funkcionise? Unapred hvala"
https://mobilnisvet.com/mobilni-komentari/87w/Honor/400-Pro-12GB-256GB-1x-SIM-1x-eSIM/9,Honor,Honor 400 Pro,Sale,2025-08-30 17:13:00,"Jedno pitanje, visoka rezolucija puta 3, jel to optički ili digitalni zum?"
https://mobilnisvet.com/mobilni-komentari/87w/Honor/400-Pro-12GB-256GB-1x-SIM-1x-eSIM/9,Honor,Honor 400 Pro,Aki,2025-08-29 15:02:00,"Telefon je odlican (kamera, procesor...), baterija je izuzetna (dan i po do dva), gasenje opcije zaistate baterije omoguci ce SOT neverovatnih 10 sati. Moram da istaknem i mane telefona, a to su slaba vibracija i senzor blizine. Vibracija je nedovoljno jaka, pa ocekujte da ce skoro sva obavestenja biti propustena dok je telefon u dzepu. Senzor blizine je virtuelni AI uz kombinaciju drugih fizickih senzora, sto je svakako naprednije od samsungovih modela srednje klase. Nece se paliti dok je prislonjen prilikom razgovora, medjutim vrlo cesto se desava kada se odmakne telefon malo pa ponovo prisloni da ekran ostaje upaljen, pa bukvalno morate da zamahnete telefonom brze kako bi senzori i algoritmi bolje osetili i ugasili ekran. Kome ne smetaju ove dve mane, telefon je zaista odlican."
https://mobilnisvet.com/mobilni-komentari/87w/Honor/400-Pro-12GB-256GB-1x-SIM-1x-eSIM/9,Honor,Honor 400 Pro,Miloš,2025-08-28 20:13:00,"Zanima me vaše mišljenje o kamerama ovog telefona, noću, danju, kakvo je snimanje? Ima li šumova prilikom snimanja?"
https://mobilnisvet.com/mobilni-komentari/87w/Honor/400-Pro-12GB-256GB-1x-SIM-1x-eSIM/9,Honor,Honor 400 Pro,Z3k4,2025-08-25 10:26:00,"Uzeo sam honor 400 pro nakon mi 9t, ok je sve osim zvucnika koji je mnogo losiji, jel postoji nacin da poboljsam zvuk u podesavanjima nekako ili da skinem neku aplikaciju"
https://mobilnisvet.com/mobilni-komentari/87w/Honor/400-Pro-12GB-256GB-1x-SIM-1x-eSIM/9,Honor,Honor 400 Pro,Sale,2025-08-24 15:35:00,Jel se neko registrovao i dobio tablet Honor pad X7?
https://mobilnisvet.com/mobilni-komentari/87w/Honor/400-Pro-12GB-256GB-1x-SIM-1x-eSIM/9,Honor,Honor 400 Pro,daki,2025-08-23 09:45:00,"Da li je bolje uzeti ovaj telefon ili iphone 15, kvalitet kamere mi je najvazniji ali i pored toga mi je bitno da telefon bude brz, da ima solidan ekran i bateriju? hvalaa unpared"
https://mobilnisvet.com/mobilni-komentari/87w/Honor/400-Pro-12GB-256GB-1x-SIM-1x-eSIM/10,Honor,Honor 400 Pro,Sandra,2025-08-15 06:12:00,"Imam Honor 5 Magic pro, da li da prelazim na Honor 400 pro. Manja je cena, kamere su bolje. Ali nisam sigurna za same boje i grafiku."
https://mobilnisvet.com/mobilni-komentari/87w/Honor/400-Pro-12GB-256GB-1x-SIM-1x-eSIM/10,Honor,Honor 400 Pro,Stefan,2025-08-11 20:39:00,"Ovako, ja imam honor 400 pro nekih dva mjeseca. Nekako imam utisak da je malo laggy, recimo ponekad se desi da kada otvaram ladicu sa aplikacijama da ne registruje da sam presao prstom prema gore, to se desava ugl kad izadjem recimo sa chroma ili neke druge aplikacije i hoću da otvorim ladicu. Isto recimo kada brzo prevlacim prstom gore dole, da bi listao neki sadrzaj, recimo youtube lajvove na nekom kanalu, kao da laguje, ne radi tako brzo kao sto bi očekivao, kao da ponekad zasteka. Je li jos neko imao ove probleme"
https://mobilnisvet.com/mobilni-komentari/87w/Honor/400-Pro-12GB-256GB-1x-SIM-1x-eSIM/10,Honor,Honor 400 Pro,honor 400pro,2025-08-11 12:42:00,Stiglo je sigurnosno ažuriranje
https://mobilnisvet.com/mobilni-komentari/87w/Honor/400-Pro-12GB-256GB-1x-SIM-1x-eSIM/10,Honor,Honor 400 Pro,Sandra,2025-08-10 16:27:00,Imam HONOR 200 pro koji je skroz ok. Imam priliku da za manju doplatu predjem na 400 pro. Da li je 400 pro dosta bolji telefon od 200 pro?
https://mobilnisvet.com/mobilni-komentari/87w/Honor/400-Pro-12GB-256GB-1x-SIM-1x-eSIM/10,Honor,Honor 400 Pro,Danilo,2025-08-06 09:48:00,Pozdrav. Ozbiljno razmišljam da li da zamenim iphone 15 za ovaj model... Iskustva ako je neko prelazio sa iphone na honor 400 pro dobro bi doslo?
https://mobilnisvet.com/mobilni-komentari/87w/Honor/400-Pro-12GB-256GB-1x-SIM-1x-eSIM/10,Honor,Honor 400 Pro,Zlaja,2025-08-04 15:21:00,Da li neko zna da mi objasni kako da povezem bežične Apple Airbuds pro2 slušalice na blu tut posto ih ovaj telefon uopšte ne vidi a skidao sam nekoliko aplikacija koje se ne placaju gde mi iskaču reklame za igrice?
https://mobilnisvet.com/mobilni-komentari/87w/Honor/400-Pro-12GB-256GB-1x-SIM-1x-eSIM/10,Honor,Honor 400 Pro,Radovan,2025-08-03 11:56:00,"Danas sam primetio da kad slikam i kad je zum na 1 i 2 vidi se na aplikaciji kamere zeleni krug kao mrlja. Kad prebacim na 0.6 i na 2,5 i više ne vidi se. Posle kad slikam na slici se to ne vidi. Da li neko zna u čemu je problem?"
https://mobilnisvet.com/mobilni-komentari/87w/Honor/400-Pro-12GB-256GB-1x-SIM-1x-eSIM/10,Honor,Honor 400 Pro,Lasta,2025-07-31 13:21:00,"Kako vam se pokazao telefon za ovo vreme, utisci?"
https://mobilnisvet.com/mobilni-komentari/87w/Honor/400-Pro-12GB-256GB-1x-SIM-1x-eSIM/10,Honor,Honor 400 Pro,Scarface,2025-07-29 18:57:00,"Koju tastaturu da skinem za 400pro? Dajte neku dobru , prakticnu??"
https://mobilnisvet.com/mobilni-komentari/87w/Honor/400-Pro-12GB-256GB-1x-SIM-1x-eSIM/10,Honor,Honor 400 Pro,Deki bg,2025-07-29 10:00:00,"Ja sam za ovaj mobilni sve narucio na Temu,masku itd.Burazeru sam narucio za Honor 200 pro.Sve je stiglo,maske su fantasticne"
https://mobilnisvet.com/mobilni-komentari/87w/Honor/400-Pro-12GB-256GB-1x-SIM-1x-eSIM/10,Honor,Honor 400 Pro,Milica,2025-07-27 21:11:00,"Zdravo, sta je bolje uzeti sto se kamera tice honor 400 pro ili samsung s25 i da me sluzi 3, 4 god?"
https://mobilnisvet.com/mobilni-komentari/87w/Honor/400-Pro-12GB-256GB-1x-SIM-1x-eSIM/10,Honor,Honor 400 Pro,Stt,2025-07-27 18:27:00,"Zna li neko ima li igdje u Sarajevu da se kupi zastitna folija za ekran i zastitna maska? Trazio sam nigdje nema. Ja sam svoju foliju skinuo, i kao da mi ekran ne reaguje bas kako bi trebalo, kao da nije gladak pod prstima kao sa folijom. I desava mi se da nekad npr kad hocu da otvorim ladicu sa aplikacijama po nekad kao da ne reaguje. Je li jos neko skinuo foliju koja dodje fabricki"
https://mobilnisvet.com/mobilni-komentari/87w/Honor/400-Pro-12GB-256GB-1x-SIM-1x-eSIM/10,Honor,Honor 400 Pro,Kkk,2025-07-26 17:55:00,"Koji telefon je bolji, honor 400 pro ili iphone 15"
https://mobilnisvet.com/mobilni-komentari/87w/Honor/400-Pro-12GB-256GB-1x-SIM-1x-eSIM/10,Honor,Honor 400 Pro,Luka,2025-07-22 21:29:00,"Jel vredi 460€ za vakum, lunar grey boja, bez poklona? Ovako na prvu se cini kao lepo zaokruzen telefon srednjeg viseg cenovnog segmenta."
https://mobilnisvet.com/mobilni-komentari/87w/Honor/400-Pro-12GB-256GB-1x-SIM-1x-eSIM/10,Honor,Honor 400 Pro,Ccc,2025-07-22 17:12:00,Da li je ovo najbooji telefon za 550 eura i koji su telefoni u rangu sa njime
https://mobilnisvet.com/mobilni-komentari/87w/Honor/400-Pro-12GB-256GB-1x-SIM-1x-eSIM/10,Honor,Honor 400 Pro,Milos,2025-07-22 08:39:00,"Da li na ovom telefonu Bluetooth radi normalno,posto Sam na nekim stranim sajtovima citao da ljudi imaju problem sa Bluetoothom?"
https://mobilnisvet.com/mobilni-komentari/87w/Honor/400-Pro-12GB-256GB-1x-SIM-1x-eSIM/10,Honor,Honor 400 Pro,Bokac,2025-07-22 05:55:00,Pozz ovaj model ima 2 sima i 2 sima jel to znači da možeš da imaš i da koristiš 4 broja istovremeno ili 3 ja znam da može 2 broja istovremeno ds se koristi ali 3 ili 4 ne znam. Dajte savet
https://mobilnisvet.com/mobilni-komentari/87w/Honor/400-Pro-12GB-256GB-1x-SIM-1x-eSIM/10,Honor,Honor 400 Pro,Petar,2025-07-21 10:40:00,Koji je bolji telefon Honor 400 pro ili honor magic 6pro ?
https://mobilnisvet.com/mobilni-komentari/87w/Honor/400-Pro-12GB-256GB-1x-SIM-1x-eSIM/10,Honor,Honor 400 Pro,Zoran,2025-07-19 15:12:00,Ovaj ili Motorola edge 60 pro ?
https://mobilnisvet.com/mobilni-komentari/87w/Honor/400-Pro-12GB-256GB-1x-SIM-1x-eSIM/10,Honor,Honor 400 Pro,Scarface,2025-07-16 13:46:00,Uzeo sam honor 400pro. Može li mi neko reci kako da isključimo spoljne tonove (šum) tokom snimanja videa. Izašlo mi je tokom prvog snimanja da uključimo otklanjanje šuma ali nisam prihvatio i sada ne znam gde se nalazi...
https://mobilnisvet.com/mobilni-komentari/gz0/Honor/Magic5-Pro/14,Honor,Honor Magic5 Pro,Stefan,2023-06-17 17:30:00,"Poz ljudi, da li vredi uzeti ovaj, ip14pm ili s23u i zasto? Primarno mi je: baterija, ekran, kamera i softwerska podrska / updates. Imam na umu da je ovaj najjeftiniji od ova 3. Koliko je redovan update na honoru i koliko dugo godina podrske? Cuo sam da je ekran odlican, video sam klip gde je izgurao duze na battery testu od oba konkurenta. Da li je zaista toliko dobar? Hvala 😄"
https://mobilnisvet.com/mobilni-komentari/gz0/Honor/Magic5-Pro/14,Honor,Honor Magic5 Pro,Vladimir,2023-06-07 17:26:00,"Cuo sam da se mnogo greje, baterija losa, na suncu ekran potamni zbog vec navedenog grejanja, pocne da koci.. mnogo mana za telefon od preko 1300e. Da li ima neko slicna iskustva? Razmisljao sam da dam Honoru sansu, ali na osnovu svega sto sam procitao, rekao bih da to nije dobra ideja. Dvoumim se izmedju njega ili da sacekam iphone15. S tim sto iphone uzimam u Americi pa mogu da ga svrstam u isti cenovni rang, nece kostati 2500e kao kod nas 🙂 samsung s23u mi nije ostavio utisak kakav sam ocekivao.. prepakovana s22 sa malo boljom baterijom ako se ne varam.. bas cudne stvari sa ovim telefonima u flagship rangu"
https://mobilnisvet.com/mobilni-komentari/gz0/Honor/Magic5-Pro/14,Honor,Honor Magic5 Pro,Boban,2023-06-05 19:47:00,"A silikon su mogli da stave bar sa rupicama za zastitu stakla kamere,ali nasao sam i kupio drugi koji pokriva celu kameru"
https://mobilnisvet.com/mobilni-komentari/gz0/Honor/Magic5-Pro/14,Honor,Honor Magic5 Pro,marko,2023-06-02 15:26:00,telefon ima 12gb rama + 7gb turbo
https://mobilnisvet.com/mobilni-komentari/gz0/Honor/Magic5-Pro/14,Honor,Honor Magic5 Pro,Petar,2023-05-20 00:02:00,"Koristim telefon dve sedmice i prezadovoljan sam. O procesoru ne treba trošiti reči, displej fenomenalan u svakom smislu, autonomija baterije odlična..."
https://mobilnisvet.com/mobilni-komentari/gz0/Honor/Magic5-Pro/14,Honor,Honor Magic5 Pro,Slash,2023-05-17 13:45:00,"Ajde korisnici,gde su komentari o telefonu?Dajte neke informacije...."
https://mobilnisvet.com/mobilni-komentari/gz0/Honor/Magic5-Pro/14,Honor,Honor Magic5 Pro,Niški,2023-05-17 08:26:00,Mene interesuje samo jedna stvar.! Koji telefon pravi bolje slike na dnevnom svetlu bez sunca.?
https://mobilnisvet.com/mobilni-komentari/gz0/Honor/Magic5-Pro/14,Honor,Honor Magic5 Pro,BL...,2023-05-13 14:31:00,"Ove godine ima dosta dobrih modela izbor je veliki.i podržavam svaku kompaniju koja bilo šta proizvodi za svoj telefon,koliko znam svi se sklapaju u kini i  vijetnamu,svi najbolji uredjaji..a koliko znam neka vodeća firma sve kupuje u sklapa u kini jedino imaju svoj najbezbedniji i najbolji softver koji nikada i nikako ne spijunira korisnike,tako oni kažu ja im verujem.ali za malo..Samsung je proizvođač nekih komponenti kao i ostale kineske kompanije.ostalo je sve marketing i prodavanje magle..a Huawei-Honor će biti uvek tu, i ne mogu im nista,jer oni ne odustaju od ideje da ce pamet i tehnolosko znanje i inovacije pobediti veliku am..prevaru.."
https://mobilnisvet.com/mobilni-komentari/gz0/Honor/Magic5-Pro/14,Honor,Honor Magic5 Pro,Beks - NUFC,2023-05-09 23:55:00,"Macan je stigao i u moje ruke. Šta da napišem, pod velikim sam dojmovima. Posle par sati korišćenja, mogu napisati sledeće. Uredjaj izgleda tako prefinjeno, kvalitetno i skupo, da neću žaliti pare koje ga plaćam. Ekran je nestvaran! Prelepe boje, odličan odziv, prosto me mami da ga koristim. Primetio sam da su mi oči umorne, dal' je to zbog prejake svetline vreme će pokazati. Tastatura mi nije baš legla, nekako su slova mala i zbijena. Uredjaj je težak, oseti se masa nakon dužeg držanja. Uredjaj nije klizav i vrlo sam zadovoljan po tom pitanju. Sve radi prebrzo, prosto leti! Punjač je kao furija! Za nekih tridesetsedam minuta od 11 - 90 posto. Kameru nisam još stigao da isprobam. Telefon nudi toliko opcija, da sam se pomalo pogubio... Trebaće mi neko vreme da se naviknem. Sve u svemu, znao sam da nisam pogrešio prilikom naručivanja. Obožavam ovako lepe telefone, Honor je jedan od retkih koji iznova napravi remek delo sa ovako prelepom bojom."
https://mobilnisvet.com/mobilni-komentari/gz0/Honor/Magic5-Pro/14,Honor,Honor Magic5 Pro,Beks - NUFC,2023-05-07 00:05:00,"Nažalost, uredjaj mi još uvek nije stigao. Nije mi jasno gde je zapelo, i zašto Yetel dobrano kasni sa isporukom. Baš sam bio euforičan i željan da ga isprobam...Ovako, ostaje mi samo da čekam zelenog lepotana..."
https://mobilnisvet.com/mobilni-komentari/gz0/Honor/Magic5-Pro/14,Honor,Honor Magic5 Pro,Beks - NUFC,2023-05-02 19:43:00,"Naručio sam ovog zelenog lepotana. Uredjaj je oličenje lepote, kvaliteta i vrhunskog ekrana! Imao sam prilike da ga držim u ruci, ostao sam zapanjen u svakom smislu. Bogu hvala što sam ga ranije naručio, sad vidim da su i cene veće. Očekujem da mi stigne ovih dana, baš sam nestrpljiv...Javljam dojmove vrlo uskoro..."
https://mobilnisvet.com/mobilni-komentari/gz0/Honor/Magic5-Pro/14,Honor,Honor Magic5 Pro,Stefano,2023-05-02 00:58:00,"Dali je neko primetio da su podigli cenu u Yettelu, sta se desava?"
https://mobilnisvet.com/mobilni-komentari/gz0/Honor/Magic5-Pro/14,Honor,Honor Magic5 Pro,Rade,2023-04-25 11:25:00,Gledao recenziju i vidim da ga ima u A1.
https://mobilnisvet.com/mobilni-komentari/gz0/Honor/Magic5-Pro/14,Honor,Honor Magic5 Pro,milan,2023-04-21 21:28:00,ima li ovaj telefon u yetelu
https://mobilnisvet.com/mobilni-komentari/gz0/Honor/Magic5-Pro/14,Honor,Honor Magic5 Pro,!,2023-04-21 09:48:00,"Honor Magic 5 Pro, Xiaomi 13 Pro ili Mate 50 Pro?"
https://mobilnisvet.com/mobilni-komentari/gz0/Honor/Magic5-Pro/14,Honor,Honor Magic5 Pro,DosijeX,2023-04-08 08:28:00,Telefon solidan.
https://mobilnisvet.com/mobilni-komentari/gz0/Honor/Magic5-Pro/14,Honor,Honor Magic5 Pro,A,2023-03-20 14:52:00,"Da li uzeti ova, Mate 50 Pro ili Xiaomi 13 Pro ?"
https://mobilnisvet.com/mobilni-komentari/gz0/Honor/Magic5-Pro/14,Honor,Honor Magic5 Pro,Adnan,2023-03-05 14:47:00,"Dobar, možda trenutno i najbolji Andoid telefon na tržištu. Cena jaka ali za pola godine doći će to na razumnu cenu i vreme za kupovinu"
https://mobilnisvet.com/mobilni-komentari/gz0/Honor/Magic5-Pro/14,Honor,Honor Magic5 Pro,Peđa Petrović,2023-03-04 12:22:00,Zanima me cena
https://mobilnisvet.com/mobilni-komentari/gz0/Honor/Magic5-Pro/14,Honor,Honor Magic5 Pro,Realno,2023-03-03 14:56:00,"Au ljudi, jeste li videli test na dxomarku?"
https://mobilnisvet.com/mobilni-komentari/blm/Honor/Magic5-Lite/14,Honor,Honor Magic5 Lite,Dejan,2023-07-09 17:34:00,"Jedno pitanje, da li 5 lite ima mogućnost da se usb fleš poveže sa telefonom sa onim dodatkom?"
https://mobilnisvet.com/mobilni-komentari/blm/Honor/Magic5-Lite/14,Honor,Honor Magic5 Lite,Igor,2023-07-09 08:01:00,Juce sam uzeo Honor Magic 5Lite.  Odusevljen sam telefonom. Interesuje me pitanje za Djoleta... gde da ubacim memorijsku karticu?
https://mobilnisvet.com/mobilni-komentari/blm/Honor/Magic5-Lite/14,Honor,Honor Magic5 Lite,Maaak,2023-07-07 13:18:00,Da li ovaj model telefona ima play prodavnicu??
https://mobilnisvet.com/mobilni-komentari/blm/Honor/Magic5-Lite/14,Honor,Honor Magic5 Lite,DK,2023-07-06 21:40:00,"Magic5 lite ili Honor 90 lite, tu su negde sa cenom. SoC se malo razlikuje, ekran nije zakrivljen i malo je veći kod H90 lite ali nije amoled već IPS, bat malo manja. Ne znam po pitanju robustnosti kakav je H90 Lite, ogrebotine na ekranu i sl."
https://mobilnisvet.com/mobilni-komentari/blm/Honor/Magic5-Lite/14,Honor,Honor Magic5 Lite,pitanje,2023-07-05 12:01:00,Uzeti ovaj ili pixel 6a?
https://mobilnisvet.com/mobilni-komentari/blm/Honor/Magic5-Lite/14,Honor,Honor Magic5 Lite,Sanja,2023-07-05 08:39:00,"Da li mogu da se koriste Bluetooth bežične slušalice s obzirom da nema 3,5 mm priključak za redovne žične slušalice?"
https://mobilnisvet.com/mobilni-komentari/blm/Honor/Magic5-Lite/14,Honor,Honor Magic5 Lite,djole,2023-07-04 09:50:00,Ovaj telefon nema IR Blaster upravo sam pitao ove iz HONOR Srbije i odgovorili su mi da je na vrhu telefona senzor ambijentalne svetlosti a ne IR Blaster.
https://mobilnisvet.com/mobilni-komentari/blm/Honor/Magic5-Lite/14,Honor,Honor Magic5 Lite,Preporuka,2023-07-04 00:37:00,Da li se više isplati kupiti ovaj telefon ili Honor 70.
https://mobilnisvet.com/mobilni-komentari/blm/Honor/Magic5-Lite/14,Honor,Honor Magic5 Lite,Sanja,2023-07-03 22:29:00,"Cao, telefon sam uzela pre nedelju dana. Utisci su što se tiče ekrana i baterije stvarno vrhunski,što se kamere tiče meni uopste ne pomaže GCam, strasno zatamni sliku nakon slikanja, ali ne znam u posesavanjima kako se to rešava... i pitanjce, da li i kod vas postoji podrhtavanje ekrana prilikom editovanja viber poruke i slanja editovane poruke na Honor Magic5 lite😏"
https://mobilnisvet.com/mobilni-komentari/blm/Honor/Magic5-Lite/14,Honor,Honor Magic5 Lite,Nela,2023-07-03 11:49:00,"Zdravo,kupila sam Honor magic 5 pa me interesuje da li mogu da ga punim punjacem od Realme 7 (30w) jer drugi nemam?"
https://mobilnisvet.com/mobilni-komentari/blm/Honor/Magic5-Lite/14,Honor,Honor Magic5 Lite,Aca,2023-06-30 13:16:00,Realme 9 ili VIVO V21 ili Honor magic 5 lite ???
https://mobilnisvet.com/mobilni-komentari/blm/Honor/Magic5-Lite/14,Honor,Honor Magic5 Lite,djole,2023-06-30 10:33:00,Ako nekoga zanima da li će stići Android 13 i Android 14 na ovaj telefon odgovor je da će stići samo Android 13 i tri godine sigurnosnih zakrpa. Upravo sam pisao poruku HONOR Srbiji i dobio sam taj odgovor.
https://mobilnisvet.com/mobilni-komentari/blm/Honor/Magic5-Lite/14,Honor,Honor Magic5 Lite,Tanja,2023-06-30 07:27:00,"Imam jedno pitanje. Ima li ovaj honor opciju u podesavanjima prednje, dakle selfie kamere kao kod npr. Samsung telefona da postavis dlan ispred ekrana i on slika sam, bez dodirivanja? Videh da ima timer, ali za dlan nisam nasla nigde."
https://mobilnisvet.com/mobilni-komentari/blm/Honor/Magic5-Lite/14,Honor,Honor Magic5 Lite,Zeljko,2023-06-24 11:13:00,"Moze li pomoc oko ir senzora... Kako da ga uključim? U specifikaciji pise da ga ima, a ja ne vidim da ima aplikaciju u tel.za uključivanje infr  reda.. Inace dobar telefon... Par dana ga imam i jako zadovoljan za sada... Pozdrav.."
https://mobilnisvet.com/mobilni-komentari/blm/Honor/Magic5-Lite/14,Honor,Honor Magic5 Lite,Stefan,2023-06-22 17:18:00,"Ja sam pre nekih dve nedelje uzeo telefon, i meni je sve ok, ali baterija mi ne traje bas dugo,  koliko je hvale, ne znam da li je do punjaca jel nemam original punjac za njega, nego koristim samsungov, ali kad se napuni ne izdrzi mi ni 10 sati intezivnog koriscenja, reklamiracu ga svakako, samo me zanima da li je neko imao slican problem koji imam i ja"
https://mobilnisvet.com/mobilni-komentari/blm/Honor/Magic5-Lite/14,Honor,Honor Magic5 Lite,Dragan,2023-06-20 07:18:00,"Pitanje za Djola. Imam P Smart Z 2019, telefon je još uvek čudo, ama baš ništa mu nedostaje, ali mi je dosadio. Šta da uzmem za 200-250 €, a da ima punjač ?"
https://mobilnisvet.com/mobilni-komentari/blm/Honor/Magic5-Lite/14,Honor,Honor Magic5 Lite,Goran,2023-06-18 12:28:00,"Mene interesuje telefon da ima jaku bateruju . Uglavnom koristim drustvene mreze  , tako da mi treba telefon koji je izdržljiv. Nisam ljubitelj selfija i slikanja tako da mi je to u drugom planu . Isto tako mi je bitono da ima NFC  jer bankovna kartice ne nosim sa sobom , uglavnom  placam racune preko google  pay. Da li ovaj telefon  zadovoljvama moje zahteve  ?"
https://mobilnisvet.com/mobilni-komentari/blm/Honor/Magic5-Lite/14,Honor,Honor Magic5 Lite,anđela,2023-06-17 10:58:00,"ćao! treba da menjam telefon, u mojoj tarifi su mi predložili xiaomi redmi note 12 i honor magic5 lite 5g 256. od aplikacija najviše koristim  društvene - instagram, fejs, whats app. koji predlažete? i jel su kamere zaista toliko loše?"
https://mobilnisvet.com/mobilni-komentari/blm/Honor/Magic5-Lite/14,Honor,Honor Magic5 Lite,Mara,2023-06-16 08:41:00,"Imam samsung a40 telefon star 3 i po godine, hoću da zamenim telefon, ovaj mi se dopada, ali sam čitala da mu je kamera najlošija stavka, kakva je u odnosu na ovaj samsung a40 koji trenutno imam"
https://mobilnisvet.com/mobilni-komentari/blm/Honor/Magic5-Lite/14,Honor,Honor Magic5 Lite,Vule,2023-06-09 00:14:00,"Wireless prijemnik mu je djubre, ostalo radi kako Bog zapoveda."
https://mobilnisvet.com/mobilni-komentari/blm/Honor/Magic5-Lite/14,Honor,Honor Magic5 Lite,Jelena,2023-06-08 14:18:00,"Imam telefon Honor 20, razbila sam ekran i sad već gledam neki telefon. Razmišljam da uzmem ovaj. Jesu li oni tu negde,u rangu? Honor 20 se dobro pokazao. Samo da napomenem da mi je važna kamera..."
https://mobilnisvet.com/mobilni-komentari/9955/Honor/70/15,Honor,Honor 70,Milos,2023-03-01 19:59:00,"Evo i mojih utisaka....vec 4 godina sam koristio honor 8X, kojim sam bio prezadovoljan, tako da je prelazak na h70 bio logičan. Uzeo sam posle nedelje verziju 8/256, interfejs mi je poznat, prikaz boja veoma dobar, brzina rada je odlična, baterija traje 37 časova ili ti dan ipo uz neko pristojno maltretiranja ali bez igrica (iste ne igram). Baterija se napuni za 26 minuta... Sve u svemu prezadovoljan i svaka preporuka za h70."
https://mobilnisvet.com/mobilni-komentari/9955/Honor/70/15,Honor,Honor 70,Miljan,2023-02-26 21:17:00,"Imam telefon skoro 2 meseca....nedelju dana posle kupovine telefona nakon drugog azuriranja nastao mi je problem sa javljanjem na telefon. Sad cekam sledece azuriranje ili nosim u telenor na reklamaciju. Pored tog problema ja preporucujem ovaj tel jer je odlican,brz je,baterija odlicna,nije ni jednom zakocio....sve preporuke."
https://mobilnisvet.com/mobilni-komentari/9955/Honor/70/15,Honor,Honor 70,Marko,2023-02-26 20:34:00,"Imam honor 50 i iskreno nisam zadovoljan baterijom, kakva je situacija kod honor 70 ali iskreno?"
https://mobilnisvet.com/mobilni-komentari/9955/Honor/70/15,Honor,Honor 70,Nemanja,2023-02-25 15:01:00,"Uzeo ga juče, pre njega imao honor 20 i mogu reći da sam sa 20 prezadovoljan. Ako me i ovaj bude služio kao 20 to će biti ful. Inače 20 sam imao 4 god. Po mom skromnom mišljenju HONOR JE HONOR."
https://mobilnisvet.com/mobilni-komentari/9955/Honor/70/15,Honor,Honor 70,Miljan,2023-02-23 23:58:00,Sto tako mislis?
https://mobilnisvet.com/mobilni-komentari/9955/Honor/70/15,Honor,Honor 70,Boban,2023-02-23 21:24:00,"Sta staviti kao najbolju zastitu na ekran obzirom da ni jedno staklo neodgovara licno mi prodavci govore,da li neku foliju vidim pi trznim centrima neke folije seku tamo lepe,ova njegova je picela u desnom cisku da mi se odlepljuje"
https://mobilnisvet.com/mobilni-komentari/9955/Honor/70/15,Honor,Honor 70,Vlada,2023-02-22 07:51:00,Sta uzeti?  Samsung s21 Fe ili Honor 70?
https://mobilnisvet.com/mobilni-komentari/9955/Honor/70/15,Honor,Honor 70,Adnan,2023-02-20 16:13:00,"Koristim još uvek Huawei P 30 pro i odlično me služi (baterija, kamere, procesor, ko nov). Razmišljam da uzmem nešto malo bolje. Isplatili se uopšte menjati i uzeti Honor 70 ili Samsung Galaksy S21 FE?"
https://mobilnisvet.com/mobilni-komentari/9955/Honor/70/15,Honor,Honor 70,Dejo,2023-02-19 12:25:00,Dvoumim se između Honor 70 i Xiaomi 12x.
https://mobilnisvet.com/mobilni-komentari/9955/Honor/70/15,Honor,Honor 70,Miloš,2023-02-19 00:28:00,"Pozdrav drugari! Totalni sam laik za telefone, pa bih vas zamolio za savet. Trenutno koristim Huawei P30 Pro 6/128, već 3 godine je kod mene, ok mi je ali sam ga neki dan bas lepo razbio :-(. Opet bih uzeo ovaj model al 8/256 al ga nema više nigde novog u prodaji, zastareo je model. Kako mi je zbog nekoliko aplikacija bitan PlayStore, ne mogu uzeti neki novi Huawei. Apple i Samsung ne volim, pa vas pitam da li bi Honor 70 bio ok naslednik? Bitni su mi baterija, kamera i dizajn :-)"
https://mobilnisvet.com/mobilni-komentari/9955/Honor/70/15,Honor,Honor 70,Kojadinjo,2023-02-15 21:04:00,"Honor 70 koristim vec 7dana, kupio sam ga novog na KP, sto se tice telefona prezadovoljan sam. Baterija, bio sam skeptičan al trenutno drzi oko 40sati kamere su vrhunske, lepe su fotografije i nocu,, zvučnik za razgovor brutalan kako se čuje , telefon lepo stoji u ruci, brutalan dizajn,  brz je . Novog sam uzeo za 340 e mogu reci da sam prezadovoljan,za ovaj novac."
https://mobilnisvet.com/mobilni-komentari/9955/Honor/70/15,Honor,Honor 70,Djordje,2023-02-12 10:57:00,"Pozdrav ljudi,zanima me vase misljenje."
https://mobilnisvet.com/mobilni-komentari/9955/Honor/70/15,Honor,Honor 70,Dragana,2023-02-08 23:29:00,Honor 70 ili Samsung a73 5g
https://mobilnisvet.com/mobilni-komentari/9955/Honor/70/15,Honor,Honor 70,D,2023-02-07 21:27:00,"Pozz, imam A53, nije se nesto pokazao, cak i koci malo neki put, da li vredi menjati za Honor 70? Imam ga po malo nizoj ceni..."
https://mobilnisvet.com/mobilni-komentari/9955/Honor/70/15,Honor,Honor 70,Monkey14,2023-02-06 11:24:00,Pozdrav da li vredi menjati Honor 70 za Samsung galaxy s22 plus?
https://mobilnisvet.com/mobilni-komentari/9955/Honor/70/15,Honor,Honor 70,Milos,2023-02-03 23:28:00,"Imam honor 70, malo pre sam uporedjivao kamere sa Iphonom 14, verujte mi da su tu negde. A sto se tice ekrana, jede ga H70 sa svojih 120hz. Razlika u ceni oko 500e. Procesor u H70 je isto veoma dobar, inace koristim telefon vec 20 dana i mogu reci da je veoma dobar po svim pitanjima."
https://mobilnisvet.com/mobilni-komentari/9955/Honor/70/15,Honor,Honor 70,Nmp,2023-02-03 18:19:00,"Imam a52s, volim menjati telefone, pa bih želeo iskreno da li vredi preći sa tog na honor 70? Hvala."
https://mobilnisvet.com/mobilni-komentari/9955/Honor/70/15,Honor,Honor 70,Nađa,2023-02-02 14:43:00,Dvoumim se između xiaomi 12 i honor 70.
https://mobilnisvet.com/mobilni-komentari/9955/Honor/70/15,Honor,Honor 70,Boban,2023-02-02 00:42:00,"Znsci niko ne zna ni za staklo ni za folije,pošto stakla u glavnom neodgovaraju za ovaj model tj edge ekran i stakla ne prijanjaju a nusu jeftina za bacanje para a folije ima neke razgradive 2000 din i hidrogel 1600 ali na modelima gde su za reklamu deluju kao zguzvane a skupe i one"
https://mobilnisvet.com/mobilni-komentari/9955/Honor/70/15,Honor,Honor 70,Johnny,2023-02-01 23:41:00,"Pozdrav ljudi! 12x ili Honor 70, dosta se lomim pa ako neko ima iskustva sa oba uređaja a ne na osnovu onog što je na papiru. Unapred hvala."
https://mobilnisvet.com/mobilni-komentari/9955/Honor/70/15,Honor,Honor 70,Irena,2023-02-01 13:48:00,Da li vredi menjati trenutni xiaomi redmi note 10pro za ovaj telefon? Bitna mi je kamera i  baterija.
https://mobilnisvet.com/mobilni-komentari/9955/Honor/70/15,Honor,Honor 70,Boki,2023-01-27 18:00:00,Molim za savet koje je najbolje staklo da se stavi posto je folija picela u jednom cošku da se odlepljuje njegova fabricka mozda 2mm ipak bih stavio staklo ali da nema klobuka.hvala
https://mobilnisvet.com/mobilni-komentari/9955/Honor/70/15,Honor,Honor 70,J,2023-01-24 18:50:00,"Ja se troumim između honor 70, xaomi 12t pro i realme gt2 pro?"
https://mobilnisvet.com/mobilni-komentari/9955/Honor/70/15,Honor,Honor 70,Jasmina,2023-01-24 11:12:00,Dvoumim se Xiaomi redmi note 11 ili honor 70 5g
https://mobilnisvet.com/mobilni-komentari/9955/Honor/70/16,Honor,Honor 70,iggy74,2023-01-23 16:47:00,"Pozdrav! Uzeo sam ovaj telefon i stvarno nemam nikakvih zamerki, odlican je u svakom smislu. Jedino sto mi malo smeta je to sto dok kucam text poruke podvlaci mi liniju ispod texta. Da li neko zna moze li to i kako da se iskljuci? Trazio sam po raznim opcijama tastature ali nisam nasao. Automatsko ispravljanje sam iskljucio i opet isto. Ako neko zna kako to da se resi zamolio bih da mi napise. Hvala."
https://mobilnisvet.com/mobilni-komentari/9955/Honor/70/16,Honor,Honor 70,J.,2023-01-22 20:45:00,Može neko da napiše kakva je tačno kamera? Jel su oštre slike i to? Kakva je prednja?
https://mobilnisvet.com/mobilni-komentari/9955/Honor/70/16,Honor,Honor 70,Dejan,2023-01-21 11:30:00,"Uzeh pre par dana.  Dobar telefon.  Nemam notifikaciju na viber ikonici i to me bas nervira, niti znam kako da to podesim. Poruke stizu uredno,  dobijam notifikacije na zakljucanom ekranu,  ali kada ga otkljucam samo na traci vidim viber poruku,  dok na samoj ikonici ne stoji nista.  Imao neko slican problem ili zna li kako da to resim?  Inace telefon radi super."
https://mobilnisvet.com/mobilni-komentari/9955/Honor/70/16,Honor,Honor 70,Dgahanche,2023-01-20 10:23:00,"Pozdrav, uzeo sam prekjuče HONOR 70 (pre toga imao P30 Pro. S obzirom da dosta igram Call of Duty mobile, na Honoru mi ova igrica krešuje. Da li je neko ko igra imao ovaj problem i kako može da se reši?"
https://mobilnisvet.com/mobilni-komentari/9955/Honor/70/16,Honor,Honor 70,Branko,2023-01-18 09:20:00,"Pre Honora sam imao Xiaomi mi 11 lite 5g... Ovaj ima malo bolji procesor, ali koliko tecnije radi, to je neopisivo.. Baterija fantasticna..."
https://mobilnisvet.com/mobilni-komentari/9955/Honor/70/16,Honor,Honor 70,Liki,2023-01-16 20:51:00,Honor 70 ili A53 5G?
https://mobilnisvet.com/mobilni-komentari/9955/Honor/70/16,Honor,Honor 70,Dovla,2023-01-15 23:34:00,"Utisci nakon mesec dana koriscenja: Prezadovoljan sam telefonom, nisam neki gejmer i prezahtevan korisnik, ali smatram da ovaj telefon moze zadovoljiti veliku vecinu korisnika."
https://mobilnisvet.com/mobilni-komentari/9955/Honor/70/16,Honor,Honor 70,Ja,2023-01-14 21:46:00,"Pozdrav, razmišljam između Honor70 i Huawei Nova 10, ne mogu da se odlučim... Zanima me jer ovaj nema stereo zvučnike pa da li je tih, kako se čuje za npr gledanje filmova i slušanje muzike? Hvala"
https://mobilnisvet.com/mobilni-komentari/9955/Honor/70/16,Honor,Honor 70,Nensi,2023-01-14 12:51:00,"Da li ima slušalice? Koliko je primetan nedostatak drugog zvučnika, tj. da li se dovoljno dobro čuje i sa hands free?"
https://mobilnisvet.com/mobilni-komentari/9955/Honor/70/16,Honor,Honor 70,Dux,2023-01-12 02:00:00,"Razmišljam da uzmem Honor 70,Xiaomi 12t ili Motorola ege fusion koji je po vašem mišljenju bolji?"
https://mobilnisvet.com/mobilni-komentari/9955/Honor/70/16,Honor,Honor 70,Darko,2023-01-11 19:54:00,"Pozdrav, posle resetovanja telefona pin je potreban nakon ponovnog pokretanja, utipkam pin i nemam opciju da ga potvrdim i sad imam blokiran telefon. Znate li neko rešenje a da nije brisanje komplet sistema i podataka iz telefona?"
https://mobilnisvet.com/mobilni-komentari/9955/Honor/70/16,Honor,Honor 70,Miljan,2023-01-11 14:42:00,Imam jedan problem... Kad me neko zove javim se i tek posle 5 sekundi me cuju...da li neko zna u cemu je problem? Uzeo sam telefon pre dve nedelje i dobar je...samo me ovo nervira sa javljanjem.
https://mobilnisvet.com/mobilni-komentari/9955/Honor/70/16,Honor,Honor 70,Aleksandar,2023-01-09 17:23:00,"Pozdrav drugari. Prednja kamera kao da pravi blur efekat prilikom video razgovora putem Vibera, kao i kada se snima video zapis prednjom kamerom. Da li je neko imao sličnog iskustva? Hvala vam na odgovoru."
https://mobilnisvet.com/mobilni-komentari/9955/Honor/70/16,Honor,Honor 70,Pitanje,2023-01-08 20:18:00,Da li moze dual viber na ovom telefonu?
https://mobilnisvet.com/mobilni-komentari/9955/Honor/70/16,Honor,Honor 70,J,2023-01-06 16:31:00,"Imam trenutno huawei p30 pro već tri godine, pa bih možda da uzmem novi telefon."
https://mobilnisvet.com/mobilni-komentari/9955/Honor/70/16,Honor,Honor 70,....,2023-01-02 07:13:00,"Da li se isplati da se menja s20+,za Honor 70..."
https://mobilnisvet.com/mobilni-komentari/9955/Honor/70/16,Honor,Honor 70,Milan,2022-12-29 10:16:00,Ovaj ili Xiaomi 12T? Da li neko moze da mi pomogne pri odluci? Hvala unapred
https://mobilnisvet.com/mobilni-komentari/9955/Honor/70/16,Honor,Honor 70,Marko Ž,2022-12-27 19:12:00,"Jako sam zadovoljan uredjajem. Brz, lagan i jako dobar punjač.Baterija izdrži ceo dan i napuni se pun do 35minuta.Jedina mana što andorid 13 za njega tek izlazi u februaru."
https://mobilnisvet.com/mobilni-komentari/9955/Honor/70/16,Honor,Honor 70,Jasmina,2022-12-26 11:07:00,"Dobar dan narode, upravo mi je ponuđen honor 70,jako mi je bitna kamera kao i brzina tel. I zanima me da li ovaj tel ima google play prodavnicu ili nema? Neki raniji modeli nisu imali, pa mi je to tesko palo. Hvala unapred."
https://mobilnisvet.com/mobilni-komentari/9955/Honor/70/16,Honor,Honor 70,Sanja,2022-12-25 23:00:00,"Verujem da ima vec pitanja i odgovora na ovo pitanje, ali ponovicu ga ovde. Obzirom da nema Play Store u sebi, kako funkcionise sa Gmailom i svim Googlovim featuresima koje nudi (photo, gmail, drive, docs, excel etc.) Hvala unpred. Imam Honor vec 2 generacije (6+ godina) i ne bih ga menjala, ali me ovaj aspekat plasi obziorom da vecina potrebnih fajlova ide na G. + ne podrzava Upwork aplikaciju. 🙏🍀"
https://mobilnisvet.com/mobilni-komentari/9955/Honor/70/16,Honor,Honor 70,Srky,2022-12-25 12:17:00,"Sa čim je najbolje zaštititi ekran ovog telefona, tempered glass sa zakrivljenim ivicama, hidrogel, neka folija... Kad kažem najbolje zaštititi pre svega mislim šta staviti a da se ne odlepljuje s obzirom da ima zakrivljene ivice telefona. Treba da mi stigne za koji dan i muku mučim šta na ekran da stavim."
https://mobilnisvet.com/mobilni-komentari/9955/Honor/70/16,Honor,Honor 70,FFF,2022-12-24 00:07:00,Imate li problem s IP zastitom?
https://mobilnisvet.com/mobilni-komentari/blm/Honor/Magic5-Lite/15,Honor,Honor Magic5 Lite,Dragan,2023-06-07 15:03:00,Honor magic 5 lite ili Huawei nova 10 SE?
https://mobilnisvet.com/mobilni-komentari/blm/Honor/Magic5-Lite/15,Honor,Honor Magic5 Lite,sloba,2023-06-04 21:38:00,ovaj ili motorola g72
https://mobilnisvet.com/mobilni-komentari/blm/Honor/Magic5-Lite/15,Honor,Honor Magic5 Lite,Tasa,2023-06-01 21:03:00,"Imam Samsung A04,solidan je...hteo bih uzeti neku drugu marku do 300e,a da je bolji..."
https://mobilnisvet.com/mobilni-komentari/blm/Honor/Magic5-Lite/15,Honor,Honor Magic5 Lite,Miljan,2023-05-31 20:48:00,"Pozdrav ljudi, da li ovaj model ima Play store, tj google aplikacije?"
https://mobilnisvet.com/mobilni-komentari/blm/Honor/Magic5-Lite/15,Honor,Honor Magic5 Lite,Jelena,2023-05-31 14:08:00,"Ljudi, imala sam Samsung a51. Juce sam ga izgubila..."
https://mobilnisvet.com/mobilni-komentari/blm/Honor/Magic5-Lite/15,Honor,Honor Magic5 Lite,Km,2023-05-26 16:16:00,"Drugari nešto mi nije jasno, na dxomark battery testu ima 152 poena i prvi je na listi po pitanju baterije od svih telefona, a na nanorewiew testu 42. na listi, o čemu se zapravo radi?"
https://mobilnisvet.com/mobilni-komentari/blm/Honor/Magic5-Lite/15,Honor,Honor Magic5 Lite,8t,2023-05-24 16:30:00,"Koliko je glasan zvucnik,zato sto ima jedan?Gledao u prodavnici delovao mi je bas nesto slab,ovako je vizuelno top a i ostalo.Neko od korisnika istog neka napise da li je glasan zvucnik?"
https://mobilnisvet.com/mobilni-komentari/blm/Honor/Magic5-Lite/15,Honor,Honor Magic5 Lite,Miki,2023-05-23 11:19:00,Evo jos jednog utiska nakon skoro dva i po meseca. Bateriju i dalje punim kao sto sam na 5 godina starom telefonu do skoro.
https://mobilnisvet.com/mobilni-komentari/blm/Honor/Magic5-Lite/15,Honor,Honor Magic5 Lite,Ime,2023-05-23 00:06:00,"Da li može neko da mi kaže da li ima punjač u paketu, jer negde kažu ima negde ne, ne mogu da nađem pouzdan info?!?"
https://mobilnisvet.com/mobilni-komentari/blm/Honor/Magic5-Lite/15,Honor,Honor Magic5 Lite,Dejan,2023-05-18 22:27:00,"Neka mi neko kaže,prenese iskustva sa autonomijom baterije! Meni se baš brzo prazni uz neko normalno,možda malo malo intenzivnije korišćenje. Jedva da spoji do večeri!"
https://mobilnisvet.com/mobilni-komentari/blm/Honor/Magic5-Lite/15,Honor,Honor Magic5 Lite,Deki,2023-05-18 11:17:00,Ovaj ili  70?
https://mobilnisvet.com/mobilni-komentari/blm/Honor/Magic5-Lite/15,Honor,Honor Magic5 Lite,Kole,2023-05-17 13:47:00,ovaj ili Motorola Edge 20 Neo?
https://mobilnisvet.com/mobilni-komentari/blm/Honor/Magic5-Lite/15,Honor,Honor Magic5 Lite,BK,2023-05-16 22:09:00,Ovaj ili Poco M4 pro?
https://mobilnisvet.com/mobilni-komentari/blm/Honor/Magic5-Lite/15,Honor,Honor Magic5 Lite,Maja,2023-05-16 21:25:00,Pozdrav. Može pomoć? Da li uzeti ovaj tel ili Samsung A34 u A1? Hvala puno
https://mobilnisvet.com/mobilni-komentari/blm/Honor/Magic5-Lite/15,Honor,Honor Magic5 Lite,Dejan,2023-05-15 11:30:00,"Hvala Djole,  uspeo sam da uključim kako si mi objasnio..."
https://mobilnisvet.com/mobilni-komentari/blm/Honor/Magic5-Lite/15,Honor,Honor Magic5 Lite,Dejan,2023-05-14 16:12:00,"Dali neko zna zasto kada uključim navigaciju, nigde mi na mapi nepokazuje trenutnu lokaciju?"
https://mobilnisvet.com/mobilni-komentari/blm/Honor/Magic5-Lite/15,Honor,Honor Magic5 Lite,acke,2023-05-13 21:33:00,"mala pomoc ako moze, honor magic 4 lite-honor magic 5 lite ili huawei nova y 90, koji uzetu, preporuka,prednost i,mane? hvala unapred"
https://mobilnisvet.com/mobilni-komentari/blm/Honor/Magic5-Lite/15,Honor,Honor Magic5 Lite,Saki,2023-05-11 10:36:00,"Gledao sam juce u A1 ovaj model.Telefon izgleda stvarno brutalno,cak i brzina je skroz ok i kamere su sasvim dobre.Naravno da ima bolje kamere u skupljim modelima.Citam da ima nekih kojima nekad telefon secka,pa i skuplji telefoni znaju da stucnu.Poredjenje sa Samsung A klasom modela,Samsung je blago receno smesan.Mislim da ovaj telefon je skroz ok i da ce zadovoljiti 90% korisnika.Honor 70 je naravno bolji,skuplji ko ima novca moze njega slobodno uzeti.Pozdrav"
https://mobilnisvet.com/mobilni-komentari/blm/Honor/Magic5-Lite/15,Honor,Honor Magic5 Lite,Saki,2023-05-10 16:38:00,Da li ima fabricku foliju na sebi ovaj telefon?
https://mobilnisvet.com/mobilni-komentari/blm/Honor/Magic5-Lite/15,Honor,Honor Magic5 Lite,Dejan,2023-05-09 18:09:00,Za koliko vremena se vama napuni ovaj telefon od 0 do 100%?
https://mobilnisvet.com/mobilni-komentari/blm/Honor/Magic5-Lite/15,Honor,Honor Magic5 Lite,Petar,2023-05-05 18:40:00,"Pozdrav,imam pitanje, uzeo sam punjač od 66w, da li to može štetiti bateriji?"
https://mobilnisvet.com/mobilni-komentari/blm/Honor/Magic5-Lite/15,Honor,Honor Magic5 Lite,Dejan,2023-04-30 22:18:00,"Pozdrav svima, dali neko zna zasto se telefon mnogo sporo puni? Imam od 45w punjač. Za sat vremena jedva napunio 46 procenata. Stari honor 8s za to vreme dobacio do 56 procenata, sa baterijom starom pune tri godine."
https://mobilnisvet.com/mobilni-komentari/blm/Honor/Magic5-Lite/15,Honor,Honor Magic5 Lite,Miki,2023-04-28 14:03:00,"Nakon mesec dana koriscenja, ima dosta bagova. Jeste da je niska cena, ali telefon koji je 5 godina stariji od ovoga mnogo bolje radi."
https://mobilnisvet.com/mobilni-komentari/gz0/Honor/Magic5-Pro/15,Honor,Honor Magic5 Pro,Doberman,2023-03-01 09:09:00,"Jedan od najboljih telefona na trzistu trenutno,uprkos porazavajucoj cinjenici da je tehnoloski skoro isti kao Mate 40 pro koji je izasao pre 3 god.Prakticno je cena najveci iskorak,skoro je duplo skuplji."
https://mobilnisvet.com/mobilni-komentari/gz0/Honor/Magic5-Pro/15,Honor,Honor Magic5 Pro,Negokako,2023-02-28 17:25:00,E ovo se zove institucija od telefona.
https://mobilnisvet.com/mobilni-komentari/87w/Honor/400-Pro-12GB-256GB-1x-SIM-1x-eSIM/11,Honor,Honor 400 Pro,Mima,2025-07-16 11:43:00,"Da li je neko imao problem sa slanjem SMS poruka na ovom modelu?U pitanju je yettelova mreža.SMS kasni po 2-3 minuta,dok na istom telefonu preko drugog operatera,poruke idu redovno.Neki bug kod operatera ili telefona?Kome se obratiti?"
https://mobilnisvet.com/mobilni-komentari/87w/Honor/400-Pro-12GB-256GB-1x-SIM-1x-eSIM/11,Honor,Honor 400 Pro,Scarface,2025-07-13 23:28:00,"Da li ovaj ili f7 pro? Ili f7 ultra?  Bitne kamere, baterija, azuriranja,... Trenutno imam s22+"
https://mobilnisvet.com/mobilni-komentari/87w/Honor/400-Pro-12GB-256GB-1x-SIM-1x-eSIM/11,Honor,Honor 400 Pro,Jevđa,2025-07-13 00:56:00,Uzeo telefon pre neki dan. Posle honora 50 i 70 sa kojima sam bio prezadovoljan ovaj je za njih babaroga.
https://mobilnisvet.com/mobilni-komentari/87w/Honor/400-Pro-12GB-256GB-1x-SIM-1x-eSIM/11,Honor,Honor 400 Pro,Maja,2025-07-12 01:48:00,"Da li se nekom od vas desava da se u prethodnim pozivima mislim u listi poziva izbrise samo od sebe prvi broj pozivnog broja ako broj nije umemorisan u imeniku i posle ako hocete ponovo da zovete taj broj, ne moze mora ponovo da se kuca ceo broj. Npr. zvala sam u toku dana broj 0112345678 i kada kasnije hocu opet da ga pozovem nestane ona prva cifra na pocetku i ne mpze da se pozove nego opet mpra da se kuca broj ceo.. Ludim od toga a ne zna kako to da resim. To mi se desavalo i na honoru 70 koji sam zamenski korostila kratko ali sam mislila da je to samo do tog modela problem. Onace ovo mo je drugi honor u zivotu. Ostalo je sve ok sto se tice telefona."
https://mobilnisvet.com/mobilni-komentari/87w/Honor/400-Pro-12GB-256GB-1x-SIM-1x-eSIM/11,Honor,Honor 400 Pro,Marko,2025-07-08 21:51:00,PAŽNJA!!!
https://mobilnisvet.com/mobilni-komentari/87w/Honor/400-Pro-12GB-256GB-1x-SIM-1x-eSIM/11,Honor,Honor 400 Pro,Joca,2025-07-08 13:38:00,Telefon prava babaroga sve pohvale za ovaj model nemam ni jednu zamerku na njega.
https://mobilnisvet.com/mobilni-komentari/87w/Honor/400-Pro-12GB-256GB-1x-SIM-1x-eSIM/11,Honor,Honor 400 Pro,AS,2025-07-07 12:26:00,"Samo da javim da sam poklon preuzeo. Dobije se crna kutija finih razmera nekih 30 sa 30cm, unutra se nalazi zicni i bezicni punjac od 100w, slusalice s7 i poklon kartica raiffeisen banke (ako ste kupili telefon cim je izasao)."
https://mobilnisvet.com/mobilni-komentari/87w/Honor/400-Pro-12GB-256GB-1x-SIM-1x-eSIM/11,Honor,Honor 400 Pro,Kanda,2025-07-05 21:51:00,Radi li vam opcija sakrivanja tela poruke na zaključanom ekranu (notification & status bar- preview on lock screen - hide)? Kod mene nešto ne radi
https://mobilnisvet.com/mobilni-komentari/87w/Honor/400-Pro-12GB-256GB-1x-SIM-1x-eSIM/11,Honor,Honor 400 Pro,Stefi,2025-07-04 07:43:00,Ostati na honor 200 pro ili preći na ovaj? Ima neke velike razlike?
https://mobilnisvet.com/mobilni-komentari/87w/Honor/400-Pro-12GB-256GB-1x-SIM-1x-eSIM/11,Honor,Honor 400 Pro,AS,2025-07-03 18:40:00,Samo da javim da su krenuli da salju poklone kurirskim sluzbama.
https://mobilnisvet.com/mobilni-komentari/87w/Honor/400-Pro-12GB-256GB-1x-SIM-1x-eSIM/11,Honor,Honor 400 Pro,vladan,2025-07-02 22:21:00,"Da li može neko da mi ukratko kaže, šta uzeti S23 Ultra ili Honor 400 pro.... Hvala!"
https://mobilnisvet.com/mobilni-komentari/87w/Honor/400-Pro-12GB-256GB-1x-SIM-1x-eSIM/11,Honor,Honor 400 Pro,dalibor,2025-07-01 16:07:00,"pozdrav, zanima me koji bi telefon bilo bolje uzeti S24 ili Honor 400 pro, konkretno kod s24 mi se sviđa što je manji telefon ali mi se sviđaju i opcije koje 400 pro nudi, telefon mi je najviše potreban za svakodnevnu ne zahtevnu upotrebu jer ne igram igrice, kamere su mi veoma bitne. Hvala unapred"
https://mobilnisvet.com/mobilni-komentari/87w/Honor/400-Pro-12GB-256GB-1x-SIM-1x-eSIM/11,Honor,Honor 400 Pro,avokadus,2025-06-27 22:43:00,"Koji UFS ima ovaj tel, nalazim razlicite podatke, negde 3 negde 4>"
https://mobilnisvet.com/mobilni-komentari/87w/Honor/400-Pro-12GB-256GB-1x-SIM-1x-eSIM/11,Honor,Honor 400 Pro,Goran_original,2025-06-26 14:52:00,Jel mi se cini ili se brze prazni baterija na telefonu na vrucini i ako se telefon ne koristi
https://mobilnisvet.com/mobilni-komentari/87w/Honor/400-Pro-12GB-256GB-1x-SIM-1x-eSIM/11,Honor,Honor 400 Pro,honor 400pro,2025-06-24 10:29:00,Da li je neko postavljao sliku iz galerije kao pozadinu na telefonu?
https://mobilnisvet.com/mobilni-komentari/87w/Honor/400-Pro-12GB-256GB-1x-SIM-1x-eSIM/11,Honor,Honor 400 Pro,Bojan,2025-06-24 09:07:00,"Poslije 15 dana koristenja da napisem par utisaka pa mozda nekome pomogne  . Baterija je vrhunska , moze da izgura dan bez ikakvih problema  . Nekome moze i vise , tako da bez brige . Kamere vrlo dobre , meni prosjecnom korisniku su odlicne . Ekran nema potrebe spominjati jer je odlican takodje  . Telefon radi brzo bez ikakvih problema . Jeste plasticni ali meni licno to ne smeta ."
https://mobilnisvet.com/mobilni-komentari/87w/Honor/400-Pro-12GB-256GB-1x-SIM-1x-eSIM/11,Honor,Honor 400 Pro,Smile,2025-06-23 22:51:00,"Video sam telefon uživo i isprobao sam ga nekoliko minuta i ostavio je pozitivan utisak lep radi fluidno brzo, koristim Honor 90 i zadovoljan sam radim kako treba bez bagova tako da verujem da 400 Pro koji je noviji da je i malo bolji."
https://mobilnisvet.com/mobilni-komentari/87w/Honor/400-Pro-12GB-256GB-1x-SIM-1x-eSIM/11,Honor,Honor 400 Pro,David,2025-06-22 22:28:00,"Ček, ček, malo sam iskulirao novitete ( koristim Honor 70 već 2 godine i prezadovoljan sam), da li ja to vidim da ovaj 400 pro nema zakrivljen ekran??? Šta li sve neće izbaciti. Ovaj moj je 8/256, još uvek je ok ali tačno ne bih znao kojim telefonom da ga zamenim?"
https://mobilnisvet.com/mobilni-komentari/87w/Honor/400-Pro-12GB-256GB-1x-SIM-1x-eSIM/11,Honor,Honor 400 Pro,Ivana,2025-06-22 19:35:00,Jel stigli nekome pokloni mozda?
https://mobilnisvet.com/mobilni-komentari/87w/Honor/400-Pro-12GB-256GB-1x-SIM-1x-eSIM/11,Honor,Honor 400 Pro,Zex,2025-06-19 23:20:00,"Hteo sam da zamenim iphone 15 za ovaj telefon, ali sam odustao kada sam ga isprobao u Yetelu. Prvo mislim da je jaka cena za ono sto nudi. Drugo, telefon lepo izgleda ali plastika je plastika. Trece i ono sto me je definitivno odvratilo od zamene jesu kamere. Tacnije prednja kamera. Dosta je to losije nego kod iphone 15! Nekako slike ispadaju mnogo svetle, isprane, nerealne i sa malo detalja. Bas me je to razocaralo! Imao sam prilike da uporedim kamere i sa Honor 200 pro i mogu reci da su skoro identicne. Nikakvo poboljsanje ne vidim. Takodje sam imao prilike da ga uporedim i sa Magic 7 pro i tu je tek osetna razlika u korist 7 pro. Sve u svemu odustao sam od zamene, a bas sam zeleo da sa Iphone predjem na nesto drugo jer mi je dosadio! Eto, mozda nekome pomogne ovo moje zapazanje!"
https://mobilnisvet.com/mobilni-komentari/87w/Honor/400-Pro-12GB-256GB-1x-SIM-1x-eSIM/11,Honor,Honor 400 Pro,srki,2025-06-19 20:14:00,"U trecem kruzicu sa kamerom, u gornjem uglu kruzica se nalazi kamera a u donjem delu jos neki kruzic koji izgleda kao neki senzor, da li neko ima predstavu sta je to i cemu sluzi?"
https://mobilnisvet.com/mobilni-komentari/87w/Honor/400-Pro-12GB-256GB-1x-SIM-1x-eSIM/11,Honor,Honor 400 Pro,Davor,2025-06-14 18:01:00,"Pozdrav, koristim uređaj 1 tj, prešao sa S23 na njega, najviše radi ekrana.  Uglavnom, kamera je ok, lošija stabilizacija videa nego na S23, dok je sve ostalo više-manje ok. Osim jedne stvari - bluetooth. Naime, zadnja 3 dana 1x na dan ostanem bez BT, ali ne kao isključi se nego nestane. Ja ga uključim - on se isključi nakon 4-5 sek. Sve živo sam probao i ništa, osim factory reseta. Jedino kako makar privremeno vratim bt je da uređaj isk. na 1min pa opet uključim. Dal netko ikad  imao taj problem i šta bi to moglo da bude?"
https://mobilnisvet.com/mobilni-komentari/87w/Honor/400-Pro-12GB-256GB-1x-SIM-1x-eSIM/11,Honor,Honor 400 Pro,AS,2025-06-13 14:53:00,"Pozdrav svima, za kraj posto ne planiram vise da posecujem ovaj sajt, za tim vise nemam potrebe, uzeo sam telefon, kupio masku, stigla mi potvrda za pokone,... samo cu reci par stvari o telefonu. Ja sam obican korisnik i nisam specijalista za telefone, i ja vam ne mogu reci da je ovaj ili onaj telefon bolji ali vam mogu reci ono sta sam ja kao prosecan korisnik primetio za vreme mog koriscenja ovog telefona."
https://mobilnisvet.com/mobilni-komentari/87w/Honor/400-Pro-12GB-256GB-1x-SIM-1x-eSIM/12,Honor,Honor 400 Pro,Heks,2025-06-11 20:01:00,Mene zanima ovaj telefon ali najviše zbog igrica poziva interneta insta youtube i tako to.
https://mobilnisvet.com/mobilni-komentari/87w/Honor/400-Pro-12GB-256GB-1x-SIM-1x-eSIM/12,Honor,Honor 400 Pro,Luka,2025-06-10 23:08:00,"Evo nakon dvadesetak dana koriscenja da napisem recenziju, mozda nekome koristi. Odmah prva stvar, ovo nije flegship telefon, niti flegship killer. Znaci on se takmici sa Xiaomi T Pro serijom, Samsungovom S FE serijom, konkurent neki mu je Realme 7 trenutno, mada prednost ovom telefonu. Cena 85 000 koliko je zvanicno je prevelika, cak i uz poklone. Znaci 500-600e i pokloni i ovo je top kupovina."
https://mobilnisvet.com/mobilni-komentari/87w/Honor/400-Pro-12GB-256GB-1x-SIM-1x-eSIM/12,Honor,Honor 400 Pro,Laki,2025-06-09 15:31:00,Ovo ili iPhone 15 sta uzeti koja je bolja Masina kamere manje vise bitno da su slike ok do avgusta imam honor 70 i kad otplatim dvoumim se izmedju ta dva telefona na otplatu nemam Kes jbg ili možda xsaomi 15 ...moze neka preporuka od nekog ko je probao oba ili xsaomi 15...
https://mobilnisvet.com/mobilni-komentari/87w/Honor/400-Pro-12GB-256GB-1x-SIM-1x-eSIM/12,Honor,Honor 400 Pro,Emba,2025-06-08 23:24:00,Može li global model sa 6000maph baterijom da radi kod nas bez problema.
https://mobilnisvet.com/mobilni-komentari/87w/Honor/400-Pro-12GB-256GB-1x-SIM-1x-eSIM/12,Honor,Honor 400 Pro,Bojan,2025-06-08 18:45:00,"Kupio sam telefon juce , prvi utisci su odlicni . Pitanje jednon, nemam opciju image to video . Zna li neko u cemu je fazon ? Mozda sam ja nesto cackajuci iakljucio ili sta vec moze biti ? Hvala !"
https://mobilnisvet.com/mobilni-komentari/87w/Honor/400-Pro-12GB-256GB-1x-SIM-1x-eSIM/12,Honor,Honor 400 Pro,Iggu,2025-06-07 20:37:00,Kupio ga i koristio par dana.
https://mobilnisvet.com/mobilni-komentari/87w/Honor/400-Pro-12GB-256GB-1x-SIM-1x-eSIM/12,Honor,Honor 400 Pro,Niko,2025-06-07 15:41:00,Kakve su kamere??
https://mobilnisvet.com/mobilni-komentari/87w/Honor/400-Pro-12GB-256GB-1x-SIM-1x-eSIM/12,Honor,Honor 400 Pro,Bozicko,2025-06-06 20:12:00,"Moze li neko da mi kaze kakva je vibracija na telefonu? Cesto mi se desava da prosto ne osetim telefon kad je na vibraciji. Da li hapticfeedback poboljsan, recimo kao na damsungu?"
https://mobilnisvet.com/mobilni-komentari/87w/Honor/400-Pro-12GB-256GB-1x-SIM-1x-eSIM/12,Honor,Honor 400 Pro,Perica,2025-06-06 13:04:00,Da li je tacno da ovaj tel nema pravi Always on display? Na YT sam cuo da se gasi posle 10 sek?
https://mobilnisvet.com/mobilni-komentari/87w/Honor/400-Pro-12GB-256GB-1x-SIM-1x-eSIM/12,Honor,Honor 400 Pro,Damir,2025-06-06 00:11:00,Moze mi neko reci ko poseduje ovaj telefon da li ima pravi AOD? Na par recenzija i malo guglanja kazu da nema. Samo ono da se tapne i pojavi se 10 sekundi i nestane.
https://mobilnisvet.com/mobilni-komentari/87w/Honor/400-Pro-12GB-256GB-1x-SIM-1x-eSIM/12,Honor,Honor 400 Pro,Alex,2025-06-05 13:58:00,"Moze li mi neko ko ima ovaj telefon napisati kakve su kamere, recimo u odnosu na Honor 200 pro koji ima odlicne kamere, da li su bolje ili losije?"
https://mobilnisvet.com/mobilni-komentari/87w/Honor/400-Pro-12GB-256GB-1x-SIM-1x-eSIM/12,Honor,Honor 400 Pro,E,2025-06-05 08:42:00,Gde se proverava status tih poklona uz kupljeni telefon? Pokusala sam da nadjem tamo gde sam i registrovala ali nema.
https://mobilnisvet.com/mobilni-komentari/87w/Honor/400-Pro-12GB-256GB-1x-SIM-1x-eSIM/12,Honor,Honor 400 Pro,Milospop,2025-06-04 13:01:00,"Imate providnu masku na oglasima, meni je stigla, odgovara pefektno..."
https://mobilnisvet.com/mobilni-komentari/87w/Honor/400-Pro-12GB-256GB-1x-SIM-1x-eSIM/12,Honor,Honor 400 Pro,Marko,2025-06-03 06:10:00,"Kakva su vam iskustva u vezi baterije, kamere uopšte u celini?"
https://mobilnisvet.com/mobilni-komentari/87w/Honor/400-Pro-12GB-256GB-1x-SIM-1x-eSIM/12,Honor,Honor 400 Pro,Ugi,2025-06-01 23:43:00,"Zasto na odredjenim recenzijama sa yt, konkretno kod prednje kamere, ovaj telefon dolazi sa pilula izrezom za prednju kameru a negde se moze naci i sa standardnim kruzic rupicom? Je su li u pitanju razlicita trzista ili sta?"
https://mobilnisvet.com/mobilni-komentari/87w/Honor/400-Pro-12GB-256GB-1x-SIM-1x-eSIM/12,Honor,Honor 400 Pro,Ukyy,2025-05-30 22:29:00,Da li se isplati u Neo Super Tarifi u a1 za 5000 mesecno i telefon i tarifa?Dobio sam neku ponudu...
https://mobilnisvet.com/mobilni-komentari/87w/Honor/400-Pro-12GB-256GB-1x-SIM-1x-eSIM/12,Honor,Honor 400 Pro,Dejan,2025-05-29 15:30:00,Da li se neko prijavio za poklon koji se dobija uz ovaj model? Da li je dobio povratnu informaciju da je registracija uspešna i da očekuje poklon?
https://mobilnisvet.com/mobilni-komentari/87w/Honor/400-Pro-12GB-256GB-1x-SIM-1x-eSIM/12,Honor,Honor 400 Pro,Milan,2025-05-28 21:58:00,Dobro veče danas mi je stigao honor 400 pro zanima me kako u kameri da aktiviram AI Zoom?
https://mobilnisvet.com/mobilni-komentari/87w/Honor/400-Pro-12GB-256GB-1x-SIM-1x-eSIM/12,Honor,Honor 400 Pro,Deki bg,2025-05-28 08:41:00,Sto se tice maski za ovaj mobilni na Temu koliko hocete.
https://mobilnisvet.com/mobilni-komentari/87w/Honor/400-Pro-12GB-256GB-1x-SIM-1x-eSIM/12,Honor,Honor 400 Pro,M,2025-05-27 15:13:00,Kakva je situacija sa trajanjem baterije?
https://mobilnisvet.com/mobilni-komentari/87w/Honor/400-Pro-12GB-256GB-1x-SIM-1x-eSIM/12,Honor,Honor 400 Pro,Milospop,2025-05-25 22:37:00,Gde nabaviti zastitnu masku za ovaj tel??
https://mobilnisvet.com/mobilni-komentari/87w/Honor/400-Pro-12GB-256GB-1x-SIM-1x-eSIM/12,Honor,Honor 400 Pro,Markan,2025-05-25 22:17:00,"Ko bi rekao da ce Image to Video biti toliko zanimljiv. Kazu 2 meseca, dnevno do 10 konvertovanja, posle ce se placati (kao kod Samsunga AI). Istina, imali smo ""Live Image""  jos pre 10 godina, ali ovo je next level i za sada 400 serija (bez Lite), jedina nudi tako nesto, dok se ne pocne i kod drugih implementirati."
https://mobilnisvet.com/mobilni-komentari/blm/Honor/Magic5-Lite/16,Honor,Honor Magic5 Lite,Makica,2023-04-21 20:02:00,"Trenutno imam Huawei P40 lite( vec 2,5god) odlicno drzi bateriju i generalno sam manje vise zadovoljna za taj cenovni rang, razmisljam da kupim Honor magic5 lite. Moje pitanje je da li je bolji od ovog koji trenutno imam i da li mi mozda preporucujete neki drugi. Ono sto je meni bitno je: kamera, brzo punjenje, memorija, office zbog posla... I naravno neka razumna cena  😊 Hvala"
https://mobilnisvet.com/mobilni-komentari/blm/Honor/Magic5-Lite/16,Honor,Honor Magic5 Lite,Trix,2023-04-19 17:31:00,Po vama koi je bolji :
https://mobilnisvet.com/mobilni-komentari/blm/Honor/Magic5-Lite/16,Honor,Honor Magic5 Lite,Dragan,2023-04-19 14:42:00,"Pošto je telefon u MTS-u skoro 47000, koju od ovih radnji (što stoje iznad) preporučujete za kupovinu ovog telefona?"
https://mobilnisvet.com/mobilni-komentari/blm/Honor/Magic5-Lite/16,Honor,Honor Magic5 Lite,Lesnik,2023-04-18 00:37:00,Steta sto kod nas nema Magic 5 vec lite i pro verzija 🫤
https://mobilnisvet.com/mobilni-komentari/blm/Honor/Magic5-Lite/16,Honor,Honor Magic5 Lite,Dragan,2023-04-17 21:33:00,"Kupio sam tel pre neki dan,za sada se pokazao ok.Telefon dolazi bez punjaca pa sam kupio punjac od 66w,da li sam se zeznuo."
https://mobilnisvet.com/mobilni-komentari/blm/Honor/Magic5-Lite/16,Honor,Honor Magic5 Lite,C he,2023-04-15 23:11:00,"Bedan procesor,nema stereo...pljuc."
https://mobilnisvet.com/mobilni-komentari/blm/Honor/Magic5-Lite/16,Honor,Honor Magic5 Lite,veljko,2023-04-15 22:51:00,pozdrav da li moze neko da mi kaze kakve su kamere i prednja i zadnja i siroka u nocnim i dnevnim uslovima kakav je video posto nema opticku stabilizaciju i da li moze da snima u 4k rezoluciji ili samo u full hd hvala unapred
https://mobilnisvet.com/mobilni-komentari/blm/Honor/Magic5-Lite/16,Honor,Honor Magic5 Lite,Slave,2023-04-14 18:12:00,"Nikako ne mogu da isečem video u galeriji. Slike seče i uređuje, ali video ne... Da li je neko uspeo?"
https://mobilnisvet.com/mobilni-komentari/blm/Honor/Magic5-Lite/16,Honor,Honor Magic5 Lite,AlanFord,2023-04-14 12:19:00,Može li se nositi bez maske? Jeli nekom padao? Koliko je otporan?
https://mobilnisvet.com/mobilni-komentari/blm/Honor/Magic5-Lite/16,Honor,Honor Magic5 Lite,Zorana,2023-04-13 18:28:00,"Jutros 7.30h - baterija 100%, 18.30h - baterija 60%... Razgovori, igrice, IG, FB..."
https://mobilnisvet.com/mobilni-komentari/blm/Honor/Magic5-Lite/16,Honor,Honor Magic5 Lite,Srele,2023-04-12 15:09:00,"Da li neko moze da potvrdi, da li ovaj telefon ima stereo zvucnike?"
https://mobilnisvet.com/mobilni-komentari/blm/Honor/Magic5-Lite/16,Honor,Honor Magic5 Lite,Slave,2023-04-11 20:06:00,"Da li ovaj telefon može da koristi klasične žične slušalice kad stavim adapter sa 3,5mm na type C? Ulaz nema od 3,5mm, baš su iskomplikovali."
https://mobilnisvet.com/mobilni-komentari/blm/Honor/Magic5-Lite/16,Honor,Honor Magic5 Lite,djole,2023-04-11 13:49:00,"Ljudi ako vam je loša kamera na ovom telefonu skinite Gcam kameru preko te aplikacije ovaj telefon slikava odlično. Moj brat ima Samsung A52s i uporedjivao sam Gcam kameru sa njegovom kamerom i nema neke velike rezlike u kvalitetu slike, čak je u nekim slučajevima Honor Magic5 Lite napravio bolju sliku od Samsunga a52s."
https://mobilnisvet.com/mobilni-komentari/blm/Honor/Magic5-Lite/16,Honor,Honor Magic5 Lite,Zorana,2023-04-11 11:46:00,"uzela telefon, vrlo lako prebacivanje podataka sa starog Samsung telefona, sve radi kako treba, proveravaću bateriju danas, imam opet pitanje, pošto uz telefon dolazi samo kabl za punjenje, da li je dovoljan Huawei 22,5 w punjač ili mora jači? Hvala na odgovorima i dobrim preporukama...."
https://mobilnisvet.com/mobilni-komentari/blm/Honor/Magic5-Lite/16,Honor,Honor Magic5 Lite,Tajči,2023-04-11 07:24:00,Honor magic 5 lite ili Samsung a33 ee 5g?
https://mobilnisvet.com/mobilni-komentari/blm/Honor/Magic5-Lite/16,Honor,Honor Magic5 Lite,Dijana,2023-04-06 09:50:00,"Da li je telefon ok za prosečnog korisnika, bez igranja igrica, društvene mreže, poneka slika, filmovi i to? Da li će biti ok za korištenje neke 2 godine?"
https://mobilnisvet.com/mobilni-komentari/blm/Honor/Magic5-Lite/16,Honor,Honor Magic5 Lite,Srđan,2023-04-05 07:28:00,Ovaj telefon ima odličnu bateriju ili možda bolje rečeno “sporo trošenje”.To znači da za brzim punjenjem malo i mema potrebe jer imate dve noći na raspolaganju da telefon napunite.Ekran je dobar 120hz i telefo nije težak..Dobar je.Pozdrav S
https://mobilnisvet.com/mobilni-komentari/blm/Honor/Magic5-Lite/16,Honor,Honor Magic5 Lite,Marina,2023-04-04 08:57:00,"Dobar dan, da li moze neko da mi kaze koji je bolji Honor Magic Lite ili Samsung A 53? Razlike i mane , ili preporuka za neki treci telefon u tom rangu, imala sam Honor View 20 i bila sam prezadovoljna dok mi dete nije ubacio telefon u WC solju. Hvala unapred"
https://mobilnisvet.com/mobilni-komentari/blm/Honor/Magic5-Lite/16,Honor,Honor Magic5 Lite,Mk,2023-04-02 08:40:00,"Koliko je bolja baterija u odnosu na honor 70,al realno?"
https://mobilnisvet.com/mobilni-komentari/blm/Honor/Magic5-Lite/16,Honor,Honor Magic5 Lite,Dejan D,2023-03-29 12:53:00,Samsung A53 5g ili Honor Magic5 lite ??
https://mobilnisvet.com/mobilni-komentari/blm/Honor/Magic5-Lite/16,Honor,Honor Magic5 Lite,Laki,2023-03-29 08:21:00,"Ovo je telefon srednje niže klase i ne poredi se sa višom. Za te pare to je to. Karakteristike zadovoljavaju 90% korisnika, sem onih koji gube oči na igricama. Ekran odličan, izgled premijum, brzo punjenje, dobra baterija. Ostalo je prosečno. Mene, koji se ne igram, ovo zadovoljava a izgled mi je veoma bitan. Kao i sve druge telefone, promeniću ga posle godinu, dve. Nisu mi važna ažuriranja jer će biti promenjen posle najviše dve godine. Telefoni se brzo menjaju i ne kupuju se za ceo život. Dizajn, baterija i kamera su mi je najvažniji a ostale karakterike uglavnom zadovoljavaju. Za 200-300 evra se ne može kupiti Ferari."
https://mobilnisvet.com/mobilni-komentari/blm/Honor/Magic5-Lite/16,Honor,Honor Magic5 Lite,Zoki,2023-03-27 17:04:00,"Ljudi jel ovaj Magic5 Lite ima IR blaster, nek neko proveri, zato što se neki žale da postoji rupa za IR Blaster ali da je sam infrared senzor skinut, jer je samo namenjen za kineski Honor X9a. Ostave kućiste a skinu infrared. To su radili i na nekim ZTE-ovim modelima."
https://mobilnisvet.com/mobilni-komentari/9955/Honor/70/17,Honor,Honor 70,Бобан,2022-12-22 00:01:00,Stigla prekjuče zakrpa baterija još bolja
https://mobilnisvet.com/mobilni-komentari/9955/Honor/70/17,Honor,Honor 70,Djole,2022-12-20 11:37:00,"Molim pomoć, da li uzeti ovaj telefon ili Samsung S 21 FE 5g?"
https://mobilnisvet.com/mobilni-komentari/9955/Honor/70/17,Honor,Honor 70,Maya,2022-12-19 22:11:00,Imam trenutno Huawei P 20 pro i odrede zadovoljna sam. Htjela sam uzeti Honor 70 ali se dvoumim... Ili huawei nova 10 ali se bojim ovog sto nema androida. Pomoć hitno
https://mobilnisvet.com/mobilni-komentari/9955/Honor/70/17,Honor,Honor 70,Negzi,2022-12-17 12:57:00,S obzirom da cesto menjam tel.(to mi je hobi)
https://mobilnisvet.com/mobilni-komentari/9955/Honor/70/17,Honor,Honor 70,Danilo,2022-12-15 22:15:00,"Kaparisao telefon još u pretprodaji uz njega dobio sat gratis tako da što se mene tiče profitirao!Vidim da se vodi polemika oko kamere i slika pa ću dati neki svoj lični utisak jer sam takođe ljubitelj fotografije i po tome generalno biram telefon kao i po ekranu jer volim da gledam serije i filmove!Kamera prednja je odlična sa puno detalja a posebno bih istakao da me je oduševilo da ima noćni portret koji savršeno bluruje pozadinu i izdvaja subjekat.Zadnja kamera preko dana daje odlične slike sa jako realnim bojama i prirodne pošto ne volim prenaglašene boje ko to voli ima u postavkama HDR slikanje.Ultraširoka kamera je fenomenalna pogotovo kad se koristi kao mikro jer ima taj mod u postavci slike su oštre detaljne i neverovatno šta je sve u stanju da uhvati, naravno ako vam pričinjava zadovoljstvo da slikate bubice, cveće i ostale sitne objekte.Realno u određenim uslovima slike deluju malo mekše ali onaj ko barata sa alatima u sistemu galerije ima podešavanja da slike učini oštrijim ako mu to više odgovara kao što mnogi vole bjuti selfi koji je po meni nerealan prikaz ljudi i ja ga izbegavam.Jedino malo razočaranje mi je bio noćni mod ne znam zašto slike su ok al ja sam valjda očekivao nešto više. Kao što rekoh ekran je odličan sve ide glatko boje su živopisne i milina je gledati serije i filmove.Baterija je takođe vrhunski optimizovana tako da može i dva dana da izvuče ako niste baš navučeni na mobilni. Jedina velika zamerka što se mene tiče je što nema stero zvuk.Uglavnom očekujem poboljšanja i uz nova ažuriranja pa ćemo videti, za sada jako zadovoljan telefonom i rado bih ga preporučio.Zaborsvih reći stilski je jako privlačan i dosta ljudi mi je reklo da izgleda lepo vizuelno ako je i to nekome važno meni ne baš preterano al eto i to mu je valjda plus izdvaja se dizajnom."
https://mobilnisvet.com/mobilni-komentari/9955/Honor/70/17,Honor,Honor 70,Biljana,2022-12-13 10:38:00,"Kupila sam Honor 70 pre neki dan, a imam i Nova 5 t i primećujem da mi je kamera nešto bolja na Nova 5 t 😶‍🌫️ Inače shvatam da je ovaj telefon po performansama bolji ali meni je i kamera bitna. Sada se pomalo kajem što nisam uzela Nova 10 pro."
https://mobilnisvet.com/mobilni-komentari/9955/Honor/70/17,Honor,Honor 70,Logan,2022-12-12 07:29:00,Potreban savet dvoumim se sta da uzmem izmedju ovog i S21 FE 5G
https://mobilnisvet.com/mobilni-komentari/9955/Honor/70/17,Honor,Honor 70,Vladimir,2022-12-11 17:54:00,"Koja bi najbolja kamera bila da se instalira za ovaj model...imam trenutno dve kamere plis stock kamera, ali me interesuje, po vama, koja je najbolja kamera?"
https://mobilnisvet.com/mobilni-komentari/9955/Honor/70/17,Honor,Honor 70,Igor,2022-12-11 07:54:00,Telefon odlican osim baterije koja ne moze da izdrzi dan koriscenja.
https://mobilnisvet.com/mobilni-komentari/9955/Honor/70/17,Honor,Honor 70,Kija,2022-12-10 18:22:00,Jel vredi dodati pare za ovaj u odnosu na honor 50.Hvala
https://mobilnisvet.com/mobilni-komentari/9955/Honor/70/17,Honor,Honor 70,Mico,2022-12-09 06:33:00,Jel ovaj telefon ima eSim ?
https://mobilnisvet.com/mobilni-komentari/9955/Honor/70/17,Honor,Honor 70,Klop,2022-12-07 13:57:00,Ovaj ili 11T?
https://mobilnisvet.com/mobilni-komentari/9955/Honor/70/17,Honor,Honor 70,Vlada,2022-12-05 21:46:00,"Zaboravih da pitam, da li postoji mogucnost dual apk (viber, whatsapp...)"
https://mobilnisvet.com/mobilni-komentari/9955/Honor/70/17,Honor,Honor 70,Iris,2022-12-05 17:23:00,Koristim Huawei P30 pro od kada je izašao. Četvrtu godinu već čini mi se. Da li posle njega vredi preći na honor 70?
https://mobilnisvet.com/mobilni-komentari/9955/Honor/70/17,Honor,Honor 70,Cole,2022-12-05 08:20:00,"Iskreno. Ne bih ga kupio da opet biram. Znatno bolji od predhodnika. Procesor i bat su odlicni, ekran super. Uzeo sam mesec dana sta za 280e. Ali opes se vratio na mi 11 po meni bolji za ono sto meni treba. Honor prednja kamera ocajna. Zadnje su dobre ali kada ih uporedim..."
https://mobilnisvet.com/mobilni-komentari/9955/Honor/70/17,Honor,Honor 70,Mile,2022-12-04 12:55:00,Da li vredi kupiti ovaj posle a52s 5g?
https://mobilnisvet.com/mobilni-komentari/9955/Honor/70/17,Honor,Honor 70,Dusan,2022-12-04 07:36:00,"Zasto kada ugasim telefon i kasnije ga ukljucim, ukljuci sam automatsko osvetljenje, koje sam ugasio i svetlo se samo smanji? Da li postoji mogucnost da ne vraca uvek na automatska osvetljenja?"
https://mobilnisvet.com/mobilni-komentari/9955/Honor/70/17,Honor,Honor 70,Vlada,2022-12-03 15:25:00,Kako da ukljucim da mi vibrira tastatura prilikom kucanja? Kao i dodiri ?
https://mobilnisvet.com/mobilni-komentari/9955/Honor/70/17,Honor,Honor 70,Mila,2022-12-02 22:10:00,"Da li neko zna kako da povezem Honor 70 sa Huawei gt 2e satom, preko play prodavnice nema huawei health da se skine na honoru a ne znam kako drugacije? Hvala"
https://mobilnisvet.com/mobilni-komentari/9955/Honor/70/17,Honor,Honor 70,Ghost,2022-12-01 18:28:00,"Da li da čekam Honor 80 i 80 Pro, koliko su bolji od 70 šta mislite?"
https://mobilnisvet.com/mobilni-komentari/9955/Honor/70/17,Honor,Honor 70,Boban,2022-11-30 19:01:00,"Da li su obavestenja oznacena samo tackama,nema brojeva?"
https://mobilnisvet.com/mobilni-komentari/9955/Honor/70/17,Honor,Honor 70,Adnan,2022-11-29 14:07:00,"Sigurno je da je dobar telefon više srednje klase. A da je trenutna cena visoka i to stoji. Razmišljao sam da li da ga uzmem ali me iskreno cena telefona odbila. Uzeo sam OnePlus Nord 2 na akciji verzija 8/128 gb za 35 hiljada. Prilično su sličnih karakteristika. Na stranu Nord 2 ide jači procesor, stereo zvuk, dizajn i veličina a na Honor 70 bolja selfi i ultraširoka kamera, ekran sa osveženjem od 120 hz, baterija... Pa ko se za šta odluči. Napominjem da je cena telefona presudno odlučila šta da uzmem"
https://mobilnisvet.com/mobilni-komentari/9955/Honor/70/17,Honor,Honor 70,Nenad,2022-11-29 07:54:00,"Tel izgleda prelepo, planiram da ga kupim, ali me interesuju iskustva kod stavljanja zastitnog stakla,zbog zaobljenih ivica ekrana?? Kako to stoji..itd? A staklo vidim kosta oko 2.500 din!"
https://mobilnisvet.com/mobilni-komentari/9955/Honor/70/17,Honor,Honor 70,tamara,2022-11-27 13:55:00,molim vas predlog za telefon do nekih 50-55.000 koji ima bas bas dobru kameru i performanse. U poslednje vreme cujem gomilu komentara protiv xiaomi telefona pa me interesuju iskustva za neku drugu marku i model. Hvala unaored
https://mobilnisvet.com/mobilni-komentari/9955/Honor/70/18,Honor,Honor 70,Dragan,2022-11-25 21:25:00,Uzo sam honor 50 a mislio 70. Al svakako telefoni su skoro isti u 50 je ekran malo manji. 70 je neznatno bolji al ne puno. To je isto ko 50
https://mobilnisvet.com/mobilni-komentari/9955/Honor/70/18,Honor,Honor 70,Logan,2022-11-25 12:51:00,Ljudi pomagajte sta da uzmem Honor 70 ili Samsung A53
https://mobilnisvet.com/mobilni-komentari/9955/Honor/70/18,Honor,Honor 70,Nesa,2022-11-25 11:12:00,Pomoć -kako da na Honor 70 snimam pozive?
https://mobilnisvet.com/mobilni-komentari/9955/Honor/70/18,Honor,Honor 70,Nikola,2022-11-21 15:59:00,"Ne mogu da verujem da ljudi isključivo pričaju o kameri, ne samo na ovom, nego svim uređajima, pa jel to najbitnije?"
https://mobilnisvet.com/mobilni-komentari/9955/Honor/70/18,Honor,Honor 70,Nikola,2022-11-21 13:34:00,"Telefon koristim i testiram 72 sata, model 8/256. Neko, ili mnogi, će reći malo. Međutim, zapitajte se, zbog čega svi uređaji, ne samo telefoni, ostaju na Benchmark testu 2 do tri dana. Odgovor: Zato što je to više nego dovoljno vremena da se svaki uređaj (tel, laptop, desk, graf karta, memorija, procesor - kod komponenata) testira na pravi način i uporedi sa konkurencijom."
https://mobilnisvet.com/mobilni-komentari/9955/Honor/70/18,Honor,Honor 70,Ognjen,2022-11-17 21:58:00,"Na papiru je slabiji od Nord2, a skoro duplo skuplji. Slabiji procesor, slabija ocena kamere na DXOMARK, a obadva bi trebalo da imaju ispeglan softver. U rangu 300-350 e ovo deluje kao odlicna ponuda, ali za 500+ fali dosta.."
https://mobilnisvet.com/mobilni-komentari/9955/Honor/70/18,Honor,Honor 70,John W,2022-11-17 10:58:00,"Ljudi, ovo je dosta dobar telefon, kamere fantastične, neka vas ne brine nedostatak OISa, ima elektronski stabilizator."
https://mobilnisvet.com/mobilni-komentari/9955/Honor/70/18,Honor,Honor 70,Mick,2022-11-16 18:51:00,Kakva je izrada ovog telefona? Neko piše da je veoma osetljiv i da se lako grebe.
https://mobilnisvet.com/mobilni-komentari/9955/Honor/70/18,Honor,Honor 70,Katarina,2022-11-13 11:57:00,"Koristim telefon 2 mjeseca.. I zasad sam oduševljena.. Meni mozda jedina mala mana, selfi kamera nema ultra wide.. Naprijed ima, ali selfi nema.. Potrebno je nekad kad je više ljudi tu. Inače baterija top prije sam uvijek nosila punjač kad idem u nocnu smjenu, sad idem opusteno.."
https://mobilnisvet.com/mobilni-komentari/9955/Honor/70/18,Honor,Honor 70,Peki,2022-11-12 05:00:00,"Da li je AOD dobar,jel moze da bude ukljucen non stop da radi,i kako mu rade notifikacije za sve one standarne aplik.watsh,viber,messeng,gmail i ostale.Ima li za njega da se kupi maskica i staklo ili zastitna folija u Srbiji."
https://mobilnisvet.com/mobilni-komentari/9955/Honor/70/18,Honor,Honor 70,Hi,2022-10-28 11:41:00,Sta bi pre uzeli
https://mobilnisvet.com/mobilni-komentari/9955/Honor/70/18,Honor,Honor 70,Majkl,2022-10-27 23:14:00,"I ja sam jedan od onih koji se dvoume između Honor 70 i Fusion, ne mogu da procenim koji je bolji i koji telefon ima bolju kameru. Možda bih pre i Honor zato što ima 256 za razliku od Moto koja ima 128 GB memorije.  Vidim da su ljudi zadovoljni sa oba modela, nema baš puno kritika."
https://mobilnisvet.com/mobilni-komentari/9955/Honor/70/18,Honor,Honor 70,Dejan,2022-10-23 17:59:00,"Pozdrav, jel podržava dve kartice, tj. ima li slot za drugu karticu?"
https://mobilnisvet.com/mobilni-komentari/9955/Honor/70/18,Honor,Honor 70,Vukan,2022-10-17 18:01:00,Ovaj ili Motorola Edge 30 Fusion?
https://mobilnisvet.com/mobilni-komentari/9955/Honor/70/18,Honor,Honor 70,Marko,2022-10-12 20:44:00,"Koristio p30 pro dugo, po mom misljenju jedan od najboljih android tel. ikada. Pokusao sa xiaomi mi 11t pro, promasaj, cigletina. Svaka cast svakome ko voli xiaomi, ja, nikad vise. Zatim koristio samsung s21 fe, dobar telefon, ali ruzan. Od skoro presao na honor 70. Baterija ubedljivo najbolja od pomenutih predhodnika, zadnja kamera odlicna, selfi korektna. Brzo punjenje kao i ekran, odlicni. Prilicno sam zahtevan korisnik i sve u svemu, preporuka."
https://mobilnisvet.com/mobilni-komentari/9955/Honor/70/18,Honor,Honor 70,MM,2022-10-12 20:33:00,pozz
https://mobilnisvet.com/mobilni-komentari/9955/Honor/70/18,Honor,Honor 70,Hami,2022-10-10 16:44:00,Da li ga vredi uzeti za 400e novog?
https://mobilnisvet.com/mobilni-komentari/9955/Honor/70/18,Honor,Honor 70,dragan,2022-10-09 17:34:00,"zdravo. imam honor 70 nedelju dana. telefon radi top. ima problem sa ekranom,posle nekog vremena pocrni ekran i traje par sekundi. ili blinka par puta crno i prestane. odneo sam na reklamaciju,ali nije uvazena."
https://mobilnisvet.com/mobilni-komentari/9955/Honor/70/18,Honor,Honor 70,Branko,2022-10-08 10:46:00,Dešava li se kome da iz cista mira izgubi wi-fi konekciju? Iako je pored rutera ne može da pronađe mrežu... Restartujem ga i radi normalno..
https://mobilnisvet.com/mobilni-komentari/9955/Honor/70/18,Honor,Honor 70,Sss,2022-10-04 10:58:00,"Ajd tupavo pitanje, telefon je odličan, ali ne mogu da ga restartujem, niti ugasim dok se ne isprazni sam... Koja je fora?  Zadržim dugme za paljenje i pokaže beli krug dole i to je to. Probam da kliknem na taj krug i ništa"
https://mobilnisvet.com/mobilni-komentari/9955/Honor/70/18,Honor,Honor 70,Nebojša,2022-10-03 20:00:00,"Pošto ima SD čip potražite Gcam, recimo na celsoazevedo."
https://mobilnisvet.com/mobilni-komentari/9955/Honor/70/18,Honor,Honor 70,Pet,2022-10-03 14:59:00,"Molim za preporuke i savete, u velikoj sam dilemi izmedju modela: pixel 6, honor 70, edge 30 fusion, s21 fe? Bitni su mi kamera, baterija, pouzdanost naravno da sto manje baguje itd. Igrice ne igram, znaci neka standardna upotreba yt, drustvene mreze, surf"
https://mobilnisvet.com/mobilni-komentari/9955/Honor/70/18,Honor,Honor 70,Jasna,2022-10-02 21:54:00,"Dal je moguce da su stvarno tako lose kamere, kao u komentarima ispod? Ja bas htela da uzmem honor za par meseci, a sada koristim novu 5t i kamera mi je super."
https://mobilnisvet.com/mobilni-komentari/9955/Honor/70/18,Honor,Honor 70,Kokolino,2022-10-02 10:24:00,"Jesu li i na ovom modelu kao npr na Honor 50 zaboravili na vibraciju kod navigation home,back,recent? Ako jesu to im je ozbiljna dijagnoza zbog čega se to uopšte radi."
https://mobilnisvet.com/mobilni-komentari/9955/Honor/70/18,Honor,Honor 70,Miloš,2022-09-30 22:28:00,"Koji bi mi preporučili za kupovinu, ovaj ili Motorola Edge 30 Fusion? Ne znam nikog u svom okruženju ko koristi Motorolu, ne znam kakvi su im telefoni, sistem, baterija, kamera uopšte."
https://mobilnisvet.com/mobilni-komentari/blm/Honor/Magic5-Lite/17,Honor,Honor Magic5 Lite,Sasa,2023-03-26 20:24:00,Pozz drugari zanima me ovaj telefon ocu da ga kupim kakav je uopste kad se prica s nekim na mesengeru video poziv me zanima kad sam u kucu tacnije sobi znaci moja slika je unakazena sta rwci to se desilo na honor x7 i morao sam da ga vratim sta mi preporucujete da ga kupim ili be
https://mobilnisvet.com/mobilni-komentari/blm/Honor/Magic5-Lite/17,Honor,Honor Magic5 Lite,djole,2023-03-24 19:47:00,Baterija mi drži za sada dosta dobro ali ja ga nikada ne punim do 100% već do 80-90% i ne praznim ga nikad ispod 20% ali uglavnom ga priključujem na punjač kada ima oko 30% tako da s obzirom da ne punim telefon do kraja baterija mi drži odlično svaki drugi dan ga punim.
https://mobilnisvet.com/mobilni-komentari/blm/Honor/Magic5-Lite/17,Honor,Honor Magic5 Lite,Mk,2023-03-24 19:17:00,"Koliko ti izdrzi baterija ,kakvi su utisci?"
https://mobilnisvet.com/mobilni-komentari/blm/Honor/Magic5-Lite/17,Honor,Honor Magic5 Lite,Doberman,2023-03-23 12:16:00,"Dvoumio sam se izmedju ovog i Honor 70,ali sam ipak porucio 70."
https://mobilnisvet.com/mobilni-komentari/blm/Honor/Magic5-Lite/17,Honor,Honor Magic5 Lite,P,2023-03-23 10:40:00,Ljudi koji punjač kupiti za ovaj telefon??
https://mobilnisvet.com/mobilni-komentari/blm/Honor/Magic5-Lite/17,Honor,Honor Magic5 Lite,jovan,2023-03-22 17:55:00,Da li ima google play prodavnicu?
https://mobilnisvet.com/mobilni-komentari/blm/Honor/Magic5-Lite/17,Honor,Honor Magic5 Lite,Gari,2023-03-22 14:52:00,"ja nisam napisao da je SD 695 loš procesor (da je tako ne bi trpali svuda u modele od 50 do 5000 eur) već  je slab u oblasti obrade fotografija plus što napisah da i ovaj (i ostali skoro na tržišu prispeli) Honori imaju odlično optimizovan softver ali zašto ne kupiti bolji od ovoga po mnogim osobinama Honor 50 jer je zaboga ""prastari"" model iz prošle godine?!"
https://mobilnisvet.com/mobilni-komentari/blm/Honor/Magic5-Lite/17,Honor,Honor Magic5 Lite,Honorr,2023-03-21 22:47:00,"S obzirom da u pakovanju ne dolazi punjac, koji punjac da kupim i gde ima da se kupi?"
https://mobilnisvet.com/mobilni-komentari/blm/Honor/Magic5-Lite/17,Honor,Honor Magic5 Lite,Pajado,2023-03-21 19:03:00,Jer on to nema ulaz za memorijsku
https://mobilnisvet.com/mobilni-komentari/blm/Honor/Magic5-Lite/17,Honor,Honor Magic5 Lite,Doberman,2023-03-21 17:20:00,"Jel ima neko da kaze objektivno kakav je?Ne brine me procesor,ne igram igrice.Kakve su fotke?Generalno,opsti utisak."
https://mobilnisvet.com/mobilni-komentari/blm/Honor/Magic5-Lite/17,Honor,Honor Magic5 Lite,Miks,2023-03-21 16:52:00,Ovaj telefon ima jednu najbotniju stvar a to je baterija odlicna sto je najbitnije a ove druge stvari u pitanju su nijanse
https://mobilnisvet.com/mobilni-komentari/blm/Honor/Magic5-Lite/17,Honor,Honor Magic5 Lite,Milos,2023-03-21 11:57:00,Pozdrav! Da li uzeti ovaj za 270e ili pixel 6a za 320e?
https://mobilnisvet.com/mobilni-komentari/blm/Honor/Magic5-Lite/17,Honor,Honor Magic5 Lite,1,2023-03-21 09:07:00,Dali ovaj model ima brzi punjac
https://mobilnisvet.com/mobilni-komentari/blm/Honor/Magic5-Lite/17,Honor,Honor Magic5 Lite,xxx,2023-03-21 08:34:00,"Ljudi ako vam se sviđa ovaj telefon vi ga kupite i nemojte ovde slušati pojedince koji sve najgore pričaju o ovom telefonu a u stvari pojma nemaju. Takvi ljudi obično do podne mrze sebe a od podne ceo svet. Prvo su pričali kako ovaj telefon ima  𝐞𝐌𝐌𝐂 𝟓.𝟏 što nije tačno već ima 𝐔𝐅𝐒 𝟐.𝟐, pa su pričali kako je snapdragon 𝟔𝟗𝟓 veoma slab procesor a u stvari je jači od snapdragona 𝟕𝟓𝟎𝐆 a to možete pogledati i ovde"
https://mobilnisvet.com/mobilni-komentari/blm/Honor/Magic5-Lite/17,Honor,Honor Magic5 Lite,Gari,2023-03-19 16:11:00,"Honor ima sasvim solidnu optimizaciju softvera i u kontekstu toga i ovaj SD 695 inače vrlo slab procesor kada je oblast fotografisanja u pitanju, vršiće posao. Međutim pisati ako vam se ne sviđa ovaj model treba da puknete 1000+ eur za neki bolji je van pameti. Toliko ih je po istoj ovoj ili sasvim malo višoj ceni da će samo neupućeni da se zaleću na ovaj model pored Samsung A52s, A53, Google Pixel 6A, Xiaomi 11T pro, Poco F3,F4...I da,svi izgledaju sasvim ok kada ih bacite na sto ako vam je to presudno kakav ćete telefon odabrati :)"
https://mobilnisvet.com/mobilni-komentari/blm/Honor/Magic5-Lite/17,Honor,Honor Magic5 Lite,pelikan,2023-03-18 13:19:00,poz jel ovaj bolji od xiaomi redmi note 10 pro???
https://mobilnisvet.com/mobilni-komentari/blm/Honor/Magic5-Lite/17,Honor,Honor Magic5 Lite,Dragan,2023-03-17 17:09:00,Imam honor 50 i jako sam zadovoljan. Nisu mi jasni ljudi koji komentarišu . Ovaj telefon koje jako dobar ima dobru kameru  malo je bolji honor 50 al i ovaj je vrh. Sve pohvale jedan je honor
https://mobilnisvet.com/mobilni-komentari/blm/Honor/Magic5-Lite/17,Honor,Honor Magic5 Lite,djole,2023-03-17 10:16:00,Ko se žali na kameru neka skine Gcam aplikaciju mnogo bolje pravi fotografije preko nje. Evo vam  link
https://mobilnisvet.com/mobilni-komentari/blm/Honor/Magic5-Lite/17,Honor,Honor Magic5 Lite,Marija,2023-03-17 09:20:00,Da li je bolje uzeti ovaj ili Honor x8a? Hvala!
https://mobilnisvet.com/mobilni-komentari/blm/Honor/Magic5-Lite/17,Honor,Honor Magic5 Lite,ZM,2023-03-16 21:10:00,"Solidan telefon za ove novce. Mada wide kamera je mogla zaista da bude bolja, ovako je wide slika kao slika sa nekog telefona iz 2005. Baterija nije kao sto predstavljaju, koristim tri aplikacije tokom dana, bez poziva, 2-3 slike dnevno i moram da punim 2x u 24h. Korisnicka podrska mi je prosledila ovaj odgovor na pitanje za bateriju, dakle 22h na STANDBY, ne znam da li svi kupujemo telefon da nam bude na stanby... toliko drzi i moj stari telefon 4 godine star."
https://mobilnisvet.com/mobilni-komentari/blm/Honor/Magic5-Lite/17,Honor,Honor Magic5 Lite,djole,2023-03-16 16:48:00,"Upravo mi je stigao telefon,  prvi utisci su fenomenalni."
https://mobilnisvet.com/mobilni-komentari/blm/Honor/Magic5-Lite/17,Honor,Honor Magic5 Lite,djole,2023-03-16 11:56:00,Svi vi koji pišete da ne valja ovaj telefon vi kupite neki od 1000€ i imaće odličan procesor i kamere ali ovaj telefon košta 300€ i spada u srednju klasu. Ja ne znam šta vi očekujete da vam oni naprave sve najbolje specifikacije za 300€. I ovde što širite dezinformacije kako ovaj telefon ima eMMC5.1. Evo vam link gde piše da telefon ima UFS2.2
https://mobilnisvet.com/mobilni-komentari/blm/Honor/Magic5-Lite/17,Honor,Honor Magic5 Lite,Kiki,2023-03-15 23:11:00,"SD 695 u 2023 god?! Hvala, ne."
https://mobilnisvet.com/mobilni-komentari/blm/Honor/Magic5-Lite/17,Honor,Honor Magic5 Lite,Marko,2023-03-13 17:39:00,"Kakva je baterija na telefonu , jel istina tako dobra?"
https://mobilnisvet.com/mobilni-komentari/87w/Honor/400-Pro-12GB-256GB-1x-SIM-1x-eSIM/13,Honor,Honor 400 Pro,Bojan,2025-05-25 00:47:00,"Danas ga porucio, javljam utiske kada mi telefon bude stigao."
https://mobilnisvet.com/mobilni-komentari/87w/Honor/400-Pro-12GB-256GB-1x-SIM-1x-eSIM/13,Honor,Honor 400 Pro,Koja,2025-05-24 09:23:00,Kamere lose za tu cenu. Samsung ili Iphone bolje imaju plus softersku podrsku.
https://mobilnisvet.com/mobilni-komentari/87w/Honor/400-Pro-12GB-256GB-1x-SIM-1x-eSIM/13,Honor,Honor 400 Pro,Prolupator,2025-05-23 19:28:00,"Uzeo ovaj tel preko yettela, ima li ko problema sa image to video ai?! Nemam ga u galeriji..."
https://mobilnisvet.com/mobilni-komentari/87w/Honor/400-Pro-12GB-256GB-1x-SIM-1x-eSIM/13,Honor,Honor 400 Pro,Zoran,2025-05-23 13:08:00,Nadam se da je dobar kao što obećava! :)
https://mobilnisvet.com/mobilni-komentari/blm/Honor/Magic5-Lite/18,Honor,Honor Magic5 Lite,djole,2023-03-12 11:34:00,Poručio sam ovaj telefon za 290€ nov. Da li je to dobra cena za ovaj telefon.
https://mobilnisvet.com/mobilni-komentari/blm/Honor/Magic5-Lite/18,Honor,Honor Magic5 Lite,Staša,2023-03-11 17:26:00,Da li uzeti ovaj mob ili Redmi note 11 pro? Hvala puno
https://mobilnisvet.com/mobilni-komentari/blm/Honor/Magic5-Lite/18,Honor,Honor Magic5 Lite,Marko,2023-03-09 23:37:00,Uzeo danas kdo operatera prvi utisci su na žalost losi. Pre ovog koristio honor 20 skoro 3 godine. Ko se dvoumi moja topla preporuka je da izbegne ovaj telefon. Naravno ako je neko imao losiji telefon od honor 20 onda mu ovaj i nece biti tako loš.
https://mobilnisvet.com/mobilni-komentari/blm/Honor/Magic5-Lite/18,Honor,Honor Magic5 Lite,Kg,2023-03-09 14:05:00,"Koliko para toliko muzike, ko misli da je slab nek ide da komentariše Magic5pro."
https://mobilnisvet.com/mobilni-komentari/blm/Honor/Magic5-Lite/18,Honor,Honor Magic5 Lite,neimformisan,2023-03-07 03:56:00,"pitanje za vas koji se razumete, da li ovi honor telefoni dodju kao malo losija verzija xiaomija? kao i realme npr.? i koji su najboji kineski vam huaveja?"
https://mobilnisvet.com/mobilni-komentari/blm/Honor/Magic5-Lite/18,Honor,Honor Magic5 Lite,Operativac,2023-03-04 17:34:00,"Sve sami strucnjaci koji hoce za malo para da dobiju najnoviji procesor i memoriju,vi lepo pljusnite 1000e pa uzmite SD 8gen pa se pohvalite kako imate azdaju u dzepu a malo para u novcaniku"
https://mobilnisvet.com/mobilni-komentari/blm/Honor/Magic5-Lite/18,Honor,Honor Magic5 Lite,Alex,2023-03-03 19:11:00,Ogromna mana ili hendikep je to što za internu memoriju koristi emmc 5.1 koja je mnogo zastarela i ima brzinu 250mb/s...A danas je minimum UFS 2.2 koja ima brzinu 850mb/s i mogućnost da vrši upis i čitanje podataka u isto vreme...
https://mobilnisvet.com/mobilni-komentari/blm/Honor/Magic5-Lite/18,Honor,Honor Magic5 Lite,Yo Yo Ma,2023-03-03 18:29:00,"Odlično, kod svih se nastavlja trend iz prošle godine-sve manje (kvaliteta) za sve veće (sume novca). A 695 trpaju u sve moguće i nemoguće kombinacije."
https://mobilnisvet.com/mobilni-komentari/blm/Honor/Magic5-Lite/18,Honor,Honor Magic5 Lite,Mr No,2023-03-03 11:50:00,"Da, sve korektno i manje od toga osim vrlo bitnog detalja a nije teško pogoditi o čemu se radi. A taj ""detalj"" prate i Xiaomi, Vivo, Samsung... i vezan je za vrlo plitki potrošački džep (bar ovde u Srbiji)."
https://mobilnisvet.com/mobilni-komentari/blm/Honor/Magic5-Lite/18,Honor,Honor Magic5 Lite,Doberman,2023-03-02 19:24:00,Bas me zanimaju prvi utisci.Deluje skroz korektno za ovaj novac.
https://mobilnisvet.com/mobilni-komentari/9955/Honor/70/19,Honor,Honor 70,paun,2022-09-28 15:37:00,"Koristim p40 (obican) dve god, presao bih na honor 70 prvenstveno zbog veceg ekrana i jer je noviji...Zanima me samo da li se isplati po pitanju kamere? U redu mi je da su slicne, samo da honorova nije primetno losija?"
https://mobilnisvet.com/mobilni-komentari/9955/Honor/70/19,Honor,Honor 70,Dusan,2022-09-26 19:52:00,Imam Google pixel 6 i razmisljam se da li da uzmem honor 70. Ranije sam imao honor i njehov sistem mi odgovara vise od Google samo se dvoumim izmedju kamera koji je bolji ako moze pomoć hvala
https://mobilnisvet.com/mobilni-komentari/9955/Honor/70/19,Honor,Honor 70,Est,2022-09-26 09:40:00,"Pozdrav, dvoumim se izmedju s21 fe i honora 70, sta mi preporucujete? Najbitnije su mi baterija i kamera."
https://mobilnisvet.com/mobilni-komentari/9955/Honor/70/19,Honor,Honor 70,Maja,2022-09-25 14:38:00,"Imam Huawei P30 pro. Koji vrhunski radi. Dunulo mi da ga menjam, a i danas ga polupam. Ali radi. Huawei su mi top ali me nervira operativni sistem. Gledala sam uporedne testove sa npr.S21,S21+, S22, S22+ I ne vidim neko wow značajno poboljšanje u odnosu na 30pro, osim cene. I nemam pojma sta da kupim? Volim da imam dobar telefon iako realno ni pola snage procesora ne iskoristim. Svidja mi se Honor 70. Baterija, punjac, procesor, ekran. Al mislim da nije sjajna kamera. Zvučnik bzvz ali nije da preterano koristim. Da li neko ima neki predlog?"
https://mobilnisvet.com/mobilni-komentari/9955/Honor/70/19,Honor,Honor 70,Nenad,2022-09-23 06:18:00,"Moze li neko da mi kaze kakav je zvuk na ovom telefonu? Inace trenutno imam RN9 pro. Istice mi ugovor, a izbor je pao na ovaj ili Xiaomi 12 lite."
https://mobilnisvet.com/mobilni-komentari/9955/Honor/70/19,Honor,Honor 70,iv,2022-09-20 11:10:00,Honor 70 ili Pixel 6A ?
https://mobilnisvet.com/mobilni-komentari/9955/Honor/70/19,Honor,Honor 70,Andrija,2022-09-15 15:07:00,Interesuju me kamere i slike naspram p30pro.Zum i noćni mod.Dal kupovati il popravljti p30pro cena je oko30000din zamena ekrana.A i telefon ima oko3godine.Hvala unapred svima.
https://mobilnisvet.com/mobilni-komentari/9955/Honor/70/19,Honor,Honor 70,Doberman,2022-09-14 21:00:00,"Meni nije jasno kako ljudi ne vide da za 200 evra vise kupuju Honor 50,koji btw takodje nije bio jeftin.Po mom misljenju je S20 fe bolji u svakom segmentu,opet za manje para.Uporedite Samsung Note 10+ sa ovim?A Note je izasao pre bar 4 god i da ne nabrajam dalje."
https://mobilnisvet.com/mobilni-komentari/9955/Honor/70/19,Honor,Honor 70,Dane K.,2022-09-14 15:32:00,"Isto problem sa satom (danas mi je stigao),ne mogu da ga povežem sa telefonom...:("
https://mobilnisvet.com/mobilni-komentari/9955/Honor/70/19,Honor,Honor 70,Miloš,2022-09-10 16:19:00,"Zdravo, uzeo sam mob i sat. Sa mob sa zadovoljan. Ali nikako ne mogu da nakacim sat na mob. Pre ovoga sam imao P30 pro + gt2 i sve je radilo super. Sad na Honor 70 kad dodtam sat gt2 samo pozive mi pokazuje i ja mogu s sata da pozovem a ostala obavestenja nista. A kad Honor Magic 2 hocu da nakacim onda nista. Da li neko zna kako da resim ovaj problem!? Hvala"
https://mobilnisvet.com/mobilni-komentari/9955/Honor/70/19,Honor,Honor 70,Tebra,2022-09-08 17:00:00,"Evo ovako. Citam komentare. Dugo pratim desavanja na sceni mobilnih uredjaja i mogu reci da ovaj telefon zavredjuje paznju. Sto se tice google servisa, Honor se odvojio od Huawei-a i svi telefoni dolaze sa google servisom. Sto se tice ergonomije, telefon lepo lezi u ruci i ima blago zaobljene ivice. Problem je sto nema sertifikat otpronosti na vodu i prasinu kao ni Honor 50. Telefon dolazi sa proslogodisnjim chipsetom koji se pokazao odlicno i manje se greje i ne jede bateriju ali takodje napredniji procesori vrse i malo napredniju obradu fotografije pa i ovo treba imati na umu. Na kraju telefon deluje kao dobra kupovina spram onoga sto dobijes, mada su ih malo precenili jer 70 000 nije mala para a dobijas proslogodisnju tehnologiju... Sve je to individualna stvar, pa sta kome bitno. Zakrivljen ekran je lep ali iz iskustva zastitna folija ode dok si rekao piksla na ovim ekranima."
https://mobilnisvet.com/mobilni-komentari/9955/Honor/70/19,Honor,Honor 70,Ab,2022-09-06 22:06:00,"Kazu, Honor otisao avojim putem pre godinu dana (od Huawei-a), a i danas im telefoni preslilkani, 99% modela, dizajnerski, naravno EMUI i Magic UI, i vise od 99% identicni, cak i iste algoritme za kamere koriste. Da se razumemo, ovo nije minus, nego plus, posebno sto od tog vremena (Honor 50 serije i novije), svi Honor uredjaji imaju predinstalirane GMS (Google servise), naravno i podrsku za 5G mreze (ako je kome bitno), bar oni procesori koji podrzavaju istu 5G brzinu. Za 400 magicnih, plus, pametni sat, BT slusalice, odlicno."
https://mobilnisvet.com/mobilni-komentari/9955/Honor/70/19,Honor,Honor 70,Blagota,2022-09-04 22:02:00,"Pošto niko ne piše o Google servisima ima li ili ne.posto i u recenziji na stranom sajtu nema nikakve informacije..a test za bateriju očekivao sam bolje u odnosu na kapacitet 4800mah..sve što se napise realno i ponešto kritikuje ,komentar  se briše.."
https://mobilnisvet.com/mobilni-komentari/9955/Honor/70/19,Honor,Honor 70,Katy,2022-09-04 19:52:00,"Zdravo.. telefon narucen ,mogu još odustati"
https://mobilnisvet.com/mobilni-komentari/9955/Honor/70/19,Honor,Honor 70,Aleksandad,2022-08-31 11:12:00,"Narucen danas. Videcemo kakav je... na papiru deluje ZVERASTO...trenutno imam s20 FE ,nisam uopste zadovoljan,exynos mu jednostavno jede bateriju,uz intenzivno koriscenje 2x dnevno mora da se puni,a da ne pricam o pregrevanju,mozes jaja da przis jebote.... Onda kad se pregreje,tako zakuca i restartuje se koliko je vreo,ili moramda ga odnesem pod cesmu 2 minda se ohladi... Horor..."
https://mobilnisvet.com/mobilni-komentari/9955/Honor/70/19,Honor,Honor 70,Milan,2022-08-30 09:40:00,Da li vredi preci sa Honor 20 na Honor 70
https://mobilnisvet.com/mobilni-komentari/9955/Honor/70/19,Honor,Honor 70,milos,2022-08-29 11:02:00,"Sta mislite,kakav je ekran?Milsim na ovo oled?Jel kao Amoled?Fo sad koristio mob.sa Ips ekranima"
https://mobilnisvet.com/mobilni-komentari/9955/Honor/70/19,Honor,Honor 70,Durlanac,2022-08-28 06:50:00,"Ovaj telefon ili Samsung s21 FE.? Bitna je kamera, izgled i kvalitet izrade. Hvala"
https://mobilnisvet.com/mobilni-komentari/9955/Honor/70/19,Honor,Honor 70,Nemanja,2022-08-25 14:43:00,Da li neko ima info ima li na honor 70 modelu opticka stabilizacija?
https://mobilnisvet.com/mobilni-komentari/9955/Honor/70/19,Honor,Honor 70,Mi,2022-08-18 11:16:00,Stigao u Srbiju!
https://mobilnisvet.com/mobilni-komentari/9955/Honor/70/19,Honor,Honor 70,ronhill,2022-06-18 20:26:00,"Dobar dan ,da li ce Honor 70 uskoro biti dostupan?"
