url,brand,phone,author,date,comment
https://mobilnisvet.com/mobilni/6718/Huawei/Honor-10-Lite-128GB,Huawei,Huawei Honor 10 Lite,Kivi,2026-07-07 10:00:00,"Imam telefon od januara 2019. evo nekih 7,5 godina i skoro je upao u vodu i potonuo ali i dalje radi nekim čudom, do sada nije bilo nikakvih problema. Svi se čude kako android može da radi ovako. Telefon vredi mnogo više nego što košta ili sam ja ubola neku dobru seriju."
https://mobilnisvet.com/mobilni/6718/Huawei/Honor-10-Lite-128GB,Huawei,Huawei Honor 10 Lite,SmajLi,2025-05-31 13:33:00,"Imam ga oko 5god, 3/64, ne bih ga menjao nikada da ne pokazuje znake starenja."
https://mobilnisvet.com/mobilni/6718/Huawei/Honor-10-Lite-128GB,Huawei,Huawei Honor 10 Lite,Igor,2023-11-08 20:41:00,"2019 sam ga kupio koristio sam ga sa slomljenim ekranom i takvog dao ocu on ga je koristio do juce,posle 4 god poceo je da koci i baterija mu je oslabila"
https://mobilnisvet.com/mobilni/6718/Huawei/Honor-10-Lite-128GB,Huawei,Huawei Honor 10 Lite,Dragan,2023-02-28 13:47:00,"3 godine ga imam, baterija je nakon isteka garancije počela brže da se prazni što je bilo za očekivati, sve u svemu zadovoljan 👌"
https://mobilnisvet.com/mobilni/6718/Huawei/Honor-10-Lite-128GB,Huawei,Huawei Honor 10 Lite,TANSKO,2022-10-25 17:58:00,"Jedina mana kod honor lite 10 je slabo stklo,4 put nosim da menjaju staklo i sve ostalo je radio ,super!!!!!!"
https://mobilnisvet.com/mobilni/6718/Huawei/Honor-10-Lite-128GB,Huawei,Huawei Honor 10 Lite,Petrovich,2021-10-27 14:29:00,"Imam ovaj telefon 2 meseca i mogu reci radi dobro, sve pohvale za ovaj telefon."
https://mobilnisvet.com/mobilni/6718/Huawei/Honor-10-Lite-128GB,Huawei,Huawei Honor 10 Lite,Milos,2021-07-27 15:24:00,Ja ga koristim 2 ipo godine. Mogu vam reci da sam prezadovoljan. Vredi svaki dinar.
https://mobilnisvet.com/mobilni/6718/Huawei/Honor-10-Lite-128GB,Huawei,Huawei Honor 10 Lite,Zoro,2021-07-17 06:26:00,"Koristim dve godine, uglavnom ok ,jedino ne radi vibracija pri dodiru od azuriranja na  android 10"
https://mobilnisvet.com/mobilni/6718/Huawei/Honor-10-Lite-128GB,Huawei,Huawei Honor 10 Lite,canovac,2021-02-22 17:59:00,Dobar za pare koje je plaćen !
https://mobilnisvet.com/mobilni/6718/Huawei/Honor-10-Lite-128GB,Huawei,Huawei Honor 10 Lite,canovac,2021-02-22 17:57:00,meni radi solidno već godinu dana i baterija je ok samo rotacija malo sporije radi neznam kako je kod ostalih korisnika ovog modela ?
https://mobilnisvet.com/mobilni/6718/Huawei/Honor-10-Lite-128GB,Huawei,Huawei Honor 10 Lite,Boban,2021-01-08 15:46:00,"Wifi neradi na 5 mghzsamo na 2,4!!!ogroman propust,sta da menjam ruter i sve sbog ovog sranja,stvarno smesno"
https://mobilnisvet.com/mobilni/6718/Huawei/Honor-10-Lite-128GB,Huawei,Huawei Honor 10 Lite,Brate,2021-01-07 19:34:00,"Kupio u junu 2019...Kamera 5/10,fotografije noću blagi očaj, toliko je loša kamera noću da je drugarov Xioami Redmi 9a napravio bolju fotku..."
https://mobilnisvet.com/mobilni/6718/Huawei/Honor-10-Lite-128GB,Huawei,Huawei Honor 10 Lite,Killshot,2021-01-06 19:43:00,"Nije loš, ali ništa posebno. Evo već dve godine kako ga koristim, nijednom nije zabagovao, sve radi perfektno, ali to jeftino staklo napred... Padne na tepih- menjaj touch, padne na tepih i odskoči na beton- menjaj touch i lcd. Hvala Bogu, još dva meseca i ističe mi ugovorna obaveza, nikad, ali nikad više ovaj brend ne uzimam..."
https://mobilnisvet.com/mobilni/6718/Huawei/Honor-10-Lite-128GB,Huawei,Huawei Honor 10 Lite,Milos,2021-01-03 12:42:00,Bolji je ovaj nego Y7
https://mobilnisvet.com/mobilni/6718/Huawei/Honor-10-Lite-128GB,Huawei,Huawei Honor 10 Lite,maja,2020-12-30 09:01:00,Huawei Y7 2019 ili ovaj?
https://mobilnisvet.com/mobilni/6718/Huawei/Honor-10-Lite-128GB,Huawei,Huawei Honor 10 Lite,zoran,2020-12-07 17:22:00,vredi li ga kupiti novog za 15000?
https://mobilnisvet.com/mobilni/6718/Huawei/Honor-10-Lite-128GB,Huawei,Huawei Honor 10 Lite,Marko,2020-10-19 11:31:00,"Imam telefon od aprila i od početka imam samo jedan problem. Sve radi dobro osim surfovanja. Kod surfovanja, najčešće kod ukucavanja u pretraživač, pretraživač zabaguje i zakoči se. Tad je jedino rješenje izaći iz pretraživača pritiskom na krug i ponovo ući ponoviti radnju, nekad i više puta. Apdejtovan je na Android 10: Molio bih za savjet ukoliko neko može da pomogne."
https://mobilnisvet.com/mobilni/6718/Huawei/Honor-10-Lite-128GB,Huawei,Huawei Honor 10 Lite,Moki,2020-09-04 23:49:00,"Imam ga vise od mesec dana, na androidu 10, za sada da kucnem u drvo prezadovoljan"
https://mobilnisvet.com/mobilni/6718/Huawei/Honor-10-Lite-128GB,Huawei,Huawei Honor 10 Lite,...,2020-08-21 07:23:00,Da li je kutija ista i za honor 10 lite od 32 gb i od honor 10 lite 64 gb? Hvala u napred
https://mobilnisvet.com/mobilni/6718/Huawei/Honor-10-Lite-128GB,Huawei,Huawei Honor 10 Lite,Vladimir,2020-08-18 07:30:00,"Telefon je kod mene godinu i po dana. Perfektno radi, bez ikakve greške. Pre toga honor 9 lite, takođe i dalje u funkciji bez problema. Po meni najbolji izbor za dat novac. Kvalitetna izrada takođe."
https://mobilnisvet.com/mobilni/6718/Huawei/Honor-10-Lite-128GB,Huawei,Huawei Honor 10 Lite,Boban,2020-07-05 11:20:00,"Sve mi je ukljuceno ali nemam jedino notifikaciju za fb,mozda negde grezim molim za pomoc ako neko zna da mi objasni"
https://mobilnisvet.com/mobilni/6718/Huawei/Honor-10-Lite-128GB,Huawei,Huawei Honor 10 Lite,Janoš,2020-06-20 14:35:00,"Posle apdejta na Androidu 10 ovaj mon bolje radi nego bratov P10 koji je 4 giha rama, tako su sad Honor 10 lite optimizovali da ovaj telefon prosto leti po aplilacinama, meniu..."
https://mobilnisvet.com/mobilni/7695/Huawei/Y6p,Huawei,Huawei Y6p,Danilo,2021-05-01 13:05:00,"Velikio razočarenje...! Telefon kao da je od plastelina, znači laganim pritiskom ga možete saviti i deformisati."
https://mobilnisvet.com/mobilni/7695/Huawei/Y6p,Huawei,Huawei Y6p,Zoink,2020-11-25 22:21:00,"Koje preinstalirane aplikacije ima ovaj fon ? Video sam na snimku jednom da ima 5-6 foldera praznih Social, Lifestyle i ostalo sta je tacno to jel mogu ti folderi da se izbrisu? Jel ima drustvene mreze poput FB, Viber, Whatsapp i Snapchat vec instalirane ili je to izbor korisnika. dal ima Bing pretragu i translator preinstaliranu. Razmisljam da ga uzmem samo nezelim preinstalirane aplikacije koje trose bez potrebe prostor jel neko zna u Meniju na drugoj strani sta je dobio pre nego sto je poceo da koristi i instalira?"
https://mobilnisvet.com/mobilni/7695/Huawei/Y6p,Huawei,Huawei Y6p,Kosta,2020-10-25 18:34:00,Treba mi neko mišljenje da li je bolje Huawei y6p ili Samsung a20e. Ne zanima me google i ekran mi je sve jedno. Hvala u napred.
https://mobilnisvet.com/mobilni/7695/Huawei/Y6p,Huawei,Huawei Y6p,Plavi,2020-09-18 19:32:00,"Pozdrav svima,jedno pitanje.Da li vam se desilo kod ovog telefona da ne vidi kucni internet(wi fi)? Ako jeste kako da se resi to.Hvala unapred"
https://mobilnisvet.com/mobilni/7695/Huawei/Y6p,Huawei,Huawei Y6p,Jasna,2020-08-23 15:38:00,"Kakva je kamera ? i da li mogu dobiti neko opste misljenje o ovom telefonu,da li se isplati uzeti ga?"
https://mobilnisvet.com/mobilni/7695/Huawei/Y6p,Huawei,Huawei Y6p,jasna,2020-08-20 10:32:00,"kakva je kamera,posto ima 13mpx? hitno mi treba opste misljenje o ovom telefonu i da li vredi za ove pare ?"
https://mobilnisvet.com/mobilni/7695/Huawei/Y6p,Huawei,Huawei Y6p,Misa,2020-07-03 17:18:00,"Ima li neko iskustva sa ovim telefonom? Na papiru obecavaju baterija, kamere i radio bez slusalica. Ne interesuju me Google servisi."
https://mobilnisvet.com/mobilni/7602/Huawei/P40-Pro-256GB-Dual-SIM,Huawei,Huawei P40 Pro,Svire,2026-02-06 20:58:00,"Pozdrav,da li neko zna koliko kosta zamjena displeja?"
https://mobilnisvet.com/mobilni/7602/Huawei/P40-Pro-256GB-Dual-SIM,Huawei,Huawei P40 Pro,vlepa,2025-09-09 23:36:00,Jos uvek kosta 500e nov? Wow...
https://mobilnisvet.com/mobilni/7602/Huawei/P40-Pro-256GB-Dual-SIM,Huawei,Huawei P40 Pro,Radovan,2024-11-11 10:40:00,"Dali mi neko moze reci, na ekranu imam dvije podijeljene boje na ekranu pri vrhu i od pol na dolje zuckastu boju a na skoro sredini je boja ekrana normalna."
https://mobilnisvet.com/mobilni/7602/Huawei/P40-Pro-256GB-Dual-SIM,Huawei,Huawei P40 Pro,Vlado,2024-10-07 07:00:00,Očigledno ništa od nadogradnje na emui13??
https://mobilnisvet.com/mobilni/7602/Huawei/P40-Pro-256GB-Dual-SIM,Huawei,Huawei P40 Pro,Miki,2024-06-14 16:10:00,Moze li mi neko reci kakve su kamere na ovom telefonu?
https://mobilnisvet.com/mobilni/7602/Huawei/P40-Pro-256GB-Dual-SIM,Huawei,Huawei P40 Pro,Jovan,2024-06-10 17:11:00,Pozdrav koliko drzi dugo baterija na ovom modelu?
https://mobilnisvet.com/mobilni/7602/Huawei/P40-Pro-256GB-Dual-SIM,Huawei,Huawei P40 Pro,Radovan,2024-06-07 22:33:00,Dali ima neko problem sa mesendzerom
https://mobilnisvet.com/mobilni/7602/Huawei/P40-Pro-256GB-Dual-SIM,Huawei,Huawei P40 Pro,J,2024-06-02 09:49:00,"Imala sam ovaj telefon 3 godine i planiram da uzmem običnu s23. Da li će mi to uopšte biti neki upgrade u odnosu na ovaj telefon, pogotovo što se tiče kamera?"
https://mobilnisvet.com/mobilni/7602/Huawei/P40-Pro-256GB-Dual-SIM,Huawei,Huawei P40 Pro,Miša,2024-05-18 21:56:00,"Pomoć pri kupovini. Da li P40 Pro, P40 Pro Plus ili S21 Ultra?"
https://mobilnisvet.com/mobilni/7602/Huawei/P40-Pro-256GB-Dual-SIM,Huawei,Huawei P40 Pro,Mira,2024-05-13 08:44:00,Da li neko zna gde se može kupiti NOVI Huawei p40 pro 512gb? Hvala
https://mobilnisvet.com/mobilni/7602/Huawei/P40-Pro-256GB-Dual-SIM,Huawei,Huawei P40 Pro,Nikola,2024-04-11 21:34:00,Samsung S21 ili Huavei p40 pro..?  Vase misljnje?
https://mobilnisvet.com/mobilni/7602/Huawei/P40-Pro-256GB-Dual-SIM,Huawei,Huawei P40 Pro,Milos,2024-04-03 00:30:00,"Da li se nekom posle poslednjeg update, 12.0.0.370 emui-ja baterija vise trosi, a telefon vise greje? Punim ga 2 puta dnevno.."
https://mobilnisvet.com/mobilni/7602/Huawei/P40-Pro-256GB-Dual-SIM,Huawei,Huawei P40 Pro,Nenad,2024-03-16 11:38:00,Jel jos neko ima problem sa Whatsapp? Od proslog vikenda ne mogu da ga koristim. Probao vise opcija ali uvek isto izbaci potreban vam je zvanicni Whatsapp posle instaliranja i pokretanja.
https://mobilnisvet.com/mobilni/7602/Huawei/P40-Pro-256GB-Dual-SIM,Huawei,Huawei P40 Pro,J,2024-03-14 12:35:00,"Ljudi ispao mi je telefon i puklo mi staklo. Traže mi 25.000 za zamenu, da li se isplati raditi to ili da se polako opraštam od njega i kupujem neki drugi telefon? I dalje savršeno radi 🥺 sta da radim"
https://mobilnisvet.com/mobilni/7602/Huawei/P40-Pro-256GB-Dual-SIM,Huawei,Huawei P40 Pro,Caci,2024-03-12 19:07:00,Uzeti ovaj ili ostati na iphone 12 pro
https://mobilnisvet.com/mobilni/7602/Huawei/P40-Pro-256GB-Dual-SIM,Huawei,Huawei P40 Pro,CoaMtb,2024-03-11 19:13:00,P40pro ili  Xiaomi 12 (cena 250-270e). Sta izabrati?? Hvala
https://mobilnisvet.com/mobilni/7602/Huawei/P40-Pro-256GB-Dual-SIM,Huawei,Huawei P40 Pro,Zorica,2024-02-05 21:16:00,"Nažalost nakon 3 godine mi je telefon pao,razbilo se zadnje staklo.Bio je pod garancijom te sam dobila telefon zamenu,Samsung S23 Fe.Postujem mišljenja ljudi svako ima neko svoje iskustvo.Ali ovaj telefon uopšte Samsung telefone su uništili.Vrlo rado bih ga prodala,koristim ga nedelju dana,imam račun o zameni u A1. Mane:telefon je  pretezak, funkcije manje vise ok ali kad pomislim na moj Huawei P40 pro,ne znam to je telefon koji se menja samo kada se razbije ,poluga,očigledno.Neuporedivi.Verovatno postoje neke performanse koje su na Samsungu ovom možda i bolje ja se lično ne razumem preterano niti me zanima...meni je bitna kamera koja je bila više nego dobra kod Huawea i lak za korišćenje,  jednostavno savršen."
https://mobilnisvet.com/mobilni/7602/Huawei/P40-Pro-256GB-Dual-SIM,Huawei,Huawei P40 Pro,Šone,2024-01-29 13:53:00,P40 pro ili Samsung s21 ultra
https://mobilnisvet.com/mobilni/7602/Huawei/P40-Pro-256GB-Dual-SIM,Huawei,Huawei P40 Pro,Mate,2023-12-30 15:57:00,Jel bolje P40 pro ili Mate 30 pro? Pozdrav
https://mobilnisvet.com/mobilni/7602/Huawei/P40-Pro-256GB-Dual-SIM,Huawei,Huawei P40 Pro,Filip,2023-12-18 18:44:00,Da li vredi i dalje uzeti ovaj model?
https://mobilnisvet.com/mobilni/7602/Huawei/P40-Pro-256GB-Dual-SIM,Huawei,Huawei P40 Pro,Svire,2023-11-22 04:55:00,Pozdrav. Gde se nalazi opcija cinematik za snimanje videa?
https://mobilnisvet.com/mobilni/7602/Huawei/P40-Pro-256GB-Dual-SIM,Huawei,Huawei P40 Pro,t28,2023-11-11 18:54:00,Ima li neko info u vezi emui 13??
https://mobilnisvet.com/mobilni/7602/Huawei/P40-Pro-256GB-Dual-SIM,Huawei,Huawei P40 Pro,Miki,2023-10-31 12:01:00,Rade li  Google maps bez problema?
https://mobilnisvet.com/mobilni/7602/Huawei/P40-Pro-256GB-Dual-SIM,Huawei,Huawei P40 Pro,Miki,2023-10-11 13:48:00,"Zanima me da li neko slucajno zna , koji ekrqn moze biti zamenski za Huawei p40 pro plus a da nije njegov orginalan , znaci jeftinija varijanta?"
https://mobilnisvet.com/mobilni/7602/Huawei/P40-Pro-256GB-Dual-SIM,Huawei,Huawei P40 Pro,kadi,2023-09-09 12:04:00,"3 godina koriscenja i dalje radi kao prvog dana ,svakim dan me ovaj tel odusevljava.Baterija skoro kao prvog dan ,jednostavno koliko ogd ga koristio ne mogu je potrositi za jedan dan.Strasan tel i ne planirma ga menjati uskoro,eventulano samo p60 pro ali me plasi sto nema KIRIN i da li ce biti optimizovan kao ovaj"
https://mobilnisvet.com/mobilni/9326/Huawei/nova-9,Huawei,Huawei nova 9,prof,2024-04-18 10:44:00,da li ce nova 9 dobiti emui 14 i kada se ocekuje
https://mobilnisvet.com/mobilni/9326/Huawei/nova-9,Huawei,Huawei nova 9,miodrag,2024-04-17 12:12:00,"mali problem,a kida živce....nova 9 SE....od pre par dana nićim izazvan počeo je da mi non stop izbacuje aplikaciju huawei novčanik...po 50 puta zaredom,ne mogu da je stopiram,onemogućim...šta raditi?"
https://mobilnisvet.com/mobilni/9326/Huawei/nova-9,Huawei,Huawei nova 9,Mare,2024-02-23 08:18:00,"Imam tel oko godinu dana od mana ima to da baterija drži jako loše tipa pola dana ako ga ne ispuštaš iz ruku a ovako uz povremeno korišćenje 2/3 dana jedva, prednji zvučnik ili ti slušalica za poziv se često nakupi prljavštine i krči pa se mora čistiti, 128gb je premalo napuni se brzo bolje uzmite verziju 256 gb ako već možete birati, ovako generalno ok tel, brz, punjač 66W za 40 min napuni 96% baterija, za 30 min 80%, kamera ok, mikrofon, ekranu, zvučnik za medije itd..."
https://mobilnisvet.com/mobilni/9326/Huawei/nova-9,Huawei,Huawei nova 9,Vladica,2024-01-04 13:28:00,"Jel ima neko da proda opremu koja se dobija uz tel ,kutija , punjac ..... Ili samo kutiju"
https://mobilnisvet.com/mobilni/9326/Huawei/nova-9,Huawei,Huawei nova 9,DraganJ,2023-12-26 10:12:00,"Odličan. On i Honor 50 dva, pa, moglo bi se reći, apsolutno ista telefona, jedina razlika i to kroz proste cifre i oznake u MP kamerama, mada stručnjaci kažu oba telefona prave fotografije istog kvaliteta. Čak šta više, iako nova 9 ima formalno po specifikacijama, slabije kamere, tvrde da su slike prirodnije, životnije. Za nas, korisnike iz srednje klase, jedan od boljih. Pogotovo kvalitet izrade i kvalitet materijala."
https://mobilnisvet.com/mobilni/9326/Huawei/nova-9,Huawei,Huawei nova 9,Marija,2023-12-01 21:49:00,Da li imate ovaj telefon?
https://mobilnisvet.com/mobilni/9326/Huawei/nova-9,Huawei,Huawei nova 9,Stef,2023-10-24 22:43:00,Kako ovaj fon ima harmony os kod nas valjda kod nas je i dalje Emui i da li ce dobiti azuriranje na emui 13
https://mobilnisvet.com/mobilni/9326/Huawei/nova-9,Huawei,Huawei nova 9,Max,2023-08-17 17:05:00,"Društvo, kada hoću da instaliram messenger preko appgalery kaže da nema dozvolu za ovu aplikaciju. Kako da to napravim?"
https://mobilnisvet.com/mobilni/9326/Huawei/nova-9,Huawei,Huawei nova 9,Maja,2023-07-31 21:05:00,Ovaj tel ili Xiaomi note 12 pro?
https://mobilnisvet.com/mobilni/9326/Huawei/nova-9,Huawei,Huawei nova 9,Sloba,2023-06-17 10:59:00,Ovaj ili Magic 5 lite
https://mobilnisvet.com/mobilni/9326/Huawei/nova-9,Huawei,Huawei nova 9,Boban,2023-05-26 09:42:00,"Instaluran gbox nemam nitifikacije,kontakte nemam sa googl naloga nemogu da vratim pošto trazi play store za instaliranje kontakta,užas"
https://mobilnisvet.com/mobilni/9326/Huawei/nova-9,Huawei,Huawei nova 9,Milan,2023-05-23 17:09:00,"Imam nedoumicu, hocu sa menjam svoj iphone 6s+ u perfektnom je stanju baterija stanje ma sve nema manu, za nova 9 . Ne znam da li mi se isplati,moze neko da mi kaze nesto o tome? Hvala"
https://mobilnisvet.com/mobilni/9326/Huawei/nova-9,Huawei,Huawei nova 9,Lexx,2023-05-06 20:53:00,"Da li je bolje uzeti Moto g72 ili ovaj?,nebitni su mi google servisi."
https://mobilnisvet.com/mobilni/9326/Huawei/nova-9,Huawei,Huawei nova 9,Bane,2023-04-28 17:53:00,"Da li jos neko ima problem sa YouTube - om ili sami ja? U poslednjih 10 dana ne mogu da odgledam ni jedan klip duze od 20-30 sekundi, i onda krene da vrti kao da ga ocitava i tako svaki klip. Isto je i sa YouTube Vancedom. Telefon je Huawei nova 9."
https://mobilnisvet.com/mobilni/9326/Huawei/nova-9,Huawei,Huawei nova 9,Aleks,2023-04-19 18:53:00,Da li biste preporučili ovaj model što se aplikacija tiče?
https://mobilnisvet.com/mobilni/9326/Huawei/nova-9,Huawei,Huawei nova 9,Slobodan,2023-04-12 21:28:00,Ovaj ili moto g72
https://mobilnisvet.com/mobilni/9326/Huawei/nova-9,Huawei,Huawei nova 9,stefa,2023-03-10 12:29:00,telefon je odlican ekran odlican baterija super dan ipo izdrzi kamere odlicne sve u svemu i bez googla dobro radi
https://mobilnisvet.com/mobilni/9326/Huawei/nova-9,Huawei,Huawei nova 9,Ado,2023-03-04 11:02:00,"Pozz društvo mozel ko reci vise o ovom tel  valjal cemu kakav je, kaka mu je kamera, procesor mogu ga jeftino dobiti preko preplate, ovaj ili koji model od xiaomia da je dobar i da mu je kamera dobra"
https://mobilnisvet.com/mobilni/9326/Huawei/nova-9,Huawei,Huawei nova 9,Amar,2023-01-25 15:23:00,imam hauwei nova 9 se i telefon nema bezbednu id face zastitu posto ja i brat koji je mladjibod mene 10 god mozemobda ga otkljucamo takobda moja preporuka za ovaj telefon je losa
https://mobilnisvet.com/mobilni/9326/Huawei/nova-9,Huawei,Huawei nova 9,MirkoKG,2023-01-07 19:55:00,Ovaj ili huawei y90
https://mobilnisvet.com/mobilni/9326/Huawei/nova-9,Huawei,Huawei nova 9,Bojana,2023-01-07 12:46:00,"Dvoumim se pa bih bila zahvalna za pomoc, Nova 9 ili P30 pro 8gb?"
https://mobilnisvet.com/mobilni/9326/Huawei/nova-9,Huawei,Huawei nova 9,Stefan000,2022-12-22 17:20:00,Xiaomi 12 lite ili huawei nova 9s?
https://mobilnisvet.com/mobilni/9326/Huawei/nova-9,Huawei,Huawei nova 9,Arsa,2022-12-06 15:44:00,"Pozdrav, forumasi evo jednog link-a kako da resite problem sa notifikacijama (probao sam svaka aplikacija u sekundi prima i obavestava Vas)"
https://mobilnisvet.com/mobilni/9326/Huawei/nova-9,Huawei,Huawei nova 9,Goran,2022-12-03 09:50:00,Telefon je super ali baterija je užas živi.
https://mobilnisvet.com/mobilni/9125/Huawei/P50-Pro-256GB,Huawei,Huawei P50 Pro,Djole,2025-08-20 08:35:00,"Ja jos uvek koristim huavej p30 pro, ne koči, kamera odlična ima i  plej prodavnicu. Baterija drži ceo dan a koristim telefon onako ni malo ni mnogo."
https://mobilnisvet.com/mobilni/9125/Huawei/P50-Pro-256GB,Huawei,Huawei P50 Pro,Korisnih Honora,2025-04-20 12:34:00,Razmisljam da predjem na ovaj uredjaj imam Honor magic 7 lite imam dobru ponudu da'l mi se isplati pošto je ovaj telefon ušao u 4 godinu od izlazka. Hvala
https://mobilnisvet.com/mobilni/9125/Huawei/P50-Pro-256GB,Huawei,Huawei P50 Pro,M. R.,2025-04-10 16:52:00,"Zdravo, jedno pitanje. Danas sam izvadio telefon iz maskice da prebrisem i primetio sam gore desno od kamera bloka, kad prodjem sa potiskom kao da lupka staklo ili pucka ne umem da objasnim zvuk al je tup onako. Da li jos neko imao taj nazovimo problem ili da li treba da me brine to, telefon je cuvan."
https://mobilnisvet.com/mobilni/9125/Huawei/P50-Pro-256GB,Huawei,Huawei P50 Pro,Aleksandar,2025-01-29 19:55:00,Kome su bitni video snimci sa telefoto kamerom treba da zna da su snimci duplo bolji na p50 pro nego na p60 pro. Bukvalno kao da se poredi opticki i digitalni zum. Sa druge strane p60 pro pravi bolje slike sa telefoto kamerom.
https://mobilnisvet.com/mobilni/9125/Huawei/P50-Pro-256GB,Huawei,Huawei P50 Pro,Aleksandar,2025-01-27 00:20:00,Jedan od najisplatljivijih huaweijevih telefona za kupovinu trenutno. Sa vrhunskim kamerama koje su i dalje u samom vrhu. Sa emui 14 je dosta optimizovan i po pitanju potrosnje baterije. Mogu da se lako instaliraju google servisi preko microG tako da sve radi glatko.
https://mobilnisvet.com/mobilni/9125/Huawei/P50-Pro-256GB,Huawei,Huawei P50 Pro,Cole,2025-01-26 08:47:00,"Izašao 2021. a ni danas ne postoji Samsung koji ima bolju glavnu kameru. Zato je i banovan Huawei, bio je par godina ispred konkurencije."
https://mobilnisvet.com/mobilni/9125/Huawei/P50-Pro-256GB,Huawei,Huawei P50 Pro,zika,2024-12-12 14:29:00,Koristim ga vec treca godina telefon radi kao masina😊Sa 1 % slobodne memorije ne steka u radum..Kamera odlicna i dan danas..😀
https://mobilnisvet.com/mobilni/9125/Huawei/P50-Pro-256GB,Huawei,Huawei P50 Pro,Wlad,2024-11-07 12:11:00,"Telefon imam godinu ipo dana, i top je kao i svi prethodni Huawei p pro modeli, kamera bolje nego na mnogim novim modelima telefonima, mislim na samsung i iphone! Huawei bi sad sigurno bio i dalje 1. u svetu da nije se desilo ono sa Google apl. E sad jedan problem je kod mene baterija jer koristim GBox za sve aplikacije i onda je i normalno da to dodatno opterecuje bateriju!! Nikada problem sa WiFi nisam imao... iako mi je cpu Snap 888. Pregrjavanje minimalo samo kada je leti napolju preko 40. I posle 10 god sa Huawei samo zbog baterije i zbog apl bi mozda presao na drugi brend... ali koji? neki predlog? Ipone nikada... da li moze da mu parira Honor Magic 6 pro?"
https://mobilnisvet.com/mobilni/9125/Huawei/P50-Pro-256GB,Huawei,Huawei P50 Pro,Srba,2024-10-09 22:26:00,"Extra telefon 888...imam ga godinama...nikakve greške,malo sad greje na suncu....wifi...sve extra..prečica za Google..i nema reklama...(izlomio ga celog Strašno videti i sve funcioniše..da je npr.Samsung crkao bi...odavno)"
https://mobilnisvet.com/mobilni/9125/Huawei/P50-Pro-256GB,Huawei,Huawei P50 Pro,Stefan,2024-09-05 21:29:00,"Ljudi ima li neko problem sa snimkom kamere? Kada ukljucim video slika ekrana se trese, tonje na 30fps,kada stavim na 60fps ne trese. Vrstim na fabricka podesavanja kameru i sve bude ok, udjem posle par minuta u video i opet isto, problem. Da li azuriranje na 14 resava to i da li 14 kvari kvalitet kamere inace"
https://mobilnisvet.com/mobilni/9125/Huawei/P50-Pro-256GB,Huawei,Huawei P50 Pro,Stefan,2024-08-31 23:28:00,"Koliko vidim na oglasima svi su sa 888,nema ni 1 sa 9000"
https://mobilnisvet.com/mobilni/9125/Huawei/P50-Pro-256GB,Huawei,Huawei P50 Pro,NevenaB,2024-07-24 10:13:00,Da li ovaj telefon p50pro ima instaliran Wechat? Da li podržava Google
https://mobilnisvet.com/mobilni/9125/Huawei/P50-Pro-256GB,Huawei,Huawei P50 Pro,No Name,2024-06-30 16:52:00,"Imao sam sve moguce ""P"" serije"
https://mobilnisvet.com/mobilni/9125/Huawei/P50-Pro-256GB,Huawei,Huawei P50 Pro,Milos,2024-06-24 22:21:00,"Posle dosta vaganja odlucio sam se da uzmem ovaj. Nadam se da kod mene nece imati problem sa wifi, i da cu moci sve aplikacije bezbedno da instaliram. Video sam na netu recenziju, instaliramo aplikaciju i posle iz nje mozemo sve da instaliramo..valjda nije fejk.."
https://mobilnisvet.com/mobilni/9125/Huawei/P50-Pro-256GB,Huawei,Huawei P50 Pro,Ajdin,2024-05-30 02:57:00,Imam problema sa internetom neće kao da je slab neće ništa da otvori na huawei p50 pro sta da radim
https://mobilnisvet.com/mobilni/9125/Huawei/P50-Pro-256GB,Huawei,Huawei P50 Pro,Sale1,2024-03-17 23:29:00,posle vise od dve godine telefon perfektno radi .Jedina mana po meni je njihovo  obradjivanje slika.Slikas nesto ali to sto ti je na ekranu nije u galeriji jer automatski obradi sliku  .To mi strasno ide na zivce .uradjen i restart kamere i sve ali.. Ogromna mana po meni  ..
https://mobilnisvet.com/mobilni/9125/Huawei/P50-Pro-256GB,Huawei,Huawei P50 Pro,Sima,2024-03-11 17:21:00,koliko ce jos imati godina azuriranje sistema za ovaj model. Hvala
https://mobilnisvet.com/mobilni/9125/Huawei/P50-Pro-256GB,Huawei,Huawei P50 Pro,stevan,2024-02-25 16:01:00,Imam p50 pro sve okej sve lepo radi wi fi konekcija blagi uzas na mobilnim podacima sve glat na wi fi mrezi mrtav prosto razocarenje za telefon koji je placen 800e katastrofa zbog ovog ide na prodaju na zalost dzaba i kamere i sve
https://mobilnisvet.com/mobilni/9125/Huawei/P50-Pro-256GB,Huawei,Huawei P50 Pro,Cobi,2023-12-19 10:12:00,"Pozdrav ljudi kupio sam polovan p50 pro, telefon sto se tice brzine kamere i fluidnosti je top. Telefon ima bh 98% ali se baterija nenormalno brzo prazni tj 3-4 sata ekran ukljucen i tjt, kako da resim taj problem? Ne igram igrice, koristim telefon za drustvene mreze samo fb insta i viber odradim po neku sliku i tjt"
https://mobilnisvet.com/mobilni/9125/Huawei/P50-Pro-256GB,Huawei,Huawei P50 Pro,pot,2023-10-26 12:18:00,Da li ovaj telefon ima cinematic mode?
https://mobilnisvet.com/mobilni/9125/Huawei/P50-Pro-256GB,Huawei,Huawei P50 Pro,Leksa,2023-10-06 09:03:00,"Ako može mala pomoć,da li telefon ima problem sa baterijom i zagrevanjem,ne igram igrice više mi je bitna kamera?"
https://mobilnisvet.com/mobilni/9125/Huawei/P50-Pro-256GB,Huawei,Huawei P50 Pro,Цоа,2023-09-19 12:44:00,"Da li je ovaj telefon idalje dobra kupovina? Imam P Smart 2021 i polako je počeo da riknjava pa bi ga menjao ovaj mi deluje jako kul, da li je istina da se telefon izuzetno greje, kamere su savršene iskreno mi je jako zapao za oko i nije trenutno ni skup"
https://mobilnisvet.com/mobilni/9125/Huawei/P50-Pro-256GB,Huawei,Huawei P50 Pro,Moby,2023-09-04 14:30:00,"Ovaj ili Google Pixel 7 Pro,najbitnije mi je dnevni/noćni video?"
https://mobilnisvet.com/mobilni/9125/Huawei/P50-Pro-256GB,Huawei,Huawei P50 Pro,Vesna,2023-08-26 09:47:00,"Pozdrav svima. Da li P50 Pro vredi razlike u ceni u odnosu na P40 Pro (otprilike jedna trećina)? Meni je kamera najbitnija: glavna, dan i snimanje noću, koncerti, a selfie ne toliko. I gde je tu P40 Pro+ ?"
https://mobilnisvet.com/mobilni/9125/Huawei/P50-Pro-256GB,Huawei,Huawei P50 Pro,Viktor,2023-07-04 06:32:00,"Ja ga imam vec drugi put, telefon je blaga katastrofa. Greje se, prazni se, brzo se puni samo ako mu odobris kad te optimizator upozori na temperaturu i ako ga ne zakljucas. drzim ga kod sebe samo zbog kamera, kamere su stvarno najace ali stvarno izuvaju. izgled je lep prvi mi je bio crni ovaj sivi, drzanje u ruci odlicno ali otpimizacija celog telefona je blagi uzas a radi se o cistom premijumu sto je nedopstivo. Imao sam Honor 70 telefon je u svemu bolji ali kamere mu nisu ni do kolena kad se uporedi sa p50pro. Moje vidjenje, ako ti kamere nisu prioritet ne kupuj nikako, meni jesu i moram sve to da trpim."
https://mobilnisvet.com/mobilni/9590/Huawei/P50-Pocket,Huawei,Huawei P50 Pocket,nana,2025-02-22 08:19:00,Gde ga sad kupiti?
https://mobilnisvet.com/mobilni/9590/Huawei/P50-Pocket,Huawei,Huawei P50 Pocket,dan,2024-09-04 20:02:00,nema nikakav info za bateriju
https://mobilnisvet.com/mobilni/9590/Huawei/P50-Pocket,Huawei,Huawei P50 Pocket,dan,2024-09-04 20:01:00,koliko baterija traje
https://mobilnisvet.com/mobilni/9590/Huawei/P50-Pocket,Huawei,Huawei P50 Pocket,Majk,2023-08-17 08:57:00,"Sve radi odlično na njemu. Kamere, zvuk, baterije drže dobro. za aplikacije Viber, Whatsup najnormalnije se instaliraju sa Appgalery koja je u samom telefonu. Ako neke aplikacije ne nadjete tu onda može sa Gspace ili Gbox."
https://mobilnisvet.com/mobilni/9590/Huawei/P50-Pocket,Huawei,Huawei P50 Pocket,ja,2023-05-11 13:30:00,nije lose al nije ni dobro preterano
https://mobilnisvet.com/mobilni/9590/Huawei/P50-Pocket,Huawei,Huawei P50 Pocket,D,2023-04-28 19:59:00,Šta mislite o ovom modelu?
https://mobilnisvet.com/mobilni/9590/Huawei/P50-Pocket,Huawei,Huawei P50 Pocket,J,2023-04-27 20:01:00,"Nisam zadovoljan, ne mogu viber da nađem"
https://mobilnisvet.com/mobilni/9590/Huawei/P50-Pocket,Huawei,Huawei P50 Pocket,Dušan,2023-04-19 18:44:00,"Nisam siguran da li vredi kuptiti, čuo sam da ima nekih problema u vezi sa aplikacijama"
https://mobilnisvet.com/mobilni/9590/Huawei/P50-Pocket,Huawei,Huawei P50 Pocket,gogo,2022-03-16 22:41:00,"Ovaj telefon je toliko bolji od flip 3, da nisu ni konkurencija."
https://mobilnisvet.com/mobilni/9590/Huawei/P50-Pocket,Huawei,Huawei P50 Pocket,Savke,2022-03-11 18:10:00,"Van pameti, cene telefona stižu cene polovnih automobila"
https://mobilnisvet.com/mobilni/r8sxl/Huawei/nova-Y70,Huawei,Huawei nova Y70,Momir,2023-09-21 21:57:00,kaka da spojim sa tv hisense
https://mobilnisvet.com/mobilni/r8sxl/Huawei/nova-Y70,Huawei,Huawei nova Y70,Tanja,2023-05-10 19:09:00,"Meni dobro radi više od godinu dana, malo sam se plašio da nema Google aplikacije, ali sa AppGallery možeš da rešiš ovaj ""problem"""
https://mobilnisvet.com/mobilni/r8sxl/Huawei/nova-Y70,Huawei,Huawei nova Y70,D,2023-04-28 19:52:00,"Čuo sam da nije najbolji model, je li to istina?"
https://mobilnisvet.com/mobilni/r8sxl/Huawei/nova-Y70,Huawei,Huawei nova Y70,JG,2023-04-26 21:27:00,Hoću da čujem vaše mišljenje što se kamere tiče
https://mobilnisvet.com/mobilni/r8sxl/Huawei/nova-Y70,Huawei,Huawei nova Y70,Marina,2023-04-20 06:44:00,"Da bi se nešto otvorilo ili negde ušlo potrebno je vreme, katastrofa!"
https://mobilnisvet.com/mobilni/r8sxl/Huawei/nova-Y70,Huawei,Huawei nova Y70,Dilema,2023-03-23 03:32:00,"Molim vas, da li ima gugl neko kaže ima neko kaže nema"
https://mobilnisvet.com/mobilni/r8sxl/Huawei/nova-Y70,Huawei,Huawei nova Y70,Zoran,2022-11-10 15:32:00,"Vlasnik sam aparata Redmi note 9 pro,koji bih želeo da zamenim za Huawei Nova Y70.Da li može neko da mi pomogne savetom šta da radim?"
https://mobilnisvet.com/mobilni/r8sxl/Huawei/nova-Y70,Huawei,Huawei nova Y70,Mi Vu,2022-10-14 11:59:00,"Telefon je top!Od rada na njemu do izgleda, zaista sam oduševljena i još na sve to sa tom cenom. Svaka pohvala Huawi kida, preporukaaaa za sveee😀👍🥰"
https://mobilnisvet.com/mobilni/r8sxl/Huawei/nova-Y70,Huawei,Huawei nova Y70,Pametnjakovic,2022-07-19 15:25:00,Ne znam sto je huawei zelio postici sa ovim modelom. Kad je konkurencija zestoka. U vidu xiaomi i realme. Pa cak i u vidu samsunga. Jedan samsung a13 je daleko isplativiji za dobiveno ulozeno. Cak iako uz a13 ni punjac ne dolazi. Prevelika mu je mana sto nema play trgovinu i samo hd+ rezoluciju ekrana. Cak ni sa ovom promotivnom cijenom za koju ce se prodavati prvih par dana nije konkurentan. Pa jedna stara p smart z je bolja jer ima play trgovinu i full hd ekran. Po meni je preskup cak i po promotivnoj cijeni. A pogotovo kad mu poraste cijena za par dana.
https://mobilnisvet.com/mobilni/w7xfc/Huawei/nova-Y90-6GB,Huawei,Huawei nova Y90,Nikola,2023-12-26 12:22:00,"Nešto meni ovo punjenje i nije brzo realno. Pustim ga na 20posto puni si sat ipo do max. Drugo neće da radi mesindžer ma kod koji skinuo. Dal njegova prodavnica. Pa gbox tu je play prodavnica ma kakvi. Javi posle tri sata. Povezao mi se sa Honor 20 Lite koji sam uzeo pre ovoga. Dal može i ovaj cloud da se isključi čista glupost,napuni se 5giga za čas. Šta znam YouTube ok,kod mene samo ovo je problem. Ako se još nekom to dešava neka javi. Hvala i pozdrav svima!"
https://mobilnisvet.com/mobilni/w7xfc/Huawei/nova-Y90-6GB,Huawei,Huawei nova Y90,Ljuba,2023-05-20 14:27:00,"Problem sa youtubom,pustim pesmu i posle minut zabaguje i nece dalje da ucita..."
https://mobilnisvet.com/mobilni/w7xfc/Huawei/nova-Y90-6GB,Huawei,Huawei nova Y90,Slaviša,2023-05-08 10:39:00,"Uzeo pre par dana ovaj telefon i instaliraonaravno sve što mi treba ali imam problem sa youtube, bilo koji snimak da gledam posle desetak sekundi zabaguje, kliknem na drugi on krene odmah ali posle desetak sekundi ponovi se isto i tako ukrug. Šta bi moglo biti?"
https://mobilnisvet.com/mobilni/w7xfc/Huawei/nova-Y90-6GB,Huawei,Huawei nova Y90,Ivan,2023-05-05 12:04:00,"Najbolji i najgori telefon koji sam imao. Vise sam nego zadovoljan ekranom, kamerom, procesorom, brzinom punjenja baterije sa punjacem koji se dobija u kutiji, kao i zaštitom za ekran, i gumom. Neverovatno je da telefon toliko ima problem sa mrezom, da se mreža na obe kartice a1 i mts izgubi odjednom u isto vreme kao kad ukljucite režim letenja, pa brze bolje je pronadje, a nekad se to ponovi vise puta istovremeno. Svaki dan dobijam poruke od operatera o propustenom pozivu, cak mi se desilo vise puta da mi je telefon bio u ruci, i da znam da sam sigurno imao mrežu, i da mi stigne poruka o propustenom pozivu, prosto neverovatno. Stari telefoni nisu imali ovakav problem kao ovaj, dok sve ostalo je vise nego odlično za ovaj novac."
https://mobilnisvet.com/mobilni/w7xfc/Huawei/nova-Y90-6GB,Huawei,Huawei nova Y90,Goran,2023-04-19 16:47:00,Imam problem sa aplikacijama Google na ovom telelfonu! Jednostavno ih nema
https://mobilnisvet.com/mobilni/w7xfc/Huawei/nova-Y90-6GB,Huawei,Huawei nova Y90,Mili_07,2023-04-13 08:04:00,"Može li mi neko dati preporuku koji tel da kupim. Huawei nova Y90, Honor Lite 50, One Plus Nord CE 6/128 ili REDMI NOTE 10 Pro..Hvala svima unaprijed. Cijena ovih tel je oko 250e"
https://mobilnisvet.com/mobilni/w7xfc/Huawei/nova-Y90-6GB,Huawei,Huawei nova Y90,Bane,2023-04-12 11:57:00,Mesec dana koristim ovaj tel. Pre njega sam imao Huawei P 40 lite E. Na ovom su me razočarale kamere. Stari P 40 lite E je imao 48 mpx a bolja je bila camera. Dali ima neko iskustvo sa instaliranjem G cam ili google camera i koju? Jedino me nervira još što na nekim app i ako je podešen crn ekran pozadina je bela. Isto je bilo i na starom tel.
https://mobilnisvet.com/mobilni/w7xfc/Huawei/nova-Y90-6GB,Huawei,Huawei nova Y90,Tzaki,2023-03-26 17:33:00,Jel ima opcija za led notifikaciju?
https://mobilnisvet.com/mobilni/w7xfc/Huawei/nova-Y90-6GB,Huawei,Huawei nova Y90,mima,2023-02-21 19:38:00,"Poz.kupila sam tel.kako da prebacim sa geste na navigacione tipke,lakse bi mi bilo ili to ovaj tel.nema.Poz."
https://mobilnisvet.com/mobilni/w7xfc/Huawei/nova-Y90-6GB,Huawei,Huawei nova Y90,Bocky,2023-02-20 10:51:00,Da li ima dva slota za SIM karticu ili jedan ya SIM i jedan hibrid slot? Hvala!
https://mobilnisvet.com/mobilni/w7xfc/Huawei/nova-Y90-6GB,Huawei,Huawei nova Y90,Bane,2023-01-10 21:28:00,"Ljudi treba mi savet, uzimam tel preko A1, pa me zanima koji je najbolji izbor....ovaj, moto g32, vivo y22s ili redmi note 11, znam da je puno uredjaja ali me zanima koji je najbolji ako neko moze da pomogne, hvala puno"
https://mobilnisvet.com/mobilni/w7xfc/Huawei/nova-Y90-6GB,Huawei,Huawei nova Y90,Maja,2022-12-29 10:54:00,"Ljudi jel se dobija uz njega silikonska maska, zastitna folija, punjac?"
https://mobilnisvet.com/mobilni/w7xfc/Huawei/nova-Y90-6GB,Huawei,Huawei nova Y90,Aca Bor,2022-12-23 20:33:00,A kako da na sve aplikacije postavim bedzeve? Na nekima ima postavljeno dok na ostalim ne mogu. Aplikacije skinute sa app galery i preko gspace! Unapred zahvalan na odgovoru i pomoci
https://mobilnisvet.com/mobilni/w7xfc/Huawei/nova-Y90-6GB,Huawei,Huawei nova Y90,Dušan,2022-12-21 15:25:00,Huawei nova y90 što je u mom vlasništvu ima čest problem sa gubitkom mreže.
https://mobilnisvet.com/mobilni/w7xfc/Huawei/nova-Y90-6GB,Huawei,Huawei nova Y90,Bob,2022-12-09 16:55:00,"uvek standardno dobar huawei. 3 meseca već, sve kida bez greške. gugl servisi mi ne znače ništa, sve od vibera mesindzera mail-a whats upavoa radi bez greške i bez toga. svaka preporuka, za ove pare- vrhunski"
https://mobilnisvet.com/mobilni/w7xfc/Huawei/nova-Y90-6GB,Huawei,Huawei nova Y90,jovan,2022-11-09 08:07:00,Milsljenje-on ili honor x8?
https://mobilnisvet.com/mobilni/w7xfc/Huawei/nova-Y90-6GB,Huawei,Huawei nova Y90,milan,2022-10-13 20:59:00,"trebam pomoc,ako nije problem. koristim redmi note, a  ovo je moj prvi huawei telefon. zamolio bih da mi se pojasni kako da sa redmi note prebacim  viber i whats app sa celokupnom istorijom sms i videa."
https://mobilnisvet.com/mobilni/w7xfc/Huawei/nova-Y90-6GB,Huawei,Huawei nova Y90,Lala,2022-09-11 13:06:00,"Orem ga vec 7 dana. Odlican. Velik i pregledan. Baterija puna 2 dana. Verzija 6/128. Imao sam i Redmi Note 10 5g i Realme 8. Staro je to ipak. Ovaj je noviji i meni licno mnogo prakticniji. Prelepi bold fontovi. Komplet Gugl sa aplikacijama lako dohvatljiv. Posto vec moze da se nadje i za 160e na oglasima star par dana, mislim da je odlican izbor"
https://mobilnisvet.com/mobilni/w7xfc/Huawei/nova-Y90-6GB,Huawei,Huawei nova Y90,Ivan,2022-09-03 03:10:00,"Ovaj telefon je gotovo isti kao Honor X8, razlika je samo što X8 ima Google servis i malo bolju kameru. Ostalo je sve isto bukvalno"
https://mobilnisvet.com/mobilni/w7xfc/Huawei/nova-Y90-6GB,Huawei,Huawei nova Y90,Mile,2022-08-23 13:48:00,"Kupio juce ovaj telefon i mogu reci predobar!!! Vidim da se uporedjuje sa nekim telefonima koji su 250-350e,a ovaj je trenutno na snizenju 22.000 dinara u gigatronu i tehnomaniji.. sto daje nekih 185e.. i da, svakako se isplati jer je nov i bas lepe karakteristike ima."
https://mobilnisvet.com/mobilni/w7xfc/Huawei/nova-Y90-6GB,Huawei,Huawei nova Y90,Y90,2022-08-17 10:04:00,Da li vredi da se ovaj telefon uzme umesto Huawei nova 9 se
https://mobilnisvet.com/mobilni/w7xfc/Huawei/nova-Y90-6GB,Huawei,Huawei nova Y90,Neka tamo,2022-08-11 16:27:00,"AnTuTu test 219.000, nema google prodavnicu, u ovom cenovniku rangu(200€) može se naći mnogo boljih telefona kao što su redmi note 10 5g, realme 8 4g"
https://mobilnisvet.com/mobilni/w7xfc/Huawei/nova-Y90-6GB,Huawei,Huawei nova Y90,Aca,2022-08-10 14:36:00,Sasvim solidno za ove pare uz napomenu da morate biti malo veći poznavalac softvera jer ne poseduje google prodavnicu.
https://mobilnisvet.com/mobilni/w7xfc/Huawei/nova-Y90-6GB,Huawei,Huawei nova Y90,Igor,2022-07-20 00:57:00,Ja mislim da ovaj Huawei ce biti best buy telefon u 2023-će godine. ako je istina da će kostati svega 22 hiljade dinara.
https://mobilnisvet.com/mobilni/m2j/Huawei/nova-9-SE-8GB,Huawei,Huawei nova 9 SE,jare,2023-11-02 07:49:00,"izasao emui 13 za telefon, 4.70gb.skida se pa cemo instalirati da vidimo sta ima novo :)"
https://mobilnisvet.com/mobilni/m2j/Huawei/nova-9-SE-8GB,Huawei,Huawei nova 9 SE,Ivan,2023-09-30 10:22:00,"E ovako imam ga već 30 dana i mogu da kažem da je dobar stim što ne igram igrice sve drugo je super brz, ne secka, i baterija mi izgura dva dana."
https://mobilnisvet.com/mobilni/m2j/Huawei/nova-9-SE-8GB,Huawei,Huawei nova 9 SE,Ivan,2023-07-09 22:13:00,"Jesi sigurno preuzimao ih preko AppGallery? Kod mene notifikacije dolaze na vreme, i one sa Messengera i one sa gmaila. :)"
https://mobilnisvet.com/mobilni/m2j/Huawei/nova-9-SE-8GB,Huawei,Huawei nova 9 SE,Andrija,2023-04-30 14:02:00,"Ovako, imam telefon nekih 6 meseci."
https://mobilnisvet.com/mobilni/m2j/Huawei/nova-9-SE-8GB,Huawei,Huawei nova 9 SE,Dragana,2023-04-28 19:50:00,Je li dobar za dete od 12 godina?
https://mobilnisvet.com/mobilni/m2j/Huawei/nova-9-SE-8GB,Huawei,Huawei nova 9 SE,Lila,2023-04-28 19:49:00,Kakva mu je kamera?
https://mobilnisvet.com/mobilni/m2j/Huawei/nova-9-SE-8GB,Huawei,Huawei nova 9 SE,Bata,2023-04-26 21:23:00,Ja ni youtube nisam mogao da na nađem jooj.
https://mobilnisvet.com/mobilni/m2j/Huawei/nova-9-SE-8GB,Huawei,Huawei nova 9 SE,Dilema,2023-03-24 03:47:00,Jel ima gugl ?  Hvala
https://mobilnisvet.com/mobilni/m2j/Huawei/nova-9-SE-8GB,Huawei,Huawei nova 9 SE,Mm,2023-03-19 17:12:00,"Kakve su kamere na ovom telefonu i jel je velika razlika izmedju ovog i huawei nova 10 i huawei nova 10 se, vidim da razlike u ceni nisu male pa me interesuje da li je kamera drasticno losija na ovom?"
https://mobilnisvet.com/mobilni/m2j/Huawei/nova-9-SE-8GB,Huawei,Huawei nova 9 SE,tomica91,2023-03-03 02:35:00,"Telefen ekstra,imao sam ga,i ponovo cu ga imati. Za mene mobilni ekstra 😀😀😀😀😀😀😀"
https://mobilnisvet.com/mobilni/m2j/Huawei/nova-9-SE-8GB,Huawei,Huawei nova 9 SE,Uros,2023-02-02 20:08:00,Da li moze neko da mi kaze kako instal wallet ???
https://mobilnisvet.com/mobilni/m2j/Huawei/nova-9-SE-8GB,Huawei,Huawei nova 9 SE,Amar,2023-01-25 15:34:00,imam hauwei 9se 8 giga rama telefon je star nepuna dva meseca nije los sto se tice specifikacije samo ima veliki problem oko id face zaštite posto ja i moj brat koji je 10 god mladji od mene mozemo da otkljucamo ovaj uredjaj a i baterija mu je mnogo losa dva puta dnevno ga punim tako da ja ne preporucujem ovaj uredjaj
https://mobilnisvet.com/mobilni/m2j/Huawei/nova-9-SE-8GB,Huawei,Huawei nova 9 SE,vlada,2023-01-18 16:39:00,"mene zanima da li kasne obavestenja  whatsapp,viber,mejl..itd? kao sto su pricali u pocetku za huawei posto nema google..."
https://mobilnisvet.com/mobilni/m2j/Huawei/nova-9-SE-8GB,Huawei,Huawei nova 9 SE,Nensy,2023-01-13 07:03:00,Razmisljam se o ovom telefonu jer ima skoro iste specifikacije kao honor 8x koji imam skoro 3 ipo godine. Citam komentare i zanima me koliko je to losa kamera? Proces da li toliko baguje? Kod ovog me privlaci i sto ima slot za memorijsku sto mnogi Huawei i Honor nemaju.
https://mobilnisvet.com/mobilni/m2j/Huawei/nova-9-SE-8GB,Huawei,Huawei nova 9 SE,Dragan,2023-01-09 18:58:00,"Telefon je odlican,sreca sto sam ignorisao negativne komentare pa ga kupio,a inace sam sa p30pro presao na njega i jeste da je kamera malo slabija ali nista strasno.no imam pitanje na p30pro imam opciju (uvek na ekranu)sto mi je koristilo da kucnem dva puta po ekranu on se probudi i vidim sat i obavestenja,dok kod ovog ta opcija nema kao i kod p40 lte,zna li neko kako da to nadomestim nekom apl.da se takodje samo probudi ekran a ne da tipkam uvek dugme za ukljucenje nebi li video obavestenja"
https://mobilnisvet.com/mobilni/m2j/Huawei/nova-9-SE-8GB,Huawei,Huawei nova 9 SE,Ana,2022-12-28 10:45:00,Ima ga 3 meseca.
https://mobilnisvet.com/mobilni/m2j/Huawei/nova-9-SE-8GB,Huawei,Huawei nova 9 SE,Jelena,2022-11-29 19:04:00,Jel postoji neko podesavanje za kameru? Ovo je uzas.
https://mobilnisvet.com/mobilni/m2j/Huawei/nova-9-SE-8GB,Huawei,Huawei nova 9 SE,Nadja,2022-11-26 19:39:00,"Pre 2 nedelje sam kupila ovaj telefon, iskreno vrlo sam zadovoljna za sad... Baterija i po dva dana traje, jedina mana je kamera, ali nista strasno, inace je telefon super..."
https://mobilnisvet.com/mobilni/m2j/Huawei/nova-9-SE-8GB,Huawei,Huawei nova 9 SE,Svetlana,2022-11-24 19:27:00,Huawei nova 9 se ili Honor 50 lite?
https://mobilnisvet.com/mobilni/m2j/Huawei/nova-9-SE-8GB,Huawei,Huawei nova 9 SE,Стефан Душан силни,2022-10-09 05:57:00,Huavej nova 9 se ili Samsung galaksi a33 5g
https://mobilnisvet.com/mobilni/m2j/Huawei/nova-9-SE-8GB,Huawei,Huawei nova 9 SE,Nande,2022-06-28 18:49:00,"kako radi ovaj telefon,preko svoje tarife mogu za male pare da ga uzmem kod operatera,njega i nova 9 obicni?nova 9 se je noviji,a opet skoro 100e jeftiniji.znam da ima slabiji procesor i ekran,kakva mu je kamera i baterija?"
https://mobilnisvet.com/mobilni/m2j/Huawei/nova-9-SE-8GB,Huawei,Huawei nova 9 SE,Nina,2022-06-21 09:12:00,"Interesuje me kamera ovog modela,iskustva. Bitne su mi jake,realne boje"
https://mobilnisvet.com/mobilni/m2j/Huawei/nova-9-SE-8GB,Huawei,Huawei nova 9 SE,Huawei,2022-06-15 18:10:00,Koji je bolje da uzmem nova 9 se ili huawei mate 20 pro?
https://mobilnisvet.com/mobilni/gsmly/Huawei/nova-10-SE-8GB,Huawei,Huawei nova 10 SE,mileqin,2026-05-14 13:11:00,dobar dan hoce kupi huawei nova10 se
https://mobilnisvet.com/mobilni/gsmly/Huawei/nova-10-SE-8GB,Huawei,Huawei nova 10 SE,Vladan,2025-02-17 08:28:00,Mnogo baguje u zadnje vreme. U pocetku je bio ok. Ne preporucujem.
https://mobilnisvet.com/mobilni/gsmly/Huawei/nova-10-SE-8GB,Huawei,Huawei nova 10 SE,moka,2024-11-07 14:29:00,"Ne razumem zasto mnogi pišiu da sve radi normalno preko Gbox AppGallery,kad nije tako. Npr viber uošte nemaju u ponudi,a kad ga nekako instalirate,nema notifikaciju ni na zakljucanom ni na otkljucanom ekranu,i morate da udjete u sam viber da bi videli jel ima nesto.Sve sam probao u namestanju  samog vibera i telefona,dzabe ja podesim da se upali ekran kad stigne poruka,kad se on ne pali,velika zajebancija. Kad udjem u galeriju ne mogu da šerujem slike na viber,jer vibera uopšte nema u aplikacijama???"
https://mobilnisvet.com/mobilni/gsmly/Huawei/nova-10-SE-8GB,Huawei,Huawei nova 10 SE,Lana,2024-11-03 19:05:00,"kako da ubedim viber skinut sa Gbox a,da dobijam notifikaciju za poruke na ugasenom ekranu.Sve sam isprobala,al ne ide.Viber cak i ne prikazuje u aplikacijama na telefonu,kao da ga i nema.Ne mogu sliku iz galerije da šerujem na viber jer ga uopšte i ne pokazuje u instaliranim aplikacijama??"
https://mobilnisvet.com/mobilni/gsmly/Huawei/nova-10-SE-8GB,Huawei,Huawei nova 10 SE,moca,2024-10-28 11:34:00,"Ima li razlike ako se skinu aplikacije sa APPgallery i Gspace,u smislu pokretanja istih? Ja skidam preko Gbox ali nije bas sve OK"
https://mobilnisvet.com/mobilni/gsmly/Huawei/nova-10-SE-8GB,Huawei,Huawei nova 10 SE,Luka,2024-04-04 07:33:00,"Ovako, meni je realno dobar i kamera je dobra samo je problem što nema stabilizaciju i što nema google aplikacije, meni je ostalo čak i dobro"
https://mobilnisvet.com/mobilni/gsmly/Huawei/nova-10-SE-8GB,Huawei,Huawei nova 10 SE,Daca,2024-02-09 10:07:00,"Uzela telefon u A1 pre 10 meseci treći put šaljem u servis gde mi ga vraćaju sa istim problemom. Telefon u toku poziva kada je prislonjen na uho ,upali ekran i ulazi u razne aplikacije,a ne daj bože da ga stavim izmedju ramena i uha i pričam ,dešava se da me sagovornik čuje u prekidima. Treći put učitavaju softver i ništa kvar se nije rešio. Znači katastrofa"
https://mobilnisvet.com/mobilni/gsmly/Huawei/nova-10-SE-8GB,Huawei,Huawei nova 10 SE,Harmony OS,2024-02-09 08:44:00,"Stavio sam Harmony OS na ovaj telefon i software super radi. Nemaš uopće utisak da se radi o nekakvom tako inferiornom telefonu. Sve dok ne upališ kameru koja je blagi užas, speedtest ili bilo koji test onda zapravo vidiš kakav je to jad od uređaja. Telefon ne vrijedi tih para. Tko hoće nešto slično Huaweiu ima Honor 90 Lite bolji telefon za isto ili manje para."
https://mobilnisvet.com/mobilni/gsmly/Huawei/nova-10-SE-8GB,Huawei,Huawei nova 10 SE,Milovan Krstic,2024-01-22 17:34:00,Sto dalje od ovog telefona
https://mobilnisvet.com/mobilni/gsmly/Huawei/nova-10-SE-8GB,Huawei,Huawei nova 10 SE,Gandra,2023-11-21 18:21:00,"Nikad vise huawei. Nova 10se zakucao 2x u 20 dana cak nije mogao ni da se resetuje pojacava smanjuje,cak ni alarm nije mogao da se upali 100% bez funkcija posle 6,7h mirovanja sam je sebe odblokirao... Uzas!"
https://mobilnisvet.com/mobilni/gsmly/Huawei/nova-10-SE-8GB,Huawei,Huawei nova 10 SE,Miloš,2023-11-11 22:58:00,Huawei Nova 10 se ili Samsung A54?
https://mobilnisvet.com/mobilni/gsmly/Huawei/nova-10-SE-8GB,Huawei,Huawei nova 10 SE,Spirit77,2023-07-19 09:01:00,"Bavim se prodajom telefona već 5 god, ovo je jedan od top 10 telefona odnosa kvaliteta i cene za 2022/2023god."
https://mobilnisvet.com/mobilni/gsmly/Huawei/nova-10-SE-8GB,Huawei,Huawei nova 10 SE,Damir,2023-06-09 05:18:00,"U pocetku sam bio prezadovoljan,ali posle zadnjeg update otkljucavanje licem jako tesko radi,pogotovo ako je mracnije.procitao sam da youtube nece da radi.tacno je da posle nekoliko sekundi zastane i tako stoji.ali meni preko g-space radi redovno a njegova original aplikacija i kad otvorim iz google nece da radi.baterija sta ja znam,nekad izgura ceo dan nekad ne uglavnom sa 5 sati upaljenog ekrana dodje na 20%"
https://mobilnisvet.com/mobilni/gsmly/Huawei/nova-10-SE-8GB,Huawei,Huawei nova 10 SE,mico,2023-04-28 19:53:00,Ne mogu google maps da nađem a baš mi trebaju
https://mobilnisvet.com/mobilni/gsmly/Huawei/nova-10-SE-8GB,Huawei,Huawei nova 10 SE,Mihajlo,2023-04-15 17:54:00,"Uzeo telefon pre 3-4 dana, instalirao mu youtube sa gbox-a i ucita video donekle i stane, kad dodje dotle, zabaguje i vrti samo kao sa ucitava ali ne moze da ucita. Obrisao i skinuo sa gspace-a i isto se desava. Postoji li resenje i kako ? Skinuo sam neke zamene za youtube , tipa youplay , vanced i to radi besprekorno."
https://mobilnisvet.com/mobilni/gsmly/Huawei/nova-10-SE-8GB,Huawei,Huawei nova 10 SE,backo,2023-03-25 19:40:00,koji da uzmem zeni mob
https://mobilnisvet.com/mobilni/gsmly/Huawei/nova-10-SE-8GB,Huawei,Huawei nova 10 SE,Milanche,2023-02-23 11:48:00,"Koji telefon uzeti, M4 PRO 8/256 ili Huawei NOVA 10 SE?"
https://mobilnisvet.com/mobilni/gsmly/Huawei/nova-10-SE-8GB,Huawei,Huawei nova 10 SE,Vladan,2023-02-17 18:58:00,Jeste lep i jeste Huawei. Ali je skup.
https://mobilnisvet.com/mobilni/gsmly/Huawei/nova-10-SE-8GB,Huawei,Huawei nova 10 SE,Vlado nk,2023-02-13 04:53:00,Sta fali to Motorolama?
https://mobilnisvet.com/mobilni/gsmly/Huawei/nova-10-SE-8GB,Huawei,Huawei nova 10 SE,Dragan,2023-01-27 17:04:00,Kakvo vam je mišljenje o telefonu? Da li baguje?
https://mobilnisvet.com/mobilni/gsmly/Huawei/nova-10-SE-8GB,Huawei,Huawei nova 10 SE,Nane,2022-11-29 08:09:00,Ovakva cena za ove specifikacije ? Previše
https://mobilnisvet.com/mobilni/gsmly/Huawei/nova-10-SE-8GB,Huawei,Huawei nova 10 SE,Huawei nova 10 SE,2022-11-19 06:50:00,"Ima li neko ovaj model iz Yetella, iskustva?"
https://mobilnisvet.com/mobilni/219g8/Huawei/nova-10,Huawei,Huawei nova 10,Боб,2026-01-11 21:32:00,"Imam ga više od godinu dana,kupio nov. Telefon za te pare, platio ga 32000 din, je odličan. Sa gbox om nemam problema i sve radi kao sat. Samo Huavei od sad pa na dalje."
https://mobilnisvet.com/mobilni/219g8/Huawei/nova-10,Huawei,Huawei nova 10,Đule,2025-05-12 07:27:00,"Odličan,kvalitetna izrada,premium osecaj u ruci👌."
https://mobilnisvet.com/mobilni/219g8/Huawei/nova-10,Huawei,Huawei nova 10,V,2025-01-26 11:24:00,"Imam Nova 10 vec vise od godinu dana. Kupio sam ga polovnog. Pre njega sam imao promasaj sa Xiaomi 11 lite 5g NE koji sam uzeo zbog Google servisa(gms) posle P40 lite. Godinu dana sam telefon koristio bez gBox-a i slicnih virualizacija jer je skoro sve radilo sasvim dobro i bez gms. Za neke aplikacije jednostavno mora, ali u mom slucaju su to bile 4-5 aplikacije. Preselio sam se u Nemacku gde se 90% stvari radi preko telefona i gde je potrebno mnogo vise aplikacija i zato sam se odlucio i na svoj telefon ubacio HarmonyOS. Nakon toga instalirao klasicne Google servise i sve radi mnogo bolje nego sto je radilo bez istih ili preko gBox-a. Bolje drzi bateriju, bolje radi i konacno moguce je imati Google Play. Da sam u Srbiji, verovatno mi ne bi trebao gplay, ali posto je telefon, kao i svi ostali Huawei telefoni, odlicnog kvaliteta odlucio sam se za ovo i sigurno cu ga jos koristiti. Moja topla preporuka je HarmonyOS"
https://mobilnisvet.com/mobilni/219g8/Huawei/nova-10,Huawei,Huawei nova 10,David,2024-09-03 22:58:00,"Odlican uredjaj, dizajn, izrada, tanak, lagan, softver jednostavan, kamera i zadnja, a posebno prednja perfektni, pinjac u kutiji i od to od 66W je samo bonus. Posebno sada, kada je cena dosta niza od pocetnih 500e."
https://mobilnisvet.com/mobilni/219g8/Huawei/nova-10,Huawei,Huawei nova 10,aca,2024-06-11 00:06:00,Telefon vrhunski.. sve preporuke
https://mobilnisvet.com/mobilni/219g8/Huawei/nova-10,Huawei,Huawei nova 10,Zoran,2024-04-08 23:00:00,"Evo i mog prvog komentara. Telefon sam kupio pre tačno mesec dana i posle par dana korišćenja shvatim da vlog kamera ne radi kako treba jer zvuk kasni za slikom. Takođe, sagovornici se žale da me slabije čuju. Inače lep telefon, lagan, baterija sasvim solidna dok sam od kamera zadnjih očekivao više .... Sve Gugl aplikacije se lako skinu preko GSpace, GBox i Apk pure. Trenutno iz drugog puta pokušavam da zamenimo telefonom jer su prvo put samo prepisali softver."
https://mobilnisvet.com/mobilni/219g8/Huawei/nova-10,Huawei,Huawei nova 10,Zoka,2024-03-22 09:24:00,Da li preći sa Huawei Nova 10 na Honor 50? Za i protiv?
https://mobilnisvet.com/mobilni/219g8/Huawei/nova-10,Huawei,Huawei nova 10,д.м,2024-02-06 15:37:00,"Bežite od svih Huavej telefona bez gugl pleja. Ovaj telefon je čisto bacanje para, veliko razočarenje, čim sam ga kupio odmah sam ga i prodao..."
https://mobilnisvet.com/mobilni/219g8/Huawei/nova-10,Huawei,Huawei nova 10,Milica,2023-09-25 15:08:00,"Od kog je materijala ovaj telefon? Pozadina, da li je plastika ili metal?"
https://mobilnisvet.com/mobilni/219g8/Huawei/nova-10,Huawei,Huawei nova 10,Aleksandar,2023-09-17 21:44:00,Imam pitanje i dilemu nova 10 ili real me 11 pro??? Brzo mi treba pomoć hvala :)
https://mobilnisvet.com/mobilni/219g8/Huawei/nova-10,Huawei,Huawei nova 10,Teodora,2023-09-14 00:01:00,"Uzela sam danas huawei nova 10 na ugovor, nisam ga ni 4h koristila dok sam podesavala sve i posetila instagram, 3 puta mi se gasio sam od sebe i to sa sve 30% baterije, tek nakon min se upali na punjacu sa istim % baterije. Da li je iko imao slično iskustvo?? Predlog neki šta da radim"
https://mobilnisvet.com/mobilni/219g8/Huawei/nova-10,Huawei,Huawei nova 10,Milan U.,2023-08-24 19:51:00,"Pozdrav, imam trilemu, Huawei Nova 10, Samsung A54 ili Xaomi 13 lite. Koji je najbolji?"
https://mobilnisvet.com/mobilni/219g8/Huawei/nova-10,Huawei,Huawei nova 10,Force,2023-08-08 00:44:00,Telefon je dobar radi kao sat preko gboxa skinete instagram google mape sve radi bez greske notifikacije ne kasne sve radi kao sat baterija dobra za 40m se napuni od 0-100 telefon za svaku preporuku
https://mobilnisvet.com/mobilni/219g8/Huawei/nova-10,Huawei,Huawei nova 10,Nikola,2023-08-01 19:52:00,Nova 10 ili Honor 90?
https://mobilnisvet.com/mobilni/219g8/Huawei/nova-10,Huawei,Huawei nova 10,Milos,2023-07-12 22:38:00,Da li je Nova10 bolji izbor od Motorole edge 40?
https://mobilnisvet.com/mobilni/219g8/Huawei/nova-10,Huawei,Huawei nova 10,Bane,2023-04-30 18:23:00,Redmi note 12 pro ili Nova 10? Sada je u A1 promocija Xioamija i jeftiniji je za 17.000 rsd. Ali je ovaj lepši.
https://mobilnisvet.com/mobilni/219g8/Huawei/nova-10,Huawei,Huawei nova 10,Iva,2023-04-28 19:58:00,Kakva mu je kamera
https://mobilnisvet.com/mobilni/219g8/Huawei/nova-10,Huawei,Huawei nova 10,Rada,2023-04-28 19:57:00,Jel ima Whatsup ovaj model
https://mobilnisvet.com/mobilni/219g8/Huawei/nova-10,Huawei,Huawei nova 10,Rade,2023-04-24 23:57:00,"Znam da negde pise, ali nemam vremena za citanje. Posla preko glave. Izvinite dragi komentatori, ali moze li mi neko kazati da li ovaj model ima Google servis i ako nema kakva je altrenativa? Kako da skidam Viber, WhatsApp i druge aolikacije. Hvala unapred na odgovoru."
https://mobilnisvet.com/mobilni/219g8/Huawei/nova-10,Huawei,Huawei nova 10,Anja,2023-04-24 09:20:00,"Zdravo svima, da li je neko uspeo da uradi restore Viber chata sa nekog drugog androida na Huawei nova?"
https://mobilnisvet.com/mobilni/219g8/Huawei/nova-10,Huawei,Huawei nova 10,Vuk,2023-04-19 16:59:00,Nemam na telefonu feacebook! Razočaran sam!
https://mobilnisvet.com/mobilni/219g8/Huawei/nova-10,Huawei,Huawei nova 10,Миле,2023-04-19 11:18:00,"Ko ima ovaj telefon, koje staklo uzeti za zaštitu ekrana i koliko košta?"
https://mobilnisvet.com/mobilni/219g8/Huawei/nova-10,Huawei,Huawei nova 10,Perica,2023-04-15 11:18:00,"Da da je napravio Apple, koštao bi 3000 dolara"
https://mobilnisvet.com/mobilni/w1d/Huawei/P60-Pro-Dual-SIM,Huawei,Huawei P60 Pro,Steff,2026-06-04 22:18:00,"Vidim da mnogi pitaju za pateriju evo ja sam svoju ""akao"" na 89 posto sam podatke nikada ne gasim i dobar deo dana su mi povezani sat i tel na njega. Izgura dan. Ako bi bio više na wifi-u onda lagano. Uostalom zamena baterije vam je 50-60eura. Tkd vredi rizikovati. Ja svoj ovakav ne bih prodavao za 300e jer realno vredi više. topla preporuka svima, ja često idem na koncerte šta ovaj telefon izvuče u mračnim uslovima na 50ak m daljine, novi tel mogu da sanjaju 😊"
https://mobilnisvet.com/mobilni/w1d/Huawei/P60-Pro-Dual-SIM,Huawei,Huawei P60 Pro,Nikola,2026-04-10 00:20:00,"Proklinjem dan kad sam ga prodao, eto... Dizajn (beli) ... Kamere... Zvuk.. Signal...Osećaj u ruci, savršena ergonomija...Koristim od skora 80 Pro, imam osećaj kao da sam je ostavio zbog mlađe, zgodnije, a u stvari... Patim..."
https://mobilnisvet.com/mobilni/w1d/Huawei/P60-Pro-Dual-SIM,Huawei,Huawei P60 Pro,Zoran,2026-02-16 18:59:00,Vec  dve godine koristim ovaj telefon i nemam nameru da ga menjam. Jos uvek je previse dobar u svemu. Licna preporuka.
https://mobilnisvet.com/mobilni/w1d/Huawei/P60-Pro-Dual-SIM,Huawei,Huawei P60 Pro,Jelena,2026-02-12 12:09:00,"Uzela sam tel pre nekih 10 dana na oglasima (i to pearl varijanta 😍) mogu samo da kažem da sam prezadovoljna , sve radi norm sa aplik , fluidan, zvuk jak čist . O kameri nema se šta puno pričati ona mi je najbitnija tako da je pun pogodak+ estetski jako lep ."
https://mobilnisvet.com/mobilni/w1d/Huawei/P60-Pro-Dual-SIM,Huawei,Huawei P60 Pro,Huawei fan,2026-02-02 20:25:00,"Zdravo,"
https://mobilnisvet.com/mobilni/w1d/Huawei/P60-Pro-Dual-SIM,Huawei,Huawei P60 Pro,Beli,2026-01-31 11:42:00,Odlican telefon. Obicno kupujem flagship telefone i koristim ih dve godine. P60 pro cu da koristim i trecu. Uparen sa satom GT3 pro savršeno radi. Preporuka za sve 🙂👍.
https://mobilnisvet.com/mobilni/w1d/Huawei/P60-Pro-Dual-SIM,Huawei,Huawei P60 Pro,Sandra,2026-01-26 17:18:00,"Zdravo svima, da li vredi huawei p60 pro u 2026 god sa 91% baterije? Cena 290e"
https://mobilnisvet.com/mobilni/w1d/Huawei/P60-Pro-Dual-SIM,Huawei,Huawei P60 Pro,Milan,2026-01-19 16:55:00,Gde mogu nabaviti ovaj telefon a da mogu platiti odmah? Može i polovan samo da znam da je sigurna kupovina.
https://mobilnisvet.com/mobilni/w1d/Huawei/P60-Pro-Dual-SIM,Huawei,Huawei P60 Pro,Pedro,2025-12-05 21:45:00,Mate 50 Pro ili P60 Pro?
https://mobilnisvet.com/mobilni/w1d/Huawei/P60-Pro-Dual-SIM,Huawei,Huawei P60 Pro,Bojan,2025-10-05 13:02:00,Da li uzeti ovaj p60pro ili honor 400 pro koji je takodje dobar telefon. Da li se nesto gubi ako se ustedi kupovino dobrog ali jeftinijeg honora
https://mobilnisvet.com/mobilni/w1d/Huawei/P60-Pro-Dual-SIM,Huawei,Huawei P60 Pro,Mihajlo,2025-08-17 02:51:00,Jel ima ovj telefon 5G?
https://mobilnisvet.com/mobilni/w1d/Huawei/P60-Pro-Dual-SIM,Huawei,Huawei P60 Pro,Nemanja,2025-07-29 21:23:00,Odličan telefon. Koristim ga skoro 2 godine. Nikakav problem nisam imao . Prethodno sam koristio P50 pro i  P30 pro ali ovaj mi posebno legao. Koristiću ga jos neko vreme jel ne vidim potrebu za nekim menjanjem. Jos me nista nije zainteresovalo toliko. Mozda Pura 80 pro kad se bude pojavila bude ta ili neki novi Honor Magic 8 pro. Videcu dogodine . Pozdrav .
https://mobilnisvet.com/mobilni/w1d/Huawei/P60-Pro-Dual-SIM,Huawei,Huawei P60 Pro,Rade,2025-07-28 09:44:00,"Nakon gidinu i po dana korišćenja ovog telefona,mogu reći samo sve je top.Jedina mana mu je što se baš jako greje.Baš jako"
https://mobilnisvet.com/mobilni/w1d/Huawei/P60-Pro-Dual-SIM,Huawei,Huawei P60 Pro,Vesna,2025-07-21 10:29:00,"Zdravo. Da li se nekome desava da ne moze da vidi da mu je stigla poruka na viber, osim kad udje u aplikaciju? To mi se desava par dana, moze li to nekako da se sredi?"
https://mobilnisvet.com/mobilni/w1d/Huawei/P60-Pro-Dual-SIM,Huawei,Huawei P60 Pro,Irena,2025-07-15 10:58:00,"Kupila sam ga pre nedelju dana. Sve radi, jedino neće da mi ažurira chrome.. Stalno mi mi javlja da aplikacija nije mogla da se ažurira. Ima li neko odgovor?"
https://mobilnisvet.com/mobilni/w1d/Huawei/P60-Pro-Dual-SIM,Huawei,Huawei P60 Pro,Huawei X Pro Max 77,2025-07-05 14:32:00,Sone menjaj slobodno odlicne su kamere pogotovo glavna
https://mobilnisvet.com/mobilni/w1d/Huawei/P60-Pro-Dual-SIM,Huawei,Huawei P60 Pro,Miloš,2025-07-02 11:57:00,"Pozdrav!Posedujem P60 pro nekih godinuipo dana,sve funkcioniše i radi super,zanima me jel se isplati zameniti ga za Honor magic 7 pro, to bi me koštalo nekih 400e minimum."
https://mobilnisvet.com/mobilni/w1d/Huawei/P60-Pro-Dual-SIM,Huawei,Huawei P60 Pro,Nenad,2025-05-06 22:14:00,"Imam Google Pixel 8 pro i nude mi glanc nov Huawei p60 pro,nov nov ( bh 100%) full pakovanje sve sve NISAM PAMETAN...  Znam da sto se kamera tice tu su negde mrtva trka , imao sam Mate 50 Pro , P50 Pro itd ali sam taj Gbox ,MicroG itd da moram da se zamajavam sa tim ,muka mi je"
https://mobilnisvet.com/mobilni/w1d/Huawei/P60-Pro-Dual-SIM,Huawei,Huawei P60 Pro,Nikola,2025-05-03 07:43:00,"Pozdrav, uzeo sam pre par dana telefon. Nakon dugo koriscenja P20 Pro, naravno, sledeci je Huawei opet. Uglavnom, podesio MicroG, Framework( ne znam da li i to treba al ajd) i radi sve ok."
https://mobilnisvet.com/mobilni/w1d/Huawei/P60-Pro-Dual-SIM,Huawei,Huawei P60 Pro,Vaše mišljenje,2025-05-01 16:11:00,Ovaj telefon ili S23 ultra?
https://mobilnisvet.com/mobilni/w1d/Huawei/P60-Pro-Dual-SIM,Huawei,Huawei P60 Pro,Milos,2025-04-23 14:16:00,"Kupio sam Honor Magic 6 pro čim je izašao i prodao ga posle 2 meseca. Ne može kamere da priđu ovom telefonu, pogotovo zoom kamera i slike u noćnim uslovima. Kupio opet tj. vratio se ponovo za P60 pro. Jedna od najboljih kamera na tržištu."
https://mobilnisvet.com/mobilni/w1d/Huawei/P60-Pro-Dual-SIM,Huawei,Huawei P60 Pro,Huawei user,2025-03-08 23:36:00,Huawei modele se uopće više ne isplati kupovat globalne verzije već samo kineske sa HarmonyOS-m.
https://mobilnisvet.com/mobilni/w1d/Huawei/P60-Pro-Dual-SIM,Huawei,Huawei P60 Pro,Dragan,2025-01-14 21:01:00,Kupio telefon pre 10 dana
https://mobilnisvet.com/mobilni/w1d/Huawei/P60-Pro-Dual-SIM,Huawei,Huawei P60 Pro,Nadja,2025-01-09 16:45:00,"Da li neko može da mi kaže, ko ima iskustva i koristi huawei p 60 pro, u Crnoj Gori ga nema po radnjama, svi kao nema Google, da li se mogu skinuti neke aplikacije, i da li se može g mail koristiti. Da li vredi uopšte da se kupuje?"
https://mobilnisvet.com/mobilni/mym/Huawei/Pura-70-12GB-512GB-2x-SIM,Huawei,Huawei Pura 70,Bojan,2026-02-03 03:29:00,"Da li je dobar izbor ovaj telefon sada, obzirom da je na akciji za 65000?"
https://mobilnisvet.com/mobilni/mym/Huawei/Pura-70-12GB-512GB-2x-SIM,Huawei,Huawei Pura 70,Ana Javornik,2025-11-07 15:23:00,Imam samo jedan telefon Pura 70
https://mobilnisvet.com/mobilni/mym/Huawei/Pura-70-12GB-512GB-2x-SIM,Huawei,Huawei Pura 70,Goran,2025-09-26 06:56:00,"Uzeo sam pre 2 dana Huawei pura 70.Trenutno koristim honor magic 7lite pa da napravim samo malo poredjenje ova dva telefona.Bicu kratak,pura 70 ima zaista premijum izgled ali uz njega se dobija plasticna maskica sto nikako ne ide uz ovaj telefon sa metalnim okvirom zbog grebanja.I sada ono najvaznije,jedini aduti ovog telefona su izgled,vrhunske kamere koje zaista rade perfektno i na kraju stereo zvucnici koji imaju kvalitetan zvuk i...tu je kraj.U svemu drugome Hm7l je superiorniji,bolja baterija,bolji ekran,veci ekran i mnogo tanji telefon koji odlicno radi svoj posao.Tako da,kome trebaju odlicne kamere onda je to pura 70 a kome treba sve ostalo onda definitivno Hm7l.I jos nesto,cena ovog telefona je nerealno visoka i precenjena."
https://mobilnisvet.com/mobilni/mym/Huawei/Pura-70-12GB-512GB-2x-SIM,Huawei,Huawei Pura 70,Dušan,2025-07-01 07:37:00,"Uzeo bih Puru 70pro ali koliko znam ne može plaćanje u Srbiji preko Nfc probao sam sve živo,ako neko zna nek objasni....."
https://mobilnisvet.com/mobilni/mym/Huawei/Pura-70-12GB-512GB-2x-SIM,Huawei,Huawei Pura 70,Milos,2025-05-11 11:29:00,moze li savet vas koji se razumete..ovaj telefon ili Honor 200 pro..i koje su bitne razlike izmedju??hvala
https://mobilnisvet.com/mobilni/mym/Huawei/Pura-70-12GB-512GB-2x-SIM,Huawei,Huawei Pura 70,istina,2025-04-27 09:34:00,"samo da kažem... pre 10 godina sam rutovao telefone i brisao iz njih google servise... danas sam više nego srećan što postoje telefoni bez google servisa!!! svako ko nema mozg, pardon ko nema iskustva i misli da je telefon loš jer nema google servis, neka kupi ajfon, za bolje i nije, ajfon i jeste za te što nemaju...iskustva"
https://mobilnisvet.com/mobilni/mym/Huawei/Pura-70-12GB-512GB-2x-SIM,Huawei,Huawei Pura 70,NN,2025-01-19 18:51:00,"Ja imam jedno pitanje, da li je moguće prebaciti sve prepiske, viber, wa, sa starog huawei-a koji imam, na recimo ovaj koji bih kupila..? Odlažem kupovinu vec 6mes jer su mi bas bitne prepiske i ne bih da ostanem bez njih, a nisam nesto informisana da li mogu da prebacim sve sa starog na novi tel.."
https://mobilnisvet.com/mobilni/mym/Huawei/Pura-70-12GB-512GB-2x-SIM,Huawei,Huawei Pura 70,Jole,2024-12-26 13:54:00,Pozdrav :)
https://mobilnisvet.com/mobilni/mym/Huawei/Pura-70-12GB-512GB-2x-SIM,Huawei,Huawei Pura 70,Abrakadabra,2024-09-12 22:47:00,"Imao ga danas u rukama i moram reci da nikada nisam drzao telefon koji deluje toliko kvalitetno i cvrsto izradjeno, cak ni iphone koji je poznat po tome. Prava steta sto nije neki jaci procesor u njemu..."
https://mobilnisvet.com/mobilni/mym/Huawei/Pura-70-12GB-512GB-2x-SIM,Huawei,Huawei Pura 70,Osaka,2024-09-07 20:13:00,"Koristim Pura 70 već mesec i po. Tel vrh izgleda, ja sam ga dobio na poklon, ovaj model ima Kirin 9000s dok Pro i Ultra imaju 9010 procesor. Kamere na konkretno ovom modelu po meni Periscope ništa bolji od P40 pro i P30 pro koje sam imao pre ovoga, glavna kamera ok ali ništa preterano, bolja od P40 pro za nijansu što se tiče detalja, video ima dosta više kvaliteta i noćni snimak ne može da se poredi s P40 pro. Baterija kada je 60 fps, dan i po, kada je na 120 oko jedan ceo dan uz maksimalno korišćenje. Telefon ima Plej store implementiran. Postoji problem oko aplikacije Viber, svaki put kad uđem čekam par sekundi da učita kontakte, nekad i nestanu pa se pojave. Telefon izgleda moćno i svi se pitaju koji je i da li je to novi ajfon."
https://mobilnisvet.com/mobilni/mym/Huawei/Pura-70-12GB-512GB-2x-SIM,Huawei,Huawei Pura 70,Miki,2024-08-14 16:08:00,"Jeste ok telefon ali mnogo skup , da ima google play bio bi dve hiljade ali marketing je cudo mora da ga hvale kao p30 i pro , vrhunske kamere cuda , a on imao kameru kao i svaki drugi telefon pored p30 sam imao i s9 , kome pro nije ni blizu igracka jedino malo bolja baterija , tako i ovaj , najbolji fon je s23 ko voli mali telefon , ili s23 ultra ko hoce veci ekran i od toga vecini netreba nista bolje"
https://mobilnisvet.com/mobilni/mym/Huawei/Pura-70-12GB-512GB-2x-SIM,Huawei,Huawei Pura 70,Mile,2024-05-26 20:44:00,Procesor nema 8 već 12 jezgara.
https://mobilnisvet.com/mobilni/mym/Huawei/Pura-70-12GB-512GB-2x-SIM,Huawei,Huawei Pura 70,Zoran,2024-05-19 22:18:00,"Dobar je telefon, ali preskup. Ne mozes traziti toliko para kao sto mogu Samsung i Apple kad ti fali ono najvaznije sto ljudi koriste a to je google. Plus procesor ti je daleko od flagshipa."
https://mobilnisvet.com/mobilni/kwp/Huawei/Pura-70-Ultra-16GB-512GB-2x-SIM,Huawei,Huawei Pura 70 Ultra,"ovaj ili 17, iphone?",2026-03-18 23:08:00,Koi je bolji.....Sto se tice fotkanja video me ne zanima
https://mobilnisvet.com/mobilni/kwp/Huawei/Pura-70-Ultra-16GB-512GB-2x-SIM,Huawei,Huawei Pura 70 Ultra,Pavle,2025-12-05 21:03:00,70 ultra ili s24 ultra???
https://mobilnisvet.com/mobilni/kwp/Huawei/Pura-70-Ultra-16GB-512GB-2x-SIM,Huawei,Huawei Pura 70 Ultra,Averroes,2025-11-09 19:31:00,"Dosta bolja kupovina od Samsunga A56, bolje kamere i dizajn, iako je sve inferiornije ostalo vredi izdvojiti 550e vise za ovaj model."
https://mobilnisvet.com/mobilni/kwp/Huawei/Pura-70-Ultra-16GB-512GB-2x-SIM,Huawei,Huawei Pura 70 Ultra,Marko,2025-11-03 20:33:00,Bolji je Huawei pura 80 ultra u svemu i vredi 1200e
https://mobilnisvet.com/mobilni/kwp/Huawei/Pura-70-Ultra-16GB-512GB-2x-SIM,Huawei,Huawei Pura 70 Ultra,n,2025-09-28 12:11:00,pozdrav imam ovaj telefon i sto se mene tice kamera je vrhunska .Nisam fan igrica i gledanja interneta na telefonu ali za normalne potrebe je odlican. G play moze da se instalira imate uputstvo ne internetu i sve bar kod mene normalno funkcionise .Sve zavisi za sta vam tel treba
https://mobilnisvet.com/mobilni/kwp/Huawei/Pura-70-Ultra-16GB-512GB-2x-SIM,Huawei,Huawei Pura 70 Ultra,Branka,2025-09-09 12:31:00,"Pozdrav,koji mi telefon preporucujete...Bitno  2 stvari..kamera+fotografije...hvala 😁😁"
https://mobilnisvet.com/mobilni/kwp/Huawei/Pura-70-Ultra-16GB-512GB-2x-SIM,Huawei,Huawei Pura 70 Ultra,Čudo,2025-05-20 18:42:00,Telefon nakon godinu dana košta do 1500 € a ima procesor svega 2 GHz
https://mobilnisvet.com/mobilni/kwp/Huawei/Pura-70-Ultra-16GB-512GB-2x-SIM,Huawei,Huawei Pura 70 Ultra,Miroslav,2025-01-28 17:34:00,Pozz da li neko ima ovaj telefon ? zanima me kakav je u normalnom radu da li ima bagove da li zakucava izlazi iz app sam od sebe itd .. baterija da li izdrzi dan ili vise ? ne igram igre mozda ponekad al nesto lagano .. kamera da li je stvarno toliko dobra jer mu je cena sad kao s24 ultra a dosta je skuplji od honor magic 6 pro . hvalaa !
https://mobilnisvet.com/mobilni/kwp/Huawei/Pura-70-Ultra-16GB-512GB-2x-SIM,Huawei,Huawei Pura 70 Ultra,Simce,2024-12-12 00:42:00,Koliko godina softverske podrške dobija pura 70 ultra?
https://mobilnisvet.com/mobilni/kwp/Huawei/Pura-70-Ultra-16GB-512GB-2x-SIM,Huawei,Huawei Pura 70 Ultra,Stylo,2024-12-08 12:37:00,Zna li neko koje su opcije za cast na tv?
https://mobilnisvet.com/mobilni/kwp/Huawei/Pura-70-Ultra-16GB-512GB-2x-SIM,Huawei,Huawei Pura 70 Ultra,Aleksandar,2024-12-04 00:21:00,"Kada se instalira microG ne radi smartHALK mbanking i Beograd plus. A kada se izbrise,sve radi. Tako je verovatno sa jos nekim aplikacijama."
https://mobilnisvet.com/mobilni/kwp/Huawei/Pura-70-Ultra-16GB-512GB-2x-SIM,Huawei,Huawei Pura 70 Ultra,Darko,2024-11-05 22:04:00,Ja bi ovo posedovao da ima Google
https://mobilnisvet.com/mobilni/kwp/Huawei/Pura-70-Ultra-16GB-512GB-2x-SIM,Huawei,Huawei Pura 70 Ultra,Marce,2024-10-22 17:36:00,Kakva e kamera telefona?
https://mobilnisvet.com/mobilni/kwp/Huawei/Pura-70-Ultra-16GB-512GB-2x-SIM,Huawei,Huawei Pura 70 Ultra,Aleksandar,2024-10-21 12:07:00,Masa ljudi vidim pise da pura 70 serija nema 5g mrezu a to nije tačno. Mate 60 serija i pura 70 imaju 5g konekciju jer su im vraceni kirin procesori koji je podrzavaju.
https://mobilnisvet.com/mobilni/kwp/Huawei/Pura-70-Ultra-16GB-512GB-2x-SIM,Huawei,Huawei Pura 70 Ultra,Marko,2024-10-12 22:44:00,Dobar je tel ali nije bolji od Samsung s24 ultra lično imam oba telefona samsung ima bolju kameru i procesor bateriju od huawei.
https://mobilnisvet.com/mobilni/kwp/Huawei/Pura-70-Ultra-16GB-512GB-2x-SIM,Huawei,Huawei Pura 70 Ultra,Ja,2024-10-04 14:17:00,"Ne zaboravite da su im Ameri uveli sankcije,jer je P30 pro bio prvi telefon koji ih je razbio po svim parametrima u to vreme! Čak i pored sankcija,manjih nedostataka,napravili su moćan telefon i oni koji pate da imaju jabuku na poledjini radi nekog prestiža,mogu samo da mu zavide!"
https://mobilnisvet.com/mobilni/kwp/Huawei/Pura-70-Ultra-16GB-512GB-2x-SIM,Huawei,Huawei Pura 70 Ultra,Zox,2024-08-14 18:55:00,Sta su uradili ovom Huawei sa sankcijama. Da ima SD8 gen3 i Android bio bi prvi kao i pre uvodjenja sankcija 2020. Ovim modelom su se vratili ali sa pola snage i na kraju ce slabo da se prodaje
https://mobilnisvet.com/mobilni/kwp/Huawei/Pura-70-Ultra-16GB-512GB-2x-SIM,Huawei,Huawei Pura 70 Ultra,Ana,2024-08-08 09:38:00,"Pozdrav.. Ljubitelj sam Huawei telefona, i dvoumim se da li P60 pro ili Pura 70 pro?"
https://mobilnisvet.com/mobilni/kwp/Huawei/Pura-70-Ultra-16GB-512GB-2x-SIM,Huawei,Huawei Pura 70 Ultra,Jojo,2024-07-08 02:14:00,Feleričan proizvod.
https://mobilnisvet.com/mobilni/kwp/Huawei/Pura-70-Ultra-16GB-512GB-2x-SIM,Huawei,Huawei Pura 70 Ultra,Karlo,2024-07-07 12:07:00,"I da, mišljenja sam da bi možda trebalo preskočiti kupovinu do jeseni, da bas vidimo taj NextOS na šta će ličiti na novom mate i možda p80 seriji. Do tad ce ovome pasti cena na neku realnu a i taman da se vidi da li je novi OS vredan ičega"
https://mobilnisvet.com/mobilni/kwp/Huawei/Pura-70-Ultra-16GB-512GB-2x-SIM,Huawei,Huawei Pura 70 Ultra,Karlo,2024-07-07 11:55:00,"U optimizaciji softvera, ne postoji lag, force close, kočenje, blokada aplikacije, i sl."
https://mobilnisvet.com/mobilni/kwp/Huawei/Pura-70-Ultra-16GB-512GB-2x-SIM,Huawei,Huawei Pura 70 Ultra,Ime,2024-07-06 22:16:00,U cemu?
https://mobilnisvet.com/mobilni/kwp/Huawei/Pura-70-Ultra-16GB-512GB-2x-SIM,Huawei,Huawei Pura 70 Ultra,GO77,2024-07-05 04:00:00,"Za sve koji se pitaju da li vredi uzeti ovaj telefon bez google servisa i sa ovakvim procesorom, evo recenzije:"
https://mobilnisvet.com/mobilni/kwp/Huawei/Pura-70-Ultra-16GB-512GB-2x-SIM,Huawei,Huawei Pura 70 Ultra,Miki,2024-07-04 10:45:00,Ovaj ili honor magic6 pro?
https://mobilnisvet.com/mobilni/59f/Huawei/Pura-80-Pro-12GB-512GB-2x-SIM,Huawei,Huawei Pura 80 Pro,Milos,2026-07-23 11:49:00,"Je li moguce na ovom telefonu obradjivati slike pomocu ai i na koji nacin funkcionise, tipa brisanja ljudi i objekata, sirenje kadra ili dodavanja objekata? I da li na njemu radi circle to search? Dvomim se da li vrijedi da ga kupim ili da idem na magic 8 pro? Hvala"
https://mobilnisvet.com/mobilni/59f/Huawei/Pura-80-Pro-12GB-512GB-2x-SIM,Huawei,Huawei Pura 80 Pro,Goran,2026-07-18 12:52:00,Pratim već par godina Huawei od Pura 70 pa sve do modela 90 sada koju čekamo da izađe. Obradovala me je vest da su dobili Android 16 što ogroman Napredak naspram anroida 12. Meni se baš dopada Huawei i vidi se da su uložili u kvalitet i oduvek su imali odlično izbalansiran softver sa hardverom. Lično bitno mi je da mi Google Map radi zbog navigacije i da mi rade društvene mreže i mejlovi to su mi bazične stvari  bez kojih danas ne mogu.
https://mobilnisvet.com/mobilni/59f/Huawei/Pura-80-Pro-12GB-512GB-2x-SIM,Huawei,Huawei Pura 80 Pro,Nix,2026-07-10 01:08:00,"Znaci navodno, serija 90 dolazi sa Emui 16 i android tj aosp 16 baza. I svi koji su sa kirin procesorom ce dobiti update, ne mora da znaci da ce im emui biti povećan za broj 16, no da ce ubaciti tu bazu u update. I da svi oni imaju 5g čip, I da ce ga aktivirati posle 14og jula, kad bude izbačena P90 serija"
https://mobilnisvet.com/mobilni/59f/Huawei/Pura-80-Pro-12GB-512GB-2x-SIM,Huawei,Huawei Pura 80 Pro,Bole,2026-07-01 13:49:00,"ovako.. koristio sam u životu nebrojeno modela telefona. prosečan korisnik, bez Google walleta navigacija gluposti 200 mail adresa i sl. generalno, telefon je savršen. o izgledu nema rasprave, neko voli neko ne, meni lično prelep. sve što treba radi bez greške i zadrške. kamera ubija. sistem leti, baterija dan ipo lagano, igrice ni kao dete nisam igrao a kamoli sad. lepota jedna za običnog čoveka-premija. uživajte sa njim"
https://mobilnisvet.com/mobilni/59f/Huawei/Pura-80-Pro-12GB-512GB-2x-SIM,Huawei,Huawei Pura 80 Pro,Borko,2026-06-21 09:48:00,"Može li mala pomoć? Kad god uđem u Gbox, izbaci mi notifikaciju da mi je u pozadini aktivan GcmlnGmsService...Šta to znači i može li ova notifikacija da se ukine bez afekta na redovne nitifikacije koje treba da dolaze? Hvala!"
https://mobilnisvet.com/mobilni/59f/Huawei/Pura-80-Pro-12GB-512GB-2x-SIM,Huawei,Huawei Pura 80 Pro,Smile,2026-06-12 00:00:00,"Pozdrav,"
https://mobilnisvet.com/mobilni/59f/Huawei/Pura-80-Pro-12GB-512GB-2x-SIM,Huawei,Huawei Pura 80 Pro,Srale,2026-05-31 21:49:00,Kakva vam je autonomija?
https://mobilnisvet.com/mobilni/59f/Huawei/Pura-80-Pro-12GB-512GB-2x-SIM,Huawei,Huawei Pura 80 Pro,Sasa,2026-05-08 15:09:00,dobar tel
https://mobilnisvet.com/mobilni/59f/Huawei/Pura-80-Pro-12GB-512GB-2x-SIM,Huawei,Huawei Pura 80 Pro,Lesnik,2026-05-07 16:47:00,Meni su već par godina jako zanimljivi Huawei telefoni i fasciniran sam upornošću i istrajnošću ove kompanije pored svih sankcija i problema i verujem da bi mnogi drugi proizvođači ili odustali od Evrope ili prekinuli sa radom. Da li imate neku informaciju čuo sam to jest negde pročitao da Huawei radi na svom sopstvenom sistemu kao što Apple ima svoj sistem to mi se dopada ako izbace svoj sistem trebaće neko vreme da se kompanije prilagoda na novi sistem. Pošto se dosta polemiše o snazi procesora on jeste bitan i za dugotrajnost trenutni procesori koliko sam mogao da ispratim guraju sve kako treba osim zahtevnih igrica koje ne mogu na maksimum ali kome nije to bitno ostalo bi trebalo sve da radi kako treba. Po meni cena Huawei telefona je skuplja malo veća i očekivao sam nižu cenu zbog svih poteškoća i problema i izgubljenost poverenja kod ljudi. Godinama unazad gledam i tražim telefone koji imaju jak procesor i dobre kamere eto i trenutno koristim Honor 400 pro sa kojim sam stvarno zadovoljan ali sam shvatio da mi tolika snaga i nije potrebna jer ja realno u svom radu a dosta koristim telefon ne iskoristim ni 70 80% njegovih mogućnosti i snage da li je uopšte potrebno da imam jači telefon i da idem na skuplju višu klasu.
https://mobilnisvet.com/mobilni/59f/Huawei/Pura-80-Pro-12GB-512GB-2x-SIM,Huawei,Huawei Pura 80 Pro,Aleksandar,2026-05-06 14:55:00,"Od svih telefona huaweijevih koje sam imao,a koristim ih od p30 serije,svaki model,kvalitet izrade je ovde najlosiji! Staklo kamere je imalo par peckica i probao sam da ocistim vlaznom maramicom misleci da je prljavo i bukvalno je matiralo celo staklo ,razvuklo celu mrlju na sredinu,i sada moram da ga menjam. Kao da je od plastike napravljeno,veliko razocarenje."
https://mobilnisvet.com/mobilni/59f/Huawei/Pura-80-Pro-12GB-512GB-2x-SIM,Huawei,Huawei Pura 80 Pro,Steff,2026-04-29 19:23:00,"Moze li neko ko ima telefon da mi napise da li vredi preci sa HM8 pro na njega zbog kamera, kakva je baterija kod Pure i da li je problem sa pregrevanjem stvaran ili se greje kad se puni i snima video samo?"
https://mobilnisvet.com/mobilni/59f/Huawei/Pura-80-Pro-12GB-512GB-2x-SIM,Huawei,Huawei Pura 80 Pro,Jelena,2026-04-26 19:17:00,"Da li je neko resio pitanje Google Wallet-a? Jedina Google app koju nisam uspela da aktiviram na Huawei p60 pro, sve ostalo radi"
https://mobilnisvet.com/mobilni/59f/Huawei/Pura-80-Pro-12GB-512GB-2x-SIM,Huawei,Huawei Pura 80 Pro,Dare,2026-04-10 19:19:00,"Isplati li se uzimati huawei telefone danas?Ja imam jedaan sesta mu godina i stekce odlicno,iako je lite.Ima 5g.E sad ovi noviji pura 80 nemaju.Ima nova 15,ali ko zna kada ce dici kod nas i da li ce.Sad da li uzeti huawei ili nesto drugo u premium brendu?"
https://mobilnisvet.com/mobilni/59f/Huawei/Pura-80-Pro-12GB-512GB-2x-SIM,Huawei,Huawei Pura 80 Pro,Mica,2026-03-22 20:25:00,Telefon dosta brz. Sve radi uz microG i aplikacije se skidaju preko aurora store (sve isto kao google play). Beskontaktno placanja sa nfc takodje radi ako imate ray pay. Android auto je takodje moguce podesiti
https://mobilnisvet.com/mobilni/59f/Huawei/Pura-80-Pro-12GB-512GB-2x-SIM,Huawei,Huawei Pura 80 Pro,Borko,2026-03-17 08:56:00,"Pozdrav, kupio sam telefon pre 2 dana, nisam stigao ni da ga otpakujem još. Ako neko ima živaca, zamolio bih ga da mi objasni kako se tačno instalira MicroG? To su koliko sam video, u pitanju nekoliko fajlova koji se instaliraju, pa ako vam nije teško, napišite šta treba redom. Gledao sam nešto na YT, ali nisam baš skapirao čini mi se, a malo sam stariji čovek, pribojavam se da nešto ne zeznem. Hvala puno unapred!"
https://mobilnisvet.com/mobilni/59f/Huawei/Pura-80-Pro-12GB-512GB-2x-SIM,Huawei,Huawei Pura 80 Pro,Kosta,2026-03-16 11:50:00,"Ljudi, da li vam radi youtube revanced i youtube revanced music? Neki nas recezent spominje da te aplikacije ne rade na ovom telefonu, a to mi igra ulogu. I da, da li je neko nasao resenje za spustanje statusne trake sa polovine ekrana? Kazu da radi perfektno sa Nova Launcherom, a da moze skoro skroz da se zadrzi originalan izgled softvera."
https://mobilnisvet.com/mobilni/59f/Huawei/Pura-80-Pro-12GB-512GB-2x-SIM,Huawei,Huawei Pura 80 Pro,Boky,2026-03-13 07:58:00,"Pozdrav, spremao sam se da kupim Puru, ali stigla je vest da će Google krajem 2026. da zaključa svoj sistem, nešto slično IOS-u, pa neće biti moguća instalacija aplikacija koje nisu iz Google Play-a. Šta se tada dešava sa MicroG i Gbox aplikacijama kroz koje sve drugo mora da ide? Ako one prestanu da rade, Huawei telefoni neće imati smisla uopšte..."
https://mobilnisvet.com/mobilni/59f/Huawei/Pura-80-Pro-12GB-512GB-2x-SIM,Huawei,Huawei Pura 80 Pro,Bzbzbxh,2026-03-10 17:32:00,"Dali ima 5G mreze , na neke sajtove pise da ne podnesuje u globar versi"
https://mobilnisvet.com/mobilni/59f/Huawei/Pura-80-Pro-12GB-512GB-2x-SIM,Huawei,Huawei Pura 80 Pro,Nikola,2026-03-07 23:14:00,"Aj ko ga stvarno ima, da mi kaze da li mu radi zoom slide na power dugmetu, znaci da moze da kontroliše zoom kad prevlaci palcem gore dole na power dugme/otisak prsta"
https://mobilnisvet.com/mobilni/59f/Huawei/Pura-80-Pro-12GB-512GB-2x-SIM,Huawei,Huawei Pura 80 Pro,Aca,2026-03-05 14:42:00,"Telefon je babaroga, fluidan, brz.. Fotografije su za klasu iznad konkurencije. Sto se tice google servisa sve radi kao da i nemaju sankcije."
https://mobilnisvet.com/mobilni/59f/Huawei/Pura-80-Pro-12GB-512GB-2x-SIM,Huawei,Huawei Pura 80 Pro,Milos,2026-02-27 11:11:00,"Telefon je odličan. Sve radi jako brzo. Baterija mi obično traje od 1,5 do 2 dana. Punjenje sa Huawei punjačem od 100w (koji sam jedino uspeo da nađem u Tehnomaniji) od 20 do 100% traje nešto malo više od pola sata. Slike su perfektne, snimci takođe. Pravo iznenađenje mi je bilo kako dobro radi navigacija na aplikaciji Petal Mape. Za sada sam vrlo zadovoljan telefonom."
https://mobilnisvet.com/mobilni/59f/Huawei/Pura-80-Pro-12GB-512GB-2x-SIM,Huawei,Huawei Pura 80 Pro,Nikola,2026-01-10 23:43:00,"Kupio 8og januara, čekao sam ova 3 dana da se stabilizuje sve pa vidim na čemu sam."
https://mobilnisvet.com/mobilni/59f/Huawei/Pura-80-Pro-12GB-512GB-2x-SIM,Huawei,Huawei Pura 80 Pro,Xmage,2026-01-04 20:40:00,Glupo mi je da takav telefon nemre vrtit youtube video u 4K i HDR-u.
https://mobilnisvet.com/mobilni/59f/Huawei/Pura-80-Pro-12GB-512GB-2x-SIM,Huawei,Huawei Pura 80 Pro,Pura 80 Pro korisnik,2025-12-18 14:09:00,Uzeo sam Huawei Pura 80 Pro preko operatera. Mene izadje malo ispod 70000.
https://mobilnisvet.com/mobilni-komentari/kwp/Huawei/Pura-70-Ultra-16GB-512GB-2x-SIM/2,Huawei,Huawei Pura 70 Ultra,realan,2024-06-20 13:13:00,S24 U je svetlosnu godinu ispred ovog..
https://mobilnisvet.com/mobilni-komentari/kwp/Huawei/Pura-70-Ultra-16GB-512GB-2x-SIM/2,Huawei,Huawei Pura 70 Ultra,11080,2024-06-15 17:10:00,"imam ovaj telefon vec 2 nedelje. Mogu samo da kazem da s24 ultra, koju inace moja zena koristi nije ni blizu ovog telefona. Osecaj i lezanje u ruci, sami dozivljaj telefona je neuporedivo bolji. Kamere bolje, fluidniji UI. Brzina, pa iskreno nisam video da li je S24U brzi. Cak i da jeste, ne primeti se. Koristim telefon kao poslovan korisnik, ne igram se na njemu kao ni na jednom do sada. Pre njega sam imao 15 pro max i za njega vam mogu reci da je Huawei bolji. Da se razumemo, velika mana su Google servisi. Meni licno ne smeta, ali mislim da se 99% ljudi nece opredeliti za njih sve dok se to ne resi."
https://mobilnisvet.com/mobilni-komentari/kwp/Huawei/Pura-70-Ultra-16GB-512GB-2x-SIM/2,Huawei,Huawei Pura 70 Ultra,Dejan,2024-06-12 23:23:00,"Od firme dobijam besplatno Samsung telefone ali ceznem za Huawei telefonom. Odlicni su, ako ne i najbilji, Zato su ih onako na kvarno rushili jer kvalitetom i cenom, konkurencija nije mogla da im parira"
https://mobilnisvet.com/mobilni-komentari/kwp/Huawei/Pura-70-Ultra-16GB-512GB-2x-SIM/2,Huawei,Huawei Pura 70 Ultra,aca,2024-06-11 00:12:00,Zasto se neko opterecuje procesorom kad je i ovaj odlican i ko god da ga uzme nece ni primetiti razliku u radu u odnosu na ostale flagshipe. Ovaj telefon ima nesto sto drugi nemaju a to je kamera koja sve konkurente ostavlja u prasini. Dxomark to potvrdjuje kao i mnogi specijalizovani sajtovi koji se bave time. Zoom mu je bolji u odnosu na ultru a sto se tice iphone tu je smesno i komentarisati jer je huawei bolji bar duplo.
https://mobilnisvet.com/mobilni-komentari/kwp/Huawei/Pura-70-Ultra-16GB-512GB-2x-SIM/2,Huawei,Huawei Pura 70 Ultra,Младен,2024-06-09 21:36:00,"Imam P 30 lajt,6 na 250 memorija, od prvog dana radi brzo kao munja,bez kočenja i kašnjenja u odzivu za bilo šta, a cena mu je bila 200 evra. Kamera nije neka i nema ćirilicu u podešavanju, to si mi zamerke. Pretpostavljam da bi ovaj novi bio baš dobar, ja bih baš voleo da ga imam."
https://mobilnisvet.com/mobilni-komentari/kwp/Huawei/Pura-70-Ultra-16GB-512GB-2x-SIM/2,Huawei,Huawei Pura 70 Ultra,Младен,2024-05-27 09:27:00,Ima li neko ovaj teđefon ili pišete na osnovu specifikacije
https://mobilnisvet.com/mobilni-komentari/kwp/Huawei/Pura-70-Ultra-16GB-512GB-2x-SIM/2,Huawei,Huawei Pura 70 Ultra,Miraš Dedeić,2024-05-26 02:32:00,"Ni u snovima ne bih za ovo dao 1500 evra, pogotovu za ovaj čip, i 1000 evra je previše."
https://mobilnisvet.com/mobilni-komentari/kwp/Huawei/Pura-70-Ultra-16GB-512GB-2x-SIM/2,Huawei,Huawei Pura 70 Ultra,Moto,2024-05-15 21:08:00,1600 eura za telefon sa čipom koji ima antutu 980000? To je više nego preskupo. Jedino ako uz to ide Smart TV i frižider.
https://mobilnisvet.com/mobilni-komentari/kwp/Huawei/Pura-70-Ultra-16GB-512GB-2x-SIM/2,Huawei,Huawei Pura 70 Ultra,Mare,2024-05-09 19:30:00,Na Doxmark je na 1 mesto ovaj telefon je top
https://mobilnisvet.com/mobilni-komentari/kwp/Huawei/Pura-70-Ultra-16GB-512GB-2x-SIM/2,Huawei,Huawei Pura 70 Ultra,Marko,2024-04-19 18:57:00,Ovaj model nije bolji od huawei pura 70 pro plus ima bolju kameru. Ako je ovaj ultra.
https://mobilnisvet.com/mobilni-komentari/kwp/Huawei/Pura-70-Ultra-16GB-512GB-2x-SIM/2,Huawei,Huawei Pura 70 Ultra,Tacno,2024-04-19 17:57:00,Najbolji telefon na trzistu.
https://mobilnisvet.com/mobilni-komentari/7xf/Huawei/P60-Pro/2,Huawei,Huawei P60 Pro,Milan,2024-12-28 11:37:00,"650e i Pura 70 pro i p60 pro, da li uzeti noviji telefon? Zanima me mišljenje onih koji su koristila oba."
https://mobilnisvet.com/mobilni-komentari/7xf/Huawei/P60-Pro/2,Huawei,Huawei P60 Pro,Milos,2024-12-23 22:15:00,Ja sam prešao sa Magic 6 pro na p60 pro pa utiske da podelim sa vama.
https://mobilnisvet.com/mobilni-komentari/7xf/Huawei/P60-Pro/2,Huawei,Huawei P60 Pro,Sinisa,2024-10-19 22:52:00,"P60 pro ili Magic 5 pro, vase misljenje?"
https://mobilnisvet.com/mobilni-komentari/7xf/Huawei/P60-Pro/2,Huawei,Huawei P60 Pro,Sasa,2024-10-11 07:31:00,"Promijenio sam masu telefona,ali sto se tice kamera,nijedan mu tel nije ravan.Ni dan danas.Pogotovu nocni mod.Cista perfekcija.Sto se tice telefoto kamere,s23 ultra je i dalje neprikosnoven."
https://mobilnisvet.com/mobilni-komentari/7xf/Huawei/P60-Pro/2,Huawei,Huawei P60 Pro,Marina,2024-09-23 21:21:00,Kamera je predobra za ove pare. Bas sam se odusevila.
https://mobilnisvet.com/mobilni-komentari/7xf/Huawei/P60-Pro/2,Huawei,Huawei P60 Pro,Sasa,2024-09-23 06:22:00,"Sve mi je jasno oko ovog telefona,sad i aplikacije se instaliraju normalno,nije ko nekad,ali mi nije jasno zasto nema hdr10+.Na gsm areni ne pise"
https://mobilnisvet.com/mobilni-komentari/7xf/Huawei/P60-Pro/2,Huawei,Huawei P60 Pro,Aleksandar,2024-09-12 22:46:00,"Posle mate 50 pro sam uzeo p60 pro. Utisci sledeci: Kod p60 pro kamera telefoto ubija koliko je dobra, prvenstveno u losim svetlosnim uslovima,podrzava i makro rezim,selfi takodje malo bolja,glavne kamere su tu negde,ultrasiroke potpuno iste. Punjac ima jos brze punjenje. S druge strane Mate 50 pro dominira u polju video snimanja. Snima sa svim kamerama u 4k i 60fps dok kod p60 pro serije ultrasiroka ne moze da snima u 60 fps. Mate ima opciju pracenja subjekta i usporen snimak sto p60 pro nema. Performanse iste,trajanje baterije slicno. Sve u svemu, veoma sam zadovoljan sa p60 pro i preporucujem ga svima koje zele telefon sa odlicnim kamerama."
https://mobilnisvet.com/mobilni-komentari/7xf/Huawei/P60-Pro/2,Huawei,Huawei P60 Pro,Sasa,2024-09-12 18:30:00,"Poz.Moram li da napravim huawei nalog,kako bi instalirao aplikacije?"
https://mobilnisvet.com/mobilni-komentari/7xf/Huawei/P60-Pro/2,Huawei,Huawei P60 Pro,Stefan,2024-09-01 21:19:00,Zasto je po specifikaciji na p50 pro kamera bolja? Jel uporedjivao neko
https://mobilnisvet.com/mobilni-komentari/7xf/Huawei/P60-Pro/2,Huawei,Huawei P60 Pro,Nix,2024-08-22 19:57:00,"Nadjoh na reddit jednu foru, evo šljaka zasad super."
https://mobilnisvet.com/mobilni-komentari/7xf/Huawei/P60-Pro/2,Huawei,Huawei P60 Pro,Milos,2024-08-20 15:15:00,Za koliko se napuni baterija od 0 do 100 %. Samo proverene informacije me zanimaju
https://mobilnisvet.com/mobilni-komentari/7xf/Huawei/P60-Pro/2,Huawei,Huawei P60 Pro,milos,2024-08-13 09:14:00,ton u slusalici jaci dosta bio na honor 90 i cak ekran mi delovao ostriji na honor
https://mobilnisvet.com/mobilni-komentari/7xf/Huawei/P60-Pro/2,Huawei,Huawei P60 Pro,Drug BOBAN,2024-08-12 16:43:00,"Da li rade aplikacije kao što su eon i iris, aplikacije za ebanking. Bas sam zagrejan da kupim P60 pro, jer ceo zivot imam p seriju i mislim da ne postoje bolji telefoni. I evo sad gledam neke telefone, honor 200, 200 pro, ali ako rade vecina aplikacija, mislim da je bolje polovan P60 pro, nego novi honor"
https://mobilnisvet.com/mobilni-komentari/7xf/Huawei/P60-Pro/2,Huawei,Huawei P60 Pro,Nix,2024-07-30 00:03:00,"Dajte neku preporuku za Browser, Edge mi pocepa bateriju, greje se telefon na običan pregled, Brave mi krši stranice često, reload. Ovaj fabrički je ok, ali ima bagova, sam od sebe hoće da se vrati unazad, i pucaju stranice, a za vpn da ne govorim"
https://mobilnisvet.com/mobilni-komentari/7xf/Huawei/P60-Pro/2,Huawei,Huawei P60 Pro,Nix,2024-07-07 11:44:00,"Pre pola sata mi je brečio direkt ekran na pločice u Lidlu, sa uveta mi skliznuo, znači skoro 2m, noge mi se odsekle, držim onaj paradajz i gledam u telefon, psujem ženu, i kanim se da ga podignem makar minut."
https://mobilnisvet.com/mobilni-komentari/7xf/Huawei/P60-Pro/2,Huawei,Huawei P60 Pro,Huawei,2024-07-06 22:05:00,Ljudi ako želite dobru kameru i zum imam ga trenutno i telefon je ubica. Huawei pura 70 ultra je bolji od p60 pro u svemu
https://mobilnisvet.com/mobilni-komentari/7xf/Huawei/P60-Pro/2,Huawei,Huawei P60 Pro,Laza,2024-07-06 06:27:00,Pozdrav da li radi android auto iako se instalira micro G services. Pozdrav.
https://mobilnisvet.com/mobilni-komentari/7xf/Huawei/P60-Pro/2,Huawei,Huawei P60 Pro,Miki,2024-06-30 17:57:00,"Dobar. Nisam se zaleteo da kupim kad je izasao, sad je relativno jeftin, u odnosu na ono što nudi. Kamera stvarno... Nemam reci, brzina okidanja mi je fascinantna."
https://mobilnisvet.com/mobilni-komentari/7xf/Huawei/P60-Pro/2,Huawei,Huawei P60 Pro,Nix,2024-06-20 12:38:00,"Stigao update, June security patch"
https://mobilnisvet.com/mobilni-komentari/7xf/Huawei/P60-Pro/2,Huawei,Huawei P60 Pro,Nix,2024-06-20 09:40:00,"Nova launcher, leti, plus otvara notification panel na swipe down. Progledao"
https://mobilnisvet.com/mobilni-komentari/7xf/Huawei/P60-Pro/2,Huawei,Huawei P60 Pro,Šele,2024-06-15 11:27:00,Pozdrav planiram kupnju P60 pro posto je na akciji...dali i dalje ima problem sa brzim pražnjnjem poslije zadnjeg updejta baterijom?
https://mobilnisvet.com/mobilni-komentari/7xf/Huawei/P60-Pro/2,Huawei,Huawei P60 Pro,Nix,2024-06-10 08:19:00,Moj thermal nakon pola sata Insta
https://mobilnisvet.com/mobilni-komentari/7xf/Huawei/P60-Pro/2,Huawei,Huawei P60 Pro,Nenad,2024-06-09 19:30:00,Neka preporuka za foliju ili staklo?
https://mobilnisvet.com/mobilni-komentari/219g8/Huawei/nova-10/2,Huawei,Huawei nova 10,Jovanka,2023-03-11 13:17:00,Pozdrav 🙂 Dvoumim se između Huawei nova 10 se i Honor magic 5 lite. Koji uzeti? Hvala na savetu 🤗
https://mobilnisvet.com/mobilni-komentari/219g8/Huawei/nova-10/2,Huawei,Huawei nova 10,Zika,2023-02-26 14:44:00,"Znaci telefon ce dobiti azuriranje  za android 13 i 14,ali sigurnosne zakrpe ne dobija jer to ide od googla ako sam dobro razumeo? Mislim da li mu to sto nema google servise smeta azuriranju sistema i zakrpa?"
https://mobilnisvet.com/mobilni-komentari/219g8/Huawei/nova-10/2,Huawei,Huawei nova 10,Vanja,2023-02-12 13:48:00,Pozdrav!
https://mobilnisvet.com/mobilni-komentari/219g8/Huawei/nova-10/2,Huawei,Huawei nova 10,Igor,2023-02-08 01:06:00,"Da li moze Microsoft Teams Meeting da se instalira, molim one koji su ubacivali ili pokusali da napisu. Kupio bih ga za dete ali mu je ovo potrebno za fakultet."
https://mobilnisvet.com/mobilni-komentari/219g8/Huawei/nova-10/2,Huawei,Huawei nova 10,Dukiio,2023-02-04 01:14:00,"Koga god brinu notifikacije i aplikacije, nek zna da se bat danas združio ponovo sa Huawei , sa p40 Lite je prešao na Xiaomi mi 11 lite 5g NE i kao i svaki Xiaomi koji smo prethodni koristili, posle nepunih godinu dana su krenuli nerešivi problemi sa softverom, bagovanjem, kočenjem, i nedostatkom notifikacije, pa je danas uzeo moj stari Huawei P40 i notifikacije opet rade kako treba :) eno ga psuje sebe što nije uzeo nova 9, tako da ko god se razmišlja i brine oko ove dve stvari, ne treba."
https://mobilnisvet.com/mobilni-komentari/219g8/Huawei/nova-10/2,Huawei,Huawei nova 10,Vjelizar,2023-02-02 15:46:00,Kakva je razlika od nova 9 osim u 200e? Ja kao laik ne vidim osim što nova 9 ima jaču bateriju? Da li se isplati kupovati?
https://mobilnisvet.com/mobilni-komentari/219g8/Huawei/nova-10/2,Huawei,Huawei nova 10,Цар Душан Силни,2023-01-18 02:30:00,Evo i mog viđenja ovog telefona posle mesec dana korišćenja
https://mobilnisvet.com/mobilni-komentari/219g8/Huawei/nova-10/2,Huawei,Huawei nova 10,Vucko,2022-12-23 12:51:00,"Svastika uzela telefon,podesio sam ga brzo i lako ima sve aplikacije,ekran i brzina prezadovoljan bolje radi od mog xiaomija a isti procesor"
https://mobilnisvet.com/mobilni-komentari/219g8/Huawei/nova-10/2,Huawei,Huawei nova 10,N,2022-12-20 18:18:00,Kakav je baterija na telefonu?
https://mobilnisvet.com/mobilni-komentari/219g8/Huawei/nova-10/2,Huawei,Huawei nova 10,S,2022-12-13 07:40:00,Kakva je baterija na telefonu? Da li moze da izdrži dan?
https://mobilnisvet.com/mobilni-komentari/219g8/Huawei/nova-10/2,Huawei,Huawei nova 10,Dime,2022-12-12 05:31:00,"Zdravo ljudi,da li ovaj telefon ima opciju da snima svim zadnjih kamerama u isto vreme (ne jedan snimak pa da idem u galeriju da biram nego (1) video iz svih uglova(kamera)"
https://mobilnisvet.com/mobilni-komentari/219g8/Huawei/nova-10/2,Huawei,Huawei nova 10,Mladen,2022-12-02 15:00:00,"Imam nedomicu, koju se nadam da neko od vas mi može pomoći da riješim. Huawei Nova 10 ili p40 pro?"
https://mobilnisvet.com/mobilni-komentari/219g8/Huawei/nova-10/2,Huawei,Huawei nova 10,S,2022-11-26 22:26:00,"Kako radi telefon sa zastitnim staklom obzirom da je zakrivljen ekran, a citala sam da je to nekima pravilo problem?"
https://mobilnisvet.com/mobilni-komentari/219g8/Huawei/nova-10/2,Huawei,Huawei nova 10,Dima,2022-11-23 09:22:00,"Dobar dan,imam note 20 i hteo bi da menjam telefon,razmisljao sam o Nova 10 kakva  je kamere i baterija?"
https://mobilnisvet.com/mobilni-komentari/219g8/Huawei/nova-10/2,Huawei,Huawei nova 10,NN,2022-11-13 16:35:00,"Pošto se ne razumem puno u telefone, može li mi neko pomoću u vezi toga da li ima rešenja da se prebace podaci koji se skladište na gmail nalogu (tel.imenik, podaci u oblaku itd.)?"
https://mobilnisvet.com/mobilni-komentari/219g8/Huawei/nova-10/2,Huawei,Huawei nova 10,Sneky,2022-11-07 16:24:00,"Recite mi molim vas koju je lepsa boja ,beli ili crni.I da li je telefon sav od metala keramike?"
https://mobilnisvet.com/mobilni-komentari/219g8/Huawei/nova-10/2,Huawei,Huawei nova 10,Steff,2022-11-06 13:50:00,"Kupio je pre nekih desetak dana, presao sa Mi 11 lite, inace prvi Huawei telefon, stvarno nisam upucen u to sto pricate o notifikacijama, ja koristim Viber, Whatsapp i messenger, zaista ne kasne notifikacije, koristim i bankarske aplikacije Erste mbanking i rajfajzen, sve radi savrseno, sta znam, mozda neko namerno pljuje po telefonu..."
https://mobilnisvet.com/mobilni-komentari/219g8/Huawei/nova-10/2,Huawei,Huawei nova 10,Ivica,2022-11-05 11:50:00,"Ovde ljudi pljuju a neznaju sta je gspace,a i nemaju telefon.Fantastican telefon ,izuzetno brz,prelep,dizjn prelep,ekran bruka,kamere ok ,brz punjac ,mozda sam ocekivao bolju bateriju ,ali sa ovakvim punjacem to i nije neki minus.Tolko mi se dopao da sam sa klincem menjao ,dao mu svoj s21fe.Svaka preporuk."
https://mobilnisvet.com/mobilni-komentari/219g8/Huawei/nova-10/2,Huawei,Huawei nova 10,Ronaldihno,2022-11-04 12:43:00,"Imate Huawei app, G space koji je sada premium i nema reklama i Aurora pregledac sa koga možete sve što hocete da skinete i sve funkcioniše odlicno i bez problema. Totalna je glupost žaliti se sada kada je sve odlicno optimizovano. G space sada i pre godinu dana dve razlicite aplikacije, u okviru G space imate google play prodavnicu da skinete koja radi kao i na svakom drugom telefonu. Kuknjava zbog nedostatka google servisa je sada velika glupost na nivou debilizma. Sve se za 10tak minuta skine i podesi."
https://mobilnisvet.com/mobilni-komentari/219g8/Huawei/nova-10/2,Huawei,Huawei nova 10,Aleksandar,2022-11-03 10:57:00,"Da li na ovom telefonu kasne poruke na Viberu,Whats app-u,Signalu itd? Imao sam lose iskustvo sa Huawei NOVA 9SE,a inace volim ovaj brend i uzeo bi ovaj tel."
https://mobilnisvet.com/mobilni-komentari/219g8/Huawei/nova-10/2,Huawei,Huawei nova 10,Nikola,2022-10-22 15:43:00,Dosta skuplji od huawei nove 9 a izgleda da nema nekih velikih razlika
https://mobilnisvet.com/mobilni-komentari/219g8/Huawei/nova-10/2,Huawei,Huawei nova 10,Joka,2022-10-15 16:32:00,"Danas uzeh u mts u,fantastican telefon.Ekran odlican ,dizajn perfektan,veoma brz,brzi punjac,selfi kamera kao i glavna odlicne.Osim cene sve je odlicno ,ali kad se uzima preko operatera ,i nije jada .Pikirao sam honor 70,ali ga jos nemaju u mts u,tako da uzeh ovaj ali u sustini slicni da ne kazem isti telefoni ,osim dizajna"
https://mobilnisvet.com/mobilni-komentari/9856/Huawei/nova-9-SE/2,Huawei,Huawei nova 9 SE,Srki,2022-06-05 18:45:00,Ubedljivo najbolji telefon za ove pare.
https://mobilnisvet.com/mobilni-komentari/9856/Huawei/nova-9-SE/2,Huawei,Huawei nova 9 SE,Ivan,2022-05-25 07:55:00,Ovaj telefon i Honor x8 su gotovo isti s tim što Honor x8 ima Google usluge i oko 100 evra je jeftinije. Ne bacajte uzalud 100 evra
https://mobilnisvet.com/mobilni-komentari/9856/Huawei/nova-9-SE/2,Huawei,Huawei nova 9 SE,Vojislav,2022-05-24 18:11:00,"Huawei nova 9 se imam 2 meseca,bruka telefon za male pare,kamera ok,leti po menijima i aplikacijama,jedino sto ovde pise da ima 6gb Rama a ustvari ima 8."
https://mobilnisvet.com/mobilni-komentari/9856/Huawei/nova-9-SE/2,Huawei,Huawei nova 9 SE,Sara,2022-05-20 18:05:00,Najbolji izbor za 300e ? Sta mislite
https://mobilnisvet.com/mobilni-komentari/9856/Huawei/nova-9-SE/2,Huawei,Huawei nova 9 SE,Pametnjakovic,2022-05-17 06:00:00,Kad ce huawei da pocne stavljati baterije od 5000mah. Pa ovaj mob ne zasluzuje nista manje od 5000mah.
https://mobilnisvet.com/mobilni-komentari/9856/Huawei/nova-9-SE/2,Huawei,Huawei nova 9 SE,Maja,2022-05-11 18:59:00,Da li moze da mi kaze neko da li ovaj telefon podrzava google store?Razmisljam se izmedju ovog modela i Huawei nova 8i.
https://mobilnisvet.com/mobilni-komentari/9856/Huawei/nova-9-SE/2,Huawei,Huawei nova 9 SE,Jovan,2022-05-11 15:10:00,"Da li ima gde se poruči lepa ženska futrola na preklop Hongkong, sa magnetom. Retko gde ima.. Hvala"
https://mobilnisvet.com/mobilni-komentari/9856/Huawei/nova-9-SE/2,Huawei,Huawei nova 9 SE,Pinki,2022-05-02 09:06:00,da li podrzava bezicno punjenje
https://mobilnisvet.com/mobilni-komentari/9856/Huawei/nova-9-SE/2,Huawei,Huawei nova 9 SE,Savke,2022-04-26 11:08:00,"Potrebna pomoć.Prijatelj uzeo ovaj tel u mtsu.Često mu se dešava da iz dialera ne može da pozove neke brojeve, samo mu prekine poziv.Primetio je da nula na početku broja jednostavno nestane.Kada uđe u imenik i pozove sve je ok"
https://mobilnisvet.com/mobilni-komentari/9856/Huawei/nova-9-SE/2,Huawei,Huawei nova 9 SE,D,2022-04-01 21:03:00,Zasto Huawei stavlja spore procesore kada je imao svoj brz Kirin procesor u jeftinijem modelu P40 Lite koji je daleko brzi? Zasto IPS a ne AMOLED?
https://mobilnisvet.com/mobilni-komentari/9124/Huawei/P50-Pro/2,Huawei,Huawei P50 Pro,Dejan,2023-07-03 16:51:00,Dali verzija koja ima Kirin 9000 podrzava 5g?
https://mobilnisvet.com/mobilni-komentari/9124/Huawei/P50-Pro/2,Huawei,Huawei P50 Pro,Nikola,2023-05-27 13:15:00,"Pozdrav svima, želio bih da kupim novi telefon. Trenutno imam Samsung A72, i bih da uzmem novi. Razmisljam izmedju Huawei p50 pro ili Xiaomi 12t pro sto ima 200 mgp kameru. Koji je bolji po vama?"
https://mobilnisvet.com/mobilni-komentari/9124/Huawei/P50-Pro/2,Huawei,Huawei P50 Pro,Marko,2023-05-22 08:40:00,al stizu nekom one nove slike pozadina na zakljucanom ekranu magazine unlock odavno nema novih slika to jest azuriranja pre je to radilo secam se svakog petka su stizale nove slike sada nema nikad i na ovom modelu a probao sam i na drugi huawei telefon isto nema.
https://mobilnisvet.com/mobilni-komentari/9124/Huawei/P50-Pro/2,Huawei,Huawei P50 Pro,Tj,2023-04-07 19:26:00,"Katastrofa od telefon. Ekran se Sam posvetljuje iako je podesen na rucno podesavanje. Slike sa kamere su mutne, treba 10 minuta da klikbete sva podesavanje za obicnu sliku. Bacene pare, bolje da Sam uzela Xaomi za iste pare."
https://mobilnisvet.com/mobilni-komentari/9124/Huawei/P50-Pro/2,Huawei,Huawei P50 Pro,😊,2023-04-06 11:53:00,"Kakva je baterija? Da li moze da izgura dan? Ne koristim nista posebno viber, malo face, i you tube?"
https://mobilnisvet.com/mobilni-komentari/9124/Huawei/P50-Pro/2,Huawei,Huawei P50 Pro,Goran,2023-03-28 12:21:00,"Pozdrav, zanima me da li aplikacije skinute preko google play store-a (gspace-a) redovno dobijaju azuriranja kao i na ostalim telefonima"
https://mobilnisvet.com/mobilni-komentari/9124/Huawei/P50-Pro/2,Huawei,Huawei P50 Pro,Petar,2023-03-16 17:48:00,"Telefon za najboljim kamerama sigurno! Za fotografiju necete naci bolji telefon! Baterija drzi dosta dugo,prelep dizajn,prebrz(azdaja). Cena mu sve govori! Sam vrh premium flagship telefona!"
https://mobilnisvet.com/mobilni-komentari/9124/Huawei/P50-Pro/2,Huawei,Huawei P50 Pro,Devi,2023-03-15 09:12:00,"Koristio ga 2 3 mjeseca, standardno kamere dobre, brz, prelijep, ali sto se tice s888... stvarno jede bateriju i istina je da wifi svako malo nestaje. Da je sa Kirinom kod nas ovo bi bio..."
https://mobilnisvet.com/mobilni-komentari/9124/Huawei/P50-Pro/2,Huawei,Huawei P50 Pro,Adnan,2023-03-01 22:32:00,"Posle 2 godine korišćenja Huawei P 30 pro koji je odlučno služio uzeo sam P 50 pro. Dizajn, ekran, kamere, izrada odlični. Procesor SD 888 posle dužeg rada počinje da greje telefon i brže troši bateriju koja je na P 30 pro bolje optimizovana sa Kirin procesorom. Uglavnom pozitivan utisak. Sve aplikacije normalno rade. Zadovoljan telefonom"
https://mobilnisvet.com/mobilni-komentari/9124/Huawei/P50-Pro/2,Huawei,Huawei P50 Pro,Drago,2023-02-07 08:22:00,"Zanima me koliko moze baterija da izdrzi na p50pro? Da li ima nekih problema, meni je sve preko gmaim istalirano pa ne bi volio da imam nekih problema. Ima li kakvih bagova i problema? Koristim p30pro tel je odlican, nadam se da je ovaj bolji"
https://mobilnisvet.com/mobilni-komentari/9124/Huawei/P50-Pro/2,Huawei,Huawei P50 Pro,Nemanja,2023-02-02 13:24:00,"Wifi prekida i meni, iako imam 5ghz imam i v4 i v6 konekciju, isto je. Samo na karticu ne prekida internet. Što se tiče telefona 10/10. Nikakva zamerka. Samo je blenda mogla da bude 1.4 umesto 1.8 ali šta je tu je. Ko god se odluči da kupi neka kupi, samsung stavlja reciklirane ekrane i dobija burn in tako da svakako više ne dolazi u obzir. Čekam sada još jednu godinu da vidim šta će huawei da izbaci, ali teško da će nešto da se promeni. Ovo za sada zadovoljava sve. Od baterije do kamere koja je neverovatna."
https://mobilnisvet.com/mobilni-komentari/9124/Huawei/P50-Pro/2,Huawei,Huawei P50 Pro,Nebojsa,2023-01-25 11:55:00,Pozdrav svima imam huawei p50 pro imam problem pri azuriranju neke aplikacije ne mogu da se azurijaju skinuo sam ih sa akppure aplikacije sta moze da bude.
https://mobilnisvet.com/mobilni-komentari/9124/Huawei/P50-Pro/2,Huawei,Huawei P50 Pro,Marko,2023-01-19 22:40:00,Pozdrav svima zanima me dali ima neko isti problem sa Huawei p50 pro da mu prekida wi fi ili samo imam ja taj problem.
https://mobilnisvet.com/mobilni-komentari/9124/Huawei/P50-Pro/2,Huawei,Huawei P50 Pro,huawei 3,2023-01-18 11:42:00,Da li ovaj tel podržava 5g?
https://mobilnisvet.com/mobilni-komentari/9124/Huawei/P50-Pro/2,Huawei,Huawei P50 Pro,Ivana,2023-01-03 10:55:00,Huawei 50 pro ili samsung s21 ultra???
https://mobilnisvet.com/mobilni-komentari/9124/Huawei/P50-Pro/2,Huawei,Huawei P50 Pro,Miki,2022-12-21 15:20:00,"Društvo molim za pomoć.Kupio bih ovaj model, nisam do sada koristio huawei, ali cena mu je trenutno primamljiva na kraju godine, kamere dobre, odtalo što koristim si gmail i viber.Šta vi mislite čekati nove modele ili uzeti sada ovaj?"
https://mobilnisvet.com/mobilni-komentari/9124/Huawei/P50-Pro/2,Huawei,Huawei P50 Pro,diksi,2022-12-03 22:38:00,"Zdravoo,imam jedno pitanje kakve su kamere (prvenstveno glavna zbog prirode posla) trenutno imam note 20 ultra i posto mi istice ugovor hteo bih da menjam pa p50 pro mi je zapao za oko.Da li ima rediteljski nacin snjimanja (video sa vise kamera koji snimaju istovremeno i mozes da vidis u svakom trenutku drugu kameru)"
https://mobilnisvet.com/mobilni-komentari/9124/Huawei/P50-Pro/2,Huawei,Huawei P50 Pro,Uros,2022-11-26 18:20:00,"Pozz...Zanima me kako namestiti dupli viber?Npr. Mesindzer ima,Whats up ima,Snepcet ima...Viber nema nigde dupli...Moze preko Paralel spejsa,da li postoji opcija da se ukljuci i dupli viber?Na samsungu i saomiju bez problema..."
https://mobilnisvet.com/mobilni-komentari/9124/Huawei/P50-Pro/2,Huawei,Huawei P50 Pro,Vanja,2022-11-15 13:24:00,Treba mi pomoc. Imam od skoro huawei p50 pro. Azuriranjem dobih neku huawei novcanik aplikaciju. Stalno mi iskace po ekranu i ometa pozive i ostalo. Deinstalirati se ne moze. Brisala sam sve sto sam mogla obavestenja itd. Dal neko zna način da to resim? Hvala
https://mobilnisvet.com/mobilni-komentari/9124/Huawei/P50-Pro/2,Huawei,Huawei P50 Pro,Veljko,2022-10-31 09:52:00,"Da li je mozda neko upoznat ili zna, zasto na svakom štandu bilo kog operatera ili gde je telefon izložen, kad uzmem telefon on nenormalno zabada i baguje, kao da je stavljen tipa neki krš ekran koji ne reaguje na dodir kako treba? Da li je inace sve okej ili je tako i ovako?"
https://mobilnisvet.com/mobilni-komentari/9124/Huawei/P50-Pro/2,Huawei,Huawei P50 Pro,Mimi,2022-10-29 18:04:00,Zna li neko kako snimiti sinematik video sa bokehom ili to mozda ima ako se skine google kamera?
https://mobilnisvet.com/mobilni-komentari/9124/Huawei/P50-Pro/2,Huawei,Huawei P50 Pro,Zoran,2022-10-27 23:42:00,"Pozdrav svima. Planiram da kupim ovaj telwfon jer i trenutno koristim huawei niže klase iz 2019 i za te novce sam jako zadovoljan kako me je služio. Bitne stavke su mi izdržljivost baterija i mogućnost Raiffaisen i Intesa aplikacije kao i Slacka. Igrice ne igram, tv ne gledam na telefonu tako d anisam neki intenzivni korisnik. Želik stabilan telefon i sa dobrim kamerama. Po recenzijama ovaj telefon minse uklapa. Voleo bih da dobijem odgovor od nekog ko koristi navedeni telefon i aplikacije. Hvala svima"
https://mobilnisvet.com/mobilni-komentari/9124/Huawei/P50-Pro/2,Huawei,Huawei P50 Pro,Tecakuva,2022-10-26 19:15:00,"Telefon je buratalan, sinu sam ustupio P40 pro, upoređivali smo ga, što se tiče slika koje sada pravim i koje sam pravio na food blogu to je neuporedivo, a tek snimci, ja sam zaista fasciniran. Imate masku poput bampera sa aluminijumskim malim poklopcem koji hladi telefon. Sve pohvale za mašinu."
https://mobilnisvet.com/mobilni-komentari/9124/Huawei/P50-Pro/2,Huawei,Huawei P50 Pro,Mario,2022-10-26 17:10:00,Imam ovaj telefon i stvarno je odlučan. Osim sto nikako ne mogu da aktiviram beskontaktno placanje preko NFC. Da li je neko uspeo?
https://mobilnisvet.com/mobilni-komentari/9326/Huawei/nova-9/2,Huawei,Huawei nova 9,Igor,2022-11-29 19:07:00,Sve sam prebacio preko g spacea ali mi nerade sve aplikacije kako treba.. Notifikacije kasne. Neznam zasto.
https://mobilnisvet.com/mobilni-komentari/9326/Huawei/nova-9/2,Huawei,Huawei nova 9,Igor,2022-11-29 19:03:00,"Pozdrav, uzeo sam Novu 9 i za sada sam zadovoljan. Telefon prelep i lepo radi, kamera super... Zanima me samo google aplikacije da instaliram preko g space ili preko petal pretrage?"
https://mobilnisvet.com/mobilni-komentari/9326/Huawei/nova-9/2,Huawei,Huawei nova 9,S,2022-11-26 20:16:00,"Kako radi telefon za zastitnim staklom, obzirom da je zakrivljen ekran? I da li redovno stizu obavestenja za viber?"
https://mobilnisvet.com/mobilni-komentari/9326/Huawei/nova-9/2,Huawei,Huawei nova 9,Jason Momoa,2022-11-25 20:00:00,Ja se preporodio bez google sranja. Ko želi isto sve preporuke za ovaj izuzetno kvalitetni model.
https://mobilnisvet.com/mobilni-komentari/9326/Huawei/nova-9/2,Huawei,Huawei nova 9,Dragana Midić,2022-11-09 16:33:00,"Jednostavno rečeno: NE KUPUJTE HUAWEI NOVA 9! To je najgori mogući telefon na koji sam ja naišla. Bilo koja aplikacija koja radi preko googla nije prihvaćena, telefon koči-baguje, ima vrlo nefuncionalni pristup skrola na ekranu, pri vraćanju na prethodni korak vrati na treći korak unazad... Ma UŽAS! Pogotovu što sam ja uzela ovaj telefon preko MTSa, vraćala na servis nakon tri dana korišćenja a oni rekli da je sve u redu. Uz to cena užasno visoka za ovu krntiju od telefona."
https://mobilnisvet.com/mobilni-komentari/9326/Huawei/nova-9/2,Huawei,Huawei nova 9,Marko,2022-10-19 08:32:00,Jel moguće prebaciti Whats App poruke sa prethodnog telefona na ovaj? Pošto je ograničen google servisima?
https://mobilnisvet.com/mobilni-komentari/9326/Huawei/nova-9/2,Huawei,Huawei nova 9,Nikola,2022-09-28 15:02:00,"Podrav, da li mogu da idu 2 sim kartice u ovaj model?"
https://mobilnisvet.com/mobilni-komentari/9326/Huawei/nova-9/2,Huawei,Huawei nova 9,Srki,2022-09-03 22:01:00,"Poz ,Jedno pitanje i pomoc , Dali je pametno da menjam svoj Redmi note 10 pro u svakom pogledu perfektan fonbitan mi je izgled ,baterija i Kamera,HVALA VAM UNAPRED POZ"
https://mobilnisvet.com/mobilni-komentari/9326/Huawei/nova-9/2,Huawei,Huawei nova 9,Psm,2022-08-20 16:04:00,Honor of 50 ili Huawei nova 9?
https://mobilnisvet.com/mobilni-komentari/9326/Huawei/nova-9/2,Huawei,Huawei nova 9,Dilema,2022-08-20 13:15:00,Da li se isplati da zamenim svoj Xiaomi redmi note 9 pro za Huawei nova 9?
https://mobilnisvet.com/mobilni-komentari/9326/Huawei/nova-9/2,Huawei,Huawei nova 9,Janko,2022-08-19 20:31:00,"Pozdrav. Imam Samsung A52S 5G i nervira me toliko da moram da ga menjam. Dvoumim se između Nove 9 i Motorole Edge 30. Kod nove me privlači dizajn i osdustvo Google servisa, ali bih bio veoma zahvalan ako neko ima priliku da uporedi direktno kamere Nove 9 i Moto Edge 30. Nadam se da su je nadogradnjama poboljšali. Hvala unapred!"
https://mobilnisvet.com/mobilni-komentari/9326/Huawei/nova-9/2,Huawei,Huawei nova 9,NEVENA,2022-08-15 21:36:00,"Pozdrav, kako ste resili problem zastitnog stakla? Pre par dana sam kupila novu 9, stavila staklo preko, ali mi tac ne hvata lepo od tada."
https://mobilnisvet.com/mobilni-komentari/9326/Huawei/nova-9/2,Huawei,Huawei nova 9,Влада,2022-08-15 00:51:00,Da li neko zna kako prebaciti Viber sa sve istorijom poruka sa starog Huaveja na Nova 9?
https://mobilnisvet.com/mobilni-komentari/9326/Huawei/nova-9/2,Huawei,Huawei nova 9,Jelena,2022-07-23 12:39:00,"Pozdrav svima, uzela bih ovaj telefon, ali me zanima iskustvo korisnika zbog nedostatka Google servisa. Jasno mi je da se aplikacije mogu skinuti, ali sam na YouTube slusala da odredjene aplikacije nemaju automatske notifikacije. Molim vas da podelite vase iskustvo na ovu temu. Unapred hvala"
https://mobilnisvet.com/mobilni-komentari/9326/Huawei/nova-9/2,Huawei,Huawei nova 9,Nikola,2022-07-17 09:32:00,Skines Gspace i imas sve 😉
https://mobilnisvet.com/mobilni-komentari/9326/Huawei/nova-9/2,Huawei,Huawei nova 9,Milan,2022-07-12 15:51:00,Najgore je sto neradi na Android operativnom sistemu
https://mobilnisvet.com/mobilni-komentari/9326/Huawei/nova-9/2,Huawei,Huawei nova 9,CherrY,2022-07-06 20:18:00,Jel ima jos neko problem sa nocnim modom na ovom telefonu? Ocajan je. Izgleda da je neki softverski bag (nadam se).
https://mobilnisvet.com/mobilni-komentari/9326/Huawei/nova-9/2,Huawei,Huawei nova 9,yvrk,2022-07-05 21:38:00,"nije mi kamera najbitnija, nego da lepo i fluidno radi duze vreme?"
https://mobilnisvet.com/mobilni-komentari/9326/Huawei/nova-9/2,Huawei,Huawei nova 9,zeka,2022-07-01 22:16:00,"Kako najlakse prebaciti kontakte sa Nove 5t na Novu 9 sobzirom da to ne mogu uraditi jednostavnom sinhronizacijom Gmail-a zbog Google servisa? I sta mislite o ovom prelasku sa Nove 5t na Novu 9, da li je to dobar upgrade?"
https://mobilnisvet.com/mobilni-komentari/9326/Huawei/nova-9/2,Huawei,Huawei nova 9,Okrad,2022-06-30 14:34:00,ovaj ili huawei nova 9 se? prosecan sam korisnik ne igram igrice ali kameru koristim prilicno?
https://mobilnisvet.com/mobilni-komentari/9326/Huawei/nova-9/2,Huawei,Huawei nova 9,JMBG,2022-06-28 15:24:00,"Koji telefon je bolje kupiti, s obzirom da im je ista cena, Xiaomi Mi 11 Lite 5G ili Nuawei Nova 9?"
https://mobilnisvet.com/mobilni-komentari/9326/Huawei/nova-9/2,Huawei,Huawei nova 9,Vanja,2022-06-27 19:57:00,"Huawei Nova 9 ili Honor 50 verzija od 6 gb? :) Ako neko ima iskustva, znacio bi mi savet."
https://mobilnisvet.com/mobilni-komentari/9326/Huawei/nova-9/2,Huawei,Huawei nova 9,Olga,2022-06-27 10:11:00,Nova 9 ili P40 Pro?
https://mobilnisvet.com/mobilni-komentari/9326/Huawei/nova-9/2,Huawei,Huawei nova 9,Ivan,2022-06-23 16:12:00,"Dvoumim se izmedju ovog telefona i samsunga a  52s 5g? Ako neko moze da podeli neko misljenje? I da razjasnimo, Nova 9 podrzava 5G? Ili ne?"
https://mobilnisvet.com/mobilni-komentari/9326/Huawei/nova-9/2,Huawei,Huawei nova 9,huawei,2022-06-23 10:56:00,zdravo. Vaše mišljenje mi je potrebno.
https://mobilnisvet.com/mobilni-komentari/7598/Huawei/P40-Pro/2,Huawei,Huawei P40 Pro,Aleksa,2023-08-05 09:59:00,Znali se hoceli dobiti ovaj P30 pro emui 13 nadogradnju ili neee
https://mobilnisvet.com/mobilni-komentari/7598/Huawei/P40-Pro/2,Huawei,Huawei P40 Pro,miroslav,2023-06-02 13:25:00,Poz. Imam problem kod punjenja. Kada predje 90 procenata mob pocinje da koci i blokira. Jedino pomaze da ga restartujem pomocu power tastera. Tada se stanje normalizuje. Sta bi mogao da bude problem?
https://mobilnisvet.com/mobilni-komentari/7598/Huawei/P40-Pro/2,Huawei,Huawei P40 Pro,Milan,2023-05-09 18:48:00,Vredi li preći sa Mate 20 pro na P40 pro?
https://mobilnisvet.com/mobilni-komentari/7598/Huawei/P40-Pro/2,Huawei,Huawei P40 Pro,Kolw,2023-04-28 19:31:00,"Posle 2 i po godine koriscenja, generalni utisak je da je telefon odlican. Sada je vec baterija oslabila, pa mi to jako smeta. Treba da uzmem neki drugi, ali mi je tesko da nadjem adekvatnu zamenu. Je l ima neko neku preporuku? Uslov je da podržava google i da nije iphone."
https://mobilnisvet.com/mobilni-komentari/7598/Huawei/P40-Pro/2,Huawei,Huawei P40 Pro,Teteks,2023-04-22 20:21:00,Telefon kome je kamera van svojeg vremena . Posle njega sam prešao na iphone 13 i kamera i displej ne mogu da pridju huaweiu. Sve sto se tiče googla radi. Bez problema. Barem ono sto je meni trebalo. I to nisam instalirao gspace. Sve preporuke
https://mobilnisvet.com/mobilni-komentari/7598/Huawei/P40-Pro/2,Huawei,Huawei P40 Pro,Dušan,2023-04-20 15:52:00,Kupio sam ovaj telefon pa ne mogu Viber instalirati...
https://mobilnisvet.com/mobilni-komentari/7598/Huawei/P40-Pro/2,Huawei,Huawei P40 Pro,Mile,2023-04-19 16:56:00,Vredi li zamijeniti huawei p30 pro za ovaj p40 pro.
https://mobilnisvet.com/mobilni-komentari/7598/Huawei/P40-Pro/2,Huawei,Huawei P40 Pro,Sjevernjak,2023-03-22 06:39:00,"Dobio polovan prije mjesec dana i sve radi vrhunski...Instalirao Gspace i sve aplikacije rade normalno,jedino mi ne stižu obavještenja na Gmail..."
https://mobilnisvet.com/mobilni-komentari/7598/Huawei/P40-Pro/2,Huawei,Huawei P40 Pro,Skabo,2023-02-24 19:16:00,"Ljudi uzeo sam huawei p40 pro znaci neznam kako da ga stavim na fabricka podesavanja jer sam uzeo polovan ali nemam sifru od predhodnog lika ne znam da li postoji neki nacin ako neko zna super, još sto je najgore pre ovog moba sam imao samsung razlika je nebo i zemlja nemogu da ga skapiram a mrzi me da ga provaljujem ako ne mogu da ga stavin na fabricka podesavanja opet ako neko zna foru"
https://mobilnisvet.com/mobilni-komentari/7598/Huawei/P40-Pro/2,Huawei,Huawei P40 Pro,Milan F,2023-02-12 19:49:00,"Imam ga već godinu i po dana, prezadovoljan sam, odličan telefon"
https://mobilnisvet.com/mobilni-komentari/7598/Huawei/P40-Pro/2,Huawei,Huawei P40 Pro,Ivan,2023-02-11 17:36:00,Da li jos neko ima problem sa prikazivanjem obavestenja ne moze da se spusti ona traka zadataka sa vrha ekrana i problem sa kamerom da ne moze da se uključi blic i jos neke opcije???
https://mobilnisvet.com/mobilni-komentari/7598/Huawei/P40-Pro/2,Huawei,Huawei P40 Pro,Kiza,2023-02-03 17:29:00,Da li je neko dobio januarski update za 2023?
https://mobilnisvet.com/mobilni-komentari/7598/Huawei/P40-Pro/2,Huawei,Huawei P40 Pro,Nikola,2023-02-02 20:23:00,"Instalirao GMS i GS uz pomoc instrukcija x**d**a. Telefon sam spustio na emui 10 i tek se tu vidi napredak ovog telefona u odnosu na period kada sam ga kupio. Instalacija nije bas jednostavna ali se moze snaci prosecan korisnik. Mana je samo jedan G nalog. Nakon instalacije update na emui 12. Tek tada ovaj telefon ima pun sjaj. Jedina stvar koju nisam namestio jeste Gpay, ne prolazi validaciju dodavanja kartice, inace ostalo u Gpay radi. Razmisljao sam se o prelasku na Mi12ultra ali sada mi na pamet ne pada."
https://mobilnisvet.com/mobilni-komentari/7598/Huawei/P40-Pro/2,Huawei,Huawei P40 Pro,rajko,2023-01-18 10:55:00,pozdrav da li radi hbo max ?
https://mobilnisvet.com/mobilni-komentari/7598/Huawei/P40-Pro/2,Huawei,Huawei P40 Pro,Djordje,2022-12-27 23:04:00,Pozdrav drugari interesuje me koliki je realni screen on time na ovom telefonu.Notifikacije na fb i viberu jel rade kako treba pre Gspace/a? Za kameru glupo je da pitam :)
https://mobilnisvet.com/mobilni-komentari/7598/Huawei/P40-Pro/2,Huawei,Huawei P40 Pro,Dominko,2022-12-03 10:12:00,Pozdrav svima.Trebao bi malu pomoć. Razbio sam Samsung i sada bi kupio Huawei P40 PRO.Dali se nakon stavljanja u uporabu Huawea SVE aplikacije i ostalo sa Samsunga normalno koriste dalje. Hvala
https://mobilnisvet.com/mobilni-komentari/7598/Huawei/P40-Pro/2,Huawei,Huawei P40 Pro,Ipe,2022-11-08 08:13:00,"Pozdrav ljudi..interesuje me da li je moguce na ovom telefonu instalirati aplikacije,tj igrice koje su korišćene na ranijim uredjajima i povezati ih sa starim google nalogom?"
https://mobilnisvet.com/mobilni-komentari/7598/Huawei/P40-Pro/2,Huawei,Huawei P40 Pro,Ilija Čvorović,2022-10-26 22:25:00,Uzeo polovan telefon bez tacke na sebi...fenomenalan je!
https://mobilnisvet.com/mobilni-komentari/7598/Huawei/P40-Pro/2,Huawei,Huawei P40 Pro,Bojana99,2022-09-28 22:16:00,"Zdravo, htjela bih uzeti ovaj telefon međutim u nekim radnjama su mi rekli da ga nemaju zbog toga što su s mnogi žaliti kako im ništa ne funkcioniše, kako pola aplikacija ne radi i vraćali su telefone. Pa me zanima kakva su iskustva sa tim pošto ne bih da dam toliki novac a da ne mogu telefon normalno da koristim."
https://mobilnisvet.com/mobilni-komentari/7598/Huawei/P40-Pro/2,Huawei,Huawei P40 Pro,Ivan,2022-09-26 12:49:00,"Pozdrav drugari,koristim telefon vec preko 2 god,istekla je garancija,prezadovoljan njegovim radom,performansi i kamerom,odjednom sam od sebi poceo zvuk da prebaci na slusalicu,tipa ako mi stize poruka sms,viber,mesendzer,muzika reprodukuje muziku na slusalicu a ne na zvucniku, restartujem ga i sve normalno,da li je imao neko slican problem kao ja.. Hvala"
https://mobilnisvet.com/mobilni-komentari/7598/Huawei/P40-Pro/2,Huawei,Huawei P40 Pro,Huawei,2022-09-25 17:02:00,Samsung a72 ili Huawei p40 pro?
https://mobilnisvet.com/mobilni-komentari/7598/Huawei/P40-Pro/2,Huawei,Huawei P40 Pro,P40pro,2022-09-22 18:21:00,"Tako da.... Posloji li kakvo resenje, posto vidim da vecina ima u zadnje vreme problem sa obavestenjima na instagramu. Prosto ne stizu obavestenja da je neko poslao poruku dok se ne udje u aplikaciju. Prestalo da radi samo od sebe"
https://mobilnisvet.com/mobilni-komentari/7598/Huawei/P40-Pro/2,Huawei,Huawei P40 Pro,Bojana,2022-09-13 20:10:00,Kakav je kvalitet zvuka na ovom telefonu?
https://mobilnisvet.com/mobilni-komentari/7598/Huawei/P40-Pro/2,Huawei,Huawei P40 Pro,Nikola,2022-09-12 17:24:00,"drustvo jel moze neko da mi kaze kako da sredim instagram, ne mi stizu notifikacii kad neko mi pise poruke, a isto tako i po nekad ne mi stizu notifikacija i na viberom."
https://mobilnisvet.com/mobilni-komentari/6714/Huawei/Honor-10-Lite-4GB-64GB/2,Huawei,Huawei Honor 10 Lite,Zdravko,2020-06-20 11:58:00,"Mili 185 eu je varijanta sa 32 a 230 eu je ovaj sa 64 koji ja ima, slazem se telefona je TOP jos sad na Android 10 ispade vrhunski model koji je jako jako lep."
https://mobilnisvet.com/mobilni-komentari/6714/Huawei/Honor-10-Lite-4GB-64GB/2,Huawei,Huawei Honor 10 Lite,h10lite,2020-06-04 09:53:00,"Kako vam radi youtube, meni sjecka video na 1080p? Ne znam sta je u pitanju. Ostalo je ok."
https://mobilnisvet.com/mobilni-komentari/6714/Huawei/Honor-10-Lite-4GB-64GB/2,Huawei,Huawei Honor 10 Lite,Ana,2020-05-12 22:27:00,"Odličan uređaj. Završava posao, pouzdan, siguran. Dobra selfi kamera."
https://mobilnisvet.com/mobilni-komentari/6714/Huawei/Honor-10-Lite-4GB-64GB/2,Huawei,Huawei Honor 10 Lite,10lite,2020-05-05 22:01:00,"Da li moze neko da mi kaze iskustva sa androidom 10 na ovom telefonu, da li je dovoljno 3 gb rama i kakva je baterija?"
https://mobilnisvet.com/mobilni-komentari/6714/Huawei/Honor-10-Lite-4GB-64GB/2,Huawei,Huawei Honor 10 Lite,Huawei Honor,2020-03-05 11:28:00,"Stigao update na android 10, ota, tel uzet preko vipa.Baterija traje 15ak  duze nego ranije."
https://mobilnisvet.com/mobilni-komentari/6714/Huawei/Honor-10-Lite-4GB-64GB/2,Huawei,Huawei Honor 10 Lite,Bojan,2020-01-27 07:44:00,"Imam verziju 4  64, i mogu keci da je ovo fantacticno dobar uredjaj, kirin 710 radi super posao, telefon se ponasa i radi kao 8X sa tim da mi je honor mnogo lepse dizajniran."
https://mobilnisvet.com/mobilni-komentari/6714/Huawei/Honor-10-Lite-4GB-64GB/2,Huawei,Huawei Honor 10 Lite,Trxs,2020-01-23 11:38:00,"Telefon uzet u vipu pre 5 meseci i pokazao se zadovoljavajuće. Baterija se izuzetno brzo puni, memorije sasvim dovoljno da ne brineš da li ces morati da brišes nešto (1200fotografija,oko 100 video zapisa, 4 prosečne igrice i radi bez greške). Otkljucavanje na otisak olakšava korišćenje i dosadno kucanjecrtanje šifre. Kamera odlična pri dnevnom svetlu, inače prosečna što me je začudilo za ovih njenih 24mpx.uz telefon ne idu slušalice ali se dobije maskica tako da i dalje izgleda kao nov."
https://mobilnisvet.com/mobilni-komentari/6714/Huawei/Honor-10-Lite-4GB-64GB/2,Huawei,Huawei Honor 10 Lite,10 lite,2019-11-21 16:53:00,"Samo da kazem da posle 6 meseci krenuli su prvi problemi, tastaura pri kucanju poruka cesto baguje,sa desne strane ekrana gde je slovo p reguje tek iz 65og puta, generalno igracka koja posle pola godine krece da ozbiljno koci i baterija neizdrzi jedan dan sa upaljenim netom bez igrica i drustvenih mreza vec sami viber i novine u toku dana, sa upljenim netom izgura 78 sati. Da li je samo moj takav ili su svi neznam ali nisam ocekivao da telefon posle sest meseci bude skoro za zamenu."
https://mobilnisvet.com/mobilni-komentari/6714/Huawei/Honor-10-Lite-4GB-64GB/2,Huawei,Huawei Honor 10 Lite,10 lite,2019-09-24 10:45:00,"Posle 5 meseci upotrebe mogu reći da je sassim solidan telefon, baterija komotno izgura 1 dan, kamere su pristojne mada prednja daje nekako nerealno boje al završava posao. Što se samog rada tiče ume da zakuca tastatura ponekad prilikom pisanja poruka na pola minuta al posle toga radi normalno, nedešava se često možda jednom u tri dana. Otisak prsta radi super ako vam nije vlažan ili znojav prst u suprotnom nefunkcioniše. Baterija je ok mada čim spadne ispod 10 u roku od dva minuta se gasi, obe kartice rade normalno bez problema. Igrice rade ok mada in neigram, malo zahtevnije hoće da secne ponekad al ništa strasno. Jedina zamerka koju imam na telefon je kvalitet izrade, nekako je suviše mekan i nežan, lako se grebe i oštećuje."
https://mobilnisvet.com/mobilni-komentari/6714/Huawei/Honor-10-Lite-4GB-64GB/2,Huawei,Huawei Honor 10 Lite,Marko honor 10,2019-08-12 21:55:00,"Ja ga koristim vec 4 meseca,nije bas da je svemoguce zna da tryne nekad,isto tako nekad se pogubi pa umesto da zvuk bude gde i jeste,on ga prebaci na gornji zvucnik kod kamere,cudno..Kamera je dobra inace,ekran i izgled su na ovom telefonu glavne prednosti.ostalo nista posebno. Baterija dobra,jedna od boljih,sobzirom na velicinu ekrana,vrh..Za ovaj novac dobili ste upadljiv i zanimljiv telefon"
https://mobilnisvet.com/mobilni-komentari/6714/Huawei/Honor-10-Lite-4GB-64GB/2,Huawei,Huawei Honor 10 Lite,Markoni,2019-07-30 13:06:00,"Telefon je odlican, veliki ekran sa jasnim i dobrim bojama cak i na suncu...kamera vise nego dobra  trazi malo podesavanja ali nakon toga daje vise nego dobre rezultate, AI kamera napred i nazad radi dobar posao ako necete da se bakcete podesavanjima,,,,baterija u proseku oko 2 dana  normalnog koricenja....sta god da mu radite (igrice ne igram, tako da to ne znam) nemoguce je da nakon 24h intezivnog korisenja nemate bar 2530 baterije..."
https://mobilnisvet.com/mobilni-komentari/7598/Huawei/P40-Pro/3,Huawei,Huawei P40 Pro,Sasa,2022-09-06 23:05:00,"Koliko je samo ova kamera ispred svog vremena, pa zadnje danasnje muku muce da je stignu, uporedjivao s21 i p40 pro, koplje ispred p40 pro, bas osetno bolja kamera, imam i s21 plus, ovo je telefoncina"
https://mobilnisvet.com/mobilni-komentari/7598/Huawei/P40-Pro/3,Huawei,Huawei P40 Pro,Stefan,2022-08-15 16:47:00,Cao drustvo moze mala pomoc dvoumim se izmedju huawei p40 pro i samsunga s21...trenutno imam Samsung A52s i nisam previse zadovoljan pa bi svaka pomoc dobro dosla
https://mobilnisvet.com/mobilni-komentari/7598/Huawei/P40-Pro/3,Huawei,Huawei P40 Pro,Miloš,2022-08-07 08:09:00,"Pozz ljudi, imam dobru ponudu za P40pro ali videse duhovi malo na beloj podlogi,a ovako mob je perfektan. Pa me interesuje sta vi mislite. Hvala"
https://mobilnisvet.com/mobilni-komentari/7598/Huawei/P40-Pro/3,Huawei,Huawei P40 Pro,stf,2022-08-02 13:59:00,"Jel jos neko ima problema s viberom? Skinut preko appgallery, obavestenja mi nekad stizu nekad ne, a iz nekog razloga stikere ne vidim, ucitavaju se ali se ne prikazuju"
https://mobilnisvet.com/mobilni-komentari/7598/Huawei/P40-Pro/3,Huawei,Huawei P40 Pro,Nikola,2022-07-27 14:42:00,"Pozdrav ljudi, imam jednu nedoumicu , ako može mala pomoć. NIkad ranije nisam koristnio HUAWEI, imam priliku da uzmem p 40 pro, razbijeno staklo, zamena paprena znam izmedju 200 i 250e, ali me vise brine korišćenje ostalih aplikacija, sta se radi u tim situacijama, vidim po komentarima da ima i zadovoljnih i manje zadovoljnih, koje tačno aplikacije ne mogu da se instaliraju na ovom mobilnom uredjaju ? Pozdrav i Hvala"
https://mobilnisvet.com/mobilni-komentari/7598/Huawei/P40-Pro/3,Huawei,Huawei P40 Pro,Scarface,2022-07-17 10:36:00,"Jel nego izbucije instagram? Ne mogu da izbacim story, odmah me izbaci iz aplik."
https://mobilnisvet.com/mobilni-komentari/7598/Huawei/P40-Pro/3,Huawei,Huawei P40 Pro,Dijana,2022-07-14 13:48:00,"Pukao mi je ekran na Huawei p40 pro, da li znate koliko je zamena?"
https://mobilnisvet.com/mobilni-komentari/7598/Huawei/P40-Pro/3,Huawei,Huawei P40 Pro,Dijana,2022-07-14 13:34:00,"Da li znate preko čega da skinem Zara aplikaciju, i preko Petal nije ažurirana i ne može da se koristi, probala sam na jos par načina al nigde nece😭"
https://mobilnisvet.com/mobilni-komentari/7598/Huawei/P40-Pro/3,Huawei,Huawei P40 Pro,Olga,2022-06-27 09:42:00,"Htela bih da uzmem ovaj telefon jer ima super karakteristike, ali sada me brinu ovi komentari o kameri. O cemu se tu radi?"
https://mobilnisvet.com/mobilni-komentari/7598/Huawei/P40-Pro/3,Huawei,Huawei P40 Pro,Mix,2022-06-12 08:27:00,"Kamera je mnogo losa, ali baš mnogo losa"
https://mobilnisvet.com/mobilni-komentari/7598/Huawei/P40-Pro/3,Huawei,Huawei P40 Pro,Mare,2022-06-04 10:50:00,"Ljudi sta ovo uradise sa kamerom? Noću mi katastrofa slika. Kad uporedim stare i nove slike ovo je očaj, kao da slikam s nekim telefonom od 250 evra"
https://mobilnisvet.com/mobilni-komentari/7598/Huawei/P40-Pro/3,Huawei,Huawei P40 Pro,Tedi,2022-05-25 14:31:00,Pozdrav svima
https://mobilnisvet.com/mobilni-komentari/7598/Huawei/P40-Pro/3,Huawei,Huawei P40 Pro,Kontraš,2022-05-16 16:15:00,"Da li p40pro dobio android 11 ili je i dalje na 10?I koliko ce dobijati novih verzija androida,da li neko zna?"
https://mobilnisvet.com/mobilni-komentari/7598/Huawei/P40-Pro/3,Huawei,Huawei P40 Pro,Saša,2022-05-14 20:52:00,"Ako se odlučiš za polovan p40pro  ima ja star 7meseci menjao sam za iphone, ali mi ne odgovara"
https://mobilnisvet.com/mobilni-komentari/7598/Huawei/P40-Pro/3,Huawei,Huawei P40 Pro,Kontraš,2022-05-13 20:08:00,"Vaše mišljenje:Sta je pametnije kupiti,nov Huawei nova 9 ili godinu dana star P40pro?"
https://mobilnisvet.com/mobilni-komentari/7598/Huawei/P40-Pro/3,Huawei,Huawei P40 Pro,Saša,2022-05-11 12:48:00,Pozdrav svima…imam pitanje vezano za ovaj telefon pa ako neko može da iznese svoje iskustvo…Da li da menjam  iphone xs max 256GB za naravno P40 pro…
https://mobilnisvet.com/mobilni-komentari/7598/Huawei/P40-Pro/3,Huawei,Huawei P40 Pro,Uros,2022-04-22 12:02:00,"Pozdrav svima, komentari su odlicni i dosta znace. Pitanje jedno po vama P40 pro ili Xiaomi 11T Pro? Hvala"
https://mobilnisvet.com/mobilni-komentari/7598/Huawei/P40-Pro/3,Huawei,Huawei P40 Pro,rajko,2022-04-15 08:16:00,pozdrav ljudi koja je realna razlika u cijeni p40 pro mate40 pro i u ostalom?
https://mobilnisvet.com/mobilni-komentari/7598/Huawei/P40-Pro/3,Huawei,Huawei P40 Pro,Telefon,2022-04-02 18:26:00,P40 pro ili iphone 13
https://mobilnisvet.com/mobilni-komentari/7598/Huawei/P40-Pro/3,Huawei,Huawei P40 Pro,Nikola,2022-03-31 20:23:00,Iphone 12 pro max ili p40 pro?
https://mobilnisvet.com/mobilni-komentari/7598/Huawei/P40-Pro/3,Huawei,Huawei P40 Pro,Igor,2022-03-23 07:03:00,"Pozz ljudi moze mala pomoc, stizu mi poruke sve ili nema tona uopste!!!"
https://mobilnisvet.com/mobilni-komentari/7598/Huawei/P40-Pro/3,Huawei,Huawei P40 Pro,Milos S.,2022-03-02 21:50:00,"Za emui 12 prvo stavite na samom telefonu region Germany, barem je meni tako nasao update bez greske. A onda nakon toga udjite u aplikaciju 1. ( My HUAWEI) - settings- select country/region = China. Tada ima mnogo vise update-ova nego na nekom drugom regionu. 2. Takodje u aplikaciji appGalery isto promeniti region = China, takodje ima dosta vise update-ova same aplikacije, a i update aplikacije My HUAWEI koja je najbitnija za emui 12 kako bi se odradila uspesno. 3. Kad se odrade svi update-ovi, 4. tada udjite u aplikaciju My HUAWEI onda na Home (nacrtana kucica) i tada kliknite na update nacrtana strelica na gore, crvenom bojom. 5 otvorice se prozor na kineskom i stisnite na sredini, u bilo kojem polju gde pisu modeli telefona kliknite i otvorice se prozor update i kliknite na current version, ako ga ne nadje, onda ponovite nazad i kliknite check for updates i pojavice vam se crvenom bojom new version emui 12. U slucaju da nemate nista, budite strpljivi, stize vam u roku od par dana. Drago mi je da sam vam pomogao. Pozdrav svima."
https://mobilnisvet.com/mobilni-komentari/7598/Huawei/P40-Pro/3,Huawei,Huawei P40 Pro,Vanja,2022-02-27 19:58:00,Jel moze negde da skine emui 12 ili da cekam? Meni jos nije dosao u telenoru sam.
https://mobilnisvet.com/mobilni-komentari/7598/Huawei/P40-Pro/3,Huawei,Huawei P40 Pro,Milos,2022-02-23 10:13:00,"Stigao emui 12, koristim ga vec neko vreme, dosta fluidnije radi, dosta brz i efikasan, vizuelno lepse izgleda dosta, stvarno nema greske, prezadovoljan."
https://mobilnisvet.com/mobilni-komentari/9326/Huawei/nova-9/3,Huawei,Huawei nova 9,Милутин,2022-06-19 04:18:00,"Da li može neko da mi napiše koji je bolji telefon, ovaj Huawei nova 9 ili Realme GT Master? Pitam pre svega koji bolje pravi slike i snimke. Hvala, svaka pomoć mi je dobra."
https://mobilnisvet.com/mobilni-komentari/9326/Huawei/nova-9/3,Huawei,Huawei nova 9,Ko zna,2022-06-05 12:08:00,Da li bilo ko zna da li na njemu radi aplikacija za Halk banku? Hvala
https://mobilnisvet.com/mobilni-komentari/9326/Huawei/nova-9/3,Huawei,Huawei nova 9,Filip,2022-06-02 10:06:00,Da li ima Google servise
https://mobilnisvet.com/mobilni-komentari/9326/Huawei/nova-9/3,Huawei,Huawei nova 9,Kontraš,2022-05-13 20:05:00,Vase misljenje:Da li je bolje uzeti nov nova 9 ili godinu dana star p40pro?
https://mobilnisvet.com/mobilni-komentari/9326/Huawei/nova-9/3,Huawei,Huawei nova 9,Boban,2022-04-25 13:23:00,P30 pro za novu 9?
https://mobilnisvet.com/mobilni-komentari/9326/Huawei/nova-9/3,Huawei,Huawei nova 9,Aleksandra,2022-04-07 19:00:00,Huawei nova 9 ili Honor 50 lite?
https://mobilnisvet.com/mobilni-komentari/9326/Huawei/nova-9/3,Huawei,Huawei nova 9,Saša,2022-03-27 10:54:00,"Da li neko moze da napise nesto vise o telefonu,kao neku malu recenziju(dobre i lose strane).Neko ko ga duze vreme koristi da i ko moze detaljnije da opise tel.Ne mora da navodi nedostatak google servisa posto smo svi upuceni u to.Razmisljam se za kupovinu ovog tel,One plus nord2 i Samsung galaxy A52s 5g.U nedoumici sam koji od ova tri?!"
https://mobilnisvet.com/mobilni-komentari/9326/Huawei/nova-9/3,Huawei,Huawei nova 9,Moze li pomoć,2022-03-25 09:10:00,"Izbor telefona da mi pomognete Samsung A52S ili ovaj nova 9, do sada sam koristi na nova 5t..Hvala"
https://mobilnisvet.com/mobilni-komentari/9326/Huawei/nova-9/3,Huawei,Huawei nova 9,Olga,2022-03-23 15:13:00,Huawei nova 9 ili huawei p30 pro?
https://mobilnisvet.com/mobilni-komentari/9326/Huawei/nova-9/3,Huawei,Huawei nova 9,Mladen,2022-03-17 17:34:00,Huawei P30 pro ili ovaj telefon
https://mobilnisvet.com/mobilni-komentari/9326/Huawei/nova-9/3,Huawei,Huawei nova 9,Ana,2022-03-04 17:08:00,Huawei nova 9 ili Samsung Galaxy a72?
https://mobilnisvet.com/mobilni-komentari/9326/Huawei/nova-9/3,Huawei,Huawei nova 9,Deja,2022-02-25 12:32:00,Dali je Huawei nova 9 vodotrporan nigde ne pise?
https://mobilnisvet.com/mobilni-komentari/9326/Huawei/nova-9/3,Huawei,Huawei nova 9,Deja,2022-02-24 18:51:00,Dali neko zna kako da pokrenem preko Gmail nalog kupujem prodajem oglase nece nikako a sve sam ostalo instalirao pozz??
https://mobilnisvet.com/mobilni-komentari/9326/Huawei/nova-9/3,Huawei,Huawei nova 9,inteza,2022-02-14 18:46:00,Da li je neko instalirao bankovne aplikacije i radi li to.
https://mobilnisvet.com/mobilni-komentari/9326/Huawei/nova-9/3,Huawei,Huawei nova 9,Maja,2022-01-28 13:00:00,"Da li neko zna da li je moguće instalitati neku verziju Android OS umesto EMUI 12.0 (baziran na Android 11). Uzasno me nervira sto mi ne rade aplikacije za koje je potreban Google Play. Pokusala sam da istaliram Google Play kao third party app, ali ne pomaže. Zapravo, svaka aplikacija koja je vezana za Google ili Microsoft account mi ne radi, ili ako radi puca. Jedino sto funkcionise je Outlook Mail app. Nažalost zamenske applikacije, kao što je npr. Petal maps jednostavno nisu dovoljno dobra zamena."
https://mobilnisvet.com/mobilni-komentari/9326/Huawei/nova-9/3,Huawei,Huawei nova 9,Petar,2022-01-28 10:38:00,"Dal je neko pokušao da poveže bilo koji noviji Huawei , ili ovaj, koji nema Google servise na Android Auto u kolima I da li postoji uopšte mogućnost da se poveže preko neke treće aplikacije?"
https://mobilnisvet.com/mobilni-komentari/9326/Huawei/nova-9/3,Huawei,Huawei nova 9,Nikola,2022-01-26 16:24:00,"Jel zna neko kada ce azuriranje za huawei nova 9, trenutna verzija 12.0.1"
https://mobilnisvet.com/mobilni-komentari/9326/Huawei/nova-9/3,Huawei,Huawei nova 9,Ivan,2022-01-19 15:15:00,Vredi li prelazi sa samsung note 10 na ovaj telefon?
https://mobilnisvet.com/mobilni-komentari/9326/Huawei/nova-9/3,Huawei,Huawei nova 9,Mikk,2022-01-07 11:20:00,Jel je zadnji deo od plastike ili stakla?
https://mobilnisvet.com/mobilni-komentari/9326/Huawei/nova-9/3,Huawei,Huawei nova 9,Nikola,2021-12-29 22:15:00,Nova 9 ili a52s ? Zanima me kamera i ekran stabilnost … Hvala unpared
https://mobilnisvet.com/mobilni-komentari/9326/Huawei/nova-9/3,Huawei,Huawei nova 9,Milan,2021-12-29 18:44:00,"Pozdrav svima.. Imam jedan problem kad mi je telefon zaključan samo jednom zavibrira i samo nastavi da zvoni, a otkljucan i vibrira i zvoni sve vreme, isto i kad je samo na vibraciji.. U podešavanjima ne mogu nista pronaci.."
https://mobilnisvet.com/mobilni-komentari/9326/Huawei/nova-9/3,Huawei,Huawei nova 9,Svemir,2021-12-23 13:24:00,"Za sve one koje dramatično tipkaju, nema Google, nema Google, previše dramatizuju situaciju. Postoje aplikacije koje lako pariraju Google aplikacijama i ima ih u gallery apps,samo što smo mi previše razmaženi i naviknuti na nešto što mnogi ni 10% ne iskorišćavaju... Imaš YouTube Vanced takodjer.... YouTube bez reklama, džabe... Gomila online i offline mapa, calendara, planera... &$#es google"
https://mobilnisvet.com/mobilni-komentari/9326/Huawei/nova-9/3,Huawei,Huawei nova 9,Slash,2021-12-12 15:09:00,"Drugari, može li neko da mi kaže kakva su vam iskustva sa kemerom na ovom telefonu, pošto mi je to jedna od bitnijih stavki kod fona.Znam da je Huawei oduvek imao odlicne kamere, pa me to zanima.. Imam p30 pro koji kida jos uvek... Pa me interesuje kakva je kamera kod ovog telefona...?"
https://mobilnisvet.com/mobilni-komentari/9124/Huawei/P50-Pro/3,Huawei,Huawei P50 Pro,Nemanja,2022-10-26 16:19:00,Sa novim azuriranjem aplikacije G Space  dobija se free add verzija. Takodje imate google play store na bordu.  Za sve koje interesuje. P50 pro je zverka od telefona.
https://mobilnisvet.com/mobilni-komentari/9124/Huawei/P50-Pro/3,Huawei,Huawei P50 Pro,rajko,2022-10-25 21:22:00,pozdrav ako napravim kopiju podataka na usb memoriju p30pro pa instaliram na p50 pro oce li radit aplikacije?
https://mobilnisvet.com/mobilni-komentari/9124/Huawei/P50-Pro/3,Huawei,Huawei P50 Pro,Phoenix,2022-10-16 19:41:00,"Citam komentare i mislim se na kojoj planeti vecina ljudi ovde zivi? Da li je vama stvarno ok da za najprostiju stvar, notifikacije iz aplikacije za dopisivanje, ne moze nista da se uradi? Da li sve moze da se nabudzi, mozda i moze, ali zbog cega bih to morao da radim i da onda pazim da li nesto jeste aktivno ili ne. Prosle godine sam uzeo Mate 40 Pro i to mi je i dalje najlepsi telefon koji sam ikada koristio. Ali apsolutno nista vezano za google ili microsoft servise nije radilo kako treba. Moze da se kao nesto namesti ali nikad ne znas koliko dugo ce da radi."
https://mobilnisvet.com/mobilni-komentari/9124/Huawei/P50-Pro/3,Huawei,Huawei P50 Pro,Miki,2022-10-16 09:19:00,"Pozdrav svima, ja sam navikao da otvaram fb, gmail, i sve ostalo preko chroma kao na kompu ukucam fb i uđem na sajt, ne koristim aplikacije osim instagrama. Takođe mi nisu potrebne notifikacije jer sam navikao da povremeno uđem na sajtove koje sam pomenuo. Zbog toga me zanima da li se može uđi u pretraživač i na taj način koristiti gugl, gmail i sve ostalo? Da li će se i u tom slučaju pojaviti neka blokada ili zabrana ili to važi samo za aplikacije?"
https://mobilnisvet.com/mobilni-komentari/9124/Huawei/P50-Pro/3,Huawei,Huawei P50 Pro,Sof,2022-10-05 18:13:00,"Ćao ljudi. Čitala sam da Huawei P50 pro ima problem sa zagrevanjem, da li je to tačno? To me brine, inače se dvoumim između njega i iphone 13. Može savet?"
https://mobilnisvet.com/mobilni-komentari/9124/Huawei/P50-Pro/3,Huawei,Huawei P50 Pro,ms,2022-09-25 21:25:00,"Najkonkretnije me zanima, da li na huawei telefonima mogu normalno da se koriste sve aplikacije koje postoje na play prodavnici, google maps, youtube, hbomax, busplus, aplikacija banke, gmail, i sve ostale aplikacije sa playstore-a? Zelim da kupim flegship koji planiram da koristim otprilike 3-4 godine. Iphone je preskup, samsung mi se nikad nije svidjao, huawei telefoni imaju dobar kvalitet i dizajn mi se najvise svidja. Razmisljam o mate 50 pro telefonu ako se pojavi na nasem trzistu. Jedino sto me buni su google aplikacije."
https://mobilnisvet.com/mobilni-komentari/9124/Huawei/P50-Pro/3,Huawei,Huawei P50 Pro,Lak1,2022-09-10 23:29:00,Huawei je brend kvalitet i sve napravljeno da traje
https://mobilnisvet.com/mobilni-komentari/9124/Huawei/P50-Pro/3,Huawei,Huawei P50 Pro,Arsa,2022-09-03 20:09:00,"Pozdrav svima, da li je neko uspeo da resi problem sa notifikacijama? Naime sve mi stize normalno, samo instagram nema uopste push notifikacije... Sve sam probao i Gspace i jos neke varijante ali bez uspeha"
https://mobilnisvet.com/mobilni-komentari/9124/Huawei/P50-Pro/3,Huawei,Huawei P50 Pro,Vuk,2022-08-30 20:03:00,Da li neko zna kako da se proveri prva aktivacija telefona? Našao sam godinu proizvodnje ali mislim da mi je prodat korišćen telefon sa pričom da je nov 😅
https://mobilnisvet.com/mobilni-komentari/9124/Huawei/P50-Pro/3,Huawei,Huawei P50 Pro,Zika,2022-08-24 07:45:00,"Nisam nigdje u Cg nasao zastitu za ekran ,interesuje me zna li neko zasto je ekran toliko podlozan grebanju ,svako malo vidim neke nove male linijice po njemu,cuvam telefon ne drzim ga u dzepu ni sa cim drugim da bi se ogrebao.Onako na suncu se primjete male linije,dal je to losa fabricka zastita il sta."
https://mobilnisvet.com/mobilni-komentari/9124/Huawei/P50-Pro/3,Huawei,Huawei P50 Pro,Aleksandar,2022-08-17 20:38:00,"Ako moze mala pomoc,kako najbolje zastiti ekran,hidrogel folija ili zastitno staklo?"
https://mobilnisvet.com/mobilni-komentari/9124/Huawei/P50-Pro/3,Huawei,Huawei P50 Pro,P40,2022-07-31 21:21:00,Ljudi da li uzeti P50 pro ili p40 pro plus
https://mobilnisvet.com/mobilni-komentari/9124/Huawei/P50-Pro/3,Huawei,Huawei P50 Pro,Srki,2022-07-22 07:56:00,"Imam problem, ne mogu da kupim najobičniju aplikaciju iz huwejove ap Teme,, ikonice,, od 49din"
https://mobilnisvet.com/mobilni-komentari/9124/Huawei/P50-Pro/3,Huawei,Huawei P50 Pro,Sinisa,2022-07-21 04:02:00,"Aktiviran mi poziv na cekanju, ali nece da radi."
https://mobilnisvet.com/mobilni-komentari/9124/Huawei/P50-Pro/3,Huawei,Huawei P50 Pro,Maja,2022-07-14 21:01:00,"Telefon sa odlicnom kamerom. Koristim ga nekih 20 dana,moje NE impresije su vezanr za neke osnovne stvari. Nedostatak notifikacija,malo rade malo ne rade. U odnredjene aplikacije je potrebno da se udje da bi videli imate li poruke ili obavestenje. Cesta azuriranja aplikacija i sve veci bagovi. Iskreno ne znam da li ce i kako ce se to resiti ako se ne resi ovo je onda preskup telefon u donosu na to sta nudi jer za manje pare moze da se kupi odlican fotoaparat sto je na ovom fonu nesumnjivo odlicno. Baterija manje vise zavisi od koriscenja ali dan moze da izgura."
https://mobilnisvet.com/mobilni-komentari/9124/Huawei/P50-Pro/3,Huawei,Huawei P50 Pro,Aleksa,2022-07-13 06:46:00,Da li i Vama monochrome opcija na cameri strasno zatamni sliku?
https://mobilnisvet.com/mobilni-komentari/9124/Huawei/P50-Pro/3,Huawei,Huawei P50 Pro,Marko,2022-07-12 16:04:00,"Sistemska mail aplikacija kod mene ne dozvoljava logavnje na outlook. Niko ne siri lazi prosto delimo situacije jedni sa drugima. Na ovom telefonu je dobra samo kamera,ja sam se iskreno pokajao sto sam kupio. Lose je nedostatak i kasnjneje notifikacija na mnogin aplikacijama. Baterija tu i tamo izgura dan,greje se fon kada se koristi viber a ne nesto vise. Sve u svemu za mene je ovo bila losa kupovina."
https://mobilnisvet.com/mobilni-komentari/9124/Huawei/P50-Pro/3,Huawei,Huawei P50 Pro,P50P,2022-07-12 01:40:00,"Pozdrav, koristim iPhone 11 pro i baterija mi je losa a i malo mi je 64gb pa sam resio da zamenim telefon. Dvoumim se izmedju Note 20 ultra exynos i Huawei p50 Pro modela. Ako neko moze da podeli iskustva ili preporuci znacilo bi mi… Hvala u napred…"
https://mobilnisvet.com/mobilni-komentari/9124/Huawei/P50-Pro/3,Huawei,Huawei P50 Pro,Буба,2022-07-07 05:47:00,"Ćao, zanima me kakva su iskustva što se tiče baterije, s obzirom da je 4360? Jel izgura dan?"
https://mobilnisvet.com/mobilni-komentari/9124/Huawei/P50-Pro/3,Huawei,Huawei P50 Pro,Pitanje,2022-07-03 12:48:00,"Kakva je baterija,da li se greje,ako se normalno koristi kroy neke aplikacije bez igrica?"
https://mobilnisvet.com/mobilni-komentari/9124/Huawei/P50-Pro/3,Huawei,Huawei P50 Pro,Sasa,2022-07-02 17:05:00,"Da li je istina,da se vecina zali na kameru,sta je sa baterijom,kakva su iskustva?"
https://mobilnisvet.com/mobilni-komentari/9124/Huawei/P50-Pro/3,Huawei,Huawei P50 Pro,Deran,2022-06-27 14:14:00,"Pozdrav svima, ocigledno je da su oglasi sve slabiji sa ponudom telefona. Za neku normalnu cenu se moze naci ovaj p50 pro. Mene zanima da li cu dobijati notifikacije od Gmail aplikacije, hotmail,Vibera... Da li baterija moze da izdrzi recimo od 7h do 22h uvece?"
https://mobilnisvet.com/mobilni-komentari/9124/Huawei/P50-Pro/3,Huawei,Huawei P50 Pro,Marijana,2022-06-24 12:48:00,Izuzetno razocarana nedostatkom notifikacija za postojece aplikacije. Pored kamere outlook mi je bitna stavka. Ja mail be mogu da vidim dok ne udjem u aplikaciju. Drugar koji radi u huaweiu mi je rekao da je to precutni problem i da se ne zna kada ce biti resen.
https://mobilnisvet.com/mobilni-komentari/9124/Huawei/P50-Pro/3,Huawei,Huawei P50 Pro,Helpe,2022-06-22 23:35:00,"Ako moze mala pomoc strucnijih,da li neko zna neki model novijih telefona sa BW senzorom kamere,nekad je to imao cuveni Huawei P20/P20 Pro?"
https://mobilnisvet.com/mobilni-komentari/9124/Huawei/P50-Pro/3,Huawei,Huawei P50 Pro,Marko,2022-06-21 07:43:00,Korisnik sam ovog telefona par dana. Koristio sam i ranije huawei bez googl podrske i neke starije modele koji su imali google. Telefon je zaista kvalitetno uradjen to osetite kad vam he u ruci e sad moja konstatacija za ovih par dana je da je baterija nesto losija nego na predhodnim modelima jer smo svi navikli da huawei ima dobru bateriju. Pored toga telefon se u odredjenim ne zahtevnim radnjama prilicno greje pa me zanima da li je jos neko to primetio?
https://mobilnisvet.com/mobilni-komentari/7xf/Huawei/P60-Pro/3,Huawei,Huawei P60 Pro,Nikola,2024-06-08 13:50:00,Koliko je vama temperatura procesora? Kada ništa ne radite?
https://mobilnisvet.com/mobilni-komentari/7xf/Huawei/P60-Pro/3,Huawei,Huawei P60 Pro,Radex,2024-06-07 00:06:00,Posle apdejta 14.2 više se greje.
https://mobilnisvet.com/mobilni-komentari/7xf/Huawei/P60-Pro/3,Huawei,Huawei P60 Pro,Radex,2024-06-06 16:27:00,Meni se ne svidja 14.2
https://mobilnisvet.com/mobilni-komentari/7xf/Huawei/P60-Pro/3,Huawei,Huawei P60 Pro,Miloš82,2024-06-04 22:12:00,"Pozdrav za sve!Baterija mi mnogo slabija drzi nakon poslednjeg abdejta 14.2,bukvalno se duplo brze isprazni nego ranije,a koristim sve iste aplikacije preko mikrog i aurore.Jel ima još neko ovakav problem,kakva su iskustva?"
https://mobilnisvet.com/mobilni-komentari/7xf/Huawei/P60-Pro/3,Huawei,Huawei P60 Pro,Dejan,2024-06-01 21:14:00,"Baterija kao da je slaba, punim dvaput dnevno"
https://mobilnisvet.com/mobilni-komentari/7xf/Huawei/P60-Pro/3,Huawei,Huawei P60 Pro,Nix,2024-05-30 17:55:00,"E, samo da podelim moju konfiguraciju, zvanično mi je telefon bez google apps i microg, možda nekom i pomogne."
https://mobilnisvet.com/mobilni-komentari/7xf/Huawei/P60-Pro/3,Huawei,Huawei P60 Pro,Obrenović,2024-05-30 15:48:00,Da li još neko ima problem sa baterijom. Ne traje duže od 10 sati normalnog korišćenja? Da li je do GBox-a ili do nečega drugog ali nije u redu nešto
https://mobilnisvet.com/mobilni-komentari/7xf/Huawei/P60-Pro/3,Huawei,Huawei P60 Pro,Nix,2024-05-29 14:31:00,Stigao 14.2 update
https://mobilnisvet.com/mobilni-komentari/7xf/Huawei/P60-Pro/3,Huawei,Huawei P60 Pro,Vlada,2024-05-29 09:58:00,pozdrav ljudi koje je najbolje resenje za google service?
https://mobilnisvet.com/mobilni-komentari/7xf/Huawei/P60-Pro/3,Huawei,Huawei P60 Pro,Nix,2024-05-21 16:07:00,"Vidim stigao zvanični 14.2 u nekoliko zemalja, kod nas još nema najave."
https://mobilnisvet.com/mobilni-komentari/7xf/Huawei/P60-Pro/3,Huawei,Huawei P60 Pro,Darko,2024-05-20 09:11:00,Kolilo godina azuriranja ima Huawei P60 pro i kakvi su po tom pitanju?
https://mobilnisvet.com/mobilni-komentari/7xf/Huawei/P60-Pro/3,Huawei,Huawei P60 Pro,Milos,2024-05-20 07:45:00,Mislim da je Mate 50 pro bolji izbor. Ili se varam?
https://mobilnisvet.com/mobilni-komentari/7xf/Huawei/P60-Pro/3,Huawei,Huawei P60 Pro,ElRe,2024-05-17 12:26:00,Šta se dešava sa portalom? Nikakvih novih testova? Pura 70?
https://mobilnisvet.com/mobilni-komentari/7xf/Huawei/P60-Pro/3,Huawei,Huawei P60 Pro,Radex,2024-05-08 20:39:00,Jedino ono sa čim nisam zadovoljan na ovom telefonu je baterija.To je ipak moralo mnogo bolje da se uradi.Bar kao na p30pro
https://mobilnisvet.com/mobilni-komentari/7xf/Huawei/P60-Pro/3,Huawei,Huawei P60 Pro,Danka,2024-04-29 14:26:00,"Imam P30 pro već 4 godine, ali  mi je pre neki dan ispao i ekran se razbio. Ne bih ga menjala, ali sada razmišljam o P60 pro."
https://mobilnisvet.com/mobilni-komentari/7xf/Huawei/P60-Pro/3,Huawei,Huawei P60 Pro,Borac,2024-04-25 22:05:00,"Da li imate problema pri konekciji na wi-fi?Da nije dobra brzina?Ili pri obradi fotografije,da ono što uslikate ne bude isto u galeriji posle obrade?"
https://mobilnisvet.com/mobilni-komentari/7xf/Huawei/P60-Pro/3,Huawei,Huawei P60 Pro,Darko,2024-04-25 18:11:00,Sta je pametnije uzeti- S23 obican ili Huawei P60 pro?
https://mobilnisvet.com/mobilni-komentari/7xf/Huawei/P60-Pro/3,Huawei,Huawei P60 Pro,Huawei,2024-04-21 09:49:00,"Da li je vama od pre par dana poceo da zeza Viber,kasne obavestenja,tek kada otvorim app dobijem poruku..."
https://mobilnisvet.com/mobilni-komentari/7xf/Huawei/P60-Pro/3,Huawei,Huawei P60 Pro,Mladen,2024-04-17 16:04:00,"Na kom je android verziji  sada ovaj model?Uzeo bih ga,al nisam pametan.Dvoumim se izmedju p60pro i Honor magic 5 pro?Šta savetujete?"
https://mobilnisvet.com/mobilni-komentari/7xf/Huawei/P60-Pro/3,Huawei,Huawei P60 Pro,Arpad,2024-04-14 23:20:00,"Postoji novo rešenje za Google, mimo gspace i gbox, sve radi osim Google wallet, instalacija aplikacija direktno na telefon, za sve Huawei uređaje bez GMS."
https://mobilnisvet.com/mobilni-komentari/7xf/Huawei/P60-Pro/3,Huawei,Huawei P60 Pro,Nix,2024-04-12 11:20:00,"Dvoumio sam se između ovog i Magic 6 Pro, testirao oba, na kraju se odlučio za ovaj, i to bela varijanta."
https://mobilnisvet.com/mobilni-komentari/7xf/Huawei/P60-Pro/3,Huawei,Huawei P60 Pro,DFule,2024-04-03 18:37:00,"Da li neko ima probleme sa Wifi?Kao sto su mnogo imali sa P50 pro....da puca net,koci itd itd.Ali samo preko Wi fi"
https://mobilnisvet.com/mobilni-komentari/7xf/Huawei/P60-Pro/3,Huawei,Huawei P60 Pro,Nikola,2024-03-28 14:37:00,"Četvrtu godinu imam P30 pro. Vrhunski telefon, ni dan danas jednom nije secnuo. Sigurno ću da se preorijentišem na P60 pro."
https://mobilnisvet.com/mobilni-komentari/7xf/Huawei/P60-Pro/3,Huawei,Huawei P60 Pro,EsE,2024-03-22 08:19:00,Šta se dešava sa portalom?
https://mobilnisvet.com/mobilni-komentari/7xf/Huawei/P60-Pro/4,Huawei,Huawei P60 Pro,Radex,2024-03-17 13:15:00,Video zapis brutalan.Stabilizacija videa fantastična.Bukvalno možeš da trčiš i da snimaš.Nema onog iritantnog truckanja
https://mobilnisvet.com/mobilni-komentari/7xf/Huawei/P60-Pro/4,Huawei,Huawei P60 Pro,Petrarka,2024-03-14 09:10:00,Da li je neko uspeo da podesi Google Wallet na ovom telefonu?
https://mobilnisvet.com/mobilni-komentari/7xf/Huawei/P60-Pro/4,Huawei,Huawei P60 Pro,Vanesa,2024-03-13 15:00:00,Menjala bih S23 za Huawei p60 pro
https://mobilnisvet.com/mobilni-komentari/7xf/Huawei/P60-Pro/4,Huawei,Huawei P60 Pro,Huawei forever,2024-03-06 20:18:00,Huawei su dobri telefoni za fotkanje. br 1 u martu izlazi zver samo da vam kažem..
https://mobilnisvet.com/mobilni-komentari/7xf/Huawei/P60-Pro/4,Huawei,Huawei P60 Pro,Razočarani korisnik,2024-03-03 19:56:00,Ma da samo što imaju oba problem sa wi fi i kamerom imao sam i ja oba ali su sada oba u kantu za smeće koliko su dobri bili huawei nikad više..
https://mobilnisvet.com/mobilni-komentari/7xf/Huawei/P60-Pro/4,Huawei,Huawei P60 Pro,Beli,2024-03-01 22:59:00,Imam i P60 pro i P50 pro. Ne znaš šta pričaš. Provereno.
https://mobilnisvet.com/mobilni-komentari/7xf/Huawei/P60-Pro/4,Huawei,Huawei P60 Pro,Beli,2024-02-24 19:51:00,Posle P50 pro ( kojeg i dalje imam) sam uzeo P60 pro. Mogu da kazem da sam oduševljen kako je sve ispeglano i kako lepo radi. Sve je za nijansu bolje i to je dovoljno. Telefon savršeno lezi u ruci. Kamera ubija ( nisam verovao da od P50 pro moze biti bolje ali sam se razuverio). U App galeriji ima sve sto je potrebno a tu je i Gbox ukoliko nekom treba playstore. Zivot bez googla je itekako moguc.
https://mobilnisvet.com/mobilni-komentari/7xf/Huawei/P60-Pro/4,Huawei,Huawei P60 Pro,Raaraa,2024-02-23 23:25:00,Tel je skup za te pare koliko pruza.
https://mobilnisvet.com/mobilni-komentari/7xf/Huawei/P60-Pro/4,Huawei,Huawei P60 Pro,Cipelice,2024-02-23 16:29:00,Da li huawei 60 pro ili ajfon 13?
https://mobilnisvet.com/mobilni-komentari/7xf/Huawei/P60-Pro/4,Huawei,Huawei P60 Pro,Radex,2024-02-22 21:13:00,"Obaveštenja na yt kasne,tek kad otvoriš yt dobiješ obaveštenja.Meni ovo toliko ne smeta jer sam ja ta obaveštenja i na p30 pro poisključivao..."
https://mobilnisvet.com/mobilni-komentari/7xf/Huawei/P60-Pro/4,Huawei,Huawei P60 Pro,Radex,2024-02-14 18:53:00,Koristim telefon već mesec dana.
https://mobilnisvet.com/mobilni-komentari/7xf/Huawei/P60-Pro/4,Huawei,Huawei P60 Pro,David,2024-02-12 23:52:00,uzimati ovo ili s23 ultru?
https://mobilnisvet.com/mobilni-komentari/7xf/Huawei/P60-Pro/4,Huawei,Huawei P60 Pro,Radex,2024-02-02 19:57:00,Jedva čekam prvo planinarenje.
https://mobilnisvet.com/mobilni-komentari/7xf/Huawei/P60-Pro/4,Huawei,Huawei P60 Pro,Radex,2024-02-02 19:47:00,Video zum fantazija
https://mobilnisvet.com/mobilni-komentari/7xf/Huawei/P60-Pro/4,Huawei,Huawei P60 Pro,Miki,2024-01-27 13:50:00,"Imao sam P40 Pro,vise od 3 god.."
https://mobilnisvet.com/mobilni-komentari/7xf/Huawei/P60-Pro/4,Huawei,Huawei P60 Pro,Radex,2024-01-16 11:34:00,Prešao sa p30pro na p60 pro
https://mobilnisvet.com/mobilni-komentari/7xf/Huawei/P60-Pro/4,Huawei,Huawei P60 Pro,Coaa,2023-12-18 23:49:00,Meni na ovom tel video secka neviđeno..
https://mobilnisvet.com/mobilni-komentari/7xf/Huawei/P60-Pro/4,Huawei,Huawei P60 Pro,Al,2023-12-18 11:17:00,"Gbox,Gspace ili ApkPure,sta kazu ljudi koji koriste ovaj telefon,koju app koristiti za obavestenja?"
https://mobilnisvet.com/mobilni-komentari/7xf/Huawei/P60-Pro/4,Huawei,Huawei P60 Pro,Mara,2023-11-18 22:46:00,Da li je neko instalirao na telefonu Microsoft Authenticator i radi mu bez problema?
https://mobilnisvet.com/mobilni-komentari/7xf/Huawei/P60-Pro/4,Huawei,Huawei P60 Pro,Boris,2023-11-17 10:59:00,"Da li ste zadovoljni,moze li android auto da radi i e sim."
https://mobilnisvet.com/mobilni-komentari/7xf/Huawei/P60-Pro/4,Huawei,Huawei P60 Pro,Cinematic,2023-10-29 09:34:00,Da li ovaj telefon ima opciju za cinematic video?
https://mobilnisvet.com/mobilni-komentari/7xf/Huawei/P60-Pro/4,Huawei,Huawei P60 Pro,Goran,2023-10-26 13:14:00,"Nik, jel cesto i koliko cekas otvaranje aplikacija? Viber, whatsap.."
https://mobilnisvet.com/mobilni-komentari/7xf/Huawei/P60-Pro/4,Huawei,Huawei P60 Pro,Debeli Leka,2023-10-25 14:51:00,"Interesuje me, da li telefon ima zvucnik ispod ekrana za obavljanje razgovora, kao i p30 pro sto je imao?"
https://mobilnisvet.com/mobilni-komentari/7xf/Huawei/P60-Pro/4,Huawei,Huawei P60 Pro,D.,2023-10-23 14:25:00,Da li Gmail normalno radi na Huawei telefonima?
https://mobilnisvet.com/mobilni-komentari/9124/Huawei/P50-Pro/4,Huawei,Huawei P50 Pro,Don Rossi,2022-06-17 15:54:00,"Dvoumim se izmedju p50 pro ili Xiaomi 12,neko preporuku mzd?"
https://mobilnisvet.com/mobilni-komentari/9124/Huawei/P50-Pro/4,Huawei,Huawei P50 Pro,Vidovic,2022-06-09 18:37:00,"Korisnik Huawei telefona dugi niz godina, od mate 20, preko p30 pro, p40 pro, p40 pro+ i sada p50 pro. Telefon koji je po mom vidjenju i iskustvu nazadovao u odnosu na 40pro +. I u bateriji koja je po meni dosta losija, preko kamera koja je dosta slabija posebno u zoom-u. Utisak umesto da su otisli napred sa obim modelom, oni se vratili korak iza plusa. A razlika u ceni izmedju ova dva modela ogromna. Totalno neopravdano. Kako mi i je i dalje kuci plus ozbiljno se razmisljam da se vratim na njega a da 50icu prodam dok nisam izgubio novac. Jos jedna mozda sitnica, mozda i nije jedan lep alat koji je imala 40-ica na 50-ici ne postoji, AR merenje. Kad sam pitao zasto, nisu imali odgovor vec mozda ce doci uz neki update. Razocaran dugogodisnji korisnik Huawei-a. Mozda bih promenio i brend ali vec imam i njihove slusalice, sat, tablet cak i vagu..."
https://mobilnisvet.com/mobilni-komentari/9124/Huawei/P50-Pro/4,Huawei,Huawei P50 Pro,Srki1974,2022-06-09 04:30:00,"Pozdrav drugari,kupkom sam p50 pro ave je vrhunski sem jesne stvari pa mi.pomozite da sagkedam da li je to to .u pitanju je baterija koja he tiliko hvaljena.a koriatim internet radio od 09h -17:30 i to je sve od baterije .nemoze vise da izgura?"
https://mobilnisvet.com/mobilni-komentari/9124/Huawei/P50-Pro/4,Huawei,Huawei P50 Pro,Maja,2022-05-24 10:33:00,Da li je neko pokusao i imao potrebu da instalira i koristi Raipay raiffeisen? Bitna informacija za mene.
https://mobilnisvet.com/mobilni-komentari/9124/Huawei/P50-Pro/4,Huawei,Huawei P50 Pro,Peki,2022-05-06 16:55:00,"Sto se tice samog kvaliteta telefona vrh. Dok je huawei pravio telefone žaomi, opo, realme, vivo, oneplus nisu ni postojali. P50 pro jeste skup telefon ali kad neko da 900-1100e za raspali žaomi onda je P50pro u svakom slucaju dobra kupovina pogotovu ako je sa kirin cipom. U ovom momentu ne bih ga menjao ni za jedan drugi."
https://mobilnisvet.com/mobilni-komentari/9124/Huawei/P50-Pro/4,Huawei,Huawei P50 Pro,Mare,2022-05-04 18:01:00,Je l ima jos neko utisak da je kamera katastrofa ?
https://mobilnisvet.com/mobilni-komentari/9124/Huawei/P50-Pro/4,Huawei,Huawei P50 Pro,Janko,2022-05-03 19:08:00,Sve je super na telefonu koristim ga mesec dana i mogu da kažem da je sve sjajno osim baterije koja je katastrofa ili bi trebao sistem tj. neko ažuriranje pa da se popravi problem sa baterijom. Ostalo je sve na vrhunskom nivou
https://mobilnisvet.com/mobilni-komentari/9124/Huawei/P50-Pro/4,Huawei,Huawei P50 Pro,Euro pe,2022-05-03 09:25:00,"Najveci nedostatak , iako smo ga dugo cekali i vremenom se pojavi bez Google Service .... Kao cokolada bez folijei omota"
https://mobilnisvet.com/mobilni-komentari/9124/Huawei/P50-Pro/4,Huawei,Huawei P50 Pro,Mare 1993,2022-04-22 11:40:00,Da li uzeti P50 pro ili Iphone 13? Trenutno koristim P30 pro. Zanima me najvise kamera po danu i baterija. I naravno nebih menjao naredne 3 4 godine
https://mobilnisvet.com/mobilni-komentari/9124/Huawei/P50-Pro/4,Huawei,Huawei P50 Pro,Dusan,2022-04-12 21:11:00,"Zdravo ljudi trenutno koristim Huawei P30, planiram kupiti drugi tel. Da li vredi toliko para P50 Pro ili Iphone 13, razmisljam od ta dva. Ne volim bas ogromne telefone. P50pro mi izgleda velicina kao p30 pro."
https://mobilnisvet.com/mobilni-komentari/9124/Huawei/P50-Pro/4,Huawei,Huawei P50 Pro,Sica,2022-03-31 10:06:00,"Radi sve odlicno. Gspace sam instalirao pa izbrisao, ne treba mi."
https://mobilnisvet.com/mobilni-komentari/9124/Huawei/P50-Pro/4,Huawei,Huawei P50 Pro,Sica,2022-03-30 05:49:00,10 dana koristim telefon. Nisam zadovoljan trajanjem baterije. Sve ostalo je odlicno.
https://mobilnisvet.com/mobilni-komentari/9124/Huawei/P50-Pro/4,Huawei,Huawei P50 Pro,Dejan,2022-03-29 19:40:00,"Sta je ovo? Zasto ovoliko kosta u Srbiji? Em kasne, em je preskupo... Bezveze sam usao da vidim nesto u specifikaciji, kad ono medjutim..."
https://mobilnisvet.com/mobilni-komentari/9124/Huawei/P50-Pro/4,Huawei,Huawei P50 Pro,Slaviša,2022-03-26 21:40:00,"Drugari, na kameri na p50 pro mi ne radi autofokus,ustvari retko kad radi. Da li je neko imao ovakav problem?"
https://mobilnisvet.com/mobilni-komentari/9124/Huawei/P50-Pro/4,Huawei,Huawei P50 Pro,sale1,2022-03-25 13:06:00,"Zamolio bih sve koji su predhodno koristili Huawei telefona da procitaju ovo.Prvo.Sve aplikacije se jednostavno prebace putem klona koji za minut sve a (youtube i hrom se moraju preko  g space ) sve radi i svi servisi super rade. Kamera!!!! Ko je navikao na predhodnim modelima da ima super nocni mod i macro mod ovde da zaboravi to .Slike u modu fotografija i noc se veoma malo razlikuju ali VEOMA.macro mod je veoma tesko uhvatiti i to samo preko AI .Ako vam treba tel da vam bude lep i elegantan lepsi necete naci. Svi ostali koji su fotografi neka se malo bolje raspitaju i provere kako slika. Modeli p10,20,30 su pravili cak sta vise i neke bolje fotografije od ovog modela . Raspitajte se i ne verujte svim recenzijama na youtube idite u neki radnju pa probajte kako slika ..punjac od 66 svati meni krace puni tel par minuta od onog za p30 . 5tako d ane znam sta da vam kazem  .Licno sam razocaran veoma u kameru . to je moje licno misljenje ."
https://mobilnisvet.com/mobilni-komentari/9124/Huawei/P50-Pro/4,Huawei,Huawei P50 Pro,Fanste,2022-03-21 19:31:00,"Kako ubija fon, juuu"
https://mobilnisvet.com/mobilni-komentari/9124/Huawei/P50-Pro/4,Huawei,Huawei P50 Pro,Slađan,2022-03-19 15:03:00,Društvo koji operativni sistem ima huawei p50 pro i kakav je?
https://mobilnisvet.com/mobilni-komentari/9124/Huawei/P50-Pro/4,Huawei,Huawei P50 Pro,Nemanja,2022-03-17 19:44:00,Odlican telefon. Toliko 🙂.
https://mobilnisvet.com/mobilni-komentari/9124/Huawei/P50-Pro/4,Huawei,Huawei P50 Pro,Sica,2022-03-07 13:17:00,Ovaj ili S21 Ultra?
https://mobilnisvet.com/mobilni-komentari/9124/Huawei/P50-Pro/4,Huawei,Huawei P50 Pro,Mikk,2022-02-25 21:52:00,"Zanima me kakve razlike ima izmedju kirin i snapdragon verzije? (kamera, brzina rada itd..)"
https://mobilnisvet.com/mobilni-komentari/9124/Huawei/P50-Pro/4,Huawei,Huawei P50 Pro,Xyz,2022-02-22 00:23:00,Citam komentare i neverujem koliko ljudi pisu o stvarima u koje se nerazumeju.
https://mobilnisvet.com/mobilni-komentari/9124/Huawei/P50-Pro/4,Huawei,Huawei P50 Pro,Zeljko,2022-02-21 23:29:00,Imam P40 pro.. Planitam da uzmem ovaj. Da li je velika razlika sto se tice kamera izmedju P40 pro i P50 pro? Vredi li preci na nov model i dati ove pare?
https://mobilnisvet.com/mobilni-komentari/9124/Huawei/P50-Pro/4,Huawei,Huawei P50 Pro,Marko,2022-02-21 18:59:00,"Posle dve nedelje koriscenja, zadovoljan sam zaista, jedino mali bag sto ima, kod poziva... Kada iz istorije poziva zovem vec zvan broj, izbacuje mi pocetnu nulu i normalno operater kaze da biram ne postojeci broj... I aplikacije preko GSpace-a kasne sa obavestenjima ili ih ne izbacuju uopste dok ne udjes u aplikaciji... Jedine zamerke za sada."
https://mobilnisvet.com/mobilni-komentari/9124/Huawei/P50-Pro/4,Huawei,Huawei P50 Pro,Aco,2022-02-17 21:53:00,"Jel može neko da proveri, radi li aplikacija life 360? Znam da moze da se skine ali je problem bio sto ne radi. Pa da nosu nesto popravljali po tom pitanju u poslednjih 8 meseci."
https://mobilnisvet.com/mobilni-komentari/9326/Huawei/nova-9/4,Huawei,Huawei nova 9,Saki,2021-12-08 15:27:00,"Pocco X3 pro, iste specifikacije kao Nova 9,a duplo jeftiniji. I još Nova nema Googl. Ko je lud da daje 500 eura, za Novu kad može za 260 eura, da ima zver od telefona, mislim na Pocco X3 pro."
https://mobilnisvet.com/mobilni-komentari/9326/Huawei/nova-9/4,Huawei,Huawei nova 9,Mića,2021-12-07 22:36:00,"Zamalo danas da kupim ovaj telefon, nakon Huawei nova 5t logičan je naslednik nova 9, ali reko ajde još jednom da razmislim o tome. Dali se realno može bez Google servisa, ili može baš sve da se optimizuje, googl maps je aplikacija koju koristim svakodnevno, ne bi me zadovoljila mapa koju poseduje ovaj telefon, ako neko zna bio bih jako zahvalan na pomoći."
https://mobilnisvet.com/mobilni-komentari/9326/Huawei/nova-9/4,Huawei,Huawei nova 9,Dragan,2021-11-27 19:37:00,Suzana
https://mobilnisvet.com/mobilni-komentari/9326/Huawei/nova-9/4,Huawei,Huawei nova 9,Lazar,2021-11-24 00:02:00,evo za ove sto ne mogu da se snadju viber imate na Appgallery za ostale aplikacije skinite aurora i redovno stizu update i nemate problema
https://mobilnisvet.com/mobilni-komentari/9326/Huawei/nova-9/4,Huawei,Huawei nova 9,milena,2021-11-19 10:42:00,Da li mogu da se prebace viber poruke na ovom telefonu sobzirom da nije android?
https://mobilnisvet.com/mobilni-komentari/9326/Huawei/nova-9/4,Huawei,Huawei nova 9,Natasa,2021-11-18 20:34:00,"Zdravo potrebna mi je pomoc,  Huavei nova 9 ili Huavei  p40  pro? Konkretno, trazim telefon koji ce da mi pravi odlicne  ciste dnevne  fotke proizvoda (u pitanju je cvece, pa su bitni detalji i kolorit) koje ne moram da obradujem za kacenje na insta😄 Hvala unapred 🙏"
https://mobilnisvet.com/mobilni-komentari/9326/Huawei/nova-9/4,Huawei,Huawei nova 9,Ejpril O Nil,2021-11-18 13:00:00,Kopija motorola edge modela. Stim što motorola drži bateriju dva dana.
https://mobilnisvet.com/mobilni-komentari/9326/Huawei/nova-9/4,Huawei,Huawei nova 9,Doberman,2021-11-17 14:34:00,"Ja sam kao fan Huawei telefona cekao da izadje Nova 9 kao i Honor 50.Kad sam video cenu,odustao sam i vec nasao alternativu.Koristim Nord 2 i prezadovoljan sam.Ko voli da ekperimentise ima moje tople preporuke za ovaj model."
https://mobilnisvet.com/mobilni-komentari/9326/Huawei/nova-9/4,Huawei,Huawei nova 9,Trust_no1,2021-11-13 12:18:00,Sta uzeti: Honor 50 ili Nova 9? Ili ipak mozda Galaxy S20 Fe? Hvala!
https://mobilnisvet.com/mobilni-komentari/9326/Huawei/nova-9/4,Huawei,Huawei nova 9,Deni,2021-11-08 22:10:00,Xiaomi 11T je ista cena a bolji je u svemu 10x.
https://mobilnisvet.com/mobilni-komentari/9326/Huawei/nova-9/4,Huawei,Huawei nova 9,Alex,2021-11-08 15:26:00,"Realno mnogo para za prosecan telefon bez Google servisa. Umesto da sada spuste cenu za povratak, izbace Harmony OS i krenu ozbiljno oni nam nude ovo."
https://mobilnisvet.com/mobilni-komentari/9326/Huawei/nova-9/4,Huawei,Huawei nova 9,ssss,2021-10-31 20:18:00,Dvoumim se izmedju ovog modela i motorola 20 edge pro
https://mobilnisvet.com/mobilni-komentari/9326/Huawei/nova-9/4,Huawei,Huawei nova 9,Dalas,2021-10-25 16:47:00,"Imao sam honor 8x,zatim huawei nova 5t evo već dve godine  i oba su se pokazala vrhunskim tako da sam se zarekao da neću menjati brend.. E sada ovaj nova 9 je po meni malo precenjen bez Google aplikacija, nadam se da će uskoro izaći honor 50 kod nas koji je njemu pandam i sa istim karakteristikama i Google aplikacijama ali i kud i kamo povoljniji..Očekivao sam malo pristupačniju cenu za ovaj model."
https://mobilnisvet.com/mobilni-komentari/9326/Huawei/nova-9/4,Huawei,Huawei nova 9,Doberman,2021-10-25 14:09:00,"Cekao sam telefon 3 meseca,kad sam video cenu odustao sam.Ovo nije realno."
https://mobilnisvet.com/mobilni-komentari/9326/Huawei/nova-9/4,Huawei,Huawei nova 9,Miks,2021-10-22 12:49:00,"Neznam sta ovaj huaei nudi za tolike pare ja ne vidim nista specijalno ,, jos baterija uzas , i jos nema plei prodavnicu ,, oni izgleda hoce sami sebe da uniste ,, pa nisi ti samsung"
https://mobilnisvet.com/mobilni-komentari/7598/Huawei/P40-Pro/4,Huawei,Huawei P40 Pro,P40 pro,2022-02-22 16:47:00,Da li je neko testirao MeeTime i da li je zadovoljan?
https://mobilnisvet.com/mobilni-komentari/7598/Huawei/P40-Pro/4,Huawei,Huawei P40 Pro,P40 pro,2022-02-20 21:21:00,"Instalirao sam opet emui 12, sada cu probati 2 nedelje da drzim da vidim sta ce biti sa baterijom"
https://mobilnisvet.com/mobilni-komentari/7598/Huawei/P40-Pro/4,Huawei,Huawei P40 Pro,Iva,2022-02-20 10:30:00,"Razmišljam se oko kupovine ovog ( ili nekog drugog Huawei telefona koji nema google podršku). Znam da je lako instalirati sve aplikacije i oko toga ne pravim problem, ali sam na vise mesta čula da aplikacije poput Vibera, Whatsappa, Instagrama ponekad baguju, uopšte ne rade ili ne prikazuju notifikacije). U tom slučaju bih se odlučila za drugi telefon jer ih ne menjam često i ne bih rizikovala sa uređajem koji ne funkcioniše savršeno, iako sam fan Huaweijevih telefona. Kakva su vaša iskustva, da li je neko imao sličnih problema?"
https://mobilnisvet.com/mobilni-komentari/7598/Huawei/P40-Pro/4,Huawei,Huawei P40 Pro,noleee,2022-02-17 23:11:00,"Ljudi, vredi li menjati p30 pro za ovaj, p30 pro brutalan radi kao sat vec skoro 2 god, ali cesto menjam telefone, ovaj p30 pro je  najduze ikad da vidim jedan.. Jedina mana je sto nema stereo zvuk i prednja kamera koja je blagi užas..?"
https://mobilnisvet.com/mobilni-komentari/7598/Huawei/P40-Pro/4,Huawei,Huawei P40 Pro,Pop,2022-02-15 13:49:00,Opet da pitam korisnike MTS-a da li su dobili emui 12? Ja sam pre par dana dobio tek decembarsku zakrpu i sad je 11.00.260.
https://mobilnisvet.com/mobilni-komentari/7598/Huawei/P40-Pro/4,Huawei,Huawei P40 Pro,Abart,2022-02-14 16:19:00,"Ljudi imam ovaj telefon vec godinu dana jos je u garanciji no to nebitno, posle apdejta na 12 par dana posle toga usledilo je da kad izlazim iz viber whp instagrama ili mesingera kad ne izlazim ono back back nego povučem odozdo na gore da izadjem iz jednog koraka iz aplikacije kad izadje iz aplikacije ekran zatreperi. Resetovao sam podešavanja mreze, sve korake sem vraćanja na fabrička podešavanja, brisao sam kes iz tih aplikacija i ponovo isto"
https://mobilnisvet.com/mobilni-komentari/7598/Huawei/P40-Pro/4,Huawei,Huawei P40 Pro,Maja,2022-02-13 18:36:00,Da li na telefonu dolazi zaštita za ekran? I gde ima da se kupi sa izrezom za kameru?
https://mobilnisvet.com/mobilni-komentari/7598/Huawei/P40-Pro/4,Huawei,Huawei P40 Pro,Kosta,2022-02-10 10:13:00,"Kupio bih ovaj telefon,samo mi treba neka strucna pomoc zato sto mi je bitna kamera,pa da pitam,sa kojim modelom telefona se moze uporediti po pitanju kamere i video snimka u ovom cenovnom rangu?"
https://mobilnisvet.com/mobilni-komentari/7598/Huawei/P40-Pro/4,Huawei,Huawei P40 Pro,Minja,2022-02-09 12:57:00,"Zanimaju me dve stvari. Da li se može normalno instalirati gmail, mape i YouTube. Dolaze li slušalice u pakovanju?"
https://mobilnisvet.com/mobilni-komentari/7598/Huawei/P40-Pro/4,Huawei,Huawei P40 Pro,One,2022-02-08 19:35:00,Kako vam radi emui 12?
https://mobilnisvet.com/mobilni-komentari/7598/Huawei/P40-Pro/4,Huawei,Huawei P40 Pro,Scarface,2022-02-08 17:55:00,Da li nekome radi wolt aplikacija? Glovo radi kod mene ali wolt ne..???
https://mobilnisvet.com/mobilni-komentari/7598/Huawei/P40-Pro/4,Huawei,Huawei P40 Pro,Pop,2022-02-06 22:16:00,"Mts mreža, još nisam dobio emui 12! Još neko?"
https://mobilnisvet.com/mobilni-komentari/7598/Huawei/P40-Pro/4,Huawei,Huawei P40 Pro,D,2022-02-06 21:12:00,"Zdravo, zanima me vas savet koji koristite p40 pro."
https://mobilnisvet.com/mobilni-komentari/7598/Huawei/P40-Pro/4,Huawei,Huawei P40 Pro,Dace,2022-02-02 08:56:00,"Ne znam šta su uradili sa kamerom,ali ovo nije ni priblizno ona kamera sa početka prodaje telefona.Ovo je treću put da imam p40 pro,glavna kamera,u noćnim uslovima ili zatvorenom prostoru neki prosek Samsung A50 ili Xiaomi 9 pro.Sa druge strane p40 lite i pored update,kamera je ostala ista."
https://mobilnisvet.com/mobilni-komentari/7598/Huawei/P40-Pro/4,Huawei,Huawei P40 Pro,Jovan,2022-01-27 21:06:00,Jel se još nekom zeznuo youtube vanced? Ne mogu uopšte da budem prijavljen na svoj profil piše kao da nemam net da bih se prijavio?
https://mobilnisvet.com/mobilni-komentari/7598/Huawei/P40-Pro/4,Huawei,Huawei P40 Pro,Sale,2022-01-26 12:23:00,"Dosta se brze trosi baterija na emui-12,tacno vidim kako opadaju procenti,to su neke update cake,uvek moraju nesto da zeznu,u ovim slucaju bateriju su zapucali."
https://mobilnisvet.com/mobilni-komentari/7598/Huawei/P40-Pro/4,Huawei,Huawei P40 Pro,Milan,2022-01-24 15:22:00,Recite mi da li je neko uspeo da instalira aplikaciju BIB wave2pay (banka intesa za bezkontaktno placanje) i kako? Posto sama aplikacija traži google play usluge. Hvala!
https://mobilnisvet.com/mobilni-komentari/7598/Huawei/P40-Pro/4,Huawei,Huawei P40 Pro,Mikk,2022-01-23 20:43:00,"Zelim iskren odgovor, da li ima prevelike razlike izmedju p40 pro i p40 pro plus? Ne vidim nista specijalno osim zoom-a i keramičkih ledja, po meni ne opravdava razliku u ceni toliko, mozda i grešim, pa zato pitam.. 🤷‍♂️"
https://mobilnisvet.com/mobilni-komentari/7598/Huawei/P40-Pro/4,Huawei,Huawei P40 Pro,P40 pro,2022-01-20 01:41:00,preko ove virtualne masine rade mape na garmin aplikaciji. Mislim da samim tim rade na i na Stravi
https://mobilnisvet.com/mobilni-komentari/7598/Huawei/P40-Pro/4,Huawei,Huawei P40 Pro,Niki,2022-01-09 08:45:00,"Primetio sam da u noćnim uslovima na kameri, i kada je video a i slikanje, kao da slika izgori, pojavljuju se crvenkaste fleke sa strane,a tokom dana sve radi normalno, slike čiste kao staklo. Ne znam da li je to do mog ažuriranja telefona, možda je poslednje ažuriranje nešto sjebalo, nije mi bilo ovako ranije, vidim po prethodnim slikama"
https://mobilnisvet.com/mobilni-komentari/7598/Huawei/P40-Pro/4,Huawei,Huawei P40 Pro,Momcilo,2022-01-07 18:36:00,Unuk je zakljuvo telefon otiskom prsta kako ga otkljucati jel mislimo da nesto krojr
https://mobilnisvet.com/mobilni-komentari/7598/Huawei/P40-Pro/4,Huawei,Huawei P40 Pro,Mikk,2022-01-07 11:20:00,Jel vredi kupiti ovaj telefon u 2022.god?
https://mobilnisvet.com/mobilni-komentari/7598/Huawei/P40-Pro/4,Huawei,Huawei P40 Pro,MILAN BUK,2021-12-26 23:02:00,"Na ovom linku sve ima i sve radi, samo morate da pratite scaki korak, ja sam na 2 tel uspeo"
https://mobilnisvet.com/mobilni-komentari/7598/Huawei/P40-Pro/4,Huawei,Huawei P40 Pro,Samsunug-Huawei,2021-12-18 23:30:00,Imam Samsung S21 Ultra i Huawei P40 pro.
https://mobilnisvet.com/mobilni-komentari/7598/Huawei/P40-Pro/5,Huawei,Huawei P40 Pro,Jopa,2021-11-27 10:47:00,Koristim huawei vec 6-7 godina. Ali mislim da vez google servisa taj mobitel nije za prosjecnog korisnika. S obzirom da je cijena skoro kao kod samsung s21 ultra.
https://mobilnisvet.com/mobilni-komentari/7598/Huawei/P40-Pro/5,Huawei,Huawei P40 Pro,Turbina,2021-11-24 21:42:00,"Moze da se namesti google servis, malo treba da se pomuči... evo link"
https://mobilnisvet.com/mobilni-komentari/7598/Huawei/P40-Pro/5,Huawei,Huawei P40 Pro,Savo,2021-11-22 19:55:00,"danas sam uzeo P40, međutim nema šanse da instaliram Viber i odradim back up naloga preko googla, samo mi da je opciju preko Huawei naloga, ali onda mi se ne vrate dopisivanja, postoji li kako opcija za to? ostale aplikacije sam skinuo preko Petal pretrage i rade dobro"
https://mobilnisvet.com/mobilni-komentari/7598/Huawei/P40-Pro/5,Huawei,Huawei P40 Pro,Đed,2021-11-20 10:33:00,Da li neko zna kako preko Aurore da skinem aplikacije koje se naplacuju?
https://mobilnisvet.com/mobilni-komentari/7598/Huawei/P40-Pro/5,Huawei,Huawei P40 Pro,Zomilly,2021-10-30 22:06:00,"Planiram da zamenim P30 za P40 PRO pa me interesuje da li svima radi Play Store, dosta koristim google maps pa ne bih da ostanem bez toga? Hvala svima unapred"
https://mobilnisvet.com/mobilni-komentari/7598/Huawei/P40-Pro/5,Huawei,Huawei P40 Pro,Vlada,2021-10-30 08:59:00,S21 ili p40pro? Hmm
https://mobilnisvet.com/mobilni-komentari/7598/Huawei/P40-Pro/5,Huawei,Huawei P40 Pro,Mikač,2021-10-26 18:21:00,"Namera sam da zamenim p30 pro sa P40 pro ali vidim na oglasima da ih prodaju sa nekim duhovima, brnovima, interesuje me da li imaju problem sa ekranom ili mi se čini???"
https://mobilnisvet.com/mobilni-komentari/7598/Huawei/P40-Pro/5,Huawei,Huawei P40 Pro,Mirko,2021-10-19 21:01:00,"Pozdrav svima. Postao sam vlasnik P40 Pro, ali imam problem oko instalacije JW Alive igrice. Koristim GSpace vezano za Google servis i na ovu igricu sam bio logovan upravo preko Google. Nema načina da je instaliram, odnsono u Store je nama u ponudi. Da li postoji bilo kakvo rešenje. U napred zahvalan na odgovoru."
https://mobilnisvet.com/mobilni-komentari/7598/Huawei/P40-Pro/5,Huawei,Huawei P40 Pro,Ivan,2021-10-12 20:49:00,Prebacio mi appgallery na Kinu.
https://mobilnisvet.com/mobilni-komentari/7598/Huawei/P40-Pro/5,Huawei,Huawei P40 Pro,Lazar,2021-09-27 14:57:00,Pozdrav interesuje me da li je neko instalirao harmony os na ovome uredjaju ako jeste kakve su novine ima li pobjsanja interesuje me camera baterija?
https://mobilnisvet.com/mobilni-komentari/7598/Huawei/P40-Pro/5,Huawei,Huawei P40 Pro,Aca,2021-09-15 11:37:00,Jel postoji mogućnost da mi stižu notifikacije sa aplikacija koje sam preuzeo preko gspace?
https://mobilnisvet.com/mobilni-komentari/7598/Huawei/P40-Pro/5,Huawei,Huawei P40 Pro,Marko,2021-09-13 15:36:00,Pozdrav svima p40 pro ili s21 ultra najbitnije su mi kamere? Hvala unapred na odgovoru
https://mobilnisvet.com/mobilni-komentari/7598/Huawei/P40-Pro/5,Huawei,Huawei P40 Pro,Sale,2021-09-05 10:45:00,"Zna li se neki datum kada stize Emui 12,i google servisi?"
https://mobilnisvet.com/mobilni-komentari/7598/Huawei/P40-Pro/5,Huawei,Huawei P40 Pro,Lancelot,2021-09-02 05:23:00,"Nema nista od Harmony, stize Emui 12 koji je doduse slican skoro u svemu. I pored toga ja sam prezadovoljan sa ovim telefonom, od Sprske Nove Godine va imam, brutalan telefon."
https://mobilnisvet.com/mobilni-komentari/7598/Huawei/P40-Pro/5,Huawei,Huawei P40 Pro,Misko,2021-07-29 17:42:00,"Mnogo se gubi na kameri nakon sto su novim updatetom ukinuli macro mod,nema nikakve logike,zasto da nesto sto je bilo super da pokvare."
https://mobilnisvet.com/mobilni-komentari/7598/Huawei/P40-Pro/5,Huawei,Huawei P40 Pro,Zare,2021-07-25 22:11:00,"Da li cu moci da nastavim da igram par igre na p40 pro,koje igram na trenutnom telefonu i da li moze da se kupuje u igrama?Isto tako da li se azuriraju igre ili i tu ima problema!"
https://mobilnisvet.com/mobilni-komentari/7598/Huawei/P40-Pro/5,Huawei,Huawei P40 Pro,Zare,2021-07-24 11:50:00,"Kazite mi ko ima ovaj tel. da li je probao dual space app? Video sam nesto kratko,da moze preko njega da se lako instalira play store i da lepo radi."
https://mobilnisvet.com/mobilni-komentari/7598/Huawei/P40-Pro/5,Huawei,Huawei P40 Pro,M,2021-07-19 12:17:00,Ima li nekih novosti kad ce p50 serija?
https://mobilnisvet.com/mobilni-komentari/7598/Huawei/P40-Pro/5,Huawei,Huawei P40 Pro,Aca,2021-07-15 04:28:00,"Apdejtovao sam telefon sa fabrickog emuija, zašto više 90hz nije tako brzo kao pre? Tipa kad se listajucaplikacije?! Dal je moguće da su i ovo zajebali"
https://mobilnisvet.com/mobilni-komentari/7598/Huawei/P40-Pro/5,Huawei,Huawei P40 Pro,Vule,2021-07-11 16:54:00,Dobar dan. Interesuje me da li se nekome desilo da je tokom video poziva na msn telefon podigao temperaturu i zatrazio izlazak apk?
https://mobilnisvet.com/mobilni-komentari/7598/Huawei/P40-Pro/5,Huawei,Huawei P40 Pro,Nikola,2021-07-08 10:13:00,"Zdravo svima, dvoumim se vec duze vreme izmedju modela P30 Pro i P40 Pro. Telefon mi je potreban da radi brzo, ima dobru kameru i bateriju, ali opet za svakodnevnu upotrebu, poput osnovnih aplikacija (instagram, wa, viber, zoom, outlook eventualno..), nista preterano vise od toga, pa iskreno ne bih davao dodatni novac za P40 Pro, ako i sa 30-ticom, koja je takodje idalje odlican telefon po mom misljenju, mogu dobiti ono sto mi je potrebno. Zanima me i Vase misljenje na ovu temu, da li je razlika vredna dodatnog novca ili necu pogresiti ni u slucaju P30 Pro telefona."
https://mobilnisvet.com/mobilni-komentari/7598/Huawei/P40-Pro/5,Huawei,Huawei P40 Pro,ivan,2021-07-07 11:54:00,Poz svima.Dvoumim se izmedju Mate 30 pro i P40 pro.Koji je po vama bolji?Ne igram igrice najbitnija mi je kamera i ekran!
https://mobilnisvet.com/mobilni-komentari/9124/Huawei/P50-Pro/5,Huawei,Huawei P50 Pro,Zuti mrav,2022-02-17 06:58:00,"Presao sam sa S20 Ultra na P50pro i toliko sam se zaj.... da nemam reci, pa kamera mu je toliko ocajna,a nahvalili su je kao da je ne zanm sta, S20 Ultra ima bar duplo bolju kameru. Sad mi je krivo sto sam ga uzeo,od sad ne uzimam telefon na nevidjeno,nego prvo testiranje i isprobavanje,pa onda kupovina."
https://mobilnisvet.com/mobilni-komentari/9124/Huawei/P50-Pro/5,Huawei,Huawei P50 Pro,Sica857,2022-02-17 06:37:00,"Moze neko ko ima ovaj telefon da proveri da li ima aplikacija Adiko banka. Sto hitnije, planiram da ga uzmem. Unapred hvala!"
https://mobilnisvet.com/mobilni-komentari/9124/Huawei/P50-Pro/5,Huawei,Huawei P50 Pro,Ris,2022-02-15 18:20:00,Da li neko ima ovaj telefon? Utisci?
https://mobilnisvet.com/mobilni-komentari/9124/Huawei/P50-Pro/5,Huawei,Huawei P50 Pro,Pedja,2022-02-11 08:16:00,Isto sve kao mate 40pro
https://mobilnisvet.com/mobilni-komentari/9124/Huawei/P50-Pro/5,Huawei,Huawei P50 Pro,Mayhem,2022-02-09 17:00:00,"Od p2 do danas samo Huawei. Neka priča ko šta hoće, ukusi će se uvek razlikovati, ali svi fanovi Huawei telefona znaju šta znači ta magija. Moj stiže sledeće nedelje, baš sam uzbuđena ljudi!!!"
https://mobilnisvet.com/mobilni-komentari/9124/Huawei/P50-Pro/5,Huawei,Huawei P50 Pro,Sony,2022-02-08 11:01:00,Poručila telefon ! Yeees !
https://mobilnisvet.com/mobilni-komentari/9124/Huawei/P50-Pro/5,Huawei,Huawei P50 Pro,Karem,2022-02-01 12:46:00,Kineska verzija sa Kirin čipom daje daleko bolje slike od globalne verzije sa SD čipom
https://mobilnisvet.com/mobilni-komentari/9124/Huawei/P50-Pro/5,Huawei,Huawei P50 Pro,Marko,2022-01-18 19:28:00,"Kad ova masina stize kod nas,zna li se sta??Uzimam odmaaaahhh...."
https://mobilnisvet.com/mobilni-komentari/9124/Huawei/P50-Pro/5,Huawei,Huawei P50 Pro,Dragan,2021-12-02 14:45:00,"Znam, biće negativnih komentara, ima i biće boljih telefona,ali to je moj budući telefon."
https://mobilnisvet.com/mobilni-komentari/9124/Huawei/P50-Pro/5,Huawei,Huawei P50 Pro,Милош,2021-11-11 00:55:00,Šuška se da P50 serija stiže u januaru na evropsko tržište. Ima li neko neke pouzdane informacije?
https://mobilnisvet.com/mobilni-komentari/9124/Huawei/P50-Pro/5,Huawei,Huawei P50 Pro,Stevo the best,2021-09-09 20:53:00,Ima li kakvih informacija kada će se pojaviti kod nas?!? Deluje pakleno...
https://mobilnisvet.com/mobilni-komentari/9124/Huawei/P50-Pro/5,Huawei,Huawei P50 Pro,Eu,2021-08-15 12:32:00,"Nije los svakako!!! Ali dosadni su sa tim ivicama zaobljenih Nista novo . Samo drugacije izgleda zadnja strana i to je to sto se tice enterijera😒 kao kod svih telefona... Koristim ajfon 12 pro mah medjutim sam koristio tel koje sam razbio zbog igrica i navodno kupujem zbog igrica jer ajfon mi deluje elegantno i ozbiljno da bi igrao igrice . I sto jeste jeste tezak je brte😆 np uporedite huawei mate 20 pro i ovaj p50pro iako je veci uredjaj ali ista linija , iste crte pfff meni sve to dosadilo izgledi me razrocaraju nema tu malo carolije da kazes da je malo svemirski 😇 a inace s10 plus isto ce raditi kao i ovaj ako me razumete, onona svakom telefonu mozes da instaliras mesenger i to je to !!"
https://mobilnisvet.com/mobilni-komentari/9124/Huawei/P50-Pro/5,Huawei,Huawei P50 Pro,Mikk,2021-08-08 18:08:00,Kad dolazi kod nas u prodaju?
https://mobilnisvet.com/mobilni-komentari/7xf/Huawei/P60-Pro/5,Huawei,Huawei P60 Pro,Zix,2023-09-28 01:47:00,"Molim vas kako da se skinu aplikacije na ovaj telefon ako nema play prodavnicu? Planiram da ga kupim tacnije ulazi mi u najuzi izbor ali me to brine jer ako je nesto mnogo komplikovano i mora da se skidaju programi radu ga zaobici. Vidim da se instagram, wa i ostale app mogu skinuti ali me zanimaju druge aplikacija kurirske sluzbe , dostava hrane i te nase app da li se mogu instalirati bez problema i nekih dugackih i komplikovanih radnji"
https://mobilnisvet.com/mobilni-komentari/7xf/Huawei/P60-Pro/5,Huawei,Huawei P60 Pro,Vlada,2023-09-25 16:18:00,Kako ste zadovoljni baterijom? Moje mišljenje je da je baterija slaba. Da li imate neki savet ili postoji nesto od podešavanja da se to promeni?
https://mobilnisvet.com/mobilni-komentari/7xf/Huawei/P60-Pro/5,Huawei,Huawei P60 Pro,Зеро,2023-09-07 15:44:00,"Trenutno koristim P Smart 2021 prvo sam bio skeptičan zbog tih gugl servisa ali posle sam video da mogu sve bukvalno i ako ne mogu tu je Gspace ili Gbox, ali ovog mog je pregazilo vreme imam ga od 2020 godine i planiram da ga menjam što skorije, on je idalje odličan telefon ali se oseti već težina u radu, baterija se troši više i koči pomalo, e sad ovaj mi je onako tip top što se kaže ali pročitao sam na dosta foruma da se ovaj telefon pregreva i to dosta ali isk u to ne verujem pa bi hteo da mi to potvrdite i da li je za preporuku. čujem da i Mate 60 serija je ""tu pred vratima"" da li možda čekati nju? Pišite, radujem se odgovorima :)"
https://mobilnisvet.com/mobilni-komentari/7xf/Huawei/P60-Pro/5,Huawei,Huawei P60 Pro,Nikle,2023-09-02 11:39:00,"Ovaj telefon je izradjen kao svajcarski sat. Divan ekran, brzo punjenje, brz kao metak, savrsena izrada i kamere,odlican zvuk. Svaka poruka na whatsup-u, viberu, sms stize momentalno i cuje se zvuk, ali na pocetnom ekranu ne izlazi poruka kada se telefon ne koristi, jedini minus do sada."
https://mobilnisvet.com/mobilni-komentari/7xf/Huawei/P60-Pro/5,Huawei,Huawei P60 Pro,Mirko s,2023-08-28 20:13:00,Dvoumim se između Mate 50 pro i P 60 pro. Neko savet. Hvala
https://mobilnisvet.com/mobilni-komentari/7xf/Huawei/P60-Pro/5,Huawei,Huawei P60 Pro,Matija,2023-08-14 21:17:00,Kada li stize mate 60 pro? Da li ce preuzeti mesto br. 1 sto se tice kamera? Da li ga vredi cekati?
https://mobilnisvet.com/mobilni-komentari/7xf/Huawei/P60-Pro/5,Huawei,Huawei P60 Pro,Andrija,2023-08-12 19:10:00,Ja sam koristio mate40pro.Isteko ugovor i obnovio ga sa p60pro.Dolazi sledece nedelje.Nisam neki zavisnik od google aplikacija imam sve što mi potrebno.Što se tiče 5g.mreže vidim da je većini je to problem što je džabe o tome raspravljati pošto kod nas još nema 5g mrežnog pokrivanja tako da i džabe se i kupuju takvi telefoni kad nemožeš koristiti.A dok ugrade kod nas izmenjaćeno ajoj telefona.Šta vredi bilo koji telefon što ima 5g kad sve radi na 4g.
https://mobilnisvet.com/mobilni-komentari/7xf/Huawei/P60-Pro/5,Huawei,Huawei P60 Pro,Sašaa,2023-08-09 21:16:00,Kako da instaliram Android auto na telefon
https://mobilnisvet.com/mobilni-komentari/7xf/Huawei/P60-Pro/5,Huawei,Huawei P60 Pro,Lola,2023-08-02 13:55:00,Zasto je mate 50 pro narandzasti skuplji od sivog i crnog? Pitam ovde jer se ovde vise posecuje?
https://mobilnisvet.com/mobilni-komentari/7xf/Huawei/P60-Pro/5,Huawei,Huawei P60 Pro,Sreta,2023-07-28 08:49:00,"Posedujem telefon vec mesec dana, korisnik huawei telefona od 2012god. Sve radi bruka dobro kao i na svakom huawei telefona. Nedostatam google se uopste ne primeti. Notifikacije ne kasne. Foto kamera zna se, najbolja. Jedino sta nisam zadovoljan to je STABILIZACIJA VIDEA. Jako jako secka tokom pomeranja za vreme snimanja a na reprodukciji se najbolje to vidi. Neko ko uglavnom snima videa, ovo ce mu jako smetati. Nadam se da ce nekim apdejtom to uspeti da rese."
https://mobilnisvet.com/mobilni-komentari/7xf/Huawei/P60-Pro/5,Huawei,Huawei P60 Pro,Sale,2023-07-23 09:50:00,Uzeo telefon.. Ko god se dvoumi ili nesto slicno neka slobodno predje na huawei. Prvi huawei telefon posle samsunga ultre. Prezadovoljan..
https://mobilnisvet.com/mobilni-komentari/7xf/Huawei/P60-Pro/5,Huawei,Huawei P60 Pro,Stefan,2023-07-09 00:11:00,"Kao neko ko huawei ima evo već 7 god obazirem se samo na komentare od ljudi koji iste imaju. O ukusima ne treba raspravljati, ali ako meni ne pro modeli radili posao i imali dobre kamere i odličnu autonomiju i posle višegod korišćenja, bez lagovanja tel nikada nisam morao da restartujem. To je jedino validno kao mišljenje, huawei je sinonim za kvalitet i to je tako. Jasno je da je google rešen, ko je spreman na ustupke, ja npr zbog svega gore navedenog jesam. Meni je jedina mana ovog tel 6.6+ inča, jer su meni to tarabe, dok u svojoj omiljenoj veličini od flagship modela imam ajfone i samsunge(6.1). Tu huawei kiksa po meni. Ne sviđaju mi se ni varijacije sa cenom, da za god dana padne skoro duplo (p50pro) ne sviđa mi se što su pozatvarali radnje po srbiji, kao da se povlače (što ima smisla, ali u isto vreme brine) dok su na androidu niko im ne može zabraniti app, naći će se put. A ako ipak bude prelomljeno za god dve za harmony, to bi zakomplikovalo stvari. Bar ja to tako vidim. Danas sam čačkao tel, sve oko njega je predobro i brutalno, masterpiece, ali eto ta veličina mi jedino kiks. Mada većina ljudi voli ogromne telefone, kažu navikneš se.."
https://mobilnisvet.com/mobilni-komentari/7xf/Huawei/P60-Pro/5,Huawei,Huawei P60 Pro,Kilo,2023-07-07 16:57:00,Je l skinuo neko neki yt vanced da valja?
https://mobilnisvet.com/mobilni-komentari/7xf/Huawei/P60-Pro/5,Huawei,Huawei P60 Pro,Jovan,2023-07-01 20:22:00,"Pozdrav, zanima da li postoji mogućnost  instalacije viber dual app?"
https://mobilnisvet.com/mobilni-komentari/7xf/Huawei/P60-Pro/5,Huawei,Huawei P60 Pro,Laki,2023-06-28 20:16:00,"Uporedjivao sam u prodavnici, jedan pored drugog P60 pro, mate 50 pro i magic 5 pro. Za kamere se moze reci da su na sva tri fenomenalne, magic 5 pro mozda deluje najluksuznije i elegantnije, ali cena mate 50 pro je dosta povoljnija, pa je moj izbor to. Da li gresim?"
https://mobilnisvet.com/mobilni-komentari/7xf/Huawei/P60-Pro/5,Huawei,Huawei P60 Pro,Lazar,2023-06-28 02:28:00,Umjesto da smanje cijene jer ih slabo ko kupuje koriste stare cipove nemaju 5g  oni digli cijene 1100e  1150e a za 1000e s23 ultra 12/256 ili za 1150 14 pro max koji su mlazni avioni za ovaj telefon
https://mobilnisvet.com/mobilni-komentari/7xf/Huawei/P60-Pro/5,Huawei,Huawei P60 Pro,Kat,2023-06-21 20:04:00,"Pored široke ponude aplikacija u AppGallery, kartica dual sim je još jedan argument da se taj model kupi. Bolje da se kupi bolji model, umesto dva, jer tako mogu da u jednom imam privatni i službeni broj, što mi značajno olakšava svakodnevnicu"
https://mobilnisvet.com/mobilni-komentari/7xf/Huawei/P60-Pro/5,Huawei,Huawei P60 Pro,Tanja,2023-06-19 23:12:00,"Razmišljam da kupim novi p60, kako na njemu rade Google aplikacije, jer sam čula da mogu da se preuzmu iz AppGallery?"
https://mobilnisvet.com/mobilni-komentari/7xf/Huawei/P60-Pro/5,Huawei,Huawei P60 Pro,Nikola,2023-06-15 17:44:00,Ozbiljno se dvoumim između Iphone 14 pro max i ovog telefona. Danas sam ga video uživo u poslovnici i oduševio se kako izgleda.
https://mobilnisvet.com/mobilni-komentari/7xf/Huawei/P60-Pro/5,Huawei,Huawei P60 Pro,Mmm,2023-06-09 16:44:00,"Isao sam danas da vidim telefon u radnji jer me je zanimalo kako izgleda. I utisci su sledeći. Ledja nisu klizava i deluju zanimljivo bas, inace je bela boja u pitanju. Glavna kamera, onako velika, izgleda jako zanimljivo. U ruci je onako, deluje malo u odnosu na honor magic 5 pro koji je bio odmah pored. Nema google, 8/256gb itd, sve to pada u vodu kad se udje u kameru. Koliko sam mogao da vidim za tih 5 minuta koriscenja, ja sam jos uvek pod utiskom kakvu kameru ima. Malo je reci da je brutalna. Zoom, sto je meni jako bitno, je perfektan. Znaci kome ne smeta sto nema google podrsku, malo memorije, a bitne su mu brutalne slike, nece pogresiti ako uzme"
https://mobilnisvet.com/mobilni-komentari/7xf/Huawei/P60-Pro/5,Huawei,Huawei P60 Pro,Milan,2023-06-05 17:52:00,Jel ima p60 da se kupi i jel poznata nekom cena uredjaja
https://mobilnisvet.com/mobilni-komentari/7xf/Huawei/P60-Pro/5,Huawei,Huawei P60 Pro,Zoki,2023-06-02 16:57:00,"No google, no 5g, stari cip od prosle godine, 8 rama. Telefon vredi max 600-700 evra. Period."
https://mobilnisvet.com/mobilni-komentari/7xf/Huawei/P60-Pro/5,Huawei,Huawei P60 Pro,Nenad,2023-05-25 20:25:00,Pitanje za korisnike Huawei telefona od bana pa do danas. Interesuje me koliko dobro funkcioniše taj gbox ili lighthouse( jel lighthouse samo za određene regione?)
https://mobilnisvet.com/mobilni-komentari/7xf/Huawei/P60-Pro/5,Huawei,Huawei P60 Pro,Ivan,2023-05-22 23:07:00,"Kupio telefon, kamera brutalna,baterija dugo drži, puni jako brzo, mali je problem sa googlovim servisima, ali rešio sam ih i rade bez problema. Imao sam p40 pro, 3 godine, i kao nov je i dalje. Nisam potplaćen da reklamiram, ali stvarno je odličan.Sve preporuke.."
https://mobilnisvet.com/mobilni-komentari/7xf/Huawei/P60-Pro/5,Huawei,Huawei P60 Pro,Beli,2023-05-20 14:18:00,Da li vredi preci sa P50 pro na P 60 pro?
https://mobilnisvet.com/mobilni-komentari/7xf/Huawei/P60-Pro/6,Huawei,Huawei P60 Pro,Jovana,2023-05-20 12:48:00,Da li uzeti ovaj ili mate 50 pro?
https://mobilnisvet.com/mobilni-komentari/7xf/Huawei/P60-Pro/6,Huawei,Huawei P60 Pro,Zaja,2023-05-19 10:05:00,Ovaj ili s23+? S23+ merkam vec dugo preko a1 a sad izadje p60pro  za 6600 uz 15.000 ucesce. Da se rezervise a s23+ je 7200 uz isto ucesce. Sad mi je cudno sto je p60 jeftiniji a kao je skuplji od s23+
https://mobilnisvet.com/mobilni-komentari/7xf/Huawei/P60-Pro/6,Huawei,Huawei P60 Pro,Sanja,2023-05-14 23:29:00,Koliko koristim huawei da mi poklonite jedan nista vam nebi bilo
https://mobilnisvet.com/mobilni-komentari/7xf/Huawei/P60-Pro/6,Huawei,Huawei P60 Pro,Huawei,2023-05-10 09:43:00,"Cena u Evropi je 1199€ zbog budjavih taksi, a realno telefon ima najbolju kameru trenutno sa 156 na DxO"
https://mobilnisvet.com/mobilni-komentari/7xf/Huawei/P60-Pro/6,Huawei,Huawei P60 Pro,Dragon,2023-04-18 23:18:00,"Prvi utisci su veoma dobri zahvaljujući aplikaciji appgalerz, gde se bez nikakvih problema mogu skinuti sve aplikacjije povezane sa Googleom"
https://mobilnisvet.com/mobilni-komentari/7598/Huawei/P40-Pro/6,Huawei,Huawei P40 Pro,Nikola k,2021-07-06 21:04:00,"Moze li neko da mi kaze kako sa p40pro da prebacim odnosno prekopiram sve na novi android telefon sa guglom, posto phone clone radi samo u varijanti da kad sam istalirao tu app na novi telefon in mi nudi opciju da ga postavim kao old phone a na p40 mi nudi da biram da li je old or new phone, tako da ta app otpada"
https://mobilnisvet.com/mobilni-komentari/7598/Huawei/P40-Pro/6,Huawei,Huawei P40 Pro,Ja,2021-07-03 09:21:00,"Da li je neko probao da instalira HarmonyOs,i google servise?"
https://mobilnisvet.com/mobilni-komentari/7598/Huawei/P40-Pro/6,Huawei,Huawei P40 Pro,P40 pro,2021-06-30 17:25:00,"U sklopu aplikacije Podrska, ako ste registrovali telefon tj napravili Huawei ID mozete produziti garanciju za 6 meseci. Ja sa juce odradio. Od 28 jun do 25 jula traje. Imate i popuste. Pogledajte na sajtu. Evo i direktnog linka"
https://mobilnisvet.com/mobilni-komentari/7598/Huawei/P40-Pro/6,Huawei,Huawei P40 Pro,Aleksa,2021-06-30 17:20:00,"Baterija ništa posebno, kamera nista posebno toliko i to su upropastili apdejtima, čak su i makro mod uklonili, nema stereo zvučnike nema gugl servise, lud je ko ovo kupi. Imao sam ga mesec dana i menjam definitivno"
https://mobilnisvet.com/mobilni-komentari/7598/Huawei/P40-Pro/6,Huawei,Huawei P40 Pro,Aca,2021-06-30 17:16:00,"Samsung A52 il ovaj telefon? U čemu je ako, je ovaj telefon uopšte bolji? Ekran, baterija, zvučnici su na strani duplo jeftinijeg modela?"
https://mobilnisvet.com/mobilni-komentari/7598/Huawei/P40-Pro/6,Huawei,Huawei P40 Pro,Leksa,2021-06-28 18:25:00,Upravo instalirao novi update 11.0.0.193
https://mobilnisvet.com/mobilni-komentari/7598/Huawei/P40-Pro/6,Huawei,Huawei P40 Pro,Homo,2021-06-20 20:26:00,Samsung note 10 plus ili P40 pro?
https://mobilnisvet.com/mobilni-komentari/7598/Huawei/P40-Pro/6,Huawei,Huawei P40 Pro,Jole,2021-06-16 18:38:00,"Koji tačno emui trenutno imate na telefonu? Jel ima neko emui 11? Meni kao najnovija verzija izlazi samo 10.1.0.176, ali nisam siguran da li on zezne kameru jer sam čuo da apdejti samo pogorsavaju.."
https://mobilnisvet.com/mobilni-komentari/7598/Huawei/P40-Pro/6,Huawei,Huawei P40 Pro,Vule,2021-06-08 20:08:00,"Pozdrav svima. Interesuje me da li je moguce promenuti fid vesti na ovom telefonu?Sve su na engleskom i strane. Da li je to zbog googl servisa ili postoji resenje da se promeni na domaci kanal, a da ne skidam dodatne aplikacije za vesti? Hvala"
https://mobilnisvet.com/mobilni-komentari/7598/Huawei/P40-Pro/6,Huawei,Huawei P40 Pro,Nikola,2021-05-31 21:00:00,Ozbiljno se razmišljam da kupim ovaj telefon i zanima me da li je neko od vas uspeo da instalira i da mu funkcioniše aplikacija google drive.
https://mobilnisvet.com/mobilni-komentari/7598/Huawei/P40-Pro/6,Huawei,Huawei P40 Pro,Dusan,2021-05-26 15:29:00,Ljudi imam trenutno P30 sta mi preporucujete najvise baterija i kamera. P40 PRO ili S20 Ultra? Ne zbog 100 ili 50x zuma. Ovako koji ima bolju i jel bas dosta veci i siri S20 Ultra? P40 pro znam kakav je
https://mobilnisvet.com/mobilni-komentari/7598/Huawei/P40-Pro/6,Huawei,Huawei P40 Pro,Marinko,2021-05-25 12:01:00,Koliko vam traje sati baterija? Meni u onim podešavanjima kad gledam ne više od 7 sati( svih tih sedam je ekran uključen)
https://mobilnisvet.com/mobilni-komentari/7598/Huawei/P40-Pro/6,Huawei,Huawei P40 Pro,sima,2021-05-23 15:54:00,ljudi jel samo ja nisam zadovoljan kamerom?? pogotovo u stanu sce slike su nekako bledje i čudno izgleda selfi kamera? nekako kad se slika koža ili lice boje budu baš cudne
https://mobilnisvet.com/mobilni-komentari/7598/Huawei/P40-Pro/6,Huawei,Huawei P40 Pro,joma,2021-05-21 09:02:00,Da li je tačno da su poslednji apdejti malo zeznuli kameru i da je pre bila puno bolja? Da li kad se tek kupi telefon on automatski se ažurira na najnoviji apdejt ili mogu da ga ostavim na onom prvom kad je tek i izašao? :)
https://mobilnisvet.com/mobilni-komentari/7598/Huawei/P40-Pro/6,Huawei,Huawei P40 Pro,jovan,2021-05-20 09:41:00,P40 pro ili ajfon 11 iskreno?
https://mobilnisvet.com/mobilni-komentari/7598/Huawei/P40-Pro/6,Huawei,Huawei P40 Pro,Korisnik,2021-05-08 15:08:00,"Pozdrav,interesuje me koliko vama traje baterija na Huawei p40 pro,mdeni nekad jedva 4h,a nekad izgura i 7h koriscenja?"
https://mobilnisvet.com/mobilni-komentari/7598/Huawei/P40-Pro/6,Huawei,Huawei P40 Pro,N,2021-05-05 08:14:00,"Pozz jel zna neko da li sat samsung active 2 funkcionise kad se upari s ovim telefonom, tj da li rade sve funkcije na satu normalno?"
https://mobilnisvet.com/mobilni-komentari/7598/Huawei/P40-Pro/6,Huawei,Huawei P40 Pro,Milos,2021-05-03 04:15:00,"Zna li neko zbog macro mod i generalno master ai (ono prepoznavanje scene koju slikamo, ne radi). Konkretno me zanima macro mod.u pitanju je huawri p40 pro plus sa 512gb. Telefon je na pocetku radio bez greske, nakon cega je gore navedeno prestslo da funkcionise."
https://mobilnisvet.com/mobilni-komentari/7598/Huawei/P40-Pro/6,Huawei,Huawei P40 Pro,Davidson,2021-04-29 21:28:00,"Imate li neki savet kako da rešim problem sa notifikacijama? Ne stiže ništa živo gotovo sa svih aplikacija. Preuzimane su sa AppGallery i Petal Search. Pogasio sam optimizaciju baterije i automatski menadzment za sve zeljene aplikacije, podesio obaveštenja i u samim aplikacijama i ne vredi. Pokušao sam i brisanje podataka aplikacijai  reinstalacije sa više izvora i ne vredi. Vratio softver na Emui 10. 1 sa 11 i situacija je ista.."
https://mobilnisvet.com/mobilni-komentari/7598/Huawei/P40-Pro/6,Huawei,Huawei P40 Pro,P40 pro,2021-04-12 16:09:00,"Od sada moze da si vidi mapa na garmin aplikaciji connect tj gde si trcao, jer koristi sada kinesku mapu Petalmap. Pre nije moglo zbog nedostatka google maps-a. Jedino si mogao preko internet pretrazivaca da pristupis."
https://mobilnisvet.com/mobilni-komentari/7598/Huawei/P40-Pro/6,Huawei,Huawei P40 Pro,Maksa,2021-04-05 23:31:00,Da li se mogu uspešno koristiti bankarske aplikacije skinute sa AppGallery nakon instaliranja Google moblie servisa?
https://mobilnisvet.com/mobilni-komentari/7598/Huawei/P40-Pro/6,Huawei,Huawei P40 Pro,N,2021-04-01 10:33:00,"Jel postoji nacin da se vrate poruke na viberu? Na whatsappu sam uspela bez problema, ali na viberu izbacuje error during backup, jer mora da se poveze sa google drive-om"
https://mobilnisvet.com/mobilni-komentari/7598/Huawei/P40-Pro/6,Huawei,Huawei P40 Pro,Lazar,2021-03-28 22:48:00,Da li funkcioniše KomBank mBanking?
https://mobilnisvet.com/mobilni-komentari/7598/Huawei/P40-Pro/7,Huawei,Huawei P40 Pro,Zex,2021-03-27 20:23:00,"Poteban savet, sta uzeti Huawei P40 pro 256gb ili Xiaomi M10T pro 256gb?"
https://mobilnisvet.com/mobilni-komentari/7598/Huawei/P40-Pro/7,Huawei,Huawei P40 Pro,Aleksandar,2021-03-27 04:25:00,"Da li još neko ima problem sa notifikacijama sa Vibera, WhatsApp, Telegrama, Facebooka ili Instagrama? Da li neko zna rešenje ovog problema?"
https://mobilnisvet.com/mobilni-komentari/7598/Huawei/P40-Pro/7,Huawei,Huawei P40 Pro,Ilija Milanovic,2021-03-24 17:29:00,Jos jedno pitanje od mene:
https://mobilnisvet.com/mobilni-komentari/7598/Huawei/P40-Pro/7,Huawei,Huawei P40 Pro,Nikola,2021-03-24 02:22:00,"Telefon je vrh, koristim ga tacno tri nedelje i vise nego zadovoljan, moguce je instalirati google servise i sve to ipak je android i sve je moguce iskreno jeste da zahteva dobrih pola sata, ali ako lepo citate i ne azurirate telefon cim ga kupite mozete bez problema instalirati sve. Kamera nema mane bukvalno, face recognition radi savrseno u par sekundi ocita, samo pazite kada kupite telefon kameru ja sam izgrebao staklo kamere 3 dan ali nista strasno."
https://mobilnisvet.com/mobilni-komentari/7598/Huawei/P40-Pro/7,Huawei,Huawei P40 Pro,Ilija Milanovic,2021-03-23 14:22:00,"Da li telefon vredi ovih para i da li cu se pokajati ako ga kupim. Imao sam iPhone, ali mi se jako svidja P40... malo sam skeptican zbog kupovine jer nije iPhone... sta mi preporucujete"
https://mobilnisvet.com/mobilni-komentari/7598/Huawei/P40-Pro/7,Huawei,Huawei P40 Pro,krim.spec,2021-03-23 07:29:00,"Da li mogu nekako da instaliram Google slike, odnosno da podesim da mi se kopiraju fotografije iz galerije telefona u Google slike..."
https://mobilnisvet.com/mobilni-komentari/7598/Huawei/P40-Pro/7,Huawei,Huawei P40 Pro,Maksa,2021-03-23 02:25:00,Koliko je brzo i precizno prepoznavanje lica na ovom tel? S obzirom na postojanje ovog velikog 3D infracrvenog senzora pored prednje kamere. Koliko je brz i precizan otisak prsta?
https://mobilnisvet.com/mobilni-komentari/7598/Huawei/P40-Pro/7,Huawei,Huawei P40 Pro,Darius,2021-03-21 19:44:00,Da li je moguće povezati (cast) tel sa Android box ili tv? Da li je moguće koristiti chorecast na Yt Vanced i tako projektovati sliku na Android box?
https://mobilnisvet.com/mobilni-komentari/7598/Huawei/P40-Pro/7,Huawei,Huawei P40 Pro,Aleksandar,2021-03-21 17:30:00,Ljudi da li neko moze da mi kaze da li na ovom telefonu moze da se instalira slotomanija.
https://mobilnisvet.com/mobilni-komentari/7598/Huawei/P40-Pro/7,Huawei,Huawei P40 Pro,Pomozite,2021-02-23 14:55:00,"Ovaj ili s20+?,bitna mi je baterija I ekran,kamera me ne zanima,retko fotkam,znam da su dobri I jedan I drugi..."
https://mobilnisvet.com/mobilni-komentari/7598/Huawei/P40-Pro/7,Huawei,Huawei P40 Pro,Leksa,2021-02-15 20:41:00,Ljudi da li se i Vama posle update brze prazni baterija?
https://mobilnisvet.com/mobilni-komentari/7598/Huawei/P40-Pro/7,Huawei,Huawei P40 Pro,Teodora,2021-02-15 14:52:00,p40 pro ili xiaomi Mi 10T pro?
https://mobilnisvet.com/mobilni-komentari/7598/Huawei/P40-Pro/7,Huawei,Huawei P40 Pro,Nelexije,2021-02-10 21:16:00,"Preko mesec dana koristim ovaj telefon i veoma sam zadovoljan. Godinama sam veran HUAWEI korisnik: P7 - HONOR 8 - Mate 20 Pro - P40 pro. Može se bez Google servisa - a šlašio sam se da li ću moći. Jedina stvar koja mi nedostaje je stalna sinhronizacija konatakata. Zbog posla četo puta kontakt unesem na računaru, a ponekad na telefonu. Dok sam koristio prethodne telefone koji su imali Google servise, to je super radilo jer se sve istovremeno sinhronizovalo. E sada sam malo u problemu. Da li je neko našao rešenje za ovo, odn. da li postoji mohgućnost da se preko nekog naloga koji radi na huawei telefonima ovakva sinhronizacija non stop vrši?"
https://mobilnisvet.com/mobilni-komentari/7598/Huawei/P40-Pro/7,Huawei,Huawei P40 Pro,Jadranka,2021-02-09 19:45:00,"Molim vas, moze li pomoc nekoga ko se razume u telefone. Obozavam Huawei, i P40 pro sam uzela zbog odlicne kamere i dosta memorije, misleci da cu moci funkcionisati bez Google Play , ali nakon vise meseci vise ne mogu. I po prvi put bih da uzmem Samsung neki, a ovaj da prodam. Pa ako bi mi neko dao savet koji Samsung po kameri, memoriji i bateriji moze da zameni ovaj. Hvala"
https://mobilnisvet.com/mobilni-komentari/7598/Huawei/P40-Pro/7,Huawei,Huawei P40 Pro,p40 pro,2021-02-08 19:09:00,"Zelim da zamenim p40 pro za neki drugi model, koji mi preporucujete a da je u istom cenovnom rangu?"
https://mobilnisvet.com/mobilni-komentari/7598/Huawei/P40-Pro/7,Huawei,Huawei P40 Pro,Dilema,2021-02-01 13:29:00,"Zdravo svima, u dilemi sam da li da menjam Note 10 Plus za P40 Pro? Šta mislite? hvala"
https://mobilnisvet.com/mobilni-komentari/7598/Huawei/P40-Pro/7,Huawei,Huawei P40 Pro,Milan,2021-01-30 17:47:00,"Razmisljam da kupim p40 pro, da li neko zna da li mogu da se ubace aplikacije  google dokumenti odnosno word, google prezentacije i google tabele, bitno mi je zbog fakulteta. Da li funkcionisu te aplikacije? Hvala unapred!"
https://mobilnisvet.com/mobilni-komentari/7598/Huawei/P40-Pro/7,Huawei,Huawei P40 Pro,Djordje Zutkovic,2021-01-28 18:17:00,Ljudi pozdrav sta kupiti dvoumim se izmedju p40 huawei   s20fe i hiaomi mi 10 t pro...Nekako mi se najvise svidja huawei al mi se ne svidja cena i to sto nema google servisa ne znam sta radi na huaweijevoj play stor...s20fe losa baterija i procesor a puno para iskreno stalo sve super...Hiaomi kida ima sve sto mi treba al deluje mi kao tel koji baguje itd...svaki ima vrlina i mana cini mi se....
https://mobilnisvet.com/mobilni-komentari/7598/Huawei/P40-Pro/7,Huawei,Huawei P40 Pro,Hhhhhhh,2021-01-25 22:37:00,Pozdrav ljudi. Interesuje me emui 11 da li je doslo do poboljsanja kamere koliko traje baterija? Sta je novo? Molim samo da mi odgovore ljudi koji imaju ovaj tel i koji su ga azurirali hvala.
https://mobilnisvet.com/mobilni-komentari/7598/Huawei/P40-Pro/7,Huawei,Huawei P40 Pro,Nikola,2021-01-24 21:23:00,"zdravo.. pred 2 dana kupio sam Huawei p40pro, inastalirano samo app kako viber, whatsapp no nemogu da uradim backup na razgovori. moze neko da mi kaze kako da uradim to i dali e moguce. pozdrav iz Makedonije"
https://mobilnisvet.com/mobilni-komentari/7598/Huawei/P40-Pro/7,Huawei,Huawei P40 Pro,Shoneb,2021-01-23 18:53:00,"Uporedio sam MI 9 i P40 Pro. MI 9 izgleda kao igracka pored P40 Pro, od izrade, izgleda, displeja. Mislio sam da ce mi smetati prednja kameta na P40 pro ali skroz je drugaciji utisak uzivo kada se vidi tel. Mogu reci da sam bas pozitivno iznenadjen."
https://mobilnisvet.com/mobilni-komentari/7598/Huawei/P40-Pro/7,Huawei,Huawei P40 Pro,Ja,2021-01-22 22:27:00,Dobro veče.
https://mobilnisvet.com/mobilni-komentari/7598/Huawei/P40-Pro/7,Huawei,Huawei P40 Pro,Emiu 11,2021-01-22 17:46:00,Da li su najzad omogucili sa se menja grid kod ikonica?
https://mobilnisvet.com/mobilni-komentari/7598/Huawei/P40-Pro/8,Huawei,Huawei P40 Pro,Shoneb,2021-01-22 17:44:00,Ako moze neko da napise da li rade sledece aplikacije:
https://mobilnisvet.com/mobilni-komentari/7598/Huawei/P40-Pro/8,Huawei,Huawei P40 Pro,Dacha,2021-01-21 22:24:00,"Pozdrav svima, hteo bih kupiti p40, kakvi su utisci i zna li se sta, hoce li Biden pomiriti huawei i google?"
https://mobilnisvet.com/mobilni-komentari/7598/Huawei/P40-Pro/8,Huawei,Huawei P40 Pro,Dilema,2021-01-20 20:07:00,U dilemi sam koji telefon da kupim. Dvoumim se izmedju P40 pro i Mate 30 pro. Sta mislite?
https://mobilnisvet.com/mobilni-komentari/7598/Huawei/P40-Pro/8,Huawei,Huawei P40 Pro,zoran,2021-01-20 07:59:00,"Imam pitanja oko ekrana. Da li ima bedtime mode (tako se zove na samsungu)? Konkretno, da li postoji opcija za uključivanje crno-belog ekrana. To je ok uveče pred spavanje, da se oči manje naprežu i da se ne razbudite pre no što legnete. Slično kao blue light filter, za koji pretpostavljam da ima."
https://mobilnisvet.com/mobilni-komentari/7598/Huawei/P40-Pro/8,Huawei,Huawei P40 Pro,Kiki,2021-01-20 07:25:00,Pomoć treba da uzmem novi telefon dvoumim se između
https://mobilnisvet.com/mobilni-komentari/7598/Huawei/P40-Pro/8,Huawei,Huawei P40 Pro,Pozz,2021-01-15 00:34:00,Da li je neko probao gspace u appgallery da li mu radi google play prodavnica jer sam mislio da kupujem ovaj telefon
https://mobilnisvet.com/mobilni-komentari/7598/Huawei/P40-Pro/8,Huawei,Huawei P40 Pro,Ana,2021-01-06 15:23:00,Da li je velika razlika i vredna prelaska sa P30 Pro na P40 Pro?
https://mobilnisvet.com/mobilni-komentari/7598/Huawei/P40-Pro/8,Huawei,Huawei P40 Pro,Marko 88,2021-01-05 16:31:00,Ljudi planiram uzeti u Telenoru jedan od 3 modela za duze vreme 3 do 4 god. Huawei P40 pro Galaxy S20 ili Motorola Edge plus??? Koji je onako najjbolji od ta tri modela. Imam trenutno Huawei P30.
https://mobilnisvet.com/mobilni-komentari/7598/Huawei/P40-Pro/8,Huawei,Huawei P40 Pro,Ciga,2021-01-02 16:32:00,Imam P40 pro i ne mogu da napravim rezervnu kopiju Vibera. Da li neko zna kako moze da se naprave rezervna  kopija.
https://mobilnisvet.com/mobilni-komentari/7598/Huawei/P40-Pro/8,Huawei,Huawei P40 Pro,Srdjan,2020-12-27 22:10:00,Poštovani imam p40 lite od skoro i nikako ne mogu da podesim obaveštenja o propuštenom pozivu ili kad stigne sms u vidu lampice koja se pali i gasi/na prethodnom honor 8 je bar tako bilo/
https://mobilnisvet.com/mobilni-komentari/7598/Huawei/P40-Pro/8,Huawei,Huawei P40 Pro,S Bane,2020-12-27 02:03:00,"Vec sam napisao komentar, tj. pitanje, ali ga nema?"
https://mobilnisvet.com/mobilni-komentari/7598/Huawei/P40-Pro/8,Huawei,Huawei P40 Pro,D,2020-12-26 12:57:00,"Zanima me preko cega je najbolje skidati aplikacije, da nije AppGallery, jer npr instagram ne funkcionise kao i na Iphone uredjajima, ima problem sa postavljanjem story-a, kao i sa pregledanjem istih?"
https://mobilnisvet.com/mobilni-komentari/7598/Huawei/P40-Pro/8,Huawei,Huawei P40 Pro,Dijana Balabanovic,2020-12-26 12:22:00,Interesuje me da li moze da se skine aplikacija Microsoft Teams i na koji nacin?
https://mobilnisvet.com/mobilni-komentari/7598/Huawei/P40-Pro/8,Huawei,Huawei P40 Pro,M,2020-12-26 09:28:00,Jel moze da se nadje u app gallery-ju mbanking aplikacija unicredit banke? Hvala
https://mobilnisvet.com/mobilni-komentari/7598/Huawei/P40-Pro/8,Huawei,Huawei P40 Pro,Deki,2020-12-23 06:51:00,"Interesuje me ažuriranje npr novog androida kako to radi kad bude izašao,hoce li ovaj tel dobiti harmony os kad bude izašao zvanično? Da li mogu na ovaj tel da instaliram aplikacije mobi banke? Malo sam skeptican u vezi tih aplikacija da u jednom momentu ne počne da puca,nema ažuriranja na android itd... inače znam da je kamera dobra ali me interesuje u poredjenju sa 11 pro kakva je,kao i baterija i ekran u odnosu na pomenuti te. Hvala."
https://mobilnisvet.com/mobilni-komentari/7598/Huawei/P40-Pro/8,Huawei,Huawei P40 Pro,Darko,2020-12-22 16:14:00,Hteo bi da uzmem ovaj telefon pa me zanimaju aplikacije i da li se azuriraju sve normalno kao i dok su imali podrsku googla?
https://mobilnisvet.com/mobilni-komentari/7598/Huawei/P40-Pro/8,Huawei,Huawei P40 Pro,Kiza,2020-12-18 23:38:00,"Telefon je perfekcija. Bilo mi je cimanje oko google servisa ali vec posle nekoliko dana koriscenja uopste nemam potrebu za njim. Sve aplikacije koje sam imao na prethodnim telefonu (iphone8) imam i na ovom i sve radi savrseno. Kamera perfektna, uporedio sa bratom koji ima s10 i razlika je neverovatna. Sto se baterije tice koliko god se trudio ne mogu je isprazniti do odlaska na spavanje, a punjenje od 20 do 100 za malo vise od 30min. Jedino na sta se jos nisam navikao je velicina telefona, verovatno zato sto je onaj bii znatno manji od ovog. Sve u svemu prezadovoljan sam i toplo preporucujem!"
https://mobilnisvet.com/mobilni-komentari/7598/Huawei/P40-Pro/8,Huawei,Huawei P40 Pro,Deki,2020-12-09 09:28:00,Koliko baterija traje?
https://mobilnisvet.com/mobilni-komentari/7598/Huawei/P40-Pro/8,Huawei,Huawei P40 Pro,Mićo,2020-12-06 09:54:00,"Pozdrav svima. Interesuje me da li moze na ovom telefonu da se instaliraju sledece aplikacije(bitno mi je za sve pojedinacno ako znate): Netflix, Hbo Go, EON i MOve aplikacija Telekoma). Takodje me interesuje da li postoji mogucnost dual messenger (kao kod Samsunga) da koristim 2 WhatsApp i Viber broja- aplikacije Hvala"
https://mobilnisvet.com/mobilni-komentari/7598/Huawei/P40-Pro/8,Huawei,Huawei P40 Pro,Scarface,2020-11-23 22:22:00,"Da li nekom kasne notifikacije na viber, wa,?"
https://mobilnisvet.com/mobilni-komentari/7598/Huawei/P40-Pro/8,Huawei,Huawei P40 Pro,Draki85,2020-11-21 10:34:00,Pozdrav svima!
https://mobilnisvet.com/mobilni-komentari/7598/Huawei/P40-Pro/8,Huawei,Huawei P40 Pro,Milan,2020-11-14 19:38:00,"Da li je neko uzimao polovan p40 pro, skup mi nov, a polovan je dosta povoljniji?"
https://mobilnisvet.com/mobilni-komentari/7598/Huawei/P40-Pro/9,Huawei,Huawei P40 Pro,Markoni,2020-11-07 22:16:00,"Mene zanima razlika u kameri , dali je vredno uzimati P40pro+ , ili jednostavno P40pro , uopste mi ne igra ulogu taj digitalni zum od 100x ,a koliko sam razumeo to je kao glavni boljitak sto se tice same kamere? Ostalo je sve isto ?"
https://mobilnisvet.com/mobilni-komentari/7598/Huawei/P40-Pro/9,Huawei,Huawei P40 Pro,Mare,2020-10-26 01:42:00,Da li uzeti P40 pro ili P30 pro (8GB ram) ?
https://mobilnisvet.com/mobilni-komentari/7598/Huawei/P40-Pro/9,Huawei,Huawei P40 Pro,Vladoba,2020-10-16 19:03:00,Da li mogu da napravim rezervnu kopiju vibera koji inače funkcioniše preko Google drive?
https://mobilnisvet.com/mobilni-komentari/7598/Huawei/P40-Pro/9,Huawei,Huawei P40 Pro,Čika Niki,2020-10-16 08:21:00,"Radi li aplikacija Google Drive,da li zna neko? Bitna mi je aplikacija, ne preko browsera. Hvala unapred..."
https://mobilnisvet.com/mobilni-komentari/7598/Huawei/P40-Pro/9,Huawei,Huawei P40 Pro,Razocarani korisnik,2020-09-27 17:20:00,"Jednostavno Huawei dok ne resi problem sa googlom nije vredan kupovine. Bez google podrske nije konkurentan uredjaj, pogotovo nekome kome treba za posao pre svega, bez stereo zvuka, bez mogucnosti instalacije 2 vibera (moras preko drugih aplikacija instalirati drugi viber sto nije dobro rjesenje), kamera od ljudi pravi vostane figure... U svakom slucaju za zaobici, za sada."
https://mobilnisvet.com/mobilni-komentari/7598/Huawei/P40-Pro/9,Huawei,Huawei P40 Pro,Pedja,2020-09-27 07:13:00,"Koristim ovaj telefon nekih mesec dana i imam samo reci hvale, brutalan telefon, sve normalno funkcioniše, to što nema Google servisa jedino mi nedostaju Google mape, ostalo nikad nikome i nije trebalo. Sve app se normalno skinu sa petal search bez ikakvih tutorijala i zamlacivanja i funkcionišu besprekorno. Youtube je vanced i mnogo bolji po meni jer može da se koristi i u pozadini. Sve je to samo marketing da se stane na put ovoj kompaniji."
https://mobilnisvet.com/mobilni-komentari/7598/Huawei/P40-Pro/9,Huawei,Huawei P40 Pro,Mikk,2020-09-26 16:21:00,"Jel valja sad ovaj telefon da se uzme? Planiram kupovinu istog pa bi mi svako mišljenje znacilo, hvala."
https://mobilnisvet.com/mobilni-komentari/7598/Huawei/P40-Pro/9,Huawei,Huawei P40 Pro,Mikk,2020-09-26 12:27:00,"Imam mate 20 pro i smorio me, zelim da ga zamenim za p40 pro, pa da vas pitam da li je to okej i zbog situacije sa google? Hvala unapred"
https://mobilnisvet.com/mobilni-komentari/7598/Huawei/P40-Pro/9,Huawei,Huawei P40 Pro,milan82,2020-09-17 15:04:00,"Kao da sam sebe urekao. Baš 13.09. je Google zatvorio kanal za autorizaciju i trenutno ne postoji način za instalaciju Google servisa na novije Huawei telefone. Svi koji planiraju da kupe Huawei mate 30 serije ili p40 serije bolje da trenutno sačekaju sa kupovinom. Oni koji ne mare za Google servise, topla preporuka za kupovinu. Email će vam raditi. Za youtube imate Youtube Vanced aplikaciju. Pozdrav"
https://mobilnisvet.com/mobilni-komentari/7598/Huawei/P40-Pro/9,Huawei,Huawei P40 Pro,Pop,2020-09-15 19:23:00,Samo jedno pitanje:da li je glasan spoljni zvučnik? To mi je veoma bitno. Hvala
https://mobilnisvet.com/mobilni-komentari/7598/Huawei/P40-Pro/9,Huawei,Huawei P40 Pro,milan82,2020-09-13 18:03:00,Da ne dužim previše. Svako od vas ko ima strpljenja i iole malo znanja oko telefona moze da instalira google servise na ovaj telefon. Bitno je samo da verzija softvera ne sme sa bude veća od .131(poslednje tri cifre u verziji firmware-a)
https://mobilnisvet.com/mobilni-komentari/7598/Huawei/P40-Pro/9,Huawei,Huawei P40 Pro,Beli,2020-09-12 04:40:00,"Da li se isplati da se predje sa P30 Pro na P40 pro? Imam P30 Pro crni, kupljen nov u Telenoru u martu. Verzija 6/128.  Telefon je ekstra i zadovoljan sam ali imam dobru ponudu za P40 pro pa sam u dilemi..."
https://mobilnisvet.com/mobilni-komentari/7598/Huawei/P40-Pro/9,Huawei,Huawei P40 Pro,HuaweiP40pro,2020-08-26 11:00:00,"Pozdrav,da li uredjaj bolje radi na google servisu ili ne? Pitam zbog baterije."
https://mobilnisvet.com/mobilni-komentari/7598/Huawei/P40-Pro/9,Huawei,Huawei P40 Pro,Miki,2020-08-26 07:33:00,"Ljudi, imao sam P30 Pro, cini mi se da je bolja baterija nego na P40 Pro..."
https://mobilnisvet.com/mobilni-komentari/7598/Huawei/P40-Pro/9,Huawei,Huawei P40 Pro,Stefan,2020-08-24 15:39:00,Da li igrice poput clash royale i ostalih mogu da se igraju bez problema ili ?
https://mobilnisvet.com/mobilni-komentari/7598/Huawei/P40-Pro/9,Huawei,Huawei P40 Pro,Gaga,2020-08-21 07:10:00,"Ljudi, u nedoumici sam, P40 pro i S20? Ne igram igrice, bitna mi je kamera, mejlovi, Exel, radim kancelarijski posao i bitno mi je da mogu da mi funcionisu 3 mejla u isto vreme, sve drustvene mreze, YT, G maps... Poslednje 2 godine imam P20 dual sim i i dalje radi fluidno i brzo kao prvog dana, sto nije bio slucaj sa Samsung modelima ranije, znali su posle odredjenog vremena da seckaju, koce itd, nadam se da je Samsung to popravio. I da, brine me sto ne podrzava Google servis 🤦🏻‍♀️"
https://mobilnisvet.com/mobilni-komentari/7598/Huawei/P40-Pro/9,Huawei,Huawei P40 Pro,Familija,2020-08-15 18:53:00,"Evo da vam objasnim nedoumice koje sam i ja imao prilikom kupovine ovog telefona. Od svih Google aplikacija najbitnija mi G maps i Yt, i prvo sam pokusavao da instaliram ceo Google paket sa aplikacijama preko tutorijala, al bezuspešno jer je većini isteko sertifikat, tako da ako neko ima vise vremena da se cima oko toga neka juri po YT najnovije tutorijale, jer izlaze cesto, možda neki i uspe, ja sam posle treceg pokusaja odustao i odlučio da probam bez toga. Na veliko iznenađenje, u Petal search (huawei pretraga za apk) ima bukvalno sve, tako da sam instalirao i GMaps koja radi bez problema i Vanced YouTube (aplikacija za YouTube koja dozvolja login preko Gmaila"
https://mobilnisvet.com/mobilni-komentari/7598/Huawei/P40-Pro/9,Huawei,Huawei P40 Pro,Gagi,2020-08-13 21:17:00,Fenomenalan telefon.Jedino što mi smeta je što se telefon malo više greje prilikom punjenja sa njegovim originalnim punjačem.Da li se ti dešava i drugim korisnicima ovog telefona?
https://mobilnisvet.com/mobilni-komentari/7598/Huawei/P40-Pro/9,Huawei,Huawei P40 Pro,Nikola K.,2020-08-08 05:58:00,"Ovako, uzeo Sam da testiram ovaj telefon her na poslu Koji radim to je moguce i mogucnost da ga vratim. Utisci su sledeci: kamera 10, dizajn 8 zbog prednje kamere koja see meni licno svidja Ali znam da nece svakome, osecaj u ruci 10. Funkcionalnost u Radu 6, naravno zbog Google servisa. Kome ovaj telefon za treba za slikanje I drustvene mreze I neke igrice moze da ga uzme, a kome Treba I za posao kao I meni nek ga zaobilazi u sirokom luku her nece moci da ga Koristi a dace 1000e za telefon. Znam da moze da see resi Google app Ali za poslovne aplikacije koje su zasticene nema sanse I nemojte see zavaravati da ne bude posle zao jer ste kupili skuk telefon Koji ne moze da Ima normalne aplikacije."
https://mobilnisvet.com/mobilni-komentari/7598/Huawei/P40-Pro/9,Huawei,Huawei P40 Pro,Nevenko,2020-08-05 19:14:00,"Da li postoji mogućnost da se instalira i da funkcioniše Google drive? Zbog prirode posla, ova aplikacija mi je neophodna, pa ako i to šljaka, ozbiljno razmatram da pazarim ovaj model. Unapred hvala"
https://mobilnisvet.com/mobilni-komentari/7598/Huawei/P40-Pro/9,Huawei,Huawei P40 Pro,Damjan,2020-08-05 12:31:00,"Ljudi, da li je neko uspeo da pronađe manual ili bilo šta što bi mi pomoglo da istaliram Play store i ostane Google servise? Probao sam sa 2 tutoriala koje sam pronašao, dosta sveži su, dođem do dela gde treba da se doda Google nalog i odale nema dalje."
https://mobilnisvet.com/mobilni-komentari/7598/Huawei/P40-Pro/9,Huawei,Huawei P40 Pro,Aleksandar,2020-08-03 17:50:00,"Uzeo danas p 40 obican nesto mi mali ekrab ide. sutra da doplatim i uzmem p40 pro vecj ekrsn i mnogo brze radi ali telefon je ostavio odlican utisak na mene posto sam posle 10 godina sa i phona presao na huawei i uopste se nisam pokajao, velika i topla preoruka"
https://mobilnisvet.com/mobilni-komentari/7598/Huawei/P40-Pro/9,Huawei,Huawei P40 Pro,rajko,2020-07-27 19:44:00,kako su nagrdili izgled prednjim kamerama huawei i samsung s10plus bruka !!
https://mobilnisvet.com/mobilni-komentari/7598/Huawei/P40-Pro/9,Huawei,Huawei P40 Pro,Sava,2020-07-24 10:46:00,Jel uspeo neko da instalira Intesa mobi aplikaciju?
https://mobilnisvet.com/mobilni-komentari/7598/Huawei/P40-Pro/9,Huawei,Huawei P40 Pro,Simke,2020-07-17 21:50:00,Sve sto nemate u appgallery lepo skinete aurora store tamo ima bukvalno sve kao i na play store
https://mobilnisvet.com/mobilni-komentari/7598/Huawei/P40-Pro/10,Huawei,Huawei P40 Pro,Иван,2020-07-13 22:07:00,Kratko i jasno telefon je odličan.
https://mobilnisvet.com/mobilni-komentari/7598/Huawei/P40-Pro/10,Huawei,Huawei P40 Pro,Klikker,2020-07-07 09:30:00,"Imao sam P30 pro, isti zamjenim za S20 plus i jos sebi ne mogu doci kakav sam kreten ispao sam sebi. Telefon je dakle , po mom misljenju bezveze. Uzeo bih p 40 pro al me malo brine zbog google servisa, ali kao sto vidim ovdje po komentarima da i to nije neki problem. Volio bih da me malo osokolite.. :)"
https://mobilnisvet.com/mobilni-komentari/7598/Huawei/P40-Pro/10,Huawei,Huawei P40 Pro,spy,2020-06-30 10:13:00,Pa ja i ako ga uzmem necu instalirati GMS. To mi je cak i plus sto nema google servise! Takva telefon i zelim
https://mobilnisvet.com/mobilni-komentari/7598/Huawei/P40-Pro/10,Huawei,Huawei P40 Pro,marko,2020-06-25 19:55:00,"Ljudi ,ajde vise ..ko koristi ovaj fon ali bez gugl servisa ...da napise kako radi viber sa huawei app gallery ,mape , ima li neki torent klijent dobar ?"
https://mobilnisvet.com/mobilni-komentari/7598/Huawei/P40-Pro/10,Huawei,Huawei P40 Pro,Srećko,2020-06-24 20:21:00,"Dugogodišnji sam korisnik IPhone-a (trenutno imam IPhone XS Pro i IPhone 7 Max), pa ću možda biti malo pristrasan u oceni Huawei P40 Pro. Svako zainteresovan će verujem lako izdvojiti šta je objektivno u mom komentaru."
https://mobilnisvet.com/mobilni-komentari/7598/Huawei/P40-Pro/10,Huawei,Huawei P40 Pro,Vladimir,2020-06-24 20:17:00,"Radi sve kako treba, bez problema, jedino ako ti trebaju Google aplikacije onda može biti sporno, ali sam i njih portovao, jer je mnogo lakše za korišćenje."
https://mobilnisvet.com/mobilni-komentari/7598/Huawei/P40-Pro/10,Huawei,Huawei P40 Pro,Pop,2020-06-22 16:14:00,"Pozdrav svima. Jedno pitanje,pa ako neko zeli da pomogne,unapred se zahvaljujem. Zanima me da li su aplikacije kao sto su viber,nase domace novine,polovni automobili,flash score,kupujem prodajem dostupne na huawei app gallery? Kad bih koristio jedino tu prodavnicu kao izvor aplikacija,bez instaliranja google servisa i svega vezanog za google,da li su nabrojane aplikacije dostupne?"
https://mobilnisvet.com/mobilni-komentari/7598/Huawei/P40-Pro/10,Huawei,Huawei P40 Pro,Šumadija,2020-06-19 21:02:00,"Kao fanatik za mobilne uređaje ne postoji brend koji nisam promenio u poslednjih godinu i po dana... P30 pro, posle njega Sam S10+ pa Note 10+, pa na kraju iz čiste znatiželje uzmem Iphone 11."
https://mobilnisvet.com/mobilni-komentari/7598/Huawei/P40-Pro/10,Huawei,Huawei P40 Pro,Ragnar Snow of Rivia,2020-06-09 11:49:00,"Ja ne razumem sto sami sebe mucite oko google servisa ko neki mazohisti, izigravate tu nekakve hakere i lepo ne kupite neku drugu marku. Odmah da kazem da ja ne prodajem telefone, da neko ne pomisli evo ga navodi sam sebi vodu i za mene licno ovakvi telefoni su ludost kolko kostaju, a na njihovim mid-range koji su bar upola manje skupi dobijate 90% mogucnosti flagshipova. Al kad vec neko ima visak para i moze mu se, evo navescu jedan primer - Samsunga i Huaweia. Po ceni gore dole ovog P40 pro+ , mozete uzeti S20 Ultra i pritom da dobijete neprikosnoveni Dymamic amoled display i pritom da vam rade Google servisi bez problema. Za cenu P40 pro mozete uzeti S20+ i dobiti te dve iste stvari, kao sto mzoete za cenu P40 kupiti S20 i takodje dobiti te dve stvari kojih na ovoj P40 seriji mozete samo sanjati. Postoji i P40 lite kojem ce verovatno biti konkurent S20 lite kad ga izbace. Cela poneta moje price je da jes da P40 seriji dobijate mozda malo bolje fotografije (pod uslovom da ovi youtuberi sto prezentuju P40 seriju ne dobijaju novac za Huawei da hvale a samsung kude i pricaju realno), a za te pare znate li kakav digitalni foto-aparat mozete kupiti sa sve objektivom ako kupujete P40 seriju samo zbog boljih slika od konkurencije. Prema tome pre kupovine nekog od P40 serije predhodno dobro razmislite dal vredi tih para, imajuci u vidu da necete bez problema moci koristiti Google servise, a pritom za te iste pare kod konkurencije ce vam to raditi bez problema i to cete gledati sve na Dynamic amoled dyspleyu."
https://mobilnisvet.com/mobilni-komentari/7598/Huawei/P40-Pro/10,Huawei,Huawei P40 Pro,Miki,2020-06-07 20:07:00,"Bio u radnji i gledao. Nije los spolja , izgleda isto kao samsung i iphone sa nazad onim nacickanim kamerama. Hteo bih da promenim , mozda probam huawei. Firma nam uvek uzima te skuplje telefone , svi u firmi imaju samsunge i Iphone , tako da sam video zadnje modele od oba prizvodjaca. Meni to sve isto , jer sam krajnji korisnik kao i svi mi , radim u it sektoru i telefon ne moze da zameni racunar. Sve se svodi na poziv , poruke,mail i nekad neka slika. Mislim da cu uzeti ovaj jer ga malo njih ima, imam 2 god s9+, i vreme je za drugi..."
https://mobilnisvet.com/mobilni-komentari/7598/Huawei/P40-Pro/10,Huawei,Huawei P40 Pro,Walodija,2020-06-04 11:34:00,"Kupio sam ga, ubija kako radi"
https://mobilnisvet.com/mobilni-komentari/7598/Huawei/P40-Pro/10,Huawei,Huawei P40 Pro,Misa,2020-05-30 17:35:00,"Ko ga kupi nece se pokajati, ko ga nema ili ne koristi neko vreme glupo je da daje bilo kakav komentar, osim svoje misljenje o vizuelnom utisku."
https://mobilnisvet.com/mobilni-komentari/7598/Huawei/P40-Pro/10,Huawei,Huawei P40 Pro,Crveni,2020-05-19 08:24:00,Svi telefoni bez 5G opcije ce uskoro na reciklazu.
https://mobilnisvet.com/mobilni-komentari/7598/Huawei/P40-Pro/10,Huawei,Huawei P40 Pro,Nikola,2020-05-10 15:51:00,Ja metar dana imam telefon i imam google aplikacije.
https://mobilnisvet.com/mobilni-komentari/7598/Huawei/P40-Pro/10,Huawei,Huawei P40 Pro,Shone,2020-04-28 00:31:00,Pozdrav. Danas dobio iz vipa telefon je fenomenalan. Cak ima i zastitnu fabricku foliju na ekranu za razliku od p30 pro koji nema.
